t_mid,speed_mean,speed_std,accel_mean,accel_std,vib_mean,engine_ratio,gps_jump_mean,label
2025-11-27 15:49:48.058601,0.20623211740333347,0.08267673570278676,0.22759883151884344,0.13500524361663374,0.0138536762934903,0.0,0.19647641599951904,0
2025-11-27 15:49:53.058601,0.2126034769823068,0.07612170450673551,0.18985800486436358,0.11990248448989146,0.016327791206737552,0.0,0.213699368961827,0
2025-11-27 15:49:58.058601,0.17406145755142374,0.10524837388413201,0.18187127928626404,0.09475185695100191,0.0195625583543442,0.0,0.16934160901986056,0
2025-11-27 15:50:03.058601,0.1555005076684579,0.11225222024084516,0.14664454051018969,0.08710279966990206,0.015249150922837152,0.0,0.17130856725752389,0
2025-11-27 15:50:08.058601,0.14967287158387205,0.09240985559019034,0.1580796359259506,0.06883242589828668,0.0140411810747096,0.0,0.16134104910771818,0
2025-11-27 15:50:13.058601,0.18843100610319596,0.09680457317818986,0.23552439139438036,0.11358339945624621,0.01409095113113774,0.0,0.18185248104938737,0
2025-11-27 15:50:18.058601,0.22472107122424304,0.07541293937883102,0.27207085838033995,0.13167405337474705,0.01543602516121099,0.0,0.22188350621770037,0
2025-11-27 15:50:23.058601,0.17553064018692172,0.09188869319852401,0.24499483381333903,0.1251080336778721,0.014940618435064293,0.0,0.17045721593788482,0
2025-11-27 15:50:28.058601,0.14614374041872122,0.08183405586900447,0.21399355283227753,0.09732856994448162,0.01389740773732131,0.0,0.15887014905701385,0
2025-11-27 15:50:33.058601,0.16617712951989003,0.06238471838329719,0.15997662987305397,0.0844501975444894,0.01592608474988563,0.0,0.1642742117412774,0
2025-11-27 15:50:38.058601,0.1636673949835315,0.0869780013678646,0.14124314977712402,0.09156185744602405,0.01274189920573566,0.0,0.15623316966249526,0
2025-11-27 15:50:43.058601,0.11659023754573769,0.09770622543915326,0.18722211544803138,0.08253407449183921,0.013648343439036542,0.0,0.10041679684502648,0
2025-11-27 15:50:48.058601,0.13087957588484067,0.08216192351540014,0.2718910143276246,0.11749744153241276,0.016906076840302372,0.0,0.12485154582204189,0
2025-11-27 15:50:53.058601,0.1601673107625551,0.05719072699203775,0.2209039350534018,0.15594815354997926,0.018077770442292463,0.0,0.1663720757126803,0
2025-11-27 15:50:58.058601,0.18126567549143563,0.08128015753048738,0.17407155829127594,0.09668061428136053,0.01616857174515719,0.0,0.1898681758233075,0
2025-11-27 15:51:03.058601,0.1768933246703259,0.09378372768143092,0.22095347433887932,0.08168886206530664,0.014353877056292921,0.0,0.16793471342458846,0
2025-11-27 15:51:08.058601,0.11175353358525233,0.08358750718178412,0.19903425843249545,0.09663669316367413,0.013318636627231891,0.0,0.11571717063829623,0
2025-11-27 15:51:13.058601,0.0799646202227979,0.06267210980879036,0.2419776317363119,0.13856976152873882,0.01123791981044991,0.0,0.06794085951450912,0
2025-11-27 15:51:18.058601,0.11586205972164412,0.0809474077855087,0.22729272872200795,0.13573509312895188,0.01103646109163443,0.0,0.12416444031199797,0
2025-11-27 15:51:23.058601,0.09471071145313845,0.08315734971758483,0.20747147290319073,0.1656679809040838,0.011866572364905412,0.0,0.0755695388560938,0
2025-11-27 15:51:28.058601,0.07228627577539362,0.04711670394512837,0.2517659116906938,0.15677188520486127,0.012096746931016929,0.0,0.07909350331309785,0
2025-11-27 15:51:33.058601,0.11682636834784008,0.08107201313110095,0.2132645585254033,0.07154324221179095,0.01100790321863059,0.0,0.12598946078207504,0
2025-11-27 15:51:38.058601,0.15532154103759013,0.10858901863877385,0.16731753713021724,0.06606899600824685,0.015631891371810765,0.0,0.149746393496233,0
2025-11-27 15:51:43.058601,0.14807199100478602,0.09566251082183459,0.23679520992806835,0.16202644328972662,0.022672695410256814,0.0,0.1354801799741414,0
2025-11-27 15:51:48.058601,0.12692947167950158,0.07155359352338675,0.25533428116552187,0.16454316174714192,0.018722291146296127,0.0,0.11610343770678903,0
2025-11-27 15:51:53.058601,0.1541592469066297,0.0755456973780499,0.1764141199694929,0.10530988472992704,0.015154318461255232,0.0,0.15083899823955307,0
2025-11-27 15:51:58.058601,0.13511099023497355,0.07191964238150456,0.1444209425900194,0.0783757860216313,0.017379107629689403,0.0,0.1419878606949533,0
2025-11-27 15:52:03.058601,0.0857188579452705,0.04567942808113834,0.17878987171051683,0.1328857643609442,0.01594363841778636,0.0,0.09185691550955541,0
2025-11-27 15:52:08.058601,0.1299160592851502,0.0875669664234521,0.2603929174551238,0.14581087417116578,0.013614194763549078,0.0,0.13192037722218497,0
2025-11-27 15:52:13.058601,0.1658071513471578,0.07959791328544116,0.7055272171767865,1.3131182859099282,0.01304360146597299,0.0,0.1803927019199899,0
2025-11-27 15:52:18.058601,6.136475023162977,6.886319352411062,2.3329021900523244,1.973498796739473,0.03665039273894054,0.5,6.801910699851145,0
2025-11-27 15:52:23.058601,11.655664373133122,3.018348716168731,2.2445140848199245,1.6486440563023412,0.057607397081868315,1.0,11.965132197176517,0
2025-11-27 15:52:28.058601,11.332263986134944,1.7230487507380583,0.8919847832642729,0.7394203794376771,0.07019165250009432,1.0,11.073960870117348,0
2025-11-27 15:52:33.058601,11.463403510072789,2.3354720153504553,1.1250581869516947,1.1076345124967573,0.06227947012231516,1.0,11.485336556066763,0
2025-11-27 15:52:38.058601,11.537649693310328,2.889832844547793,1.8243281114405825,1.011740638319182,0.046069769840156316,1.0,11.24000140473898,0
2025-11-27 15:52:43.058601,12.344230631827408,2.746344307111668,1.8174804018175634,1.103922591933466,0.06498778730093664,1.0,12.19548127789636,0
2025-11-27 15:52:48.058601,12.541255071299728,1.840816322327277,1.0076943907310978,1.0306961505166787,0.07438358760167703,1.0,12.845769367950522,0
2025-11-27 15:52:53.058601,12.042710330253277,1.4190989784793062,0.8732364807959823,1.2062717640541054,0.06626380241482853,1.0,11.995416559346918,0
2025-11-27 15:52:58.058601,11.875422687975746,3.1653204111159874,2.0477724602434426,1.964840621104854,0.06398413029157315,1.0,12.089346333372127,0
2025-11-27 15:53:03.058601,11.950667291664887,4.754592444761051,2.9547478163147827,1.590093392287785,0.07490513887188785,1.0,12.716643963988625,0
2025-11-27 15:53:08.058601,11.90392520341111,4.021533080936425,2.2136155129372543,1.7479664699568827,0.08293397393775508,1.0,12.713841060314401,0
2025-11-27 15:53:13.058601,11.219523512473334,2.0689459860099513,1.1963388886943787,1.3467133531785316,0.07905236340782387,1.0,11.373724034480457,0
2025-11-27 15:53:18.058601,12.109107494167139,3.445981541929138,1.9758492929560838,1.580506724853775,0.07355209478383674,1.0,12.394374342493158,0
2025-11-27 15:53:23.058601,12.503456903274715,3.397734231057804,2.322088604566452,1.6234272379005819,0.0770830444091721,1.0,12.505000056012635,0
2025-11-27 15:53:28.058601,11.823891118510371,2.532969072126705,1.7703698925105793,1.3373267193242058,0.09157280096035389,1.0,12.239056837728768,0
2025-11-27 15:53:33.058601,11.359393687487184,2.917055274356821,1.564939583363734,1.0790011614463688,0.08722619512299143,1.0,10.800282018928392,0
2025-11-27 15:53:38.058601,9.239304265077196,3.1048895797759557,1.385430984995547,1.030357184426171,0.06707170327785947,1.0,8.585691135329407,0
2025-11-27 15:53:43.058601,10.350345311835252,3.988101576652217,2.6454136471832315,1.8461488264991637,0.05740742088888321,1.0,10.614164459697657,0
2025-11-27 15:53:48.058601,13.259808292371314,3.3031516120387123,2.557488914635673,1.959399228363744,0.05575554392324927,1.0,13.465974334233461,0
2025-11-27 15:53:53.058601,12.759550582802943,3.8104872295957635,2.197183370572138,1.8203379634925994,0.054312650204712855,1.0,12.04553451375128,0
2025-11-27 15:53:58.058601,12.186558938998113,3.7462738439475407,2.7954273643200924,1.6386506174280973,0.04557085522729029,1.0,12.43081839135211,0
2025-11-27 15:54:03.058601,11.689270046369803,2.734881630767296,1.969874601441082,1.3667279023373484,0.05956712556078473,1.0,12.15722035578569,0
2025-11-27 15:54:08.058601,11.888612338939458,2.000530187740871,1.4488881534758022,0.9046790604707753,0.06421301207965738,1.0,12.29804300847169,0
2025-11-27 15:54:13.058601,11.91978146555879,2.7839594712688926,1.5695511035452019,1.0319104332440803,0.05497178652909773,1.0,12.084597248997833,0
2025-11-27 15:54:18.058601,11.372257513009728,3.601823269853632,1.5825487223765284,0.9805474063492947,0.0651878970040506,1.0,11.788469819894347,0
2025-11-27 15:54:23.058601,11.495336662825217,3.2409502607604685,1.4922931266875559,0.9953540706620505,0.07226303154300319,1.0,12.226868823774646,0
2025-11-27 15:54:28.058601,11.299014284570758,2.3475313046597184,1.2641139172884646,1.0343525598568732,0.06242045627305841,1.0,11.266497432955562,0
2025-11-27 15:54:33.058601,11.255829213510513,2.9355106310441355,1.637702884824871,1.1461682918745828,0.049261017317039454,1.0,11.466035735971985,0
2025-11-27 15:54:38.058601,10.616619017130972,2.872975511618812,1.9141661077721952,1.1801344499608466,0.05044646575296822,1.0,10.42744732449584,0
2025-11-27 15:54:43.058601,11.422809259226804,2.3373961093972544,1.7090879709558149,1.0285939436044136,0.055959987003175504,1.0,11.344477036098327,0
2025-11-27 15:54:48.058601,13.2503486374035,2.334526022369444,2.073543074441198,1.0792559282547742,0.05707329067242721,1.0,13.215167232933828,0
2025-11-27 15:54:53.058601,12.577505434991075,2.9397253338194607,1.9163277692997902,1.264106455787529,0.052396041827530826,1.0,12.367440422165112,0
2025-11-27 15:54:58.058601,12.524658355224847,2.2049386602467265,0.9669245159670172,1.004557482519284,0.052801173013298765,1.0,12.852512257809575,0
2025-11-27 15:55:03.058601,13.06057007784103,1.7735214078383768,0.9285156869269227,0.6201731569914631,0.08104135348937866,1.0,13.127114508841153,0
2025-11-27 15:55:08.058601,12.526816918810471,2.342340547001771,1.4481045885300987,0.7242533507818337,0.07490378350386456,1.0,12.572181060660206,0
2025-11-27 15:55:13.058601,7.280161615161006,6.422649435137571,2.1265266472075237,2.6091589252201906,0.029180201185405135,0.6,6.472905859439,0
2025-11-27 15:55:18.058601,1.0787425614305381,2.8955721525623916,1.4478601837663574,2.798437834771576,0.013282083452724396,0.1,0.16460175163324178,0
2025-11-27 15:55:23.058601,0.17376177655433858,0.10893205676955947,0.17414170212887145,0.06022219449180482,0.01053406357348808,0.0,0.16427585464951627,0
2025-11-27 15:55:28.058601,0.18481199702033055,0.09324474300018529,0.21012255005821814,0.09669001589955566,0.014057402521683013,0.0,0.20543292655332568,0
2025-11-27 15:55:33.058601,0.20006840974395543,0.07362479291805986,0.26321331106209944,0.12389345795206094,0.0123665515831734,0.0,0.18967648088735334,0
2025-11-27 15:55:38.058601,0.16602356889126865,0.08626507046798038,0.2079551466027071,0.13580756955861176,0.0110967008635052,0.0,0.16423928982313163,0
2025-11-27 15:55:43.058601,0.08219804123808572,0.06267293837014509,0.19736198217413212,0.121506977993204,0.010633244772034882,0.0,0.07770310626339089,0
2025-11-27 15:55:48.058601,0.10724535986158397,0.08745651816442492,0.24102676796023165,0.16108400547022766,0.006463431129307251,0.0,0.11041975403667185,0
2025-11-27 15:55:53.058601,0.17460418875644518,0.09510135491299031,0.2082030507925307,0.14697466595708494,0.015218103679381978,0.0,0.16243604357800884,0
2025-11-27 15:55:58.058601,0.18918491337018506,0.09983904476376985,0.22048003195219543,0.13705055381614947,0.021647645605872973,0.0,0.1802774388814235,0
2025-11-27 15:56:03.058601,0.18718448047902783,0.0904718049601746,0.20650912778801245,0.15896279872364302,0.018177188679903176,0.0,0.17710295680344734,0
2025-11-27 15:56:08.058601,0.1823840189542347,0.08753333940625257,0.14464260208727062,0.12476974938670696,0.017795885970102326,0.0,0.22253750533761427,0
2025-11-27 15:59:49.058601,0.1149446998566033,0.07302412599157136,0.23762122844070083,0.124078992771137,0.01697376684033198,0.0,0.11965470351488301,0
2025-11-27 15:59:54.058601,0.08890207019183585,0.06680284924624608,0.24275377434816145,0.12987408264180783,0.016410770685217128,0.0,0.08814308823202345,0
2025-11-27 15:59:59.058601,0.11968387183809881,0.08962437842705587,0.20760907766294867,0.11795421749308403,0.01674915025746771,0.0,0.1327631309872651,0
2025-11-27 16:00:04.058601,0.16842720165818653,0.09910588255583351,0.18582243273416604,0.10332199198144616,0.0126860321795001,0.0,0.17253155468322343,0
2025-11-27 16:00:09.058601,0.19246774125232968,0.0970464933611769,0.2756748168846742,0.16380981638496442,0.011174905059899822,0.0,0.18065766912752085,0
2025-11-27 16:00:14.058601,0.18285003051437287,0.06075935416301426,0.3089195453447746,0.13067908275794982,0.018530788910616054,0.0,0.17013378808175633,0
2025-11-27 16:00:19.058601,0.16556873742316452,0.06082734949587873,0.22422648649455948,0.07666535711598833,0.021903196572444147,0.0,0.1654841275730161,0
2025-11-27 16:00:24.058601,0.15911242264411288,0.0736832295839154,0.1953464155433606,0.10658199194311734,0.02059177526719354,0.0,0.15127280906956242,0
2025-11-27 16:00:29.058601,0.1472180848248656,0.07223370192901123,0.20203098814340575,0.12540708818511118,0.01953528654510542,0.0,0.15449059888810135,0
2025-11-27 16:00:34.058601,0.17864274815825482,0.08682723643920547,0.20070220401321678,0.1362712244442357,0.018702983538819575,0.0,0.1750939376666226,0
2025-11-27 16:00:39.058601,0.1965043608294028,0.07872903054078592,0.15312604720798528,0.12222662640722644,0.013366848451855479,0.0,0.18716973830185007,0
2025-11-27 16:00:44.058601,0.17402376192867036,0.07064425599261992,0.1826900292689237,0.09133012447765512,0.00999373282711263,0.0,0.18932211657359124,0
2025-11-27 16:00:49.058601,0.15153584684731708,0.08501886083062378,0.23047261666901964,0.09605859115892545,0.01481057215263037,0.0,0.15216008043579815,0
2025-11-27 16:00:54.058601,0.14879238902200898,0.08565587655936652,0.2176949641498203,0.1082112342465415,0.013597770243250021,0.0,0.14263790968322088,0
2025-11-27 16:00:59.058601,0.14100095371641355,0.07863896781294148,0.27863798561171427,0.13188124180298955,0.01117048199223412,0.0,0.13922067848631303,0
2025-11-27 16:01:04.058601,0.11294523927893327,0.08552359291990928,0.2737344429953411,0.13554299053126215,0.01800150848183308,0.0,0.10931791173607369,0
2025-11-27 16:01:09.058601,0.15284743305782736,0.09030553011197724,0.21706683322867523,0.13869272382970851,0.018112804562328173,0.0,0.15672818637667935,0
2025-11-27 16:01:14.058601,0.154928050601328,0.08732829899647733,0.2427058991105055,0.18033099363860264,0.010197769164047538,0.0,0.15190327930496342,0
2025-11-27 16:01:19.058601,0.11536895926066434,0.07697181494426499,0.21620615445825683,0.15175525917997917,0.0127764894501984,0.0,0.12153696799232784,0
2025-11-27 16:01:24.058601,0.13114703083776932,0.06442663784954371,0.2064812732536307,0.15222051407094395,0.02202326288296911,0.0,0.12927512276257255,0
2025-11-27 16:01:29.058601,0.14749208417876686,0.07651839885673441,0.20119221582629293,0.15170348921591306,0.01855399632243322,0.0,0.1567606913048471,0
2025-11-27 16:01:34.058601,0.16624584532123823,0.09690304266165868,0.1616856489924265,0.07284261058566184,0.011966022159484582,0.0,0.18743574949553826,0
2025-11-27 16:01:39.058601,0.17835356034825392,0.07449974591072203,0.20302546119691076,0.09003095993315932,0.014181005951504608,0.0,0.1814253448582963,0
2025-11-27 16:01:44.058601,3.1446866268739186,4.870564848531441,1.3154882877795628,1.8546741073990052,0.02900961154916104,0.3,3.5608783524896785,0
2025-11-27 16:01:49.058601,8.292242581498817,5.452488097462305,2.2005173531847677,1.7163514690383537,0.04713676214514667,0.8,9.433126512786007,0
2025-11-27 16:01:54.058601,11.577367127722727,3.7405571326536817,1.6833388698192806,1.0803734617981715,0.059112112522037095,1.0,12.19315355616314,0
2025-11-27 16:01:59.058601,12.765904980987703,1.7044859021387062,1.2279818830365004,0.649703881975599,0.07393749995100543,1.0,13.450526739400605,0
2025-11-27 16:02:04.058601,11.023661944454567,2.975210303300854,1.7909338943494801,1.1395004594764628,0.08002357170252025,1.0,11.268330916083197,0
2025-11-27 16:02:09.058601,10.153845854213236,2.6649029359036875,1.962099926963398,1.0647297179693707,0.08963533942678151,1.0,10.27954354213487,0
2025-11-27 16:02:14.058601,10.979335142596298,1.8049983311073905,1.1972861172691573,0.6418595517777852,0.08129008934707324,1.0,10.930459510431579,0
2025-11-27 16:02:19.058601,10.984407679431431,2.431034412828521,1.6711834954640428,1.5228533222217395,0.05658147886174908,1.0,11.055125294748867,0
2025-11-27 16:02:24.058601,12.547096333165708,2.8646272914178557,1.6008456078616746,1.567658611859454,0.058127457414697895,1.0,12.950207168929659,0
2025-11-27 16:02:29.058601,12.584701154961023,2.5714795557735597,1.0405907353709507,0.8493728588004413,0.08724472099675548,1.0,12.372690634847858,0
2025-11-27 16:02:34.058601,11.658918205231382,2.1247610044530445,1.159283346061053,0.8307954518728814,0.09445278892781947,1.0,11.852709729923722,0
2025-11-27 16:02:39.058601,11.982834929785778,2.402650845336688,1.1953163626651915,0.9722608823946381,0.07481523813478126,1.0,12.46432547158143,0
2025-11-27 16:02:44.058601,11.578566513412133,2.9731216728950156,1.66533495662208,0.9864296188590979,0.07277340489846375,1.0,11.565116268132579,0
2025-11-27 16:02:49.058601,11.991232495470715,2.8839673483659864,1.7069787512388708,0.7435117358672529,0.06218069550948259,1.0,11.94116915053501,0
2025-11-27 16:02:54.058601,12.648895884687715,2.5709850368819356,1.3190167805355233,0.8008194820679818,0.06397844875270756,1.0,12.451473830499303,0
2025-11-27 16:02:59.058601,11.334430042245158,3.322857307806184,1.8578048631268615,1.366751265481976,0.07873087380198872,1.0,11.606071392231938,0
2025-11-27 16:03:04.058601,12.059023068656083,3.725843470270585,2.495701664453134,1.6724289957408767,0.06853584782072564,1.0,12.264136658207917,0
2025-11-27 16:03:09.058601,12.260968276793871,2.841636719380539,1.66886846828832,1.5809144032217994,0.07064334137632781,1.0,12.176361352995318,0
2025-11-27 16:03:14.058601,11.602337763556793,2.710655453704647,1.5191254895697814,1.413655860159277,0.0648892214855808,1.0,12.293840499051168,0
2025-11-27 16:03:19.058601,11.968780036847765,2.5926304650596976,1.3711463133790291,1.4994053946959864,0.0460133756298514,1.0,12.08819619711618,0
2025-11-27 16:03:24.058601,12.339710460710927,2.2712075309985287,1.027042804584962,0.9985579420519646,0.06718392158240512,1.0,13.06782959386262,0
2025-11-27 16:03:29.058601,12.585929229364302,2.2063529983491033,1.4796057009414876,0.9128300981723477,0.07081369409246543,1.0,12.86654280550108,0
2025-11-27 16:03:34.058601,11.728910084147696,1.6435789768379594,1.0271579619595328,0.6549326828876199,0.05416390825141101,1.0,12.226735074351648,0
2025-11-27 16:03:39.058601,12.920667154444269,2.0857092883875326,0.9104588458411804,0.6243474679718632,0.05823193219206022,1.0,13.137754474260781,0
2025-11-27 16:03:44.058601,13.105023712747634,2.2086051311081163,1.2690878796699843,0.5695694860857147,0.06179811154002244,1.0,13.641533072645327,0
2025-11-27 16:03:49.058601,11.574583537882486,2.8679384009098046,1.4872794673888543,0.671946839520295,0.06092439986533166,1.0,11.9124707393428,0
2025-11-27 16:03:54.058601,11.444604456279098,3.244319467786153,2.0853906425807174,0.8689168262762038,0.06470588552629805,1.0,11.754835957076153,0
2025-11-27 16:03:59.058601,11.511778253347256,3.816371101399165,2.810424646009656,1.004587624494744,0.06946431471934963,1.0,11.609211012955438,0
2025-11-27 16:04:04.058601,11.991949274793278,3.9937369123204736,2.3411344477639116,1.6562439635648531,0.05972810309404767,1.0,12.510304525947165,0
2025-11-27 16:04:09.058601,13.060475906728058,2.594495083858987,1.1215169572162025,1.328797126001187,0.0637564803047953,1.0,13.071020380351852,0
2025-11-27 16:04:14.058601,12.80950816485696,2.480364664421568,1.611671540194606,1.370257937263457,0.07780209625664922,1.0,13.001264350371722,0
2025-11-27 16:04:19.058601,11.302470281064197,2.5741246082026272,1.850620726614586,1.1872170478104678,0.06495179535788446,1.0,11.406650523862698,0
2025-11-27 16:04:24.058601,11.760738434484342,2.8548795836862793,1.2380587537728385,1.213949009247868,0.07074152812714585,1.0,12.038134699796515,0
2025-11-27 16:04:29.058601,12.03403988313606,3.462986980968043,1.9274877189233912,2.2627976771149796,0.08146064338966534,1.0,12.45347533807127,0
2025-11-27 16:04:34.058601,11.020899604509111,2.847567044137784,2.0804485498773784,2.068827486742922,0.06300915386631648,1.0,11.0416263934286,0
2025-11-27 16:04:39.058601,11.866256474727347,2.70596313090145,1.5694856323302018,1.0203554365719378,0.05526185327672828,1.0,12.030871417953882,0
2025-11-27 16:04:44.058601,13.007029901276235,2.741331422175051,1.9942293718915558,1.0264749469361147,0.05528527280983285,1.0,12.941874200797157,0
2025-11-27 16:04:49.058601,10.310748987458869,5.938972276091507,3.131523101740018,2.2965120226107683,0.05199831657137407,0.8,10.218464985584129,0
2025-11-27 16:04:54.058601,3.6332551462368565,5.847765337336938,1.9998289162261862,2.80404189917534,0.03165256893740048,0.3,3.2129068388760036,0
2025-11-27 16:04:59.058601,0.13498124980706008,0.0821428905622695,0.22612969770522118,0.10077663055437487,0.013806642019714422,0.0,0.1475630278742953,0
2025-11-27 16:05:04.058601,0.1370373048565589,0.07364248195715685,0.2034269712512904,0.10465747618673697,0.01830939486451823,0.0,0.1437905770065574,0
2025-11-27 16:05:09.058601,0.14476219066284235,0.07645078111086577,0.16563856988915138,0.12036491793013848,0.02269430572111976,0.0,0.13644768542982774,0
2025-11-27 16:05:14.058601,0.15157141933754947,0.08707514010521898,0.2209087077808945,0.12374848286088148,0.017898802540167243,0.0,0.1640983483713488,0
2025-11-27 16:05:19.058601,0.17066822541896115,0.06713379465788415,0.28461811507155826,0.16213728949574638,0.020422206410302,0.0,0.18244114250114798,0
2025-11-27 16:05:24.058601,0.15059018417001938,0.06050914635751439,0.27893926597666463,0.1779762201922392,0.0247091230030605,0.0,0.15763211260432256,0
2025-11-27 16:05:29.058601,0.13465414778228518,0.08638486830413292,0.26141686901025013,0.14279149821077616,0.0158578300458123,0.0,0.14449742696300116,0
2025-11-27 16:05:34.058601,0.1394402025955297,0.07679250101246221,0.22498431139990788,0.12746324014676533,0.010731393136343087,0.0,0.15470757303073743,0
2025-11-27 16:05:39.058601,0.1622627387150209,0.06865646865871072,0.24039490107778522,0.10882260785803992,0.013320842279824227,0.0,0.164606131656311,0
2025-11-27 16:05:44.058601,0.1684551842342751,0.08111834759660938,0.2936265587259333,0.1349929952941404,0.01615038860063047,0.0,0.17942343314853082,0
2025-11-27 16:05:49.058601,0.16574087133257065,0.09289745998827725,0.3089700543449282,0.1495674960538537,0.016177047226995124,0.0,0.15866033282374284,0
2025-11-27 16:05:54.058601,0.1585193519976334,0.08099905454769549,0.23805126271548555,0.14693753828070621,0.01429488630269328,0.0,0.16869095856204439,0
2025-11-27 16:05:59.058601,0.16121688215562174,0.0674205575888539,0.20753888738545195,0.11384912413232007,0.01182914858051542,0.0,0.1550277353916629,0
2025-11-27 16:06:04.058601,0.18239623914049666,0.0869082793635953,0.23850706556139065,0.06662714907415877,0.01751253804570449,0.0,0.1804675422134233,0
2025-11-27 16:06:09.058601,0.17870679881839033,0.08528168419846707,0.2490506793744797,0.13152818116141746,0.020560425673696082,0.0,0.17075035850174816,0
2025-11-27 16:06:14.058601,0.14422104393776275,0.07753402742160619,0.2210328480803808,0.15136705181611046,0.014410569968688901,0.0,0.14003793239288084,0
2025-11-27 16:06:19.058601,0.1307089755003776,0.0865533516387522,0.1604057322019054,0.07696264425288335,0.01524431843608465,0.0,0.11793318830719894,0
2025-11-27 16:06:24.058601,0.1274764664738694,0.10265261254593915,0.14395411232564811,0.05282896370477748,0.0187852708468279,0.0,0.13379307169760113,0
2025-11-27 16:09:48.058601,0.21510849622413103,0.04008233001798095,0.18829472370259356,0.08707560837477635,0.01946432113468559,0.0,0.21832960789181521,0
2025-11-27 16:09:53.058601,0.18144318809820265,0.08143404582407353,0.1663937662745914,0.08852328319521492,0.01200215783015993,0.0,0.17582274839503645,0
2025-11-27 16:09:58.058601,0.10392080816370548,0.08554258488842689,0.18166030764693863,0.1080784740210534,0.015449955928414588,0.0,0.10274065334836521,0
2025-11-27 16:10:03.058601,0.0818811384838595,0.06583498663272087,0.20067426822819265,0.0977648629504484,0.015155940844116141,0.0,0.08486280523437856,0
2025-11-27 16:10:08.058601,0.13507953250117283,0.08273731407480028,0.1862780745550648,0.07445113470750135,0.01112978470213492,0.0,0.13723967351599053,0
2025-11-27 16:10:13.058601,0.18581961656234658,0.06996473722545074,0.17918467497411927,0.096225684799466,0.00806303183430936,0.0,0.19269050442270386,0
2025-11-27 16:10:18.058601,0.20146318456586423,0.06212260913503302,0.2664590244561336,0.1623160891234355,0.01837285845661752,0.0,0.19604314145635987,0
2025-11-27 16:10:23.058601,0.21543315291444215,0.05797344472199035,0.27000660558626455,0.1511139042452036,0.02081110931288491,0.0,0.22654028325476253,0
2025-11-27 16:10:28.058601,0.18082901276250968,0.08772773079911496,0.16908953098350532,0.07352981526699034,0.020910667748044023,0.0,0.17891637632323887,0
2025-11-27 16:10:33.058601,0.16306480671005164,0.08271697740595706,0.20048667609119913,0.0736241264562956,0.01757534532630884,0.0,0.1522957149519721,0
2025-11-27 16:10:38.058601,0.1602904266826729,0.0808553420046866,0.24668345247524598,0.07693089826792572,0.00861000283588777,0.0,0.15713229207681967,0
2025-11-27 16:10:43.058601,0.13009864093091622,0.08704870400534692,0.17544672892319463,0.10881008655093675,0.01089412214952195,0.0,0.12207196257176056,0
2025-11-27 16:10:48.058601,0.1913278670859177,0.0928123324243474,0.1434909390040926,0.08214585009087685,0.013760633617865389,0.0,0.19388434211166378,0
2025-11-27 16:10:53.058601,0.19931498779715157,0.08226208642301648,0.1688667370206412,0.06260899153598676,0.01731295214233041,0.0,0.20169075831897854,0
2025-11-27 16:10:58.058601,0.12112907096765084,0.07832169608497956,0.18591725346270005,0.12452570776515202,0.018566401240936593,0.0,0.1164036284517319,0
2025-11-27 16:11:03.058601,0.13731117370731905,0.08987241556524768,0.2798966942231424,0.15076826062188722,0.01668088264771806,0.0,0.13626534193381368,0
2025-11-27 16:11:08.058601,0.1615378131233624,0.09825093468761387,0.26572590676900626,0.11231682545629273,0.01776683612822899,0.0,0.1565235087703099,0
2025-11-27 16:11:13.058601,0.17027411854269608,0.0861415639405382,0.24365390926190433,0.16734161838369427,0.01657713732871634,0.0,0.1882409777580483,0
2025-11-27 16:11:18.058601,0.20800710471321948,0.055469511820554936,0.3022260241475059,0.19711194847325705,0.016791391336509733,0.0,0.2119476853010151,0
2025-11-27 16:11:23.058601,0.17430910811811415,0.09961486928886382,0.26225240106358655,0.13666828594512836,0.014847490334809532,0.0,0.1789176495161144,0
2025-11-27 16:11:28.058601,0.1361930036669824,0.1006520524980282,0.19130358000363767,0.06957797913754714,0.01311141018283862,0.0,0.15124350117494018,0
2025-11-27 16:11:33.058601,0.14061668312008738,0.08615584339734918,0.17597704816864948,0.08140708817569495,0.017619906605789944,0.0,0.1584076367017449,0
2025-11-27 16:11:38.058601,0.13523412821186012,0.09089038792192122,0.1764559337846466,0.07502993028634283,0.017566394102799948,0.0,0.1351502957172049,0
2025-11-27 16:11:43.058601,0.13894468918198047,0.08018232772297412,0.20089279126279003,0.056392947179937106,0.021078056188847484,0.0,0.13561982921062204,0
2025-11-27 16:11:48.058601,0.14487662960079356,0.06133308932568719,0.2395298614982307,0.13264239229137897,0.023012212899129,0.0,0.1508380084926422,0
2025-11-27 16:11:53.058601,0.14241230928728496,0.07842990100678457,0.22696341631737801,0.16143035175448744,0.0201389952618429,0.0,0.15598070576646914,0
2025-11-27 16:11:58.058601,0.12899131208924908,0.09232192333524548,0.23331888156438754,0.16718430876455168,0.014516568559846033,0.0,0.135400149179136,0
2025-11-27 16:12:03.058601,0.14405289200020965,0.09151578846512956,0.18101800155298792,0.1600569865250942,0.00784690995614015,0.0,0.16071977652534286,0
2025-11-27 16:12:08.058601,0.14552611043294864,0.08934012689169586,0.1979272567565405,0.13848729444042468,0.014101539080518491,0.0,0.13863555916065384,0
2025-11-27 16:12:13.058601,0.1594675280327287,0.11084974620365269,0.2484319957521707,0.14396886566725314,0.019752211815777312,0.0,0.1495627210064427,0
2025-11-27 16:12:18.058601,0.14894620822487817,0.11357174174110164,0.22616740185023793,0.12051116807032156,0.0132866724347997,0.0,0.13616619538446884,0
2025-11-27 16:12:23.058601,0.14646737759365436,0.08662553570989111,0.21768282360514787,0.08367842272013593,0.017275159799445168,0.0,0.15690605034617214,0
2025-11-27 16:12:28.058601,0.1886534653538084,0.06621374511376502,0.19746224646752722,0.100164304550663,0.018357302301331452,0.0,0.18763682240435256,0
2025-11-27 16:12:33.058601,0.15686385603179165,0.0955140595078649,0.1832782336022879,0.11222940249780299,0.014148988177961421,0.0,0.17047786608749835,0
2025-11-27 16:12:38.058601,0.13640038944541297,0.11075174781834282,0.2297858957638391,0.10754435202202092,0.02387485852397962,0.0,0.1525632636078669,0
2025-11-27 16:12:43.058601,0.1541048243788395,0.1285891387299255,0.32168059225477513,0.09159524352890906,0.01998189085738881,0.0,0.17205690170251167,0
2025-11-27 16:12:48.058601,0.16155759874830738,0.12067636798777896,0.30061221270182986,0.14544124529929728,0.014722589693732085,0.0,0.18190322429985817,0
2025-11-27 16:12:53.058601,0.1803898841762201,0.08621221131568867,0.30760046373646427,0.15715200470989873,0.0214702522929038,0.0,0.18479676598857644,0
2025-11-27 16:12:58.058601,1.8231786077241352,5.200078729459679,1.684782363685385,2.9712616035434203,0.02282663908425861,0.1,2.0441857791705105,0
2025-11-27 16:13:03.058601,6.996220711237515,6.376182054698553,2.3904562938355376,2.7893361363608338,0.04569072190698089,0.6,7.933594059227898,0
2025-11-27 16:13:08.058601,11.618232203068782,2.318786942507621,1.684087130079528,0.810666192588669,0.07221607327729111,1.0,11.714926012871707,0
2025-11-27 16:13:13.058601,12.611732686305157,2.4791604028824406,1.7568114056309603,1.0534123390655719,0.0576648411855881,1.0,13.074106286581967,0
2025-11-27 16:13:18.058601,12.911220143453463,3.0752526999036744,2.151612921696931,1.0724537976783806,0.051610083618083835,1.0,13.283906898514946,0
2025-11-27 16:13:23.058601,13.149187586942952,3.2371904415630386,2.2857435040657985,0.9486723790299711,0.06327912180075097,1.0,12.960269605181825,0
2025-11-27 16:13:28.058601,12.537958450395886,2.8569453778156735,1.7976068704753048,1.1276608402605637,0.05615828909754002,1.0,12.199232956562458,0
2025-11-27 16:13:33.058601,11.463940489372272,2.779302794741989,1.474298417929059,1.040720373718819,0.04685325879360709,1.0,11.835745829664784,0
2025-11-27 16:13:38.058601,12.263363255089171,3.514794587756172,2.0869360476235324,1.5527415391907582,0.05139662401031595,1.0,12.694153928033977,0
2025-11-27 16:13:43.058601,13.677069896271055,3.3221252173340994,2.5358648989328954,1.6924621217602844,0.05089706337896514,1.0,13.592183400887969,0
2025-11-27 16:13:48.058601,14.030023705867773,3.296479373773723,2.4183348003467247,1.4317642855107677,0.04926440745418097,1.0,14.444824990177178,0
2025-11-27 16:13:53.058601,12.109164962708181,3.92940674099477,2.533556842644935,1.350134150696904,0.06087577776779381,1.0,12.138650702714639,0
2025-11-27 16:13:58.058601,11.942602822806247,4.298929978839619,2.613797025462475,1.6978568274346144,0.05875789694864343,1.0,12.517806602292197,0
2025-11-27 16:14:03.058601,12.92618194398174,3.4123388070930876,1.7937459944491507,1.546629718331786,0.06010946303894826,1.0,13.896424833367055,0
2025-11-27 16:14:08.058601,11.797977162293899,2.3178430414394824,0.9990832547895389,0.5670470076569498,0.07386228660878473,1.0,12.110879439698538,0
2025-11-27 16:14:13.058601,11.647951277210444,2.6298772634135372,1.1786690487934575,0.6894273639154753,0.08202824276269216,1.0,12.051153275794062,0
2025-11-27 16:14:18.058601,11.98386622475485,2.8995714941033532,1.787547722932289,1.120877337267656,0.08552761088100727,1.0,11.953550460905916,0
2025-11-27 16:14:23.058601,12.629978081811371,3.4847035175390717,2.2863345221021816,1.5915980187389753,0.06135193950482206,1.0,12.480880041390918,0
2025-11-27 16:14:28.058601,12.688221246786393,2.9696719799779356,1.73542561514022,1.5023316442212862,0.03727586591472761,1.0,12.58235152415568,0
2025-11-27 16:14:33.058601,13.27104752033053,2.8929070651919586,1.79813601330649,1.200247725896118,0.057495704612962065,1.0,13.375718784257078,0
2025-11-27 16:14:38.058601,14.14438640003632,2.713995244138513,2.50074920321801,1.3384508919001707,0.31743531170711237,0.5,12.624174649493195,1
2025-11-27 16:14:43.058601,13.832004802987615,1.8234264587513052,2.113028075565601,1.3663522915302122,0.5578404316350696,0.0,12.282934982916483,1
2025-11-27 16:14:48.058601,14.038236938109524,1.9043236118913183,2.053904462151131,1.5091915492264232,0.5588465368663832,0.0,11.248739556945159,1
2025-11-27 16:14:53.058601,14.616542195388444,2.2727411494602814,2.497110857606978,1.4719807099552538,0.36266363337265356,0.4,12.732930923975184,1
2025-11-27 16:14:58.058601,13.166873455993729,3.269613910804432,2.2529584623450964,1.3326879537176997,0.11296450606256178,0.9,13.469773036167275,1
2025-11-27 16:15:03.058601,10.60268511712255,3.3812386088474153,2.00123591775652,1.3557856559138741,0.05811847450988618,1.0,11.07223085893388,0
2025-11-27 16:15:08.058601,11.427374606702603,4.043257263523805,2.215340509236079,1.580152422196753,0.0567809796516401,1.0,11.808818500966918,0
2025-11-27 16:15:13.058601,12.323287928662884,3.6797671531876515,1.753952276945451,1.4561633480398535,0.058580857952100295,1.0,12.765344039942404,0
2025-11-27 16:15:18.058601,10.960721484938116,3.305200378359955,1.4382436692148055,0.8862774763096475,0.062674580869692,1.0,11.44209662095682,0
2025-11-27 16:15:23.058601,11.54844283675769,2.6480950265932957,1.335053555918062,0.966292539332483,0.06556624566764127,1.0,11.409158957248389,0
2025-11-27 16:15:28.058601,13.045246615096076,2.1948711158114245,1.0353745258112406,0.7136908645771259,0.06585234255889544,1.0,13.46887536293886,0
2025-11-27 16:15:33.058601,8.975165051424074,8.089052532641633,2.231710615015133,3.287018208723307,0.04133389036771582,0.6,8.720059578828709,0
2025-11-27 16:15:38.058601,2.200057197403721,6.415885633917267,1.7798026317031528,3.4454698665515604,0.015592301562857961,0.1,0.17580886395023504,0
2025-11-27 16:15:43.058601,0.14460899789869303,0.09701455489887091,0.20327012612780862,0.13241721330158115,0.019295731353514863,0.0,0.13260420768516357,0
2025-11-27 16:15:48.058601,0.136240143283669,0.08809302847014405,0.18284416552105273,0.11750671662530476,0.017192218593028573,0.0,0.13712195300164198,0
2025-11-27 16:15:53.058601,0.1311436173429562,0.09480462398005332,0.20425017459642464,0.12001320476495043,0.014794679720213769,0.0,0.11877201920986893,0
2025-11-27 16:15:58.058601,0.1076605337386591,0.07479528802313481,0.29070401966128545,0.15399286758627284,0.018512068820944666,0.0,0.11930914938692913,0
2025-11-27 16:16:03.058601,0.17801930057293835,0.09122900360796957,0.2972487981542594,0.17909793620806014,0.019174769724212937,0.0,0.20176625661176947,0
2025-11-27 16:16:08.058601,0.18561907812747575,0.09634400754932132,0.25966773192505865,0.12933298786310446,0.02309763362369117,0.0,0.1831356291135856,0
2025-11-27 16:16:13.058601,0.151441160725535,0.0812531315773518,0.19948039526302483,0.06646726470075122,0.02053918421862376,0.0,0.16841645461964833,0
2025-11-27 16:16:18.058601,0.15313587803432357,0.06415371808800123,0.2198077614980662,0.0937834166952747,0.01602397137239576,0.0,0.158451510496871,0
2025-11-27 16:16:23.058601,0.15221083967643217,0.07990479582937986,0.252060064119887,0.111875939949209,0.013627944335697797,0.0,0.14470206415125267,0
2025-11-27 16:16:28.058601,0.17522710611727982,0.0893531972007365,0.2339900231599455,0.13523398797907796,0.017290105679943872,0.0,0.17981682603561236,0
2025-11-27 16:16:33.058601,0.18144922882944003,0.09744240144119777,0.2585264556991039,0.1224660872530721,0.021528653560967927,0.0,0.19928125412925068,0
2025-11-27 16:16:38.058601,0.14978907677785788,0.1000618386652707,0.18464150806149357,0.12909048265965994,0.014996056506019548,0.0,0.14530028672514564,0
2025-11-27 16:16:43.058601,0.14208652035178815,0.10246639791303408,0.15554406111628324,0.11680994572179373,0.0137860322636733,0.0,0.15324595521524365,0
2025-11-27 16:16:48.058601,0.18593646843703607,0.10110736026302905,0.19690150144776747,0.09875473630876046,0.015096554509643598,0.0,0.18199942133948685,0
2025-11-27 16:16:53.058601,0.19496875694426877,0.1112255737957924,0.22160639862839177,0.11069392182835823,0.014602866686033621,0.0,0.19692766123712122,0
2025-11-27 16:16:58.058601,0.16001138548928523,0.10863927964139285,0.20332410929055586,0.12144554291887183,0.01604005948315091,0.0,0.1525122773833717,0
2025-11-27 16:17:03.058601,0.1530490695509176,0.10026549282442339,0.16198405280707331,0.07416046848999086,0.0183095992858947,0.0,0.1478499375032373,0
2025-11-27 16:17:08.058601,0.1637849220571484,0.18912356253031998,0.20525435804665113,0.02214040741530004,0.02435745926927595,0.0,0.030630358377474798,0
2025-11-27 16:19:51.058601,0.1296800807795012,0.09372321710571617,0.2170604860899256,0.1090345999621505,0.018780632568026583,0.0,0.13188856533529483,0
2025-11-27 16:19:56.058601,0.18933547157585445,0.08456143788670965,0.20302575841015505,0.10493649381134354,0.014997101721741072,0.0,0.20609002940321297,0
2025-11-27 16:20:01.058601,0.2058818554640111,0.08278370786217575,0.14990392106325817,0.08622707617685477,0.015399456199765621,0.0,0.2036686344908037,0
2025-11-27 16:20:06.058601,0.1951515615099485,0.08929836946076977,0.20408546157500634,0.11658309880771947,0.02249555622227936,0.0,0.18963742962362043,0
2025-11-27 16:20:11.058601,0.15625270732063629,0.0832648430971363,0.21550232360006585,0.11701999315900528,0.019506669253562037,0.0,0.14978509951971256,0
2025-11-27 16:20:16.058601,0.14636403523277788,0.08470830134239134,0.20384985897357683,0.1288573542869526,0.01211904420373079,0.0,0.15447078642726672,0
2025-11-27 16:20:21.058601,0.15052126609469868,0.08001203540499777,0.2473555012639333,0.11669930174730724,0.01241974608064734,0.0,0.1460749693878325,0
2025-11-27 16:20:26.058601,0.1844413451436358,0.08041658074975677,0.25375438221674046,0.07740748310898808,0.0149146699877762,0.0,0.18583564821848836,0
2025-11-27 16:20:31.058601,0.16271854664363974,0.09928921745387234,0.25127776524602463,0.07344436442112257,0.01616667073875213,0.0,0.1620220450334322,0
2025-11-27 16:20:36.058601,0.12593424443255213,0.09753004751590959,0.2849073962186025,0.07703139381391971,0.012789888020901604,0.0,0.13878009158113316,0
2025-11-27 16:20:41.058601,0.14671768300399324,0.0946137773265974,0.24411894988357777,0.10558658814982139,0.009812717955447086,0.0,0.16345161078707704,0
2025-11-27 16:20:46.058601,0.1580981978443184,0.09851075974053404,0.22875379004563245,0.11599502236832374,0.008091501082255889,0.0,0.16297492339597533,0
2025-11-27 16:20:51.058601,0.11829663077553206,0.10445833806457926,0.2574293388118505,0.17514664739464275,0.012449651489716392,0.0,0.10153619540210418,0
2025-11-27 16:20:56.058601,0.08061813261480646,0.05753256113401078,0.2716121934802742,0.20476534531256285,0.0227107678762842,0.0,0.07503534723443345,0
2025-11-27 16:21:01.058601,0.1472232073301912,0.09834824553262975,0.22822598545092326,0.15880903875345298,0.016980091309553687,0.0,0.15722323811673522,0
2025-11-27 16:21:06.058601,0.16850655241332185,0.11243126421297585,0.19289243065541695,0.07688665621203279,0.00670774820470476,0.0,0.18110443701463877,0
2025-11-27 16:21:11.058601,0.12643734093146686,0.11458032072940243,0.23677349576299397,0.09002840806627872,0.009618839545896199,0.0,0.11521015036341892,0
2025-11-27 16:21:16.058601,0.09250268289949631,0.09756856719971735,0.29231974384837006,0.15613559450153236,0.016848098748300937,0.0,0.1004679832554231,0
2025-11-27 16:21:21.058601,0.13902520807196303,0.10696269024856252,0.2825111792254647,0.16368083323630192,0.01680628761398212,0.0,0.1328202853354235,0
2025-11-27 16:21:26.058601,0.15336024256428193,0.10378791711625443,0.23544479778410712,0.12612912121922149,0.016105803493535048,0.0,0.15217887682931355,0
2025-11-27 16:21:31.058601,0.09489939649148021,0.09295238393224238,0.25545092906218203,0.13257375229274998,0.023198613190988378,0.0,0.08665618145642837,0
2025-11-27 16:21:36.058601,0.12356468292356626,0.10614382648808253,0.29302273522738104,0.14833061968752972,0.021913648602765862,0.0,0.13704307003670715,0
2025-11-27 16:21:41.058601,0.16345812959949227,0.08029049928499339,0.25438923766893107,0.17774120865488086,0.016434247278380863,0.0,0.15694352625563746,0
2025-11-27 16:21:46.058601,0.1398989595664261,0.08844876965810598,0.20387777147618982,0.1297418566051779,0.01812478883811723,0.0,0.13697615512462058,0
2025-11-27 16:21:51.058601,0.13379934835414448,0.09605588442373139,0.20567700059175067,0.09386280600789745,0.02325648861294331,0.0,0.1454776747201224,0
2025-11-27 16:21:56.058601,0.11861412023613598,0.08315305040392153,0.21292785625030328,0.10068524474987556,0.021877929158934904,0.0,0.1034830343983361,0
2025-11-27 16:22:01.058601,0.11386657253671006,0.10087355402723226,0.2804612532165814,0.09717626399085012,0.01272880627744816,0.0,0.11626941936010976,0
2025-11-27 16:22:06.058601,0.15370886792580046,0.10174866716138892,0.2427275155438843,0.11496427538847281,0.008685485007360461,0.0,0.16932837402997963,0
2025-11-27 16:22:11.058601,0.16441658130157816,0.07924389322031239,0.22586975851535115,0.12199400230643959,0.009485232575538221,0.0,0.17406787109389735,0
2025-11-27 16:22:16.058601,0.17649809052518067,0.06819751454366611,0.2586402094353724,0.13089959405606197,0.01105816423485834,0.0,0.1680131463065512,0
2025-11-27 16:22:21.058601,0.1686824585665723,0.08847205549963834,0.21715430134620575,0.11484653813189542,0.01363506951834693,0.0,0.1726711660071485,0
2025-11-27 16:22:26.058601,0.13860255835833105,0.10683192028256903,0.250998069311959,0.14952115722768541,0.01377034327706286,0.0,0.1511929303953215,0
2025-11-27 16:22:31.058601,0.1518196373584798,0.09030314622756459,0.25297609653216363,0.1594845901549213,0.01375250759063742,0.0,0.16857645138242872,0
2025-11-27 16:22:36.058601,0.14872712686819195,0.07316305352362683,0.2333094982144525,0.13291437812745976,0.013432437302962077,0.0,0.13648950154130557,0
2025-11-27 16:22:41.058601,0.12270854786436627,0.08158805299573187,0.26042051319269277,0.11769515762277788,0.0149600827288723,0.0,0.1185051041032908,0
2025-11-27 16:22:46.058601,0.15202018338573636,0.08315163877813274,0.2621512240749379,0.1059707072632245,0.01660632940821202,0.0,0.1685850613977917,0
2025-11-27 16:22:51.058601,0.16510543137393988,0.070961188167576,0.2700582947142069,0.12814335001755384,0.014369559080876861,0.0,0.15809568354534506,0
2025-11-27 16:22:56.058601,0.12086460344629602,0.09977388422210465,0.2918312976619214,0.1543630128379285,0.019840040220709978,0.0,0.1269519002193818,0
2025-11-27 16:23:01.058601,0.14106637681169515,0.11225081904992996,0.3465449120468657,0.13518327340329014,0.021920321797685872,0.0,0.1489368694998872,0
2025-11-27 16:23:06.058601,0.14643039827653445,0.08575997098748359,0.2967901760557813,0.1282992110783834,0.015363503105702461,0.0,0.15642118122518822,0
2025-11-27 16:23:11.058601,0.11929762827246018,0.0661464751702193,0.19757920388394,0.07382005306838367,0.017341249671740392,0.0,0.12298554774048369,0
2025-11-27 16:23:16.058601,0.1290518014002276,0.09415594771909458,0.2258071836164773,0.07445263468290773,0.017803256753005158,0.0,0.11756292563694376,0
2025-11-27 16:23:21.058601,0.1019252732387261,0.0922113002747128,0.20314158872976734,0.09765965667811607,0.01249040244615476,0.0,0.11369693580884174,0
2025-11-27 16:23:26.058601,0.09014758116941193,0.06493473973219893,0.15470333299128436,0.09059541748114128,0.01053171137554547,0.0,0.08153675663076057,0
2025-11-27 16:23:31.058601,0.12894644177040165,0.0877115668166022,0.19257500223973548,0.08572175286834322,0.012098231947296771,0.0,0.12026702060110428,0
2025-11-27 16:23:36.058601,0.11507279078683189,0.08917201785362898,0.18189337167981423,0.07517143852951498,0.019189036880728573,0.0,0.11112994803223897,0
2025-11-27 16:23:41.058601,4.624200126911544,7.3379478202582975,1.696226685500466,2.857834927954869,0.044373877303960044,0.3,5.204012121370443,0
2025-11-27 16:23:46.058601,11.061349542651257,6.210782868680703,2.8930876910141836,2.5769547190658275,0.07365135047533294,0.8,12.434418629079453,0
2025-11-27 16:23:51.058601,11.143397041254818,3.8344619063618395,3.0121541484540626,1.499525956035514,0.08088808594906985,1.0,10.902339447815203,0
2025-11-27 16:23:56.058601,11.041429487325578,4.5188122025990385,3.1744928450713643,1.8479298129395607,0.07818564695943583,1.0,11.335547171982789,0
2025-11-27 16:24:01.058601,11.992210931608522,3.64370725859557,1.9839478927427934,1.8850841687613538,0.07042249144857982,1.0,12.351794624568411,0
2025-11-27 16:24:06.058601,10.380153812378712,2.5582911783085303,1.4399114254307381,1.1497373828738584,0.06433682475646686,1.0,10.327747729273177,0
2025-11-27 16:24:11.058601,11.562101460092828,3.716852807846514,2.2245245633227717,1.4801685555666848,0.07316905607873918,1.0,11.984818900046353,0
2025-11-27 16:24:16.058601,12.967620155826992,2.9805583305480123,2.008794688088875,1.3446577196408702,0.06537686601218533,1.0,13.411658006628391,0
2025-11-27 16:24:21.058601,12.65574289355585,2.122977634952084,1.466176796774572,0.6983898918298824,0.054241422821376076,1.0,13.035164112061356,0
2025-11-27 16:24:26.058601,14.373315356145735,2.79469759602839,1.4494853314590865,0.6230066767003092,0.05650107948617359,1.0,14.853127660205558,0
2025-11-27 16:24:31.058601,14.224431458702805,2.78850887293365,1.2081589561038095,0.45231953383423196,0.068505538207417,1.0,14.334377573494574,0
2025-11-27 16:24:36.058601,12.450813154161413,3.512346757139469,2.1607597213377825,1.5243027784237513,0.06745152575009314,1.0,12.404315684810577,0
2025-11-27 16:24:41.058601,11.756943564521366,4.30839003585639,2.759644346725309,1.2674254789701314,0.0572329987348877,1.0,12.291868539422376,0
2025-11-27 16:24:46.058601,11.321458777717197,3.092777597307704,2.1079211230589117,0.8024971017545031,0.06672602135521813,1.0,12.053500656199338,0
2025-11-27 16:24:51.058601,10.753073654305672,4.216247870552775,2.820925060652574,1.807772440646053,0.08257531039999064,1.0,11.113693870558272,0
2025-11-27 16:24:56.058601,11.550062001440779,4.357592070685398,2.5453980591804743,2.004395420410821,0.0778251128392714,1.0,11.289695549496377,0
2025-11-27 16:25:01.058601,12.353149439393402,2.0438164148432096,1.5555093072080735,0.8569488597424773,0.06773555161193126,1.0,12.290769186561807,0
2025-11-27 16:25:06.058601,11.738854211185556,3.345182538039587,2.711924531856271,1.7345102459778665,0.06253619365164972,1.0,12.154941726606875,0
2025-11-27 16:25:11.058601,12.149290853863288,4.016383856416875,2.899710308765645,1.923422628304848,0.054691210949821836,1.0,12.273688321406448,0
2025-11-27 16:25:16.058601,12.562279392089172,3.366868406883823,1.6009601085862595,1.4809025814506984,0.06443011737542881,1.0,12.069340704655641,0
2025-11-27 16:25:21.058601,12.335272644323803,2.791066805448997,1.4056147116109465,1.2840058517358035,0.06457465567160042,1.0,13.088420594501535,0
2025-11-27 16:25:26.058601,10.735627414633846,4.971342690062265,2.996783227401304,1.8287180333547728,0.05002280191450316,0.9,10.390723000832578,0
2025-11-27 16:25:31.058601,4.779259846582372,6.484821112655468,2.2023412487306016,2.276981862572124,0.0302379789884352,0.4,4.565549575557815,0
2025-11-27 16:25:36.058601,0.18658232478506181,0.06338013626395823,0.15737315838721327,0.10665512150053696,0.0199548062836784,0.0,0.18905136466042805,0
2025-11-27 16:25:41.058601,0.14566745840828904,0.08933732018860312,0.29038791913064793,0.18677613165137025,0.01858882119374512,0.0,0.13915998406690738,0
2025-11-27 16:25:46.058601,0.11161421798911067,0.08369755600558614,0.3607823113830921,0.14533741994883742,0.011921203343804148,0.0,0.10575213687601291,0
2025-11-27 16:25:51.058601,0.12314392914007743,0.0772282863643629,0.252470498283502,0.1331732621856515,0.01115985391553457,0.0,0.13498866665717613,0
2025-11-27 16:25:56.058601,0.17370080016302816,0.09586624110087705,0.21898035604941324,0.1240034267769209,0.01604685171406714,0.0,0.1644992446400756,0
2025-11-27 16:26:01.058601,0.15296930889914548,0.10498767732803069,0.2540967222739393,0.13235621448616536,0.0124309380702386,0.0,0.16268224345705093,0
2025-11-27 16:26:06.058601,0.11579055374327854,0.08471962017197754,0.2275629640650946,0.1243345454591425,0.01104719258115203,0.0,0.12947323925557144,0
2025-11-27 16:26:11.058601,0.12651201729497452,0.08770011933476364,0.22647349492773694,0.14244703654461116,0.012978183297072931,0.0,0.13523467250043658,0
2025-11-27 16:26:16.058601,0.1256789040337623,0.08816991046737908,0.2439578311861458,0.17086115885035483,0.015216843141634101,0.0,0.12012914848482928,0
2025-11-27 16:26:21.058601,0.11860518884271117,0.09401242461671129,0.24096526336053992,0.16211989509113237,0.0149672646080305,0.0,0.1231225811992267,0
2025-11-27 16:26:26.058601,0.1250457624032612,0.09981007332359056,0.2961191503642617,0.1513024430487956,0.00830362631256142,0.0,0.13988001606620032,0
2025-11-27 16:26:31.058601,0.11080482926467598,0.06700059857752344,0.2774989196648947,0.14555135573973532,0.00905808465770061,0.0,0.10055023005079658,0
2025-11-27 16:26:36.058601,0.1117574346737628,0.08182784201413736,0.24566098336911407,0.11756379321699667,0.01615991147376688,0.0,0.11906164025198189,0
2025-11-27 16:26:41.058601,0.16190538245429284,0.10065730822967288,0.23390656145951422,0.09254283975874074,0.021399868833201392,0.0,0.1838200767193604,0
2025-11-27 16:26:46.058601,0.1721969594256509,0.07541257613160302,0.1905561760386721,0.10068990089430141,0.026174724533346055,0.0,0.18635272433017014,0
2025-11-27 16:26:51.058601,0.17627873176649694,0.08952746976326888,0.1609793982122905,0.1270675919152086,0.020801794935308038,0.0,0.19085688356451966,0
2025-11-27 16:26:56.058601,0.19737380943491,0.09435860496739572,0.1845841210286765,0.10475004483806098,0.017339002863000382,0.0,0.19600513427318556,0
2025-11-27 16:27:01.058601,0.1548704307880137,0.09582698288346972,0.1854546833479638,0.07722830546568807,0.021748423399630772,0.0,0.15921807868239557,0
2025-11-27 16:27:06.058601,0.11758860282956911,0.08018833658347202,0.16938380159184901,0.06644895259524569,0.02129383959572448,0.0,0.12347535049857404,0
2025-11-27 16:27:11.058601,0.14755393599420474,0.06619291153891114,0.1949358696156815,0.08782962669781783,0.015200127626153023,0.0,0.15378980954198596,0
2025-11-27 16:27:16.058601,0.17529392097691826,0.06209395865946411,0.1880666117412046,0.11781611252834961,0.014182237689062651,0.0,0.17704752367392596,0
2025-11-27 16:27:21.058601,0.12578988861427193,0.08392563026313694,0.19071079723311918,0.1211176345886717,0.02027384875441703,0.0,0.12206354447953854,0
2025-11-27 16:27:26.058601,0.10858152548626694,0.07797772286501158,0.21068035183230732,0.10024182621143346,0.01573025777328211,0.0,0.10570240046925616,0
2025-11-27 16:27:31.058601,0.12535805772055195,0.09048464743744962,0.25419710738705636,0.1090191345772464,0.011946307141069121,0.0,0.14086686665715342,0
2025-11-27 16:27:36.058601,0.13130133343612443,0.09159846751943516,0.23469453135017013,0.1339822179068645,0.012388178177364451,0.0,0.1177820708898915,0
2025-11-27 16:27:41.058601,0.17795790015559332,0.082434989853013,0.1948916534351502,0.1021600324916868,0.018059657649311743,0.0,0.2017111217709844,0
2025-11-27 16:27:46.058601,0.15521858511537642,0.08766006630559078,0.24630318420330122,0.08996369450203615,0.01729086797387975,0.0,0.15146390061845744,0
2025-11-27 16:27:51.058601,0.10889049093090945,0.07487523195313214,0.240842726667467,0.08991045361199443,0.01266903845184103,0.0,0.1135496336473325,0
2025-11-27 16:27:56.058601,0.1240233564680595,0.07781467671057804,0.20240944530478616,0.0789369705236716,0.013595890560643989,0.0,0.13855117002155476,0
2025-11-27 16:28:01.058601,0.13673786823562958,0.08357392121940002,0.21308480472225913,0.11347509291442061,0.011942562698274567,0.0,0.12838650354753753,0
2025-11-27 16:29:50.058601,0.15374557421221935,0.09087062032694013,0.18351814775376876,0.08573661557145727,0.010181500160406561,0.0,0.14268267358409042,0
2025-11-27 16:29:55.058601,0.1474234357314077,0.11032150054759796,0.2338252814481853,0.09547165028368036,0.013558859769025811,0.0,0.13883735607467249,0
2025-11-27 16:30:00.058601,0.1438779822202671,0.10082964565912214,0.27246154566745934,0.13946707068787456,0.014846284355393022,0.0,0.15866109107319504,0
2025-11-27 16:30:05.058601,0.15229384462456902,0.09986244237048314,0.2509860610517953,0.15818375958378628,0.01471200343829927,0.0,0.16244573787571426,0
2025-11-27 16:30:10.058601,0.14134153752171622,0.11240151195886842,0.24932540550654622,0.13891302167153902,0.0085752543479102,0.0,0.14350455219153505,0
2025-11-27 16:30:15.058601,0.104959679243194,0.09160799043776403,0.26012307909217547,0.1694342677625723,0.00923699771485952,0.0,0.08536815779872423,0
2025-11-27 16:30:20.058601,0.07602421302812636,0.05822851177175547,0.29387535576270973,0.18261326372584724,0.015342577965940093,0.0,0.0768263638877749,0
2025-11-27 16:30:25.058601,0.08699074498988983,0.09006176750288433,0.31963252508778817,0.16442157561155787,0.013281498879674771,0.0,0.09049572241834714,0
2025-11-27 16:30:30.058601,0.13533534378990325,0.09849451237179566,0.26335331298135284,0.13152659495079855,0.01903810731790237,0.0,0.15035260224602653,0
2025-11-27 16:30:35.058601,0.15523679356871178,0.08990480115815203,0.18892925493861928,0.08313179551349535,0.02347504389222519,0.0,0.14602592025330147,0
2025-11-27 16:30:40.058601,0.1592967764261357,0.10321137042879196,0.19778443405662582,0.11148026702040656,0.02182948113168425,0.0,0.15231934998606425,0
2025-11-27 16:30:45.058601,4.377901024823082,5.63709554832541,1.8955528162846178,2.5382783002552993,0.03454169012777386,0.4,4.839982411102705,0
2025-11-27 16:30:50.058601,9.946488953681111,4.0869617395588955,2.2178612502508637,2.3886216864896315,0.03816471791109236,0.9,11.040541186019972,0
2025-11-27 16:30:55.058601,11.472477978905731,3.252459050110001,1.3870604838355771,1.2513541852793777,0.05212485279754796,1.0,11.698036924069607,0
2025-11-27 16:31:00.058601,12.45127302073668,3.2169661113705734,1.79269286299083,1.2597596108127465,0.06448352630314276,1.0,12.438201294007186,0
2025-11-27 16:31:05.058601,12.551479946665642,2.061376014788986,1.3446970335174453,0.922043950627431,0.06343169985807227,1.0,12.489058229033887,0
2025-11-27 16:31:10.058601,11.631738672402218,2.143942398166588,1.2514225903796075,0.9641331190320886,0.05983244073780182,1.0,11.294960703022989,0
2025-11-27 16:31:15.058601,13.071064623795133,3.272658730949659,1.2368606228097847,0.9388541502825503,0.05187867978839912,1.0,13.404416691443593,0
2025-11-27 16:31:20.058601,13.468826687551111,3.4175907264084238,1.119530328065426,0.7512180342454201,0.05781898407279651,1.0,12.831641928529907,0
2025-11-27 16:31:25.058601,11.332091522034696,2.7643853200381474,1.1246221889387644,0.9828777076838869,0.05065105896285075,1.0,11.29290508935437,0
2025-11-27 16:31:30.058601,12.044701058718426,2.2629497232579365,0.8245134832269734,0.7996233487772103,0.047462892530434876,1.0,12.04877274411852,0
2025-11-27 16:31:35.058601,12.726091647241102,2.9305190528388794,1.0343680948907488,0.7947155050870853,0.06443669888396467,1.0,12.670266025326548,0
2025-11-27 16:31:40.058601,12.05049146402834,3.4641799005033183,1.5074675905225705,1.2537886030258192,0.06876361377482368,1.0,11.968956475232558,0
2025-11-27 16:31:45.058601,12.92697907802905,3.025082154690129,1.5790466615924448,1.5248206376947235,0.06785253932904245,1.0,13.176758744040713,0
2025-11-27 16:31:50.058601,12.452426677171164,2.4082115171718583,1.3069594100267115,1.3622864692556937,0.06149243023063018,1.0,12.3379330908229,0
2025-11-27 16:31:55.058601,10.448650023733727,2.3931158210670618,1.8212296280558207,1.847934435695704,0.04555939370564742,1.0,10.475662527153082,0
2025-11-27 16:32:00.058601,4.848236450758907,5.400238557429974,1.70887718199503,1.9127675044137882,0.026624562600909746,0.5,4.742097544795672,0
2025-11-27 16:32:05.058601,0.1638870920039024,0.0831979081041209,0.535365672811092,0.9435206286063058,0.017715129521969415,0.0,0.17781472713656435,0
2025-11-27 16:32:10.058601,0.14793915130596716,0.0859494139078355,0.20930109697625365,0.09995628125089251,0.022759354883805837,0.0,0.14624104187374226,0
2025-11-27 16:32:15.058601,0.11020680030793872,0.07347799490580262,0.23966453503038823,0.09518782834723219,0.02072699585807928,0.0,0.0954175530514783,0
2025-11-27 16:32:20.058601,0.12213575798829002,0.06340918982840454,0.26502344043849424,0.09199911609625759,0.02062439174232663,0.0,0.12068620752857605,0
2025-11-27 16:32:25.058601,0.12477267616369447,0.05771087321979428,0.28515225170735803,0.1244495840352515,0.01985992850927698,0.0,0.11383389804343172,0
2025-11-27 16:32:30.058601,0.13606272315098927,0.06994992414021381,0.28232958169839606,0.14154071205356378,0.01509219944018939,0.0,0.1424037821907899,0
2025-11-27 16:32:35.058601,0.17238109881893746,0.0627391256101656,0.17499399874671254,0.12313012455601707,0.01819429778008062,0.0,0.17012480121087276,0
2025-11-27 16:32:40.058601,0.17691104406083064,0.07567486563217635,0.15539375652119652,0.1124890074824353,0.02108641032806082,0.0,0.17695754609398942,0
2025-11-27 16:32:45.058601,0.15488005906547847,0.10376866387749177,0.22881605722801862,0.11831701875859608,0.017783026890560008,0.0,0.14863045534563163,0
2025-11-27 16:32:50.058601,0.11567690653234355,0.09213968804582486,0.1988542597778426,0.09606729112817816,0.010466508643341779,0.0,0.1247391334150388,0
2025-11-27 16:32:55.058601,0.1629854541637711,0.09467480153017489,0.21926273285244974,0.1417927008379211,0.01006170341042282,0.0,0.16499260460418239,0
2025-11-27 16:33:00.058601,0.20068531656492816,0.08299680354703383,0.2695355633974599,0.14158391752819793,0.015719232519970244,0.0,0.19573202805191012,0
2025-11-27 16:33:05.058601,0.16483344155378482,0.09815038629150499,0.240505307230865,0.12286889163234337,0.017273554339771676,0.0,0.17598118550795858,0
2025-11-27 16:39:49.058601,0.14384243422905602,0.07566843664729192,0.23765819024330098,0.16381835225798802,0.019293375030605204,0.0,0.13458457007123562,0
2025-11-27 16:39:54.058601,0.17559152086719623,0.07222606285729477,0.19831536034022973,0.08925690469750293,0.01459856857815606,0.0,0.1932718769846243,0
2025-11-27 16:39:59.058601,0.18503070346427167,0.08977178465363074,0.20619073225721843,0.11032912177443788,0.01398997539638358,0.0,0.19575382009559336,0
2025-11-27 16:40:04.058601,0.15547815691336317,0.0940431450609805,0.19051421537777474,0.10986237281696276,0.01717334830303636,0.0,0.14254708031288058,0
2025-11-27 16:40:09.058601,0.1490213258899034,0.07808289293241276,0.24571310072707692,0.11647573192228004,0.01681276500971866,0.0,0.14377139483887866,0
2025-11-27 16:40:14.058601,0.12366738032119635,0.08811529036541342,0.2918117055427222,0.10244216947589443,0.013195898795154658,0.0,0.13289352957801262,0
2025-11-27 16:40:19.058601,0.14392358725787746,0.0894605014107641,0.2845805406938326,0.1507289073204218,0.01312033160665472,0.0,0.15970310786918718,0
2025-11-27 16:40:24.058601,0.20458969424797827,0.06957088706044273,0.24043344373622716,0.15640954824032113,0.01691049513493578,0.0,0.20446004900225576,0
2025-11-27 16:40:29.058601,0.2130231905833825,0.08555281547014948,0.25561335429640447,0.10229463461739512,0.01421218770684093,0.0,0.20767994263760248,0
2025-11-27 16:40:34.058601,0.19198505854465073,0.10270862097300723,0.28448652772639654,0.0951955129787296,0.012582433906217511,0.0,0.20515419941725457,0
2025-11-27 16:40:39.058601,0.15160185337611587,0.10430880203945352,0.24504819980940562,0.11509674530886357,0.015860510524519193,0.0,0.1357636202073551,0
2025-11-27 16:40:44.058601,0.14772513796781744,0.07963024769650719,0.23691831202499208,0.1232496425238001,0.019931000315891685,0.0,0.1634650915291987,0
2025-11-27 16:40:49.058601,0.1694812339805804,0.07035941930058,0.21511296763226184,0.1495611943773655,0.02104833895780381,0.0,0.18151041260570697,0
2025-11-27 16:40:54.058601,0.1642401871605685,0.09635334342650415,0.22526297924251387,0.12178828866914984,0.024295978874752315,0.0,0.15486314733260376,0
2025-11-27 16:40:59.058601,0.13567861386575125,0.0888223309435781,0.20378268895959795,0.08074499678403516,0.02278255672310005,0.0,0.11995915040789666,0
2025-11-27 16:41:04.058601,0.1471241626924709,0.08825112836355052,0.20504745162581486,0.15160385472395121,0.010881885661745819,0.0,0.1594662984015776,0
2025-11-27 16:41:09.058601,0.18116386297352013,0.09133635777953347,0.2661935829918195,0.15930932714609236,0.00962965293906232,0.0,0.18364294010564852,0
2025-11-27 16:41:14.058601,0.16179740804732462,0.09647965955534349,0.21671772343324097,0.1214520763730496,0.01534630611614815,0.0,0.14953911305747727,0
2025-11-27 16:41:19.058601,0.1484822301988852,0.08909593179926877,0.17863170569839557,0.07972510867582726,0.018183314236654733,0.0,0.147873268310866,0
2025-11-27 16:41:24.058601,0.1908033971142456,0.06913683571800647,0.19108727705617198,0.07359390252381308,0.013573021532926518,0.0,0.19834826164894165,0
2025-11-27 16:41:29.058601,0.17589886319505102,0.08424627770596672,0.18003467471877233,0.090203223247305,0.01360636914158612,0.0,0.16994488719096928,0
2025-11-27 16:41:34.058601,0.14680152514887393,0.06746248920698471,0.2710462570412907,0.14969196478323243,0.01709985609598201,0.0,0.155952759347328,0
2025-11-27 16:41:39.058601,0.1045201863131259,0.05377564640479606,0.3319789341019758,0.10335634029600968,0.01780432947020213,0.0,0.10114571152112922,0
2025-11-27 16:41:44.058601,0.10489031184788951,0.06767897715809973,0.2732993475196137,0.08537664398362652,0.02213617597666202,0.0,0.11116251089548701,0
2025-11-27 16:41:49.058601,0.12428072355907269,0.0687099909305241,0.26124840196069066,0.09302301616168138,0.01888830772554574,0.0,0.1324569435972618,0
2025-11-27 16:41:54.058601,0.14489540300665274,0.1016322550262919,0.2549401922460246,0.1234150442379701,0.01638607239312142,0.0,0.14946689696033777,0
2025-11-27 16:41:59.058601,0.15666095405701244,0.10091167929021574,0.23668188190402945,0.13815448328294863,0.01376267642291654,0.0,0.14994470600654428,0
2025-11-27 16:42:04.058601,0.15316775502420193,0.07853715461264141,0.2590395584659811,0.15775284009813062,0.0113169604746637,0.0,0.1616732972492479,0
2025-11-27 16:42:09.058601,0.18640994018980875,0.07306046370142981,0.2239506830002504,0.16310441876570314,0.01244336774903472,0.0,0.18152817066777946,0
2025-11-27 16:42:14.058601,0.1838091453998056,0.077898801790478,0.17619404031839303,0.11327805338902965,0.00806161880498971,0.0,0.19154044417613558,0
2025-11-27 16:42:19.058601,0.1593003528514616,0.07427525678980484,0.15978859205964346,0.08375047908464162,0.0077716805336534595,0.0,0.1544762338882993,0
2025-11-27 16:42:24.058601,0.180035666846832,0.08997631820013088,0.17845112767721208,0.12983549398902638,0.0182053228150374,0.0,0.1959265792206443,0
2025-11-27 16:42:29.058601,0.19711428942075637,0.08979856221791184,0.239416428802109,0.14442769004595404,0.020937499449627618,0.0,0.20329627022842828,0
2025-11-27 16:42:34.058601,0.15959255278240417,0.0894085864508573,0.20687515414785138,0.12478071475115891,0.01603585966884124,0.0,0.1792793138231181,0
2025-11-27 16:42:39.058601,0.15151863628735085,0.08132748230576958,0.2262092534849137,0.12608104504277076,0.01454709250478095,0.0,0.15561370112530318,0
2025-11-27 16:42:44.058601,0.14388007496004157,0.06949354473847842,0.2415064022357139,0.10857102240154895,0.01398193626980169,0.0,0.14501655004083586,0
2025-11-27 16:42:49.058601,0.1337622178109865,0.09655387748565596,0.21517372173588706,0.11571165672311137,0.01347292918206279,0.0,0.1389259905519574,0
2025-11-27 16:42:54.058601,0.1495187105775649,0.09375949708996124,0.19849263641877074,0.12394837583732454,0.013135968649576741,0.0,0.138927032839254,0
2025-11-27 16:42:59.058601,0.1645485864644086,0.04833712151154082,0.14003935271063433,0.07021819785908492,0.013085255978197268,0.0,0.16144387648124173,0
2025-11-27 16:43:04.058601,0.16340849038723,0.05983866547341409,0.1476112091677336,0.05359911854868422,0.01450657411093593,0.0,0.16545832822377662,0
2025-11-27 16:43:09.058601,4.157878344354881,6.5567472274060234,1.4543118959909356,2.6426411911269008,0.027716268912773262,0.3,4.7185582460168485,0
2025-11-27 16:43:14.058601,8.7082849470242,5.74113743959814,2.606864970621335,3.0642166441056213,0.04792425130788293,0.8,9.905499172830572,0
2025-11-27 16:43:19.058601,10.402313230352178,3.169422998888927,1.808399914003989,2.2109265773590394,0.061119689654073286,1.0,10.635298076569262,0
2025-11-27 16:43:24.058601,10.980712806858069,2.1369772244666807,1.3330015038646708,0.9189276015994933,0.05753379771605044,1.0,11.103944861764946,0
2025-11-27 16:43:29.058601,10.65567663212583,3.7341225058114373,2.339087072710621,1.3043372355605527,0.0640222727680475,1.0,10.755599899309413,0
2025-11-27 16:43:34.058601,10.852373239567715,4.284174092314791,2.7664093408367854,1.7656759186594058,0.06966975399443424,1.0,11.531052163907892,0
2025-11-27 16:43:39.058601,12.250082008283457,3.5252554923168082,1.7272240051163745,1.871796333433872,0.06633782395069958,1.0,13.036066520694474,0
2025-11-27 16:43:44.058601,12.925543187434155,2.989880956035246,1.5390365690911019,1.1564287261094706,0.07276515155399013,1.0,13.428604291102989,0
2025-11-27 16:43:49.058601,12.274168667959314,2.6772629626158033,1.7414609812105712,1.0194865179389385,0.08030664508358676,1.0,12.806458771180862,0
2025-11-27 16:43:54.058601,11.554676101646269,2.749892122263488,1.4039589088889275,0.6839028204708893,0.07941619970148653,1.0,11.701929732650964,0
2025-11-27 16:43:59.058601,11.762909296102505,2.936280276426044,1.6768900764699963,1.212829849254228,0.05747667035910196,1.0,11.909108816226365,0
2025-11-27 16:44:04.058601,11.797538907505697,2.0276662896490283,1.5150983353204261,1.2822504328351505,0.04206140359204228,1.0,11.884424113434882,0
2025-11-27 16:44:09.058601,11.60673450834904,1.5569419696432873,0.9078044553027829,0.6136514032274254,0.05188107353247014,1.0,11.594235600224529,0
2025-11-27 16:44:14.058601,11.204564097597359,2.2589922120526555,1.3981401446669806,1.1265922424418169,0.07723046287864258,1.0,11.259053738710985,0
2025-11-27 16:44:19.058601,11.255851598120882,2.491991756111965,1.723975576910274,1.4432910038303692,0.07832146191838905,1.0,11.293657260469962,0
2025-11-27 16:44:24.058601,11.717554722417598,2.2556158271732167,1.164111412716984,1.2396716916306765,0.057386064796290805,1.0,11.993068943880544,0
2025-11-27 16:44:29.058601,11.601103972464992,2.315150340273076,1.0478499077303804,0.8219830194324761,0.06299520008889296,1.0,12.364551928069641,0
2025-11-27 16:44:34.058601,13.479231850058223,2.339591140678635,1.5459835248058151,0.8721965218418132,0.07523520720404109,1.0,13.89511730712882,0
2025-11-27 16:44:39.058601,12.716657132343652,2.651139384489959,1.4078622016398863,0.8315389284347764,0.06644620361267026,1.0,12.997526778221495,0
2025-11-27 16:44:44.058601,11.466616214291683,2.4302885944955683,1.4492338353987535,1.1663407862733512,0.05779273358000277,1.0,11.871175676358726,0
2025-11-27 16:44:49.058601,8.278997905803555,7.703152933949822,2.7966246852607135,3.4901569946454023,0.03907582439485826,0.6,8.558751147754949,0
2025-11-27 16:44:54.058601,2.2302448618282495,6.597311541141465,1.9485507931549317,3.7151976476555606,0.017620090157968428,0.1,0.1469438406291904,0
2025-11-27 16:44:59.058601,0.13829236991067712,0.09868884349232289,0.20731922120582644,0.09337666125673592,0.015107803689982898,0.0,0.152260625658746,0
2025-11-27 16:45:04.058601,0.1913671832431771,0.06846554450675466,0.2128738553624943,0.09069465866467168,0.01399314164777066,0.0,0.18283858356821298,0
2025-11-27 16:45:09.058601,0.1497573750899331,0.08583957874098619,0.22912968768984804,0.10200570337093459,0.009448482932954427,0.0,0.14632727514713884,0
2025-11-27 16:45:14.058601,0.12929161370686576,0.08673554416864482,0.18239006219682768,0.10724872067627031,0.008762437174603486,0.0,0.14503877605555626,0
2025-11-27 16:45:19.058601,0.09721036044274846,0.09227916564451528,0.13434645973959786,0.09113876169738573,0.01664304373926006,0.0,0.08264523372823203,0
2025-11-27 16:45:24.058601,0.10168140327993909,0.10315574213909623,0.1513200025447337,0.10248096113876129,0.020997689820678157,0.0,0.1125543213911071,0
2025-11-27 16:45:29.058601,0.13403446617816328,0.09529669324867913,0.23411623141260723,0.10486288786287637,0.014478566696354962,0.0,0.14696839693709413,0
2025-11-27 16:45:34.058601,0.15819295815316176,0.08673545778592336,0.23581241202090344,0.08146892492425123,0.01302468928458958,0.0,0.17454033960033744,0
2025-11-27 16:45:39.058601,0.21506082428641454,0.05121952257603574,0.23121973757502454,0.08539649291219216,0.01610218805938842,0.0,0.22483992178796186,0
2025-11-27 16:45:44.058601,0.18150154793494028,0.09406349611825147,0.2773828321071155,0.1514366196154847,0.01488756487704317,0.0,0.18283978161162082,0
2025-11-27 16:45:49.058601,0.13655709560395607,0.10113373019816521,0.2890695119563004,0.1647655966977327,0.01973882692451397,0.0,0.13694996610614513,0
2025-11-27 16:45:54.058601,0.1581061394451692,0.10691818216404714,0.23771805957232556,0.12219626182452276,0.02334592864743983,0.0,0.14788716878294578,0
2025-11-27 16:45:59.058601,0.12332365556381664,0.10895389614501569,0.19215830965577113,0.11000465757695498,0.024392331994550747,0.0,0.13691888946225245,0
2025-11-27 16:46:04.058601,0.12593986697821952,0.10281975472367796,0.2575529659898841,0.15678823276531567,0.021414658930752842,0.0,0.11492756139194486,0
2025-11-27 16:46:09.058601,0.17908307304863907,0.09569922921456982,0.24176879596460407,0.13711145946003175,0.01806418456224071,0.0,0.1678448181756217,0
2025-11-27 16:46:14.058601,0.20408246739176006,0.08584017507100046,0.1870283139671387,0.05695430342501633,0.017850280402243596,0.0,0.21995856400763172,0
2025-11-27 16:46:19.058601,0.18441475826387305,0.08934998560918701,0.18992204703924592,0.07418582296433841,0.017203897518266106,0.0,0.17574877452986556,0
2025-11-27 16:46:24.058601,0.1315549059597534,0.10352324096574624,0.18636822404546963,0.0694672458538421,0.019744522488464842,0.0,0.1306166524425848,0
2025-11-27 16:46:29.058601,0.12112716988092483,0.11115390481157568,0.20262085913162248,0.05590237687174302,0.01727480678953492,0.0,0.13452871911407516,0
2025-11-27 16:46:34.058601,0.13869135199048968,0.1037708656944154,0.2545916429479473,0.14531460336199117,0.01051669575328307,0.0,0.1481702261950358,0
2025-11-27 16:46:39.058601,0.12023312667400013,0.08317021844311802,0.22323707516256838,0.16955061044205133,0.015110031579824271,0.0,0.12279605146048464,0
2025-11-27 16:46:44.058601,0.10519121461167216,0.060872886620410495,0.18129106462070937,0.1488468383526981,0.019786042601622412,0.0,0.10689151998501778,0
2025-11-27 16:46:49.058601,0.16617925087150956,0.08863201176989949,0.19561395576763094,0.135312056048955,0.017509385183130572,0.0,0.1814571507512333,0
2025-11-27 16:46:54.058601,0.1758383953026287,0.08341276370528312,0.1855164468072109,0.09133052333003346,0.01471556857839729,0.0,0.16738341914346078,0
2025-11-27 16:46:59.058601,0.15308293155126504,0.06354405438924846,0.25021553122638585,0.1009241144445421,0.01279571283250111,0.0,0.1570565531869712,0
2025-11-27 16:47:04.058601,0.15879526263992455,0.09598748132493926,0.29485008684434033,0.11651079997480729,0.01683753829148654,0.0,0.1644941366430143,0
2025-11-27 16:47:09.058601,0.1451183998305853,0.09954213929781855,0.25503553001852447,0.17142162972428518,0.015615573302248508,0.0,0.16050416451236663,0
2025-11-27 16:47:14.058601,0.13639453078868827,0.0689493412976184,0.1815552738276896,0.1629022912319128,0.0142985784735434,0.0,0.12887524129330655,0
2025-11-27 16:47:19.058601,0.14158631321720094,0.08283194524056403,0.12109111486262474,0.11268929373486376,0.018427243391951734,0.0,0.09465334986046385,0
2025-11-27 16:49:50.058601,0.1511152847024315,0.06820470798952863,0.22104338032030785,0.11964277693489786,0.02396934432113012,0.0,0.14001394049051755,0
2025-11-27 16:49:55.058601,0.12546827579934425,0.07675630312277455,0.17324602671584924,0.042442270727639564,0.024201535684852123,0.0,0.11315901455281224,0
2025-11-27 16:50:00.058601,0.14645415345251658,0.10694403900366457,0.22371353871984886,0.1030346607907633,0.02574948865081252,0.0,0.1362772520010141,0
2025-11-27 16:50:05.058601,0.18734082536306446,0.0834033474363734,0.24889605362190698,0.10256107149029431,0.01774239007763399,0.0,0.20696048865046687,0
2025-11-27 16:50:10.058601,0.15663011857512066,0.05951301346465443,0.18866081851006666,0.08107470331980142,0.01246131932585679,0.0,0.14862986681231707,0
2025-11-27 16:50:15.058601,0.1442441779100726,0.06562769503869305,0.22303247222497363,0.09979738580247988,0.01463161286778715,0.0,0.15129516549843203,0
2025-11-27 16:50:20.058601,0.17458107936057485,0.09089266604568542,0.2671359785299392,0.08030484739131545,0.010238410625925209,0.0,0.17517468650993406,0
2025-11-27 16:50:25.058601,0.1672764567012013,0.08939927447811773,0.20082126738324774,0.07298667755918128,0.0091738652817328,0.0,0.1528229088258436,0
2025-11-27 16:50:30.058601,0.15034199218775082,0.08300743694072285,0.17261512924630187,0.056142395054345144,0.01721455167504117,0.0,0.15950279926973268,0
2025-11-27 16:50:35.058601,0.13690775467536279,0.09750669805016127,0.24565709449227416,0.16217033469955394,0.025308448888277914,0.0,0.14359976548561787,0
2025-11-27 16:50:40.058601,0.13951266501131393,0.09569272194382894,0.24993558304284832,0.1897724908700166,0.025751083928585623,0.0,0.1510338778623688,0
2025-11-27 16:50:45.058601,0.16462030985519463,0.08878446057404227,0.20702820458397952,0.15349663531348365,0.01630824508669405,0.0,0.152830091684175,0
2025-11-27 16:50:50.058601,0.19256089986183716,0.09195272482525767,0.2063639597959909,0.11996887537049007,0.012498270122950869,0.0,0.1864307885854638,0
2025-11-27 16:50:55.058601,0.17639965080808165,0.101325797913307,0.2039838081812182,0.07367333531517539,0.015542506105360218,0.0,0.16493256294703526,0
2025-11-27 16:51:00.058601,0.13974544938864636,0.09534061519107452,0.22373145928596494,0.08565959732360144,0.013053933738906898,0.0,0.14793426522572062,0
2025-11-27 16:51:05.058601,0.14142135949922036,0.10552967060803425,0.2074271117967168,0.09405676563821844,0.00945248980456085,0.0,0.1537441231276304,0
2025-11-27 16:51:10.058601,0.17756100612526304,0.11472985319229621,0.20246413286669412,0.11797062877178453,0.007811728618956878,0.0,0.16590698045023222,0
2025-11-27 16:51:15.058601,0.1929879132659424,0.10106685202217418,0.21775583419891734,0.12582573567054015,0.0123268423796952,0.0,0.18356311815369525,0
2025-11-27 16:51:20.058601,0.17015958768269676,0.0919758119374709,0.20607867293189605,0.08797625960894298,0.01709662633630335,0.0,0.17152246518130035,0
2025-11-27 16:51:25.058601,0.15167925397787113,0.08306718248385032,0.20489211336032,0.06188576047051651,0.01956356934469502,0.0,0.14728956961105646,0
2025-11-27 16:51:30.058601,0.11739326307887639,0.05517888366217627,0.19949010153799024,0.08244234638430861,0.11409761844767763,0.0,0.12576679961104156,1
2025-11-27 16:51:35.058601,0.13818107841356922,0.09376742931581201,0.24386249022617248,0.14089056994264643,0.21665279168251814,0.0,0.14670094168920034,1
2025-11-27 16:51:40.058601,0.14979405252763878,0.09021150615102436,0.21758099341253273,0.1360138652349826,0.2216472814497413,0.0,0.1628199600263286,1
2025-11-27 16:51:45.058601,0.13230884811246013,0.061371106870254565,0.19382102033780008,0.10735604108616306,0.21804792448931556,0.0,0.13271872662134623,1
2025-11-27 16:51:50.058601,0.14680276154946945,0.0834595999127127,0.20471407200036004,0.11772220565750117,0.21378830545246164,0.0,0.13230486631658428,1
2025-11-27 16:51:55.058601,0.13316921819320987,0.08391481712006396,0.21186385883738704,0.0920468494672717,0.21131025176930818,0.0,0.11873783760958892,1
2025-11-27 16:52:00.058601,0.12095448274427174,0.08461412186137124,0.21580028898299392,0.09571795186565352,0.2137523537572709,0.0,0.11964933287807338,1
2025-11-27 16:52:05.058601,0.15253975357293292,0.07565957551521103,0.17265069948933728,0.08002698994746983,0.21606984155469613,0.0,0.16949860141535447,1
2025-11-27 16:52:10.058601,0.1554256665534203,0.06848486296311553,0.21059642468047207,0.0983472544099864,0.2128809222546782,0.0,0.1529984249277245,1
2025-11-27 16:52:15.058601,0.1295354242244568,0.07039026975188654,0.26259585690149073,0.08090278541458247,0.10622910376422896,0.0,0.12303272727505739,1
2025-11-27 16:52:20.058601,0.11617202174762813,0.0685160494436637,0.3164058795989378,0.07629567519198409,0.008669719346180705,0.0,0.1084462445241309,0
2025-11-27 16:52:25.058601,0.1275871744900557,0.07706327099009508,0.3293534889970976,0.13874306449621815,0.01664306015493296,0.0,0.12782914999360592,0
2025-11-27 16:52:30.058601,0.1536643355985159,0.06695740994915596,0.9127499192590545,2.0866196410874345,0.030082022393282636,0.0,0.16368973417592336,0
2025-11-27 16:52:35.058601,6.8740367522601575,7.087987093504713,1.8785329157154689,2.803591823184402,0.038142734370333845,0.5,7.6446233326524435,0
2025-11-27 16:52:40.058601,12.949248296984123,1.6293778914198285,1.6921167775049994,2.0897124272270404,0.0624806717135505,1.0,12.863539772869013,0
2025-11-27 16:52:45.058601,11.888547264412807,2.5413406218017927,1.5652246634102396,1.2161046356620149,0.07940525887425585,1.0,12.235340487628864,0
2025-11-27 16:52:50.058601,12.950447070582863,4.3168728928784095,1.872003996165129,1.9486252386602878,0.0638785744899032,1.0,12.791271970237327,0
2025-11-27 16:52:55.058601,11.412729187575723,4.959672618556745,2.1308336470340885,2.599689871037642,0.06394069773145933,1.0,11.559512131357769,0
2025-11-27 16:53:00.058601,10.371610032044511,3.087230794096864,2.242535995867688,2.3789141386795967,0.07263845298025604,1.0,10.241068923006061,0
2025-11-27 16:53:05.058601,11.14348080001981,2.3453104607767923,1.6102640272684674,1.5474218195160458,0.06489101797416441,1.0,11.233092255203891,0
2025-11-27 16:53:10.058601,11.315298794829044,2.402692026479622,1.2289905571427011,0.9180392458793326,0.05547048558612531,1.0,11.48606889289251,0
2025-11-27 16:53:15.058601,12.22785573751078,3.1199536449706726,1.70330318064598,1.4406125715842892,0.06563125925699767,1.0,12.099583791217214,0
2025-11-27 16:53:20.058601,11.302700154254977,3.350861046049078,1.7975838701882523,1.4424056852037697,0.0694666314589516,1.0,11.256446831385238,0
2025-11-27 16:53:25.058601,12.388236445501304,3.692970882312367,1.9294210816022062,1.1871760671165776,0.07198879443795672,1.0,13.044589435146385,0
2025-11-27 16:53:30.058601,12.550194894809433,3.9464760983434,2.3038411868491817,1.220466590438953,0.0799144966185493,1.0,13.10956142799144,0
2025-11-27 16:53:35.058601,10.858924271115864,3.37335784180648,2.2047816143182404,1.1242773589138888,0.0551218241749182,1.0,10.707987857742877,0
2025-11-27 16:53:40.058601,12.195453516043122,3.322446890150456,1.9541920524394094,0.8349370383468865,0.05018713050285062,1.0,12.31726403916222,0
2025-11-27 16:53:45.058601,13.938865594975619,2.7294267576127353,1.9246737721870126,0.964176668355598,0.06858271166042314,1.0,14.197667180552571,0
2025-11-27 16:53:50.058601,13.500200006487091,2.47296273902293,1.9242347980067247,1.3685200400811524,0.06842658181502784,1.0,13.11946394690727,0
2025-11-27 16:53:55.058601,13.217708044959489,3.572829742022457,2.2503799945543332,1.6613591453270835,0.06130951644745064,1.0,13.432450400100489,0
2025-11-27 16:54:00.058601,13.84537030421626,4.065390194631373,2.5469931761530336,1.6670017647149455,0.05998314161066787,1.0,14.773533093351602,0
2025-11-27 16:54:05.058601,12.762420101155175,3.09775230744748,1.608359795503037,1.4302403911479455,0.08634591727883875,1.0,12.75148581514977,0
2025-11-27 16:54:10.058601,11.19187691394381,2.221677686921222,0.8855177144077591,0.6298926127700044,0.08881961530880464,1.0,11.514829931964663,0
2025-11-27 16:54:15.058601,11.46748973361033,3.165014474007661,1.3305163840024767,1.1450153133644347,0.06302959975893599,1.0,11.63460336003391,0
2025-11-27 16:54:20.058601,12.37171963725018,3.687310531282408,2.6784783677765147,1.936692154834396,0.06350227427301398,1.0,12.143104220100794,0
2025-11-27 16:54:25.058601,13.749058919416054,3.0544509309893955,2.3512202722814184,1.997875682496573,0.06660799628414063,1.0,14.353012211636322,0
2025-11-27 16:54:30.058601,13.657590301651112,2.1344652819649648,1.1174761280715122,0.7197798797266195,0.06651455982659053,1.0,13.717185700052475,0
2025-11-27 16:54:35.058601,13.207702318454855,1.8057661588334601,0.900615148890925,0.5309035031546577,0.049480172183423474,1.0,13.325653081104859,0
2025-11-27 16:54:40.058601,12.746490411891859,2.122129504632024,1.2986836810026858,1.061243173519872,0.049772389252197,1.0,12.886949214771912,0
2025-11-27 16:54:45.058601,12.501675647880967,3.559826627884725,1.7928445738037264,1.9413093576396498,0.06742829527873542,1.0,12.37102525333969,0
2025-11-27 16:54:50.058601,13.111252039438671,3.4206799577777898,1.5177691123849901,1.91305820740779,0.05640228327007768,1.0,12.796356568948426,0
2025-11-27 16:54:55.058601,13.070228705179673,2.9690026010219364,1.7923704907567857,1.2034445794897979,0.05142058012227385,1.0,13.062861833516852,0
2025-11-27 16:55:00.058601,12.188716246769397,3.2997160154625247,1.682850101938018,1.0919624602162188,0.05070284143051936,1.0,12.5056358558084,0
2025-11-27 16:55:05.058601,10.934901343804984,2.5192860911629067,1.301569093239791,0.588470729952339,0.06265194899268658,1.0,11.143940746833158,0
2025-11-27 16:55:10.058601,11.973041422117294,3.748303339171107,2.3331451752279095,1.7376605631263249,0.07854800180701442,1.0,11.992136544628018,0
2025-11-27 16:55:15.058601,12.925329471575878,3.9185471399233447,2.5354352885927454,1.9899525015170745,0.07405464012165845,1.0,13.202757171906597,0
2025-11-27 16:55:20.058601,11.27887413174984,3.753720009568066,1.5853212305977116,1.2807531334026236,0.06934534111556274,1.0,11.250214252860982,0
2025-11-27 16:55:25.058601,10.141497400175627,3.3271497884342174,1.7227508546640125,0.8252441189390769,0.06714059164510534,1.0,10.60179712914394,0
2025-11-27 16:55:30.058601,10.937717399942382,3.7906915358944477,2.064007072345115,0.9183738347377212,0.06654367711538141,1.0,11.117453841045016,0
2025-11-27 16:55:35.058601,12.234933845963756,3.7935987589329008,1.9257356156816108,1.3146042321888938,0.07120123651643753,1.0,12.32045847788037,0
2025-11-27 16:55:40.058601,11.369723232460307,4.629506687820869,2.3660526568044937,2.057589947471425,0.06955846661076631,1.0,11.602796110815895,0
2025-11-27 16:55:45.058601,11.734848001087657,4.62105585309982,2.600619195777047,1.857281084815677,0.08208078631966877,1.0,11.888178523042749,0
2025-11-27 16:55:50.058601,13.45991803535544,2.7105197044752543,1.8804859314543994,1.1982752880299492,0.07847870694086419,1.0,13.546519465445964,0
2025-11-27 16:55:55.058601,12.75693979528981,3.4203493939674985,1.6456260567211125,1.2655276069841075,0.06326985801130366,1.0,12.674162137808288,0
2025-11-27 16:56:00.058601,12.675627990655281,3.409978710796455,1.5285244960976383,1.1933466021886592,0.05605106729273063,1.0,13.863984813734131,0
2025-11-27 16:56:05.058601,12.492963990595197,3.045413472085446,1.560054414330213,0.9609690099521355,0.06512727340033761,1.0,13.166361236593765,0
2025-11-27 16:56:10.058601,11.968012733084498,4.43050769272932,2.4950700522175278,1.8722137056163917,0.08061149662606573,1.0,11.780086254530753,0
2025-11-27 16:56:15.058601,11.442542689377097,5.182951423348207,3.100042839148835,2.552405891336698,0.08410482687487046,1.0,11.0948405904345,0
2025-11-27 16:56:20.058601,11.58351245292324,4.397088836845747,2.7544800316808233,2.1560168821605235,0.0636019675133213,1.0,11.45736934837823,0
2025-11-27 16:56:25.058601,9.822766875588812,5.685092958881204,2.655159305646588,2.3087530546591233,0.045616334351787066,0.8,9.550302827001342,0
2025-11-27 16:56:30.058601,3.7188111198427607,5.70007275214377,1.6178018267289598,2.578746099743121,0.037301391449310106,0.3,3.0136184160990873,0
2025-11-27 16:56:35.058601,0.14258754120276046,0.10093418862642455,0.257733915719009,0.0929413275916698,0.0202326693817349,0.0,0.1394513662557431,0
2025-11-27 16:56:40.058601,0.1043313635768861,0.07020879606822293,0.263216272989065,0.09269491622640032,0.01770138486238098,0.0,0.10215103008268295,0
2025-11-27 16:56:45.058601,0.12249070803558375,0.07692332310073302,0.20786293940898676,0.08682340744777549,0.00972452157887621,0.0,0.12928208455230786,0
2025-11-27 16:56:50.058601,0.1614987330595776,0.09466828930955584,0.23866448564228399,0.12145692036396011,0.01231352881726509,0.0,0.15865282240453948,0
2025-11-27 16:56:55.058601,0.18331114889241643,0.08685419494247053,0.31317105646359417,0.19418334183234823,0.015391033601538203,0.0,0.18068240544022157,0
2025-11-27 16:57:00.058601,0.12539897246059128,0.08145209324830395,0.29772055868185254,0.2029609576132714,0.01165669790751833,0.0,0.10965845085150785,0
2025-11-27 16:57:05.058601,0.08713422432695588,0.08440432992715151,0.2619815876653396,0.12947733579164158,0.011442701727623041,0.0,0.0972821461773284,0
2025-11-27 16:57:10.058601,0.13075031481114155,0.11766820425683817,0.2517391821579924,0.1553777983953109,0.013694850231618653,0.0,0.11550707923327058,0
2025-11-27 16:57:15.058601,0.17490219217275216,0.09694023086118424,0.2065925933163814,0.1507384383618955,0.012961920391963177,0.0,0.16387093398280284,0
2025-11-27 16:57:20.058601,0.15104074757955505,0.10499852327374709,0.23069355705349456,0.11382321216785313,0.01598705888579261,0.0,0.15063048511857324,0
2025-11-27 16:57:25.058601,0.16625502886525484,0.10161636290758486,0.2380895441528549,0.11223529756064608,0.018928516892677917,0.0,0.18059203352813125,0
2025-11-27 16:57:30.058601,0.1649656649307101,0.06686096994456647,0.22662786587624803,0.11413327409911656,0.015367046996503769,0.0,0.1712153437463877,0
2025-11-27 16:57:35.058601,0.1063512723301808,0.05252135397711224,0.23665948252256452,0.13070781995858383,0.020998603084662625,0.0,0.09886357136000891,0
2025-11-27 16:57:40.058601,0.12905991514091636,0.07664341082104631,0.25494329246922104,0.1939064143545966,0.020883347848256337,0.0,0.12806430634891897,0
2025-11-27 16:57:45.058601,0.17444322944836266,0.08586334786070471,0.284522771601757,0.18935696310577838,0.013155907329883582,0.0,0.16549788100605423,0
2025-11-27 16:57:50.058601,0.18637837900592297,0.07888540887714542,0.24600461430914491,0.1267989144525413,0.01531125902517166,0.0,0.2089114175356323,0
2025-11-27 16:57:55.058601,0.16463470501607783,0.09050259568658739,0.24301190601776415,0.10117865872641107,0.019064705763965812,0.0,0.16962790101999228,0
2025-11-27 16:58:00.058601,0.13506912651040298,0.08750482898978407,0.20125234866983419,0.09962338310156274,0.013572017657943261,0.0,0.13507459056220783,0
2025-11-27 16:58:05.058601,0.1750597294683551,0.08583896665543299,0.2030421491810983,0.11819299752705101,0.01590240111724232,0.0,0.17608969301902178,0
2025-11-27 16:58:10.058601,0.17757584010672986,0.09836127341234194,0.2781260416855455,0.12811018112201103,0.0208095040461816,0.0,0.17384120073336115,0
2025-11-27 16:58:15.058601,0.14165031085063126,0.10503946581525457,0.25959254378413543,0.1431989899989116,0.018212255282920607,0.0,0.15332172821140844,0
2025-11-27 16:58:20.058601,0.14535098269725732,0.1083721960644582,0.21220980978390025,0.12279278381460393,0.01676856456754744,0.0,0.1633517831289177,0
2025-11-27 16:58:25.058601,0.11614325760558822,0.10083592872365316,0.178236221464848,0.09220298634114901,0.016138993839311187,0.0,0.10950450238646144,0
2025-11-27 16:58:30.058601,0.107719356580869,0.09698596802035293,0.23605098566793187,0.16132699834114256,0.014873188113366378,0.0,0.1177050466306301,0
2025-11-27 16:58:35.058601,0.16983704138866113,0.10151705979934376,0.24389669539912728,0.14797175014816855,0.01050141789164259,0.0,0.1904846155014119,0
2025-11-27 16:58:40.058601,0.1737438363448684,0.10038902923439333,0.20572819314613708,0.08134943986929817,0.012190301140579179,0.0,0.1644083934548214,0
2025-11-27 16:58:45.058601,0.14957177010508502,0.08742809019624814,0.23047335026060653,0.10663382645109533,0.0134165854946591,0.0,0.16549186193999027,0
2025-11-27 16:58:50.058601,0.15917316573673812,0.09917748244725198,0.22870178221742082,0.10205420833169032,0.01294501078984335,0.0,0.1635743560421309,0
2025-11-27 16:58:55.058601,0.15276800768971824,0.0971373981972514,0.22955574907754778,0.0771141800021577,0.013397458226870291,0.0,0.1414194687929745,0
2025-11-27 16:59:00.058601,0.16166650239615063,0.09265995380373682,0.1817176210577409,0.08666047890360305,0.013005163951845219,0.0,0.16879590664938074,0
2025-11-27 16:59:05.058601,0.1823075313904559,0.09309576659204663,0.14876507615284934,0.12023660897684499,0.01337201003392439,0.0,0.20586294890658816,0
2025-11-27 16:59:10.058601,0.1831092731039623,0.06838929039131798,0.1689406721237364,0.13016883231355628,0.008707899309455414,0.0,0.1721247455902075,0
2025-11-27 16:59:15.058601,0.16748115054234894,0.08279465997427836,0.20197493192077962,0.029830943309241173,0.00057556094578805,0.0,0.23026765673374297,0
2025-11-27 16:59:51.058601,0.16826390417574916,0.06726965444734283,0.17435510558231343,0.09711782596063158,0.012548178028437268,0.0,0.16282098618447902,0
2025-11-27 16:59:56.058601,0.15302467169741468,0.07836990107843038,0.20074818449330648,0.09506620123710263,0.015219716191193939,0.0,0.14558405224974594,0
2025-11-27 17:00:01.058601,0.09231775269506672,0.0579935238536508,0.20375334367205525,0.0882757540891613,0.015778200724692527,0.0,0.08879708301849806,0
2025-11-27 17:00:06.058601,0.12683363186735874,0.09907983737108297,0.23609574354041524,0.15090761166335853,0.01226941875957236,0.0,0.1397291036031275,0
2025-11-27 17:00:11.058601,0.15010153726403164,0.08175585885512106,0.23708261396255467,0.15229110539095686,0.02033029319310667,0.0,0.14738204658366605,0
2025-11-27 17:00:16.058601,0.15431293185539746,0.06542894411266062,0.21774810951019763,0.08018710405162836,0.019788716780646465,0.0,0.1579729968395332,0
2025-11-27 17:00:21.058601,0.1554466903499902,0.09274229352127766,0.24486066878813056,0.08789622950656925,0.01114180429600889,0.0,0.1519916830189042,0
2025-11-27 17:00:26.058601,0.14406176404028156,0.0903841982508795,0.1906522451851128,0.09827208823175292,0.01624882911063165,0.0,0.13055204284582705,0
2025-11-27 17:00:31.058601,0.12513971444539596,0.08681936506729468,0.1893710080743711,0.10591834155229067,0.01816331248089986,0.0,0.10928277917340729,0
2025-11-27 17:00:36.058601,0.1033911000649386,0.0654490770449235,0.20543250403008137,0.12474803282259615,0.012790468154112241,0.0,0.10642337694405518,0
2025-11-27 17:00:41.058601,0.12538944710145156,0.07020224594605844,0.1851673467815538,0.1389132269768,0.01071312890453716,0.0,0.13057188151193685,0
2025-11-27 17:00:46.058601,0.1062458777189722,0.08817905653639146,0.18316211215530323,0.13291667859120712,0.01351285878410705,0.0,0.09145829023284974,0
2025-11-27 17:00:51.058601,0.07121762794865225,0.07226459706060522,0.14574539540859882,0.07850665440120523,0.01603235883581444,0.0,0.057032624915472424,0
2025-11-27 17:00:56.058601,0.1000949239836468,0.09368666779797903,0.21398609331589502,0.1311361153779421,0.02123871447799917,0.0,0.10573704223372583,0
2025-11-27 17:01:01.058601,0.14135486391160743,0.09351411705485012,0.2572332560010515,0.1184160110540891,0.01820024168796701,0.0,0.14951794540438568,0
2025-11-27 17:01:06.058601,0.1305352775004666,0.08296104901041228,0.20073002473759738,0.09539907336191233,0.018264012426655478,0.0,0.12198112760897556,0
2025-11-27 17:01:11.058601,0.12185182756511723,0.09156431692797447,0.2675511631593395,0.13089148475534426,0.02082251244989724,0.0,0.11686957246257276,0
2025-11-27 17:01:16.058601,0.10196677058690258,0.09687584029393588,0.2609607886946648,0.13674728551306223,0.01616723794721414,0.0,0.09823582766954796,0
2025-11-27 17:01:21.058601,0.10868426185929674,0.09162333352387958,0.18018924456226082,0.10315500317937704,0.01194262152215862,0.0,0.11850621617224794,0
2025-11-27 17:01:26.058601,0.14831762831500808,0.08304084435347778,0.17509173138120906,0.08312988727130613,0.01101826645686501,0.0,0.14827453202891772,0
2025-11-27 17:01:31.058601,0.1564429871705201,0.09636354551174607,0.1899721730894342,0.09648401352782165,0.016757646416302018,0.0,0.14578465665132842,0
2025-11-27 17:01:36.058601,0.14476417089283794,0.09754827618953155,0.19521354566928725,0.10390844570370449,0.021592413853009078,0.0,0.15589366526642973,0
2025-11-27 17:01:41.058601,0.1273925261298683,0.09369442243886715,0.21112560324978974,0.08533574608958384,0.016564398851780692,0.0,0.1121337542444983,0
2025-11-27 17:01:46.058601,0.12735303684314256,0.09071967903319685,0.2623943657925265,0.13282451190536432,0.010901939965853619,0.0,0.13211768237049032,0
2025-11-27 17:01:51.058601,0.17060278441249518,0.08156698551245006,0.28936355461894225,0.15686203324828016,0.014974788489522231,0.0,0.17799239918926746,0
2025-11-27 17:01:56.058601,0.19006995184271505,0.08501617382605113,0.2557194086997643,0.1092321376908199,0.015711977205586078,0.0,0.19005276498402296,0
2025-11-27 17:02:01.058601,0.15542762638400826,0.09433470301541713,0.21181128754610629,0.04644092743308775,0.01522805857775325,0.0,0.1662537637408747,0
2025-11-27 17:02:06.058601,0.1319791956710885,0.09604263837887156,0.20849626021032544,0.0730025136939406,0.017683384014628177,0.0,0.12344979291312493,0
2025-11-27 17:02:11.058601,0.17145789534467246,0.10186282794359451,0.22177278634380512,0.08300123934275923,0.013679929134863909,0.0,0.18968934964794062,0
2025-11-27 17:02:16.058601,0.17789779113541304,0.08400797616570777,0.21334976242924988,0.06702247184854064,0.01095321534404254,0.0,0.1691047843374085,0
2025-11-27 17:02:21.058601,0.11355354325335676,0.06592249331900826,0.2599719799578624,0.09733320769810969,0.01037018132563938,0.0,0.10516964401459832,0
2025-11-27 17:02:26.058601,0.08331724366762923,0.05518554822056194,0.3202857480505895,0.14243450754652298,0.014858337008138569,0.0,0.08942741147910976,0
2025-11-27 17:02:31.058601,0.10442685326539394,0.06764265595114421,0.27794247879218137,0.16769087146010359,0.01613982040386893,0.0,0.11483594913814438,0
2025-11-27 17:02:36.058601,0.13119290394163857,0.058826373265379255,0.19501854349243036,0.12629988366894668,0.015270446911324943,0.0,0.13033988825280118,0
2025-11-27 17:02:41.058601,0.17839623177068195,0.09158498783169065,0.23306459698251675,0.13060476019884315,0.014531785838769521,0.0,0.18008879905476058,0
2025-11-27 17:02:46.058601,0.16249369561293497,0.10329187307483054,0.2997371822531162,0.12224684635151731,0.015286150661948281,0.0,0.1487804990798942,0
2025-11-27 17:02:51.058601,3.9800690520087136,6.334057122531086,1.5652927688936402,2.792601443640799,0.0407145020177115,0.3,4.418633507355724,0
2025-11-27 17:02:56.058601,9.10783346253616,5.173749749658397,1.9323361438815112,2.6503493755134873,0.060872281563506936,0.8,10.160259511702217,0
2025-11-27 17:03:01.058601,11.094275276734868,1.8857234746041136,1.2620220773451922,0.65668895661549,0.07509141355464469,1.0,11.031288984174013,0
2025-11-27 17:03:06.058601,11.59442955175563,1.9006580936180764,1.2858679745050323,0.7644421189481441,0.07753070803598709,1.0,11.737384742317156,0
2025-11-27 17:03:11.058601,10.815686597923731,2.041451223965246,0.9926553557602,0.6214660227451407,0.06926660020065264,1.0,10.546497532468228,0
2025-11-27 17:03:16.058601,9.807994387662728,2.956352174698495,1.8725818165569545,1.3093607586548668,0.07850088817870123,1.0,10.102605495237185,0
2025-11-27 17:03:21.058601,10.734199361887857,3.4093157296470245,1.9213231589849387,1.3577932256070155,0.06826366465424519,1.0,10.951635995548633,0
2025-11-27 17:03:26.058601,11.419651406326414,2.550648415271222,1.545065837247074,1.2663362347358642,0.06174034521410782,1.0,11.148501804274353,0
2025-11-27 17:03:31.058601,9.83556178251746,3.141008907644641,2.40156116609196,1.414507990228029,0.06872082686833182,1.0,9.467282479627935,0
2025-11-27 17:03:36.058601,10.739355608237993,3.2241128179468324,1.9477948979646027,1.530455668382478,0.07862181995403847,1.0,11.33849201086262,0
2025-11-27 17:03:41.058601,11.468723013505059,2.7455579386113595,1.658062222147239,1.2104446928644266,0.0755731901948947,1.0,11.473976999333892,0
2025-11-27 17:03:46.058601,11.209906099486359,3.074850907853497,2.3955287999145205,1.063058642600672,0.05734260377783325,1.0,11.213430340189973,0
2025-11-27 17:03:51.058601,11.10091589613746,3.391534132369641,2.128985958086609,1.1453949176394884,0.06183532049304935,1.0,11.144408797598505,0
2025-11-27 17:03:56.058601,12.174227985874515,5.2495959237199195,1.9378764911191968,1.9593559796717601,0.05951894323364569,1.0,12.91926646725166,0
2025-11-27 17:04:01.058601,13.088213293487872,4.317169848408352,1.8600261765420438,2.043082157349207,0.056140836052824314,1.0,12.730660672188328,0
2025-11-27 17:04:06.058601,12.277424548615908,2.337027393241209,1.9108279523875047,1.3807001241006112,0.04987434446666903,1.0,12.10562595437804,0
2025-11-27 17:04:11.058601,13.032445907755264,2.973559837748971,1.8646986549262536,1.3836898760022123,0.04669818382309753,1.0,13.025995236410903,0
2025-11-27 17:04:16.058601,11.955181644904378,2.8447201032307197,1.1019105860398306,0.969591509736034,0.05053686277691237,1.0,11.431597551074512,0
2025-11-27 17:04:21.058601,10.555148810490142,2.313194909043709,1.534751569893249,1.126752642470239,0.05191006227035984,1.0,10.790159217091864,0
2025-11-27 17:04:26.058601,11.599772974629825,2.6716571800838294,1.741872487754268,0.8859094446433834,0.0773089935201248,1.0,11.5672948879215,0
2025-11-27 17:04:31.058601,11.949611809314828,2.0103040075067913,1.4475166702280793,0.7485299202191872,0.08598812968232458,1.0,12.057821066229314,0
2025-11-27 17:04:36.058601,12.257663042236413,3.5721972408349285,1.5498158300840026,1.2173501169156768,0.07261238505447533,1.0,12.242576549019905,0
2025-11-27 17:04:41.058601,13.204127822132616,3.7390648491385363,1.6667540839476611,1.3589980123099994,0.06124419948376027,1.0,12.587901403062624,0
2025-11-27 17:04:46.058601,12.633405912887271,2.1974928375608735,1.3115046687187888,1.1453170804015236,0.05249317455427667,1.0,13.054685668005725,0
2025-11-27 17:04:51.058601,11.46519650617957,1.7685279440687989,0.8221360766747907,0.5905795844306638,0.059381684828791394,1.0,11.627113752932258,0
2025-11-27 17:04:56.058601,11.794176848646924,2.2402697307728037,1.3352100164944791,0.8371674400043203,0.0652761647964861,1.0,11.862060280411876,0
2025-11-27 17:05:01.058601,11.256266146594129,2.1909571207742835,1.3034026538780998,0.8781271050712735,0.0681159465373556,1.0,11.301852120749544,0
2025-11-27 17:05:06.058601,10.302680445499867,1.706500939742681,0.8471323415938624,0.7379980871117433,0.06873333899257764,1.0,10.55407663786491,0
2025-11-27 17:05:11.058601,11.552610197077964,1.722853464566397,0.6546621848738646,0.687475643120801,0.05426245448764442,1.0,12.053247787962837,0
2025-11-27 17:05:16.058601,13.122280995250383,2.3786772128896843,1.1558827245172583,1.3505149816069397,0.05687122582979677,1.0,13.493698561349728,0
2025-11-27 17:05:21.058601,12.09840828566272,3.350679386180744,1.8856671896331303,1.1981140742067022,0.06063330777870886,1.0,11.936782087024287,0
2025-11-27 17:05:26.058601,11.421737380931173,3.4752930600383123,2.149550302145234,1.001040393704741,0.04660732068477007,1.0,11.69861368523444,0
2025-11-27 17:05:31.058601,11.682164519172549,3.025072048340424,1.7855595544087113,1.320917558631771,0.04518805497136794,1.0,12.361095168151719,0
2025-11-27 17:05:36.058601,10.866321751039543,2.6063466561144497,1.7245068180454772,1.5447658813647227,0.044545196282874545,1.0,11.330452057250248,0
2025-11-27 17:05:41.058601,11.171671263817867,2.849598979462706,1.9546993471864518,1.3773759210235725,0.04721725875354675,1.0,11.56754077762444,0
2025-11-27 17:05:46.058601,11.77277032928547,2.341247794058926,1.7451730311148048,0.9455832745339259,0.04977365296456008,1.0,11.773141325543,0
2025-11-27 17:05:51.058601,12.43648917276201,3.0237403234556828,1.686417476498717,1.4019965039812339,0.05589807626233388,1.0,12.3817828506589,0
2025-11-27 17:05:56.058601,11.875544568194094,2.8312414984248564,1.4070072561737619,1.3660167526813536,0.06271970369900177,1.0,11.91187777143314,0
2025-11-27 17:06:01.058601,11.204451486589086,1.6468871325493475,0.9878244820931925,0.7642710190575475,0.06623304432009099,1.0,11.580204172657602,0
2025-11-27 17:06:06.058601,11.44632056736641,1.3835895151620925,0.9142200262377095,0.8444512387752977,0.06677187830983036,1.0,11.572848719645254,0
2025-11-27 17:06:11.058601,11.36839158761768,2.7409711764590607,1.4894173128535073,1.6047484064069073,0.07150673153987233,1.0,11.460039439020408,0
2025-11-27 17:06:16.058601,12.767752915347645,3.409549190663005,1.7922305732449206,1.5853811592624767,0.07332837304534515,1.0,13.862564743554959,0
2025-11-27 17:06:21.058601,12.40254776115889,2.5332624214994497,1.2619454635046095,1.0613114027708752,0.06119257470035322,1.0,12.52115065518385,0
2025-11-27 17:06:26.058601,11.650818195782321,2.037666737481114,1.1999366470259258,0.9407113602856702,0.050271765521597477,1.0,12.043646314751964,0
2025-11-27 17:06:31.058601,12.248512211975283,2.0921513987662337,1.372224599074084,0.8200017483163424,0.05560295684708623,1.0,12.227864839383631,0
2025-11-27 17:06:36.058601,12.16398467426922,3.3969395542078704,1.9734296145426171,1.9966133746458654,0.06426305644455893,1.0,12.36625303788774,0
2025-11-27 17:06:41.058601,11.14049858110261,4.290636359181989,2.725280066760244,2.1668730397398055,0.05698118275355467,1.0,11.20773902906869,0
2025-11-27 17:06:46.058601,10.233708134568605,2.7985918236733673,2.1855357999664955,1.697341311935236,0.05668038277551986,1.0,11.116731496937462,0
2025-11-27 17:06:51.058601,11.89253605133231,2.373016085653498,1.408191946346092,1.2262713902079945,0.059893172022450016,1.0,12.510941296816261,0
2025-11-27 17:06:56.058601,7.9930479691972325,6.924883092450324,1.8113766832010139,2.3120565761065226,0.04709177164772225,0.6,7.146203016560717,0
2025-11-27 17:07:01.058601,1.5290936849063739,4.345010448315062,1.395573624179854,2.41854101098185,0.02174204531385859,0.1,0.15873139166742273,0
2025-11-27 17:07:06.058601,0.16558974836627804,0.1033293825770483,0.24086372456578728,0.0972937764799586,0.01198600347885595,0.0,0.1609770252912912,0
2025-11-27 17:07:11.058601,0.15696524671028342,0.09798769424075268,0.2420225013389893,0.08269581861416518,0.013183350371779732,0.0,0.14899881090715944,0
2025-11-27 17:07:16.058601,0.14713529917775595,0.08611539508601462,0.19769707078742704,0.11538402813323939,0.01341097419708063,0.0,0.16492684156516849,0
2025-11-27 17:07:21.058601,0.16155504111051447,0.07512168420583194,0.1646775792412794,0.11166761535471723,0.012489285610623211,0.0,0.16374962849845986,0
2025-11-27 17:07:26.058601,0.148558708448475,0.09329473740541756,0.20350498639400513,0.11322667882863904,0.014934346507444856,0.0,0.14922957949308813,0
2025-11-27 17:07:31.058601,0.16036945539769568,0.09325785568724045,0.20498531997677913,0.10166272234070205,0.017873088954831966,0.0,0.17728388600550926,0
2025-11-27 17:07:36.058601,0.17227904057661925,0.08811677676803797,0.1957791575136234,0.07602694918485348,0.014792560041143338,0.0,0.1686952350094833,0
2025-11-27 17:07:41.058601,0.17074182641647973,0.08567128022518254,0.20424868346606764,0.06865242549887969,0.012285475155605597,0.0,0.19004118988359442,0
2025-11-27 17:07:46.058601,0.17442886786066036,0.059567650171213245,0.21078564207052533,0.0968285852265566,0.017546666986722612,0.0,0.18251592393917104,0
2025-11-27 17:07:51.058601,0.15663560830446951,0.08512373754760848,0.22473957063452082,0.11100097659983307,0.01854181729512554,0.0,0.14954596881167911,0
2025-11-27 17:07:56.058601,0.12457932360064262,0.08778050935575964,0.2713532243113778,0.12724513072102123,0.011846447701335883,0.0,0.1512843960744537,0
2025-11-27 17:08:01.058601,0.0957951784416953,,0.45107139241648686,,0.0009083562613755,0.0,0.0,0
2025-11-27 17:09:52.058601,0.12349639369720047,0.07422526046294535,0.27303033196466775,0.11500586573963664,0.01815355261597534,0.0,0.11892146742646673,0
2025-11-27 17:09:57.058601,0.12211205685394255,0.07780821336692359,0.2656281956530445,0.1047067542016912,0.020104767060316008,0.0,0.1286369607426293,0
2025-11-27 17:10:02.058601,0.13780259638403064,0.07963617148459665,0.22267871575084128,0.113102883183905,0.013417038965451772,0.0,0.1306531602933464,0
2025-11-27 17:10:07.058601,0.11896983438741666,0.08853158887879999,0.22321965837935043,0.08113012862721782,0.0101470367062926,0.0,0.11294649784306972,0
2025-11-27 17:10:12.058601,0.1251364445294186,0.09454202034415617,0.2320911877346285,0.08108114071236712,0.01647651290062212,0.0,0.13809473207474177,0
2025-11-27 17:10:17.058601,0.14719037010036337,0.08619496091395192,0.22887405608120065,0.0904514320853934,0.014398766797184073,0.0,0.14676077891874562,0
2025-11-27 17:10:22.058601,0.14625699970314904,0.09353839901471113,0.23727104322275508,0.15496478820263235,0.015761030806842134,0.0,0.15137479463733824,0
2025-11-27 17:10:27.058601,0.15834181236858277,0.09548576335032802,0.20785125407907348,0.18896777770698872,0.01674922090324369,0.0,0.15989923071652956,0
2025-11-27 17:10:32.058601,0.15181776084976287,0.08345238535698085,0.1571824158342425,0.14324287542019393,0.01647763542203751,0.0,0.1415158915248715,0
2025-11-27 17:10:37.058601,0.11614184979896942,0.0908289102948158,0.21516450098189757,0.13504568333421452,0.0125063686390011,0.0,0.11901990486026068,0
2025-11-27 17:10:42.058601,0.12568904885162424,0.09516701527729764,0.25010261748553303,0.11620800329678105,0.00895082655475579,0.0,0.12760436492827737,0
2025-11-27 17:10:47.058601,0.1611417349329928,0.09791959761995889,0.2263377858163928,0.10168957188835168,0.00942898348273751,0.0,0.1500616032709553,0
2025-11-27 17:10:52.058601,0.1736739945646126,0.10672078738078099,0.25197409799840115,0.08543501826423214,0.01028693980212853,0.0,0.17886468454000173,0
2025-11-27 17:10:57.058601,0.19680112975578046,0.09156843642073706,0.24321348712383148,0.09857609819118399,0.0205699268248445,0.0,0.19922336020877335,0
2025-11-27 17:11:02.058601,0.20930427357020487,0.08410097233431507,0.21321965733856207,0.09974517175189838,0.027083095837837867,0.0,0.2011141472541428,0
2025-11-27 17:11:07.058601,0.1619496722841789,0.07968949907560254,0.205727390926476,0.09799370161518255,0.021044265269822844,0.0,0.1702705069512726,0
2025-11-27 17:11:12.058601,0.1143636863430317,0.06489823256713217,0.2512026937795252,0.13701765012162748,0.019312395423950753,0.0,0.11922348687531456,0
2025-11-27 17:11:17.058601,0.16957139000548213,0.09597507493594291,0.22861530470790564,0.13246236466152966,0.01690629129791537,0.0,0.16251168432205876,0
2025-11-27 17:11:22.058601,0.15264623379657768,0.10667660471016287,0.2197299002264243,0.10061976656781585,0.007030146322279292,0.0,0.13985158505753914,0
2025-11-27 17:11:27.058601,0.10898474132186273,0.08755827459303314,0.16836138063850487,0.10644663599584467,0.010370798956094048,0.0,0.11540710708683943,0
2025-11-27 17:11:32.058601,0.15212219888040204,0.08018185270823062,0.12585688908622386,0.05265688763509221,0.015130771328688739,0.0,0.14665209994950312,0
2025-11-27 17:11:37.058601,0.1539966200284308,0.0978453620334788,0.20539783508329346,0.1354953938835431,0.02139844117359484,0.0,0.15594568363028785,0
2025-11-27 17:11:42.058601,0.13649159537854913,0.10833803344681281,0.234727949479201,0.12530127844468372,0.022231110873379673,0.0,0.12206665866078215,0
2025-11-27 17:11:47.058601,0.13158873503170104,0.08470975918909962,0.2322968421438844,0.12120187954131409,0.01655818539315133,0.0,0.1316684304786721,0
2025-11-27 17:11:52.058601,0.12036075900514531,0.07951442241199108,0.21699615047203968,0.13036763883964925,0.01848585098099615,0.0,0.11793526227009717,0
2025-11-27 17:11:57.058601,0.13231866145585428,0.09095710645536127,0.22861229349270898,0.11213399966512977,0.01751734968722376,0.0,0.13529771925002673,0
2025-11-27 17:12:02.058601,0.14794405920346881,0.0874080798470619,0.24519759878032726,0.1308478990534991,0.016257226081868786,0.0,0.14357275711310452,0
2025-11-27 17:12:07.058601,3.868990122924356,6.100164193478765,1.398856392026331,2.3975980489863264,0.04045771660184631,0.3,4.303065502528698,0
2025-11-27 17:12:12.058601,9.854875000448526,5.579582686834533,2.248056305808521,2.3444371775191226,0.05044708597117026,0.8,10.971939724277505,0
2025-11-27 17:12:17.058601,13.236338638907004,2.615111614203343,1.7300177578435796,1.2392792602301692,0.04721403632923735,1.0,13.510532036296423,0
2025-11-27 17:12:22.058601,12.098655957800796,3.2268618074663054,1.6731692099071267,1.1492754789556774,0.06891121220742233,1.0,11.809683385996491,0
2025-11-27 17:12:27.058601,10.50618463152957,2.1586540892691257,1.394659531982479,1.1107553169599738,0.07206031208307583,1.0,10.523480514830148,0
2025-11-27 17:12:32.058601,10.950701096101207,2.0717641039678143,1.3216482854206262,0.6726845365847379,0.07755762975041809,1.0,11.12609279800352,0
2025-11-27 17:12:37.058601,10.79967775898379,3.2489140222762978,2.3244488486483807,1.324380079148484,0.09565352686571515,1.0,10.899010637445121,0
2025-11-27 17:12:42.058601,11.721095514412323,4.498150245300245,2.5247456661839465,1.3723558036240369,0.08425822957308254,1.0,11.842568631227152,0
2025-11-27 17:12:47.058601,12.94982961695328,3.6672765276511132,1.674785097315781,1.1412677292884081,0.06723635790344594,1.0,12.13148792818509,0
2025-11-27 17:12:52.058601,12.799145183929225,3.117822832082664,2.3730926722915604,1.93721001279329,0.07124934695430904,1.0,12.643690406161975,0
2025-11-27 17:12:57.058601,11.60182477444071,4.250823647742576,2.3111648044065367,2.058009236119087,0.07249065070217023,1.0,11.311452596583582,0
2025-11-27 17:13:02.058601,12.471081326545317,3.9568022195323658,1.8386946515455271,1.848144374012177,0.06660017887097971,1.0,13.551770568624818,0
2025-11-27 17:13:07.058601,12.028412397906411,4.4330241310718925,2.8844884823183383,2.1970625237523445,0.05905295239855576,1.0,11.554107732824141,0
2025-11-27 17:13:12.058601,10.859181140517261,4.069211588556918,2.45354161950669,1.8872979908335585,0.053359985884821035,1.0,11.751309253201281,0
2025-11-27 17:13:17.058601,11.962596941892992,2.8241152995999665,1.8622498827610179,0.9024649863146511,0.05130104392061913,1.0,11.737129166538683,0
2025-11-27 17:13:22.058601,12.14879202132954,2.1006093886541777,1.5097100196563473,0.9477186089248667,0.0617226521161089,1.0,12.262810865780583,0
2025-11-27 17:13:27.058601,11.44692288315788,1.7173461038377915,0.7265350040359114,0.37531064692569227,0.0667939009434104,1.0,11.663869568766087,0
2025-11-27 17:13:32.058601,11.527005293282496,1.8137004063375588,0.7502929088060808,0.47878352501894256,0.05940399245388409,1.0,11.924273789811805,0
2025-11-27 17:13:37.058601,12.980491056826589,2.473418127150943,1.3988275821215268,1.146478048728598,0.06315364071714266,1.0,13.101508533483049,0
2025-11-27 17:13:42.058601,13.396767090257313,2.9042459795137554,1.9152947300039198,1.3452644546712482,0.06892284533378971,1.0,13.76548273674898,0
2025-11-27 17:13:47.058601,12.269671074991859,2.2350307132736598,1.4376787922297871,1.1185820845260122,0.06164195529269473,1.0,12.215735483714324,0
2025-11-27 17:13:52.058601,11.268750010741986,2.0571303506953726,1.0512855179666345,0.8398203188871168,0.05476388788685671,1.0,11.171828070371966,0
2025-11-27 17:13:57.058601,10.908755826003121,2.1116627535349326,1.1364977593270866,0.8701048396637661,0.05871838495567359,1.0,11.009509397027411,0
2025-11-27 17:14:02.058601,11.644519516675052,2.6026352853908437,1.3243539842456082,0.8993078565619406,0.06411449532527129,1.0,11.644165923216676,0
2025-11-27 17:14:07.058601,12.529442476927475,2.700342747552714,2.068720355313883,1.4149706907066903,0.05504520321924332,1.0,12.857757006896968,0
2025-11-27 17:14:12.058601,12.6168196008977,3.0153059752541176,2.1920129215569215,1.353587234884358,0.05600088739131074,1.0,12.809651404076941,0
2025-11-27 17:14:17.058601,12.638705516090383,3.0309346504740975,1.4183163839459043,0.9591034438398147,0.06495285614093815,1.0,12.014248825675173,0
2025-11-27 17:14:22.058601,13.7634175638379,2.547080641299617,1.293479030920021,0.958905252698477,0.06807658883481903,1.0,13.720548446978318,0
2025-11-27 17:14:27.058601,14.03937998680004,2.9476507790241513,2.186354580954571,1.5977018518129706,0.07415982709165163,1.0,14.214693760233256,0
2025-11-27 17:14:32.058601,12.472289402147956,2.908245060530612,2.253654414486121,1.591197338029647,0.0712723317196407,1.0,12.608502714788344,0
2025-11-27 17:14:37.058601,12.504331294983155,2.4738958234286152,1.473089769045727,0.9085940973346592,0.0755173647612987,1.0,12.575008706203114,0
2025-11-27 17:14:42.058601,8.258225155443611,7.1817126473882436,1.9196425530403918,2.4419836299801587,0.05511835197257705,0.6,7.42500880420536,0
2025-11-27 17:14:47.058601,1.6681342179011456,4.938246298622845,1.4103040086654612,2.643388283152047,0.02553323213906856,0.1,0.10703235156519131,0
2025-11-27 17:14:52.058601,0.06411121886506611,0.07075215927231088,0.2215952772431386,0.12553758733812825,0.02196441232857821,0.0,0.0632337392953773,0
2025-11-27 17:14:57.058601,0.08855099393283968,0.08259004004030858,0.2813156592006184,0.12462910765219704,0.020878858913564023,0.0,0.09433770610342593,0
2025-11-27 17:15:02.058601,0.13914593560808491,0.08701840780209823,0.257013093496289,0.1122729357351681,0.01634672913075036,0.0,0.15264531396050313,0
2025-11-27 17:15:07.058601,0.1955450421005363,0.05295171898999322,0.2096829668323414,0.10465598987397784,0.01264616126993576,0.0,0.1881141123568579,0
2025-11-27 17:15:12.058601,0.1505061784653164,0.07528707164309371,0.23065447615757342,0.09466833178238684,0.014253172135215658,0.0,0.14801345180277733,0
2025-11-27 17:15:17.058601,0.11583224019125035,0.10117980581967018,0.2772848254826602,0.09705332367373783,0.012983189991717681,0.0,0.12353818507596986,0
2025-11-27 17:15:22.058601,0.11130015620534665,0.11774259525001744,0.2750268485306142,0.11164222575703228,0.013565596060256448,0.0,0.11432046064107326,0
2025-11-27 17:15:27.058601,0.09387892302220666,0.10879349807667144,0.26948117455949344,0.125367836210395,0.014453305699820687,0.0,0.10286291878406854,0
2025-11-27 17:15:32.058601,0.1010037465585542,0.12044675123847512,0.2796862558447487,0.13393648951825574,0.01170965297053428,0.0,0.12389801150347757,0
2025-11-27 17:19:48.058601,0.13457517760342635,0.07610774135936228,0.27750464068118075,0.15780150480722802,0.01646755101598677,0.0,0.14864215163166603,0
2025-11-27 17:19:53.058601,0.18695120292686582,0.08677075445266953,0.22347981732302058,0.12769767964521037,0.0179886069297776,0.0,0.19446635144765823,0
2025-11-27 17:19:58.058601,0.19098027077165697,0.09850380371529593,0.1865765868233536,0.08694860347820021,0.014797748045822743,0.0,0.17996851386901908,0
2025-11-27 17:20:03.058601,0.12550496452521614,0.08733067416083089,0.19367011007246746,0.10422715873071231,0.01807673625819202,0.0,0.12738412152521963,0
2025-11-27 17:20:08.058601,0.12849506654478235,0.07387147498029874,0.1859625491204307,0.11056183632630567,0.022310100307571388,0.0,0.13128798584737644,0
2025-11-27 17:20:13.058601,0.16036211600251224,0.09095220648558665,0.21210874581242134,0.1323471812788703,0.01602804454356069,0.0,0.16786522416641741,0
2025-11-27 17:20:18.058601,0.1591287752547355,0.09551612570141188,0.2486761602247515,0.14477109886993372,0.00858362213667677,0.0,0.15522977165342197,0
2025-11-27 17:20:23.058601,0.14698446227695094,0.08369253542925303,0.23939108988926297,0.11928064700855316,0.00887304653206788,0.0,0.14638945841911688,0
2025-11-27 17:20:28.058601,0.16852587475969116,0.09020043805837241,0.25438544769614874,0.11709322182687712,0.01239220191570913,0.0,0.15560059579511656,0
2025-11-27 17:20:33.058601,0.13279856065077872,0.09238624048207367,0.3091438221674324,0.18190779702921303,0.012300993815427489,0.0,0.12416998194275594,0
2025-11-27 17:20:38.058601,0.14254982948832007,0.09309175068191564,0.2576320326337581,0.18691508484979913,0.012838609342846492,0.0,0.1357541953557606,0
2025-11-27 17:20:43.058601,0.1765930126325892,0.10732076520990948,0.24907804705477007,0.17849117788396124,0.01460981817030092,0.0,0.16708370880527643,0
2025-11-27 17:20:48.058601,0.1280985184931054,0.10495204813505654,0.2793477972611527,0.17166304974592372,0.0149839187280135,0.0,0.13882327232732705,0
2025-11-27 17:20:53.058601,0.09909769941453762,0.07828336815762514,0.18950087101596344,0.10380450781192488,0.022044107523651872,0.0,0.09681443915494828,0
2025-11-27 17:20:58.058601,0.13600320442617725,0.1039095999250446,0.14961208660185968,0.07277125161409949,0.02146148653868764,0.0,0.1249287050605105,0
2025-11-27 17:21:03.058601,0.17950193599417438,0.10362300847055703,0.21031449680351683,0.12599543682042735,0.01897609266923405,0.0,0.1968883254054223,0
2025-11-27 17:21:08.058601,0.19749578861736877,0.07957863160531702,0.2640807924727912,0.1183556453469865,0.016295151484099248,0.0,0.18816465787975756,0
2025-11-27 17:21:13.058601,0.19262615541262404,0.059811736169070005,0.23470596567376772,0.0781821995258067,0.009510581877644399,0.0,0.20126528231567684,0
2025-11-27 17:21:18.058601,0.1679773268670513,0.0861386121927172,0.16427635647505934,0.0737739574305259,0.01481444895779841,0.0,0.16073521932213683,0
2025-11-27 17:21:23.058601,0.13932661332538698,0.11431592841907835,0.16647001497318792,0.172625241737936,0.01949622247913935,0.0,0.13555748573131848,0
2025-11-27 17:21:28.058601,0.14549410809803068,0.10868636129702741,0.17458801738863883,0.16537255078701465,0.02095489063257804,0.0,0.13754263730384916,0
2025-11-27 17:21:33.058601,0.16593574662034818,0.08633179540263257,0.1537184148946961,0.04892734540502278,0.0171392923235664,0.0,0.18038001248059618,0
2025-11-27 17:21:38.058601,0.1684503791822167,0.08457106027512426,0.1859809128232341,0.06283756155743386,0.019128119811546516,0.0,0.1621903705576979,0
2025-11-27 17:21:43.058601,0.16115528333652157,0.08031394873225771,0.22332097193657616,0.09089445034125589,0.02351235654091657,0.0,0.17602078188308487,0
2025-11-27 17:21:48.058601,0.17949901679946284,0.09365514955689243,0.22881888045338514,0.1580560682558261,0.01410933426744852,0.0,0.18180519301301462,0
2025-11-27 17:21:53.058601,0.20216216100403767,0.07872218217993092,0.20902727967849516,0.16253077565216312,0.008140696247154331,0.0,0.20761092491026506,0
2025-11-27 17:21:58.058601,0.20521378558665523,0.06029780926932934,0.24267833892518564,0.1060961732982542,0.008729309202842591,0.0,0.2014164236532612,0
2025-11-27 17:22:03.058601,0.20666336663226237,0.08100463481737054,0.27390600303079227,0.06631974168812359,0.012555248523334861,0.0,0.21809423791448068,0
2025-11-27 17:22:08.058601,0.16809999809409842,0.09581813409104264,0.21549411434217514,0.09044989619632528,0.016443883369007484,0.0,0.17623810152889774,0
2025-11-27 17:22:13.058601,0.17457901249564123,0.0776676271736059,0.15500075050631712,0.09986845659724486,0.018148646476709142,0.0,0.19204422969080467,0
2025-11-27 17:22:18.058601,0.17792484706260356,0.08848887149059226,0.21893711323903137,0.15367433443377285,0.01536210078941921,0.0,0.1844743274151259,0
2025-11-27 17:22:23.058601,0.12747099660082567,0.09640975533386852,0.28991967110332767,0.12072680155175643,0.011161892457196392,0.0,0.14314729823682038,0
2025-11-27 17:22:28.058601,0.1350057381494741,0.10715522910211255,0.27698069314704105,0.19194275715943904,0.017766106461842852,0.0,0.14987801129359696,0
2025-11-27 17:22:33.058601,0.14694655433265796,0.09766158934931468,0.21920625012094713,0.19415373273216205,0.020952750004949307,0.0,0.13817422430847706,0
2025-11-27 17:22:38.058601,0.12960418066526588,0.07604983830033647,0.8090970056321701,2.0017918672442296,0.015137549492676223,0.0,0.13142550389350593,0
2025-11-27 17:22:43.058601,6.172253264610487,6.569128509354472,1.7995352297931,2.187603756568092,0.038650974581630866,0.5,7.0282734873549835,0
2025-11-27 17:22:48.058601,13.160173280568415,2.36728796099397,1.4749543363155737,1.3607175315112316,0.06585877617486799,1.0,13.570830482564569,0
2025-11-27 17:22:53.058601,13.592635422113748,1.8815915878605294,0.8694969144991024,0.6852709135340289,0.061273189396062744,1.0,13.582753697302584,0
2025-11-27 17:22:58.058601,12.36502848981199,2.5679641375871234,1.6932707671127871,1.6048517086237872,0.06726169833025387,1.0,12.501030129355598,0
2025-11-27 17:23:03.058601,12.135406429822414,3.097112688529007,2.1581432096286575,1.5610530983997146,0.07265824158033259,1.0,12.489995600031229,0
2025-11-27 17:23:08.058601,13.257706447738068,2.8454439399789093,1.9904686237997342,0.9706036116512635,0.06844408234813282,1.0,13.261388343860702,0
2025-11-27 17:23:13.058601,12.690427806338985,2.7730599644446388,1.6820335873619066,1.029045218567108,0.07395136500148758,1.0,12.784527108550286,0
2025-11-27 17:23:18.058601,12.653588353537398,3.0245185237664396,1.9553965977659922,1.278940124991455,0.0634591003755125,1.0,13.290924949338663,0
2025-11-27 17:23:23.058601,13.79207776612046,3.4384414780175914,2.531198452690544,1.3361707623465147,0.06884944390080086,1.0,14.63693891754238,0
2025-11-27 17:23:28.058601,12.844902444319558,3.5052149444651604,1.8954532771298915,1.4354695100015735,0.07156178571661688,1.0,13.384700836516753,0
2025-11-27 17:23:33.058601,12.503023348658733,2.8418696601274926,1.795971184054276,1.1717564848176085,0.05993269466629329,1.0,12.436464073945109,0
2025-11-27 17:23:38.058601,12.612774741355281,2.597870067303817,1.6052935756102982,1.1917506019906305,0.0672896683660714,1.0,13.356500086312156,0
2025-11-27 17:23:43.058601,11.91126064662055,2.104776489296552,1.0499558613826456,0.7165690830483811,0.06346418830146054,1.0,12.633889544661677,0
2025-11-27 17:23:48.058601,11.908794166535568,2.038576667013268,1.7290006483757399,1.1758821296499145,0.06446450956990854,1.0,12.092816627452741,0
2025-11-27 17:23:53.058601,11.065149005626909,2.8051528988752388,1.8833919900968552,1.2838824117473993,0.057362408255219856,1.0,11.55074965122409,0
2025-11-27 17:23:58.058601,10.830486833007058,2.530890950730694,0.9989797371783056,0.946896022008272,0.050851187408135504,1.0,11.631471080777695,0
2025-11-27 17:24:03.058601,11.613564593872026,2.4111532970055025,0.8262660034148104,0.6732877004362013,0.057807812994007654,1.0,11.785801021321388,0
2025-11-27 17:24:08.058601,12.112452480226668,2.6119723782712096,1.2037407786722152,0.6954887655785309,0.06250178264520337,1.0,11.986365640117365,0
2025-11-27 17:24:13.058601,12.031741637625704,3.0410606895762986,1.7635964233952983,1.216028410608033,0.05960695942015217,1.0,12.280243495151161,0
2025-11-27 17:24:18.058601,11.391882499531826,3.128914479543832,2.011149954598871,1.3254679490705612,0.0637632313227569,1.0,11.65846079148101,0
2025-11-27 17:24:23.058601,11.096987622193302,3.5598573048670548,1.8544698833557696,1.2815818048473109,0.054676087077938126,1.0,11.514483928768035,0
2025-11-27 17:24:28.058601,11.4810825743908,3.454931221472794,1.4858236466974053,1.3706178484883462,0.041135716720063234,1.0,11.80595173900645,0
2025-11-27 17:24:33.058601,11.51265560156347,2.0602990281178997,1.0489663692738038,1.00878630195575,0.05987423354023151,1.0,11.551302639355194,0
2025-11-27 17:24:38.058601,10.484741453183293,2.5137666549152997,1.364802562322946,1.1698955826489539,0.05962540556719882,1.0,10.794805804835502,0
2025-11-27 17:24:43.058601,6.588093182203229,6.011812817166831,2.396789472821371,2.83903647649388,0.04143319680651756,0.6,6.147024269659807,0
2025-11-27 17:24:48.058601,1.5860486859354694,4.496725895592019,1.6125432839547649,2.99709968887956,0.02682536175989028,0.1,0.16849131854896698,0
2025-11-27 17:24:53.058601,0.15177706728784443,0.09933283559216355,0.18735861856398517,0.12697968066920357,0.0149303483256746,0.0,0.15300713085801795,0
2025-11-27 17:24:58.058601,0.2146552430552952,0.07989454102904736,0.223057858090581,0.186534679985157,0.01375470174035597,0.0,0.23810093972341675,0
2025-11-27 17:25:03.058601,0.1928391195242281,0.07680643237933478,0.3024713133228093,0.18856200573203638,0.012579185138541529,0.0,0.19817032090894593,0
2025-11-27 17:25:08.058601,0.21035652689968148,0.07723040330887956,0.30035291757551774,0.15753870461275796,0.010419114267699581,0.0,0.23096588024513143,0
2025-11-27 17:25:13.058601,0.1945904220962894,0.091878317603548,0.19193168403362626,0.13206200083399353,0.01146621982775389,0.0,0.18985524440651155,0
2025-11-27 17:25:18.058601,0.11444164692952367,0.09872079810948868,0.20528716405754213,0.10400613344973089,0.01503137090430108,0.0,0.11514734185144324,0
2025-11-27 17:25:23.058601,0.12670223281083126,0.09089032443006123,0.2788757503782016,0.10595633071717853,0.01699727939585489,0.0,0.14160848046813979,0
2025-11-27 17:25:28.058601,0.1782549903001674,0.056400084964026376,0.2573285300837072,0.13701683145138288,0.01414675844831349,0.0,0.18854284917681363,0
2025-11-27 17:25:33.058601,0.14881278553139934,0.08514891350190631,0.1930007741190253,0.10814954139077684,0.01338605839510997,0.0,0.14669613245795682,0
2025-11-27 17:25:38.058601,0.15038381213852284,0.08973622504088075,0.18742868766366932,0.11360939814104837,0.01389564672571946,0.0,0.147847509863328,0
2025-11-27 17:25:43.058601,0.17275850679347984,0.058643521534761,0.21978784241034063,0.09549758007710459,0.016395777677954748,0.0,0.16472710055671197,0
2025-11-27 17:25:48.058601,0.13700786796066472,0.05115581559640922,0.24361429682542668,0.12285131983099247,0.018592086607079908,0.0,0.1316189427125225,0
2025-11-27 17:25:53.058601,0.13867326070642289,0.09881896768930389,0.23193276927121032,0.1464717265265155,0.017905971942321443,0.0,0.14791021301708707,0
2025-11-27 17:25:58.058601,0.1346466382574486,0.10378924749997624,0.16067085418209412,0.09788355049942782,0.01434849568139267,0.0,0.15107563521648934,0
2025-11-27 17:26:03.058601,0.15514179699346356,0.08127195463101024,0.144044155144687,0.11784065842829665,0.016395658274268123,0.0,0.16288253538065273,0
2025-11-27 17:26:08.058601,0.1543037003085121,0.09962950881964983,0.24070609836990703,0.16851875850408496,0.021871518125783838,0.0,0.15342762701806087,0
2025-11-27 17:26:13.058601,0.13067822382658104,0.09247605791682278,0.299469459288964,0.12041871370554669,0.01823406325243005,0.0,0.1296329413062579,0
2025-11-27 17:26:18.058601,0.164861275846969,0.0703199178192576,0.2288503440584282,0.10895982107176388,0.018435990553447943,0.0,0.17984172478964633,0
2025-11-27 17:26:23.058601,0.1868583630238092,0.07484865323490775,0.19780064622132437,0.1317899898956232,0.0205934453605854,0.0,0.18194961367059367,0
2025-11-27 17:26:28.058601,0.14470669903579725,0.09404926801739989,0.20766426977850577,0.11844236668244287,0.015027352989615403,0.0,0.1314935134554111,0
2025-11-27 17:26:33.058601,0.1177637860805553,0.07276679339201522,0.18462542938397494,0.05266664746293547,0.01334979661564332,0.0,0.11481205219067309,0
2025-11-27 17:26:38.058601,0.15047535785062596,0.08609746564173183,0.2155617300307593,0.07845601805841117,0.01456022798765171,0.0,0.14876421376671956,0
2025-11-27 17:26:43.058601,0.1733549727977024,0.09240235009647917,0.2862702710671469,0.10315442294314489,0.01315044414035264,0.0,0.16418343378167802,0
2025-11-27 17:26:48.058601,0.14999911256971882,0.07381637910685296,0.277900527283955,0.12059943851074081,0.01460943956109469,0.0,0.16526112999534917,0
2025-11-27 17:26:53.058601,0.14940890170064933,0.07227802974044932,0.2295490008574091,0.09080996813661492,0.016342091389754072,0.0,0.15935857985276505,0
2025-11-27 17:26:58.058601,0.1503160002979872,0.08233978373183698,0.2173860487978701,0.06465435400905029,0.017749730992709812,0.0,0.1581434119217341,0
2025-11-27 17:27:03.058601,0.16006824452414256,0.09949877202576984,0.2575037579903326,0.0833096344419917,0.01831888426270013,0.0,0.15970314238955094,0
2025-11-27 17:27:08.058601,0.14268893963201806,0.11206409591131311,0.28591599451639665,0.08245010422206676,0.0163204046260387,0.0,0.1599931527941635,0
2025-11-27 17:27:13.058601,0.15656991509847973,0.09866772304240204,0.23235892507472689,0.12075690059722262,0.01708730572664374,0.0,0.16357807173638525,0
2025-11-27 17:27:18.058601,0.17674773961504986,0.08577859917575606,0.21544545635860776,0.14591000187307893,0.02115404017933624,0.0,0.17234352931458524,0
2025-11-27 17:27:23.058601,0.11548732041250451,0.08344593975020564,0.21584056289206596,0.11656713006702467,0.01959068077886653,0.0,0.12373309970480774,0
2025-11-27 17:27:28.058601,0.12333619138301999,0.07256587839753874,0.22413297704230706,0.09416156604248968,0.012138559909033921,0.0,0.13205395220437138,0
2025-11-27 17:27:33.058601,0.14773496776377906,0.07367078508270607,0.27405271366222195,0.11261997815966326,0.01573022371823602,0.0,0.15289422495854932,0
2025-11-27 17:27:38.058601,0.15333261499381717,0.08313684870728938,0.25728587824427523,0.12208471040056533,0.01635007412952912,0.0,0.14261521347456296,0
2025-11-27 17:27:43.058601,0.122294713986843,0.10781386863522217,0.25179984742518546,0.10595456143831335,0.012900967326720001,0.0,0.13282916220440386,0
2025-11-27 17:27:48.058601,0.1610957364047085,0.11887865433923052,0.23349099983849825,0.09158982649452548,0.01810776671376612,0.0,0.15055674391857277,0
2025-11-27 17:27:53.058601,0.1595157124772157,0.09331378174486364,0.22169920575065358,0.09329678469485535,0.01927524181804828,0.0,0.15268515236953928,0
2025-11-27 17:27:58.058601,0.14242215730290791,0.09113868487331434,0.2770789194069636,0.08209178798410915,0.01322377387826922,0.0,0.1537622703893462,0
2025-11-27 17:28:03.058601,0.19269344656134116,0.08939039906522596,0.2105603046045418,0.10702914496581337,0.01072492260161768,0.0,0.21188948726658283,0
2025-11-27 17:28:08.058601,0.1579477882494457,0.09543850094341472,0.17799346202272803,0.06342918126162408,0.01402215778946957,0.0,0.14963694888800363,0
2025-11-27 17:28:13.058601,0.14255658922983877,0.08492618743309689,0.23512834840685767,0.09845463423445656,0.020007071158014783,0.0,0.14908533017652043,0
2025-11-27 17:28:18.058601,0.12880842731546185,0.08362953739149442,0.26377195004140097,0.11475580834014056,0.016592100783560403,0.0,0.12252659379466342,0
2025-11-27 17:28:23.058601,0.14854570756102242,0.08451428004750984,0.22756019539176536,0.10591534781054765,0.01096376697933446,0.0,0.16177607846548805,0
2025-11-27 17:28:28.058601,0.15630221726859878,0.09349299295870482,0.2180518151510303,0.10785500901553607,0.008478387273994501,0.0,0.14978648609233028,0
2025-11-27 17:28:33.058601,0.14621910577300962,0.09808958004378457,0.2079246615477218,0.11329362418380716,0.009852290819125777,0.0,0.14825511657989954,0
2025-11-27 17:28:38.058601,0.16893285669249644,0.07500083832721928,0.15154113833754707,0.10727561535977886,0.016083864416161168,0.0,0.18020488234904777,0
2025-11-27 17:28:43.058601,0.16701234383342983,0.058442082216200335,0.21012348779129492,0.14146206827460978,0.01867473853205925,0.0,0.17063856296907637,0
2025-11-27 17:28:48.058601,0.18988797949801345,0.08639437624453747,0.26732147693930547,0.1474779851650768,0.014998643377658768,0.0,0.19186820414302144,0
2025-11-27 17:28:53.058601,0.16542668044661984,0.11396443662222829,0.2345304382819064,0.12900767788213494,0.008607759887235642,0.0,0.15531030113940825,0
2025-11-27 17:28:58.058601,0.11979882524249916,0.08264470067222078,0.24254649083951957,0.1105006454842135,0.013519450039516979,0.0,0.10871269765916124,0
2025-11-27 17:29:03.058601,0.11379969037201525,0.06224417607733941,0.2685372218222787,0.11830675563157965,0.019621157454458638,0.0,0.10874988237516264,0
2025-11-27 17:29:08.058601,0.15880740764810644,0.09401973213215228,0.2369951460539245,0.1197050294383986,0.017889584383967445,0.0,0.16389855350102303,0
2025-11-27 17:29:13.058601,0.16399500178293633,0.11135099503720668,0.19371031299791336,0.11731418779579983,0.0166573141468976,0.0,0.15282603753878043,0
2025-11-27 17:29:18.058601,0.12668948981111947,0.11174352774940631,0.24663071537046166,0.12072979883628694,0.01656856544309354,0.0,0.11379170118206991,0
2025-11-27 17:29:23.058601,0.13263010972288808,0.11505435339110791,0.28241609411007856,0.10269730854143964,0.018277283462391054,0.0,0.1281117106445056,0
2025-11-27 17:29:28.058601,0.14694846682359147,0.10521679766474824,0.22815356931986502,0.12001135234193797,0.0158941912320638,0.0,0.16380653745214122,0
2025-11-27 17:29:33.058601,0.15686512048259416,0.08216785404473101,0.21693006969424963,0.13311964626127099,0.014084478601891262,0.0,0.17059111910339708,0
2025-11-27 17:29:38.058601,0.15021910266475397,0.07728333899731707,0.2157774133688219,0.14208984981714795,0.01597119175757608,0.0,0.14423641033029536,0
