ts,trip_id,lat,lon,speed,accel_x,accel_y,gyro_z,vibration,engine_on,label
2025-11-27 15:49:43.058601,0,12.900993428306023,80.09972347139765,0.2958632233438809,-0.15723623742755471,-0.06725703285808234,-0.03636483638101014,0.01295377076201385,0,0
2025-11-27 15:49:44.058601,0,12.900995301499742,80.09972329023087,0.20944851420592353,0.023190410028712805,0.3015013933950002,-0.015136577015105545,0.03046059712816051,0,0
2025-11-27 15:49:45.058601,0,12.900996734697111,80.09972310321716,0.16082890990323612,0.186621772865216,0.2654793631015449,-0.11708789596091873,0.004683067494466719,0,0
2025-11-27 15:49:46.058601,0,12.900997557641034,80.09972296337835,0.09285828488589833,0.36633411046423336,-0.15515592418853968,-0.0829960077159231,0.004682739138983611,0,0
2025-11-27 15:49:47.058601,0,12.900999732471305,80.09972267338539,0.24413850591208458,-0.2511090585651314,-0.10661401553237677,-0.01167276097781699,0.03158425631014783,0,0
2025-11-27 15:49:48.058601,0,12.901001551677254,80.09972235611919,0.20541935176616377,-0.044126467181416155,0.01106551618303292,-0.0625713644718334,0.015348694583058176,0,0
2025-11-27 15:49:49.058601,0,12.901001981222674,80.09972226699811,0.04878508180346739,0.32582812246769877,0.2095839633838144,-0.015523452660317447,0.009389487718699043,0,0
2025-11-27 15:49:50.058601,0,12.901004382122009,80.09972174172465,0.27327815534815275,-0.23807414221564646,0.008551970455657686,-0.02375059815018668,0.010851200871719294,0,0
2025-11-27 15:49:51.058601,0,12.901006538612457,80.0997212153755,0.24676117287695068,0.06870760813068168,-0.09708609569820698,-0.04708994003158003,0.009268353856249245,0,0
2025-11-27 15:49:52.058601,0,12.901008978341883,80.09972042103996,0.2849399739875772,-0.01493941966425811,-0.008832271485408702,0.018565716995357123,0.009314595071405137,0,0
2025-11-27 15:49:53.058601,0,12.901010869723795,80.0997199104625,0.217715852516508,0.03245065527253753,-0.09427272958440701,0.03478126343746078,0.004839245431320682,0,0
2025-11-27 15:49:54.058601,0,12.901012492642549,80.09971958780562,0.18402455878073695,-0.20058227587995625,0.09037158141592232,0.03276347671773497,0.03826560489315596,0,0
2025-11-27 15:49:55.058601,0,12.90101360356397,80.09971939236813,0.12547291088718565,-0.23922677252995456,-0.10635505674970576,0.07171640708195234,0.03449835665026066,0,0
2025-11-27 15:49:56.058601,0,12.90101607029821,80.09971889651455,0.27981854500620396,-0.3154481570543366,-0.07656540786404505,-0.03383039276502464,0.011245750584819454,0,0
2025-11-27 15:49:57.058601,0,12.901018338600972,80.09971833247046,0.2598191668501225,0.06215031870524701,0.17429007201841443,-0.05322024862221344,0.020256622406688476,0,0
2025-11-27 15:49:58.058601,0,12.901018455648517,80.09971829767984,0.013565601031856821,0.0948552900461973,-0.11525474209711081,0.056079921461408035,0.006284946651905478,0,0
2025-11-27 15:49:59.058601,0,12.90101852606979,80.09971828794862,0.0079100923491756,0.11022377431497621,-0.21691920488402433,0.09545400323542214,0.01816048151042422,0,0
2025-11-27 15:50:00.058601,0,12.901019537764082,80.09971820999618,0.11293901006341488,0.010798283505067757,0.014249062703445687,-0.032408391973933845,0.02824607402670583,0,0
2025-11-27 15:50:01.058601,0,12.90102170435062,80.09971792448931,0.24316599923454985,-0.23298726432761488,-0.05407101063068939,-0.07112019352244042,0.029312975378431083,0,0
2025-11-27 15:50:02.058601,0,12.901024346678755,80.09971760476813,0.2961828387944833,0.013648626549259094,0.07671232513949305,-0.04438680587532453,0.004515526009730713,0,0
2025-11-27 15:50:03.058601,0,12.90102474806591,80.09971754666273,0.045125067331058456,-0.27912766866175837,0.04762079020966352,0.05059721535228347,0.0013505640937584767,0,0
2025-11-27 15:50:04.058601,0,12.901026340640335,80.09971737695544,0.17823921460564054,-0.10768863012298356,-0.004787774196504299,0.003919894878591387,0.028494963724269136,0,0
2025-11-27 15:50:05.058601,0,12.901027364648382,80.09971730398287,0.11426725698930645,-0.06094526354317355,-0.009156513820499352,0.043370899074426636,0.010887654490503653,0,0
2025-11-27 15:50:06.058601,0,12.901029978501112,80.0997173005873,0.29097431934438095,0.029677164836309458,-0.11037876739842524,0.04235839631736389,0.002218451794197322,0,0
2025-11-27 15:50:07.058601,0,12.90103224456024,80.09971717327755,0.2526356769407126,-0.17154594340724946,0.012502060648986433,-0.03735022131278312,0.023019871548446057,0,0
2025-11-27 15:50:08.058601,0,12.901034501184375,80.09971706177305,0.25149861141334134,-0.04932211030265025,0.13219271721491527,-0.019973801434078016,0.007513960366913439,0,0
2025-11-27 15:50:09.058601,0,12.90103574854966,80.09971685789657,0.14060794793849107,-0.18789004045729918,-0.14601701120992142,-0.17147238625443123,0.0120127737983761,0,0
2025-11-27 15:50:10.058601,0,12.901036835213173,80.09971658863566,0.12444585070129954,0.11098169978820496,-0.0008096064542301621,-0.01835149755432214,0.005833874995865536,0,0
2025-11-27 15:50:11.058601,0,12.901037559931712,80.09971645223489,0.08202212157921186,0.15244598194459996,0.15575831336019175,0.0018530396119358639,0.012034132244587938,0,0
2025-11-27 15:50:12.058601,0,12.901037707462764,80.09971641500783,0.016912648995278133,0.11040583085433975,0.07581361398250488,-0.05512760501761189,0.03704556369017876,0,0
2025-11-27 15:50:13.058601,0,12.901039937833126,80.0997157221903,0.25941671287651596,0.20600409394809305,0.19642093445260694,-0.10932392729672888,0.0002699444947586784,0,0
2025-11-27 15:50:14.058601,0,12.90104203421063,80.09971506977344,0.24387030273902327,0.44382048447983957,-0.08522134947515018,0.08172213044469681,0.021154218579118006,0,0
2025-11-27 15:50:15.058601,0,12.901044644040784,80.0997143836083,0.29991530198583916,-0.20696027718068905,-0.2746152672592299,-0.0542339424287272,0.01645089824206378,0,0
2025-11-27 15:50:16.058601,0,12.901047195640162,80.09971352329867,0.2989910511221716,-0.3133365154085466,0.030097770593353057,-0.12592783487194434,0.024416872999420445,0,0
2025-11-27 15:50:17.058601,0,12.90104848238815,80.09971273874339,0.16662951168078824,0.10485216687136574,0.05438562225397277,-0.13629348976247666,0.0041772719000951085,0,0
2025-11-27 15:50:18.058601,0,12.901050203347125,80.09971155428062,0.23069622455415315,0.4477086711449232,0.20526329317090128,0.060722529872104594,0.039193402477595514,0,0
2025-11-27 15:50:19.058601,0,12.901052418976134,80.0997102673977,0.2834297189647284,-0.0400007160632094,0.17822186020604758,0.1580302701499302,0.02656372097796861,0,0
2025-11-27 15:50:20.058601,0,12.901054435393998,80.09970915441451,0.2548942172032234,0.24075412422286757,0.08051154345186921,-0.01214756509399871,0.003937224717382471,0,0
2025-11-27 15:50:21.058601,0,12.901055046621973,80.09970888156045,0.07420443052295929,-0.04057874454639969,0.11480853212556505,-0.02641199325850372,0.014769331599908208,0,0
2025-11-27 15:50:22.058601,0,12.901056122735888,80.09970830465659,0.13516324059302806,-0.15390575939657175,-0.028773218730995878,-0.07760558078959082,0.00342736562379941,0,0
2025-11-27 15:50:23.058601,0,12.901056413018736,80.09970810760757,0.03874782454544849,-0.12261244393524635,-0.1828671916978825,-0.09223942723653783,0.0023129656477648107,0,0
2025-11-27 15:50:24.058601,0,12.901058597549254,80.09970671661817,0.2862153081776167,0.19743499987226526,0.017658182607136523,0.06118105844110754,0.0060220739117857755,0,0
2025-11-27 15:50:25.058601,0,12.901059998366403,80.0997058544004,0.181852390335264,-0.29180304681982827,0.14738601954416658,0.05930843988360965,0.02957043980734855,0,0
2025-11-27 15:50:26.058601,0,12.90106053272854,80.09970553964676,0.06859284165103881,0.026084276046652078,0.09845413047428227,0.06688267986519969,0.014396884167894173,0,0
2025-11-27 15:50:27.058601,0,12.901062152674264,80.09970471091617,0.201510205321757,0.37511582031998375,0.1250711008739047,0.0543876641184828,0.00921277541919575,0,0
2025-11-27 15:50:28.058601,0,12.901063662589506,80.09970398906559,0.18543847213736875,-0.10838677353022654,-0.06416335305701279,0.0944759139971782,0.021142444524378315,0,0
2025-11-27 15:50:29.058601,0,12.901064547586735,80.09970359381093,0.10744881540985214,0.18711629769003985,-0.039832025702763556,-0.022575813757448854,0.006872365791369228,0,0
2025-11-27 15:50:30.058601,0,12.901064833383161,80.09970348154738,0.034067277659888706,-0.1958971263112875,0.07251382321719049,0.04150990159255695,0.03526080310725468,0,0
2025-11-27 15:50:31.058601,0,12.901066543151062,80.09970287268581,0.20147195867783987,-0.04576930395773535,-0.08197610917631318,0.005781198970028378,0.0064816793878959,0,0
2025-11-27 15:50:32.058601,0,12.90106789064845,80.09970247482755,0.15609231027113799,-0.26631702582155736,-0.07735756048995034,0.10311689116876413,0.007701645608326331,0,0
2025-11-27 15:50:33.058601,0,12.90106992324408,80.0997020153918,0.23169551752069178,0.014577721225901528,0.04469733545661774,-0.011864019228512379,0.013538440006119175,0,0
2025-11-27 15:50:34.058601,0,12.901071314864152,80.099701842341,0.156049050333598,0.1679951022307517,0.11413571147353617,0.026320282605076926,0.012233525776817357,0,0
2025-11-27 15:50:35.058601,0,12.901073581583368,80.09970146369042,0.25565445009556204,0.019798918170611052,-0.029929300999411313,0.011464291244933526,0.02061999044991902,0,0
2025-11-27 15:50:36.058601,0,12.901075056148871,80.09970126404015,0.16557205163234565,0.20172348267655732,-0.17447841915804582,-0.04391135462871532,0.018625602382323973,0,0
2025-11-27 15:50:37.058601,0,12.901076549835857,80.09970102540622,0.16828139146061588,-0.10112383354324712,-0.11037058725642448,-0.06913058126116019,0.01678435046445277,0,0
2025-11-27 15:50:38.058601,0,12.901078861990607,80.09970052760201,0.2629960807975035,0.021450284939365072,0.03055081273396474,-0.047080626909697894,0.006184247517024292,0,0
2025-11-27 15:50:39.058601,0,12.901079915496375,80.09970025141614,0.1210448598637191,-0.2168896208539269,0.02872814457989472,0.041641757079723785,0.006625268628071279,0,0
2025-11-27 15:50:40.058601,0,12.9010802680253,80.09970017088855,0.04020456853519222,0.016130288599872318,0.03618572064830221,-0.022954183716493867,0.019510902542447184,0,0
2025-11-27 15:50:41.058601,0,12.901080344155371,80.09970015564048,0.00863480289400169,0.19391551332593188,0.07819429358936344,-0.01720339058948113,0.0095834847569058,0,0
2025-11-27 15:50:42.058601,0,12.901082350668002,80.09969980726743,0.22654117670208568,0.2052082232528314,0.0008715837813675023,0.06176770007647403,0.0037131795332763424,0,0
2025-11-27 15:50:43.058601,0,12.90108399480159,80.09969949714412,0.1860928654060394,-0.2217774907832797,0.03975840672604679,-0.020632495794020173,0.022126699480120565,0,0
2025-11-27 15:50:44.058601,0,12.901085861042134,80.09969914555072,0.21122393042976706,-0.23905102883399684,-0.006754023424330004,-0.013079215801915116,0.023924132481613417,0,0
2025-11-27 15:50:45.058601,0,12.901086430105948,80.09969906908579,0.06388924845267321,-0.22601378551510587,0.17231002243941582,0.015334035534001408,0.016250516447883962,0,0
2025-11-27 15:50:46.058601,0,12.901086788451222,80.0996989854027,0.040911442676030925,-0.07753907394947379,0.21485130468262525,-0.0704263584527084,0.02712480057141646,0,0
2025-11-27 15:50:47.058601,0,12.901086826683873,80.09969897653822,0.004363399700364578,0.04956969332426012,-0.17835169235700518,0.05497128686186506,0.001440202431606677,0,0
2025-11-27 15:50:48.058601,0,12.901087749413872,80.09969876821407,0.10517626764197908,0.22792377754934795,-0.03828779131533801,-0.006694211531460305,0.020070657957840483,0,0
2025-11-27 15:50:49.058601,0,12.901089316477316,80.09969849343261,0.17697530605638992,-0.16337126692387605,0.004908673731106136,-0.02673328142953673,0.007232720500952683,0,0
2025-11-27 15:50:50.058601,0,12.901090339599785,80.09969822080494,0.11767321352991969,-0.34307027426498604,-0.040037206802148145,0.051800290265144856,0.012902395092102486,0,0
2025-11-27 15:50:51.058601,0,12.90109150347273,80.0996980278922,0.1312424766071187,0.5079358300504605,0.26893838869963094,0.04236936607150811,0.0072279121101682785,0,0
2025-11-27 15:50:52.058601,0,12.901093913926623,80.09969766234553,0.2712476083481245,-0.2396735223805503,0.0335932917134602,0.05288893869447872,0.030760731329319384,0,0
2025-11-27 15:50:53.058601,0,12.901094844531372,80.09969753752046,0.1044766401069901,0.10873936379901965,-0.12080577405755157,-0.007512222437528377,0.0007165207821990308,0,0
2025-11-27 15:50:54.058601,0,12.901096213043756,80.0996973178184,0.15419684674794323,0.07156300730741132,0.08946635093410066,0.10337734412362415,0.03129287311628012,0,0
2025-11-27 15:50:55.058601,0,12.901098309386894,80.09969705538828,0.2350959038223429,0.03264412213549499,0.040646180826928904,0.0968479218989037,0.05239490208179489,0,0
2025-11-27 15:50:56.058601,0,12.90109937056013,80.0996969258734,0.11896283469638104,-0.02454504804417098,0.04562893793301324,-0.026917004261618818,0.01643805008750448,0,0
2025-11-27 15:50:57.058601,0,12.901101045532235,80.09969685288776,0.18662601006836205,-0.007095237425603876,0.27118142381987853,0.018807594602590315,0.0017409413647634245,0,0
2025-11-27 15:50:58.058601,0,12.901103349014319,80.0996965366751,0.2587091126240235,0.1419095450991571,0.05261777636322139,-0.08059114180861462,0.00598014700931735,0,0
2025-11-27 15:50:59.058601,0,12.901105888892491,80.09969621722361,0.2848561870972926,-0.19501097542411522,-0.04554922858109941,0.02792407576079233,0.001835215530710046,0,0
2025-11-27 15:51:00.058601,0,12.901106283408456,80.0996961781175,0.04412204427871138,0.22982059967293578,-0.2932914639465151,0.01039726394151513,0.03975137829201786,0,0
2025-11-27 15:51:01.058601,0,12.901108765942677,80.09969590190059,0.27797628754844833,0.16544462307380592,-0.024809852721526787,-0.07133736408085747,0.004393437756750239,0,0
2025-11-27 15:51:02.058601,0,12.90111008037001,80.09969572085933,0.14763488792386145,0.019667337126918358,0.19589548759907832,0.0288086361881631,0.007142251430234928,0,0
2025-11-27 15:51:03.058601,0,12.90111076784168,80.0996956097441,0.0774733164896875,-0.10637169253750958,-0.013675367933428072,0.004248962423445989,0.029557880894830323,0,0
2025-11-27 15:51:04.058601,0,12.901111992145088,80.09969542596174,0.1377407268714784,0.060997280630178626,-0.33600748477792547,-0.065609233193091,0.010365404365472949,0,0
2025-11-27 15:51:05.058601,0,12.901114545167392,80.09969473197798,0.2940097725856431,-0.23256021106522176,-0.07475435882886698,-0.04845018795557933,0.016169872057863754,0,0
2025-11-27 15:51:06.058601,0,12.901115846702666,80.09969446356136,0.14778542819786086,-0.16829535609480778,0.1489032808369188,0.02222190012804028,0.010035140871690731,0,0
2025-11-27 15:51:07.058601,0,12.901116709628056,80.09969425763579,0.09862548308625246,-0.18619776922268105,0.08187257618430227,0.009327503544202406,0.018308042354041484,0,0
2025-11-27 15:51:08.058601,0,12.901118375265517,80.09969387459111,0.19002025629501773,0.24932280439134574,-0.12598213447661033,0.009299108678226664,0.006575022193193689,0,0
2025-11-27 15:51:09.058601,0,12.901119009867017,80.09969374434537,0.07204368563345792,-0.07352346581240805,-0.08479271645986226,-0.14661178411423814,0.010595204075340776,0,0
2025-11-27 15:51:10.058601,0,12.901119208906964,80.09969369642907,0.022758998432599174,0.01740956247795458,-0.061606298865362515,-0.01979082057554057,0.010265348662267122,0,0
2025-11-27 15:51:11.058601,0,12.901119546379409,80.09969361217358,0.03866391657319477,-0.03720192884263797,-0.09940706577943952,-0.1401297539305445,0.0019415509869608078,0,0
2025-11-27 15:51:12.058601,0,12.901119868524537,80.09969348528016,0.03841375168733173,0.04296923015052834,-0.3044510801609373,-0.051411244701675476,0.019372899810657786,0,0
2025-11-27 15:51:13.058601,0,12.901120257033407,80.0996933529326,0.0455708080536883,0.49459272722528236,0.11453866509297836,-0.013296503022487874,0.014041061877547048,0,0
2025-11-27 15:51:14.058601,0,12.901120619277833,80.09969325695654,0.04164815179482304,0.01331775081513975,0.18855899350336394,-0.0903318018518955,0.006553242931955364,0,0
2025-11-27 15:51:15.058601,0,12.901122235913576,80.09969263342205,0.19226242344096436,-0.12362467017953854,-0.22776734159471101,-0.004452547719973145,0.007842163062643152,0,0
2025-11-27 15:51:16.058601,0,12.901122690159651,80.0996924445006,0.05456402531974345,0.06165750735918583,0.1865779398879472,-0.067412435434439,0.029270298962642372,0,0
2025-11-27 15:51:17.058601,0,12.901123523870202,80.09969201815115,0.10370018499715895,-0.3979074778944676,-0.015453480209582367,-0.06405447090897504,0.0059224055412915215,0,0
2025-11-27 15:51:18.058601,0,12.90112567464728,80.09969088733205,0.2690365229718035,0.03203551092303797,0.18376985222518116,0.03891983699922216,0.005221105443597786,0,0
2025-11-27 15:51:19.058601,0,12.901126834146375,80.09969033769218,0.1421884920788617,-0.10872718136632786,0.005692565443566895,0.03286520913376965,0.0001022691328492178,0,0
2025-11-27 15:51:20.058601,0,12.90112851089893,80.09968966889961,0.20026732155630814,-0.24370891856640525,0.020331688823794495,0.17145158583675155,0.004691742667502939,0,0
2025-11-27 15:51:21.058601,0,12.901128954504234,80.09968952796311,0.05169596136048895,0.030261226105446598,0.055865197047331915,0.06276501786540092,0.028307414841008287,0,0
2025-11-27 15:51:22.058601,0,12.901129460448077,80.09968941299672,0.05768670564260123,-0.008920004551114054,-0.11850994877029172,0.052440915609150804,0.00841290645530718,0,0
2025-11-27 15:51:23.058601,0,12.901129567636753,80.09968938702286,0.01226058487994366,-0.3639848748593194,0.17920112164920324,0.0055269950402341145,0.00685429033053539,0,0
2025-11-27 15:51:24.058601,0,12.90113000202772,80.09968924720657,0.05068051892164936,-0.09364764582366558,-0.16820709571121772,0.04047993280413993,0.01604554538443238,0,0
2025-11-27 15:51:25.058601,0,12.901130716743907,80.09968901135068,0.08357710170958758,-0.5764429278578576,-0.060310011677500594,-0.02080558190914291,0.003225714233320183,0,0
2025-11-27 15:51:26.058601,0,12.901131176310923,80.09968888014339,0.053103145283024046,0.030170692035465147,0.07863970164647532,-0.03955899297986337,0.008081017136290768,0,0
2025-11-27 15:51:27.058601,0,12.901131400985149,80.09968879638872,0.026610760127116682,0.04820369171160951,-0.07637928607281957,0.07732883121586329,0.0377237180242106,0,0
2025-11-27 15:51:28.058601,0,12.901131716443013,80.0996887157398,0.03619076133018024,-0.10284494362538417,0.1166296861222416,0.1208658561428136,0.0034915562566367794,0,0
2025-11-27 15:51:29.058601,0,12.90113293637466,80.09968847788464,0.13823363040981773,0.12087721943240409,0.20637992597759344,0.07547729816637547,0.005151007814455287,0,0
2025-11-27 15:51:30.058601,0,12.901133481258602,80.0996883641101,0.06190011552173775,-0.27097606027200205,0.1518819001580755,-0.09725742650838201,0.0014889183153233444,0,0
2025-11-27 15:51:31.058601,0,12.901134433517061,80.0996881193839,0.10928095831442264,-0.14874087231963895,-0.2904172970517932,0.03404622862611405,0.03837542430598083,0,0
2025-11-27 15:51:32.058601,0,12.901135734509738,80.09968772472963,0.15102518125645706,0.13235683801370635,0.018877045442903587,-0.056760178930842814,0.0005302775089843375,0,0
2025-11-27 15:51:33.058601,0,12.901137521153176,80.09968719203435,0.2071184485888096,-0.20734912064465233,0.1543023916044588,0.00473901055382709,0.0012046041988205288,0,0
2025-11-27 15:51:34.058601,0,12.901137622450669,80.09968716020072,0.011793641952329681,0.003820944301462681,-0.19751232702330854,0.01524288553801845,0.049264842249705725,0,0
2025-11-27 15:51:35.058601,0,12.901139716319518,80.09968664015004,0.23982311967271278,-0.024441568037797234,0.10854158808433124,-0.02483812052082013,0.0038472192956224504,0,0
2025-11-27 15:51:36.058601,0,12.901141351996369,80.09968619541218,0.1883701168472723,-0.18983393630386242,0.10011911724589681,-0.0655208838506603,0.006030946846672249,0,0
2025-11-27 15:51:37.058601,0,12.901141566663318,80.09968614447064,0.02452770958466157,-0.03659310799861816,-0.18181348379073978,-0.07222030012200796,0.0006942353941048662,0,0
2025-11-27 15:51:38.058601,0,12.901143859367961,80.09968559589508,0.26207358723203317,-0.015484346156194345,0.12513489986102413,0.013514130987370861,0.02337356075239064,0,0
2025-11-27 15:51:39.058601,0,12.901146285398458,80.09968505971251,0.2762617201595439,-0.061385156765762214,0.040904669029490234,-0.07502147787051008,0.022856456290300413,0,0
2025-11-27 15:51:40.058601,0,12.901146445789948,80.0996850217672,0.018323387956459124,-0.22218491020848127,0.0975572683081903,-0.041684676381939324,0.015038660653735483,0,0
2025-11-27 15:51:41.058601,0,12.901147179608795,80.0996848830818,0.08306329444416112,0.11490584074985005,-0.14494685786476988,0.034031011623935174,0.01582063894086094,0,0
2025-11-27 15:51:42.058601,0,12.901149331975555,80.0996845791604,0.2418603839379184,-0.07503902993941247,0.022520417455707695,-0.09479206244440455,0.018187749095894778,0,0
2025-11-27 15:51:43.058601,0,12.901151336762585,80.09968435641552,0.2244779071150975,-0.4001117643423943,-0.25573178311984857,0.07248370756038995,0.028055886218721984,0,0
2025-11-27 15:51:44.058601,0,12.901151832826708,80.09968432088174,0.0553563058069132,0.10165049479479107,-0.3415486811299576,-0.13107700302219438,0.028037021255845618,0,0
2025-11-27 15:51:45.058601,0,12.901152392318062,80.09968424639763,0.06280479700101309,0.12779805953433238,0.02112426397916248,-0.023381774564138137,0.011737141876005407,0,0
2025-11-27 15:51:46.058601,0,12.90115338481923,80.09968413524338,0.11114163083741459,0.4990124630376811,0.16508964101419651,0.050150857426205446,0.04380911251619957,0,0
2025-11-27 15:51:47.058601,0,12.901154689979213,80.09968409473181,0.14535689555730638,-0.17162716768881456,0.03794052213976201,0.0815858467418819,0.019810726502613767,0,0
2025-11-27 15:51:48.058601,0,12.901156356134395,80.09968409580708,0.1854764314590888,-0.05913349930959345,-0.009516909591621875,-0.01902705568988224,0.011325954592055439,0,0
2025-11-27 15:51:49.058601,0,12.901157348288253,80.09968403044003,0.11067409187093172,-0.049059504480733374,-0.028130118008231002,0.06695099183330142,0.0019930273017528246,0,0
2025-11-27 15:51:50.058601,0,12.901158591970123,80.09968394449444,0.13876041483994436,0.2546574824410239,-0.14138480871645984,0.021032662430804087,0.010069513082323985,0,0
2025-11-27 15:51:51.058601,0,12.901160604431565,80.09968385421664,0.22424128144012695,-0.1652993058129042,-0.033279135569295945,0.04066649174444391,0.031013268621322653,0,0
2025-11-27 15:51:52.058601,0,12.901160702878725,80.09968384497117,0.01100496086717937,-0.30846346990363127,0.06325267023966667,-0.10263889615680329,0.0013712594961205467,0,0
2025-11-27 15:51:53.058601,0,12.901161372594922,80.0996837223374,0.07573108330320623,0.34306181914129363,-0.06528333492009426,-0.04656401523556949,0.0212460742745221,0,0
2025-11-27 15:51:54.058601,0,12.901163258032348,80.0996833373026,0.21400487576536573,0.033085478149231184,0.11258802807536647,0.04417406083436476,0.009471848612703632,0,0
2025-11-27 15:51:55.058601,0,12.90116559965356,80.09968274168433,0.2685620513061598,0.1454778803798757,0.029396255079690396,-0.03560759589902415,0.018388484684676062,0,0
2025-11-27 15:51:56.058601,0,12.901166937766169,80.09968240001147,0.15350323263469984,0.09797567729515973,0.047546912666010986,-0.04083261644528481,0.03099868810035079,0,0
2025-11-27 15:51:57.058601,0,12.901168287797198,80.09968190395875,0.15963404557959468,-0.06665390939684344,0.133299413032644,0.01678782805762318,0.01566506584672474,0,0
2025-11-27 15:51:58.058601,0,12.90116856298805,80.09968181400792,0.032151603401932814,-0.04756790877322873,-0.07901331489824857,-0.039307574082289375,0.006441230324113512,0,0
2025-11-27 15:51:59.058601,0,12.901169696326283,80.0996813918054,0.1342237100470364,-0.01449617299867384,0.09890708792804272,-0.09673224271850914,0.016270344347393394,0,0
2025-11-27 15:52:00.058601,0,12.901171073488733,80.09968097672255,0.15978517993650695,-0.033779905232306624,-0.057971507587796116,0.035362128192237614,0.024617286328679103,0,0
2025-11-27 15:52:01.058601,0,12.901171697133533,80.09968077659789,0.0727411510904189,0.13311393990827988,0.050927172572825995,0.03993680444295018,0.004549198692082588,0,0
2025-11-27 15:52:02.058601,0,12.901172389292535,80.09968055324315,0.08077296928481428,-0.13906598729143194,-0.09686570259548526,-0.0738059596979205,0.026142855085648564,0,0
2025-11-27 15:52:03.058601,0,12.901173355824422,80.09968022946215,0.11318524893138679,-0.015606678933924114,-0.13660557345970983,0.006455769557420103,0.03214966469122455,0,0
2025-11-27 15:52:04.058601,0,12.901173406469294,80.09968020997326,0.00602135933331791,-0.2320070352679782,0.013779711847274044,0.08989809506078755,0.003692677170646084,0,0
2025-11-27 15:52:05.058601,0,12.901174256536878,80.0996800299942,0.09662374967495348,-0.17011472522561583,-0.2827800078031676,-0.051583958412711406,0.005197655884968471,0,0
2025-11-27 15:52:06.058601,0,12.90117481075557,80.09967989405865,0.0634344020989634,-0.005375071441914366,-0.04444011652633226,-0.03023765008256038,0.015636457435546206,0,0
2025-11-27 15:52:07.058601,0,12.901175680561533,80.09967974054607,0.09824920565337439,-0.4057844829353604,-0.24095655084137704,-0.02199392870595061,0.02473901421756164,0,0
2025-11-27 15:52:08.058601,0,12.901175994132073,80.09967966213567,0.03592863954577536,0.49656621260750744,0.11688510514704119,-0.031647714194536686,0.026409132261685526,0,0
2025-11-27 15:52:09.058601,0,12.901178338429848,80.09967913517562,0.26715818422196846,-0.16753744272182763,0.15751658941633714,-0.01042164807194592,0.010438831312337953,0,0
2025-11-27 15:52:10.058601,0,12.901179910644796,80.0996788323097,0.1780777360662146,-0.03973144677062147,-0.1295926832131209,-0.025565469593315,0.005939693464663721,0,0
2025-11-27 15:52:11.058601,0,12.901181708829773,80.09967848301176,0.20373069574334687,0.26298036212136633,0.06424694437102445,0.06487596009888186,0.005009857006917531,0,0
2025-11-27 15:52:12.058601,0,12.901183782927516,80.09967800046542,0.23675137158220147,-0.19968008578241456,0.13487035705312378,-0.031589100464606404,0.006928964189939514,0,0
2025-11-27 15:52:13.058601,0,12.90118508783765,80.09967767349556,0.14953265967871718,-0.5658770404869305,0.1353703833752675,-0.05569439792198656,0.013600494431569816,0,0
2025-11-27 15:52:14.058601,0,12.90118531391171,80.09967761058078,0.026076086426227107,-0.08318950059151074,0.032167625095746166,0.060733693995124835,0.004645073943220071,0,0
2025-11-27 15:52:15.058601,0,12.901186751987709,80.0996774417079,0.16113196254556433,-0.09997595152520551,0.11014570133422452,0.10160632586301316,0.0058614494659736255,0,0
2025-11-27 15:52:16.058601,0,12.901188322968546,80.09967725490878,0.17605233540626372,-0.4240247618635331,-0.09739969678805913,0.018361089148101473,0.014287028360527356,0,0
2025-11-27 15:52:17.058601,0,12.901190325060584,80.0996770852596,0.223631842255299,4.413082579321624,0.012468369848502001,0.062174890723941056,0.03731549022289513,0,0
2025-11-27 15:52:18.058601,0,12.901270134490055,80.09967950400271,8.88826153702063,5.644094834193528,-0.07006551101861641,-0.004059793373319624,0.0378542489981082,1,0
2025-11-27 15:52:19.058601,0,12.901372768879193,80.09967681553411,11.428983965749175,3.1736008436948175,-0.11006819606780457,-0.05945377404996405,0.06013429958391649,1,0
2025-11-27 15:52:20.058601,0,12.901505490481608,80.09967366132062,14.778532642594925,2.9254685047265307,0.005409508720444114,-0.03716401994312432,0.04874074476246122,1,0
2025-11-27 15:52:21.058601,0,12.901664617466484,80.09966711565251,17.72824992141039,-3.8069449793155767,0.05212955642371117,0.005777879227929971,0.1181451582838444,1,0
2025-11-27 15:52:22.058601,0,12.901734651824736,80.09966384522619,7.804297278542577,-2.1010157222786563,0.17452631519324804,-0.05803895050332067,0.025919939336889415,1,0
2025-11-27 15:52:23.058601,0,12.901857422955924,80.09965669175732,13.688907710071712,1.104218975244152,0.03977332909483311,-0.008952962389964382,0.03845782549858129,1,0
2025-11-27 15:52:24.058601,0,12.90194721012931,80.09964719654626,10.048072292634519,-1.3908720100856007,0.09628958024423268,0.05379613618368863,0.035070348772164785,1,0
2025-11-27 15:52:25.058601,0,12.902041492840416,80.09963842466348,10.538623848705912,1.3308598966010132,0.09799247598743067,-0.01095923022146834,0.04777703945427115,1,0
2025-11-27 15:52:26.058601,0,12.902149252329268,80.09962090055456,12.145564883834481,-0.2728412721880429,0.403130154854544,-0.020796202287880514,0.049295301237696126,1,0
2025-11-27 15:52:27.058601,0,12.90223427040626,80.09961258297395,9.507149650766888,-0.37589577883832154,-0.27150486049088685,-0.014257821729847978,0.11467906489075044,1,0
2025-11-27 15:52:28.058601,0,12.902335469865871,80.09960677209496,11.283155859400772,0.044979532254989546,-0.10319008002557667,0.08298460390345228,0.13488290298061584,1,0
2025-11-27 15:52:29.058601,0,12.902418494368879,80.09959935024054,9.277309013875207,-0.6348336125067217,0.221108407873212,-0.08798303745101586,0.09145847490945544,1,0
2025-11-27 15:52:30.058601,0,12.902510140055726,80.09958850189784,10.269686008295002,2.52811137029608,-0.05280196122802109,0.03710395797640301,0.032163482026156376,1,0
2025-11-27 15:52:31.058601,0,12.90263768521491,80.09957569493973,14.26617367747727,0.7758974261387768,0.1328704706402579,0.015494271645651654,0.08465461058495358,1,0
2025-11-27 15:52:32.058601,0,12.902746956022543,80.09955901166695,12.297996916287678,0.006530925696423832,0.03450142856442547,0.019999563345456085,0.07347747464629875,1,0
2025-11-27 15:52:33.058601,0,12.90287492922218,80.09955456066838,14.254161370115368,-1.1252047570830064,0.3157803601812016,0.05502066267318277,0.029539943554310503,1,0
2025-11-27 15:52:34.058601,0,12.902964863448464,80.09955350876393,10.01212872316246,0.07324303896904916,-0.1669581640595568,-0.06818626903101738,0.03919096313675725,1,0
2025-11-27 15:52:35.058601,0,12.903088027135807,80.09955519047485,13.711796005779478,-1.4931745907040235,0.18327008287782195,0.05026620489652994,0.04807745984824206,1,0
2025-11-27 15:52:36.058601,0,12.90315186261551,80.09955886990416,7.117372686350512,-0.7657620153670085,0.2624371957908748,0.03420016955410758,0.028027347454640833,1,0
2025-11-27 15:52:37.058601,0,12.903260934610026,80.09956107640147,12.144254839984146,3.446594628133213,-0.15216283157519994,-0.038446123871216445,0.0613220420817214,1,0
2025-11-27 15:52:38.058601,0,12.903385456327758,80.0995723653493,13.915777376332121,-2.6553715765732036,0.11743053653720195,0.030019355687088974,0.04450695307056657,1,0
2025-11-27 15:52:39.058601,0,12.90344819062104,80.09957851981464,7.015439813193121,-2.0961413965116287,-0.14482469787435834,0.03534096788469706,0.05340714685024087,1,0
2025-11-27 15:52:40.058601,0,12.903537339170716,80.09959281374962,10.044491676593523,2.823140365347471,0.004524235880268735,0.05285945083097188,0.08806381115118445,1,0
2025-11-27 15:52:41.058601,0,12.903645306763591,80.09960871646282,12.142196013949242,2.29100988693284,-0.03848818952732604,0.03535478892266222,0.02595481464919755,1,0
2025-11-27 15:52:42.058601,0,12.903776811314673,80.09963964602431,15.018878427643322,-1.2020194255967982,-0.36041309023495305,-0.02732386979749278,0.04260721660470204,1,0
2025-11-27 15:52:43.058601,0,12.903866180632914,80.09966311367242,10.269324391430555,-0.5786798710896408,0.06363513895678481,0.05467717376476573,0.08956812218361518,1,0
2025-11-27 15:52:44.058601,0,12.90397919489542,80.09971046224882,13.589412533745849,3.259253703676375,0.02150087514093463,0.06818790563756616,0.05680706715987955,1,0
2025-11-27 15:52:45.058601,0,12.904116207363362,80.0997640924537,16.3247058619737,-0.0193800076222424,0.22186184601086403,0.0368936619350237,0.04565334712124387,1,0
2025-11-27 15:52:46.058601,0,12.904230878167827,80.09981071823093,13.73121638154162,-2.5541317075813152,0.09167154819743138,-0.05686364525701339,0.09734195066061477,1,0
2025-11-27 15:52:47.058601,0,12.904328246708838,80.09984299494731,11.390863841871022,-0.2523806754924882,0.34363258861181434,0.06034617559331851,0.10596744355812217,1,0
2025-11-27 15:52:48.058601,0,12.904441482074224,80.09987630844955,13.113437620113926,-0.7429802363578787,0.016056357311807073,-0.09191543685224243,0.09529062393524125,1,0
2025-11-27 15:52:49.058601,0,12.904528409556788,80.09990567822904,10.188044439852538,-0.5831766329700068,-0.01582950780034611,0.026730375947978235,0.03505918097793412,1,0
2025-11-27 15:52:50.058601,0,12.90463030796181,80.09994853965134,12.2597693624187,0.8483804445828852,-0.02765349760756437,0.12447564077813164,0.08774425581170849,1,0
2025-11-27 15:52:51.058601,0,12.904717227151304,80.10000637707468,11.532968293823762,0.497945532060177,-0.06593830665476605,0.08007540257847268,0.09311317671716764,1,0
2025-11-27 15:52:52.058601,0,12.904815683676617,80.1000710237901,13.012807986225607,-0.1220678188319611,-0.33116263745738533,-0.09396056697936989,0.037290707891243904,1,0
2025-11-27 15:52:53.058601,0,12.90490004299276,80.10011951210886,10.764369101632598,-0.16524358201845696,-0.03302919405119364,0.01674175027629146,0.02064746916917453,1,0
2025-11-27 15:52:54.058601,0,12.905000505093295,80.10018384533552,13.18335642713489,-0.11415376942881689,-0.3101782089653988,0.006789392206851926,0.09143449764385977,1,0
2025-11-27 15:52:55.058601,0,12.905085736225256,80.1002301661146,10.73704655753921,0.7712447540339834,0.06780500168786532,-0.015306367837261371,0.05577016099393558,1,0
2025-11-27 15:52:56.058601,0,12.905199486599763,80.10029738858142,14.613374110295076,-0.04268274697624003,-0.18600904387058764,0.01854066144885271,0.046950858336840276,1,0
2025-11-27 15:52:57.058601,0,12.905286797858885,80.10034528779629,11.021929403496477,-4.2355363704833895,-0.13414989346326295,-0.030320197209754957,0.09933709267118038,1,0
2025-11-27 15:52:58.058601,0,12.905333085825221,80.1003714992408,5.885626394466438,-0.7781687506790778,-0.10041152922488275,-0.0399444712677095,0.0493424806858712,1,0
2025-11-27 15:52:59.058601,0,12.9054008414404,80.10041633909545,8.975741067247789,2.9681427771056392,-0.030740255671986808,-0.005034562582796498,0.031301961785334204,1,0
2025-11-27 15:53:00.058601,0,12.905492249765329,80.10047591218726,12.055255137568656,4.034503822834437,0.0010302382408555477,0.03368119657754852,0.04608067547129419,1,0
2025-11-27 15:53:01.058601,0,12.905616346522404,80.10056768099089,17.02931193682585,1.5076045410071288,0.1626719374609606,0.06487556634007394,0.09711320453442253,1,0
2025-11-27 15:53:02.058601,0,12.905717593693701,80.10065157800828,14.488216743550467,-5.471504616920952,-0.08662951402613307,-0.029069664885013963,0.10186290162381939,1,0
2025-11-27 15:53:03.058601,0,12.90575838001499,80.10067794486481,5.366594072976344,-3.312827490232915,0.07202192043335544,-0.05945891173482955,0.08408482445490476,1,0
2025-11-27 15:53:04.058601,0,12.905817827403157,80.10071171023367,7.564241262660476,5.151019862960943,0.4096300849835351,-0.1064475346955266,0.035003248307036786,1,0
2025-11-27 15:53:05.058601,0,12.905945096578964,80.10076807173118,15.431262129620787,2.996304860892207,0.05660260541448446,0.015154868991933197,0.10695590628617142,1,0
2025-11-27 15:53:06.058601,0,12.906052610605364,80.10083318467493,13.898345598318855,1.7622501019877688,-0.027073468339745072,0.08818007969049814,0.10814575910339823,1,0
2025-11-27 15:53:07.058601,0,12.906198701696558,80.10092032762753,18.81207857341319,-1.5268499803147937,-0.11687274778924459,0.048390923815407466,0.08916042646662628,1,0
2025-11-27 15:53:08.058601,0,12.906275318306822,80.10097867277197,10.621917301379268,-4.722879872615991,-0.02914973181304927,-0.05752050557489794,0.03512463299969075,1,0
2025-11-27 15:53:09.058601,0,12.906348309222837,80.10102314770847,9.450466891605625,0.6774354542283225,-0.13293305154141086,-0.11736917811260927,0.08469558298338865,1,0
2025-11-27 15:53:10.058601,0,12.906444604740637,80.10107711189664,12.214698711658178,0.3020208493541411,0.040299214002565885,0.04869695942170512,0.15330049838716348,1,0
2025-11-27 15:53:11.058601,0,12.90652551750712,80.10112803440025,10.56702765970465,1.1014146095475013,0.015531620795908956,0.10040407990498472,0.09909437389003829,1,0
2025-11-27 15:53:12.058601,0,12.906640429359085,80.10120219469289,15.112619832773698,-0.4381151307986776,-0.324332883137669,0.0811365204401774,0.0337744864991327,1,0
2025-11-27 15:53:13.058601,0,12.906718318698829,80.10125627771065,10.46995080343576,-1.8452338047534536,-0.002783700864910138,-0.011041462629297087,0.10372526444331587,1,0
2025-11-27 15:53:14.058601,0,12.906805743553448,80.10130718169158,11.190375194119886,-0.673581110345985,0.16142194689600195,-0.05629262007713546,0.09275736160407133,1,0
2025-11-27 15:53:15.058601,0,12.906872816710985,80.10135453387575,9.063708852653079,1.4435331015998658,-0.059866777830412485,0.0673466601295299,0.021297127627684292,1,0
2025-11-27 15:53:16.058601,0,12.90697475204527,80.1014342892069,14.270965849936056,0.018606327862094568,-0.09793451586173431,0.11514087455450533,0.08718303806447279,1,0
2025-11-27 15:53:17.058601,0,12.90703941537534,80.10148758278116,9.233504027467124,-0.4732364618263799,-0.20665511596752786,0.02200277417556434,0.07957126757928117,1,0
2025-11-27 15:53:18.058601,0,12.907135260722747,80.1015598352259,13.240304709671102,4.165529090901819,-0.27869880624366067,-0.021740477335733283,0.029916278025495454,1,0
2025-11-27 15:53:19.058601,0,12.907260951232107,80.1016586880527,17.630387437674198,-3.5563433641927347,0.12470239005948813,0.032446314897233694,0.04427687030697401,1,0
2025-11-27 15:53:20.058601,0,12.907309118091353,80.10169515306598,6.663839253287164,-0.3885272075484637,-0.027221749436879408,-0.12447889869948177,0.04783806315213972,1,0
2025-11-27 15:53:21.058601,0,12.907436759645648,80.10177223612324,16.48813293446755,3.1488585469701107,0.11580323430051342,-0.08821936010051448,0.1410215052946517,1,0
2025-11-27 15:53:22.058601,0,12.907536343620427,80.10183194012167,12.839905878959462,-3.8791203422185707,0.22969856168692038,-0.060717480833029885,0.08793417174028156,1,0
2025-11-27 15:53:23.058601,0,12.907603607831218,80.10187136087272,8.62353285810487,-0.08834820690071724,0.13818715273655177,0.05193108802678456,0.07487062735095505,1,0
2025-11-27 15:53:24.058601,0,12.9076958902247,80.1019341715095,12.328184383814678,2.614154435583668,-0.08135584821581936,-0.0011150741897423128,0.10191939981148226,1,0
2025-11-27 15:53:25.058601,0,12.90781082239934,80.10199045774651,14.177299871696075,-1.1070575875301385,0.021730149698633298,-0.07049885777697398,0.10168857543351825,1,0
2025-11-27 15:53:26.058601,0,12.907888319935907,80.10202986397623,9.628576633664064,-0.4094559705324914,-0.09221592977353775,-0.0725607041989434,0.07940784795602865,1,0
2025-11-27 15:53:27.058601,0,12.907999886090382,80.10207658440798,13.414405071407987,3.7532113991932374,-0.10624326939024946,-0.027261998516292466,0.061957105020194844,1,0
2025-11-27 15:53:28.058601,0,12.908138269298357,80.10213788481089,16.77955987991819,-1.3271362436532401,0.05142227436039356,-0.002541942736862854,0.11499159703548761,1,0
2025-11-27 15:53:29.058601,0,12.908223686384675,80.10217819301471,10.466352970706446,-4.081947535947477,-0.12484408246772588,-0.03077848964316733,0.106862925475877,1,0
2025-11-27 15:53:30.058601,0,12.908297574805884,80.10221256096818,9.031185539224257,0.6787232154801319,-0.33137274286330515,0.039583236629114296,0.11207607487492698,1,0
2025-11-27 15:53:31.058601,0,12.908390356914989,80.10226167986886,11.622639239701055,1.6332495329902506,-0.1332221843591065,-0.05167464461752445,0.09849714127893615,1,0
2025-11-27 15:53:32.058601,0,12.908491107841499,80.10230515103318,12.167174736866084,1.8360299893547642,-0.04603217230310592,-0.08265431735343422,0.06345671536613243,1,0
2025-11-27 15:53:33.058601,0,12.908613648229895,80.10236864933671,15.282574555412847,-0.33947356630860187,0.2282097746747883,-0.054650612871774695,0.0408117071850893,1,0
2025-11-27 15:53:34.058601,0,12.908708051753987,80.10241227499016,11.525976304263033,-2.298787532571112,-0.0736406174807048,-0.1512879746838678,0.0933173518119175,1,0
2025-11-27 15:53:35.058601,0,12.908799289556478,80.1024438626026,10.71935679015774,-1.1186068298929683,0.07678861365439124,-0.04506197367017968,0.0433420840869668,1,0
2025-11-27 15:53:36.058601,0,12.908876013447607,80.10246893322939,8.963686874219498,-1.726381300119222,-0.02524623509431041,-0.06685861470273675,0.06641794074015252,1,0
2025-11-27 15:53:37.058601,0,12.908938229272092,80.10248033120948,7.0354299844026915,-0.41068901666819674,0.1839607715805576,-0.05281020176209031,0.13248841337442818,1,0
2025-11-27 15:53:38.058601,0,12.909009911451667,80.10249467887911,8.130117300776838,0.241279620408955,0.1735644578195938,0.02922709809164765,0.0774792111063634,1,0
2025-11-27 15:53:39.058601,0,12.90908167614066,80.10250780198648,8.114763683809151,1.6444430053828976,0.17642626578598794,0.09021076763760408,0.05845752338434848,1,0
2025-11-27 15:53:40.058601,0,12.909179245752245,80.10253377801216,11.221225945909186,-0.16737354774617935,-0.2600975294126029,0.029530646473645193,0.031134368733904464,1,0
2025-11-27 15:53:41.058601,0,12.909243633874173,80.10255382714848,7.490571140645681,-3.1958609202775565,0.03100860708674915,-0.003020425480763294,0.033489113419276344,1,0
2025-11-27 15:53:42.058601,0,12.909278000615224,80.10256123947188,3.9093400711752846,2.388358742521449,0.11384079001829214,-0.14905034986720667,0.09377931893614799,1,0
2025-11-27 15:53:43.058601,0,12.909383067448497,80.10257803123142,11.837115400446564,6.438928829247283,0.05723078438839965,0.058953922668950845,0.04633913549127246,1,0
2025-11-27 15:53:44.058601,0,12.90953793739227,80.1026081355139,17.546868284836037,1.7869757239020827,0.09548944887327439,-0.01927263477775827,0.01862454954223579,1,0
2025-11-27 15:53:45.058601,0,12.90967211922102,80.10264189260354,15.379695088643272,-2.814492172517268,0.008752650642821623,0.029513714927923367,0.09035966534278658,1,0
2025-11-27 15:53:46.058601,0,12.909767651030586,80.10267407650862,11.193333928335509,-3.2249266360538145,-0.11171763100897905,0.04667545772981837,0.015224991524683354,1,0
2025-11-27 15:53:47.058601,0,12.909839665569434,80.10270475664981,8.680422273774989,4.329103172781678,-0.25456460774793777,-0.04097105109864191,0.10918633140781386,1,0
2025-11-27 15:53:48.058601,0,12.910003646896953,80.10277351025992,19.72007940974958,1.9286622459172857,-0.09683541429727131,0.010209505510051124,0.019774232390316986,1,0
2025-11-27 15:53:49.058601,0,12.910103940349748,80.10281832331037,12.177655302043465,-3.687388202721168,0.40171648104575886,0.06288942922578747,0.11030513184553972,1,0
2025-11-27 15:53:50.058601,0,12.910203637312758,80.10287318889772,12.594254282303565,-0.2097502695821548,-0.0728476764136008,0.021801673522266862,0.028613598267419826,1,0
2025-11-27 15:53:51.058601,0,12.910296121200505,80.10292177978738,11.566918764228173,-0.3963506542741623,-0.29390853391361155,-0.0746116479667822,0.04428645115306756,1,0
2025-11-27 15:53:52.058601,0,12.910390092424574,80.10297409199295,11.901740189352005,-0.6025212359768287,0.1098974041093624,0.10082949917484019,0.07484135226735716,1,0
2025-11-27 15:53:53.058601,0,12.910472862647426,80.10301793584057,10.369725686598706,-0.16764501766826415,0.1283190013023967,-0.00011626822446791918,0.0490139878830879,1,0
2025-11-27 15:53:54.058601,0,12.910564088802879,80.1030622258282,11.235068347737434,2.885784019076243,0.19309865852282104,0.11592262001485812,0.07308833214378095,1,0
2025-11-27 15:53:55.058601,0,12.910697968739013,80.1031277358849,16.511978965748064,2.509190109638114,0.07064677555601705,-0.06033521323033941,0.07446367401290309,1,0
2025-11-27 15:53:56.058601,0,12.910828084729589,80.10318446444498,15.738255577492886,-5.450637223703365,0.1268402271700427,0.022181450268416475,0.02520870605039628,1,0
2025-11-27 15:53:57.058601,0,12.91087603487948,80.10320489390462,5.779829302775552,-3.9282627641930934,0.2760325702262986,0.0023367817946864378,0.04353103603325957,1,0
2025-11-27 15:53:58.058601,0,12.910942162569151,80.10322802471173,7.7774649158465365,1.6632587251709228,-0.1118210238093173,-0.053011670856934354,0.0785533436362772,1,0
2025-11-27 15:53:59.058601,0,12.911024680824848,80.10325576522237,9.666549937227375,3.6587525899722015,-0.14157760581355763,0.07867029186665224,0.04974980567273421,1,0
2025-11-27 15:54:00.058601,0,12.911149863768223,80.10330189356426,14.807035179442384,3.3633584610668663,-0.16418798093293932,-0.024680455857531484,0.018202280318935084,1,0
2025-11-27 15:54:01.058601,0,12.911285250175787,80.10334605429846,15.814665284982476,-0.42393780349996846,-0.03986543797409746,-0.03624921395681763,0.0407358256248566,1,0
2025-11-27 15:54:02.058601,0,12.911406491714102,80.1033856811896,14.165016192129706,-3.822954976619002,0.2150133629737752,-0.16890200889749113,0.003161560896672417,1,0
2025-11-27 15:54:03.058601,0,12.911480002526453,80.10341043698534,8.612844686348312,-1.8136918825359714,0.07921025516193524,0.039045782288048544,0.07523620499983884,1,0
2025-11-27 15:54:04.058601,0,12.911568125942656,80.1034429889395,10.42643920116068,2.718601627666069,0.07330379290638271,-0.05625522714885234,0.08576236361187327,1,0
2025-11-27 15:54:05.058601,0,12.911682297420924,80.10348405560457,13.468123683683753,0.13632098908627666,-0.27289618929970855,0.0023809029580260793,0.02886964113253586,1,0
2025-11-27 15:54:06.058601,0,12.91177540365219,80.10352505451415,11.279023805525595,-1.517554689411941,-0.10397802408546288,-0.08319979732258397,0.09718235682486291,1,0
2025-11-27 15:54:07.058601,0,12.911869470088458,80.10355212043467,10.875537577351208,-0.2717990631537207,-0.2753486449293055,0.007978338052078884,0.11821787288926128,1,0
2025-11-27 15:54:08.058601,0,12.911957431238854,80.10359660781589,10.91710150254276,2.137157151464629,0.17568686839823153,0.08711876480417667,0.09541134121627728,1,0
2025-11-27 15:54:09.058601,0,12.912085317039402,80.10365258722202,15.477989410092745,1.267664042359397,0.23784697393285992,-0.01413752484249915,0.029299319275521773,1,0
2025-11-27 15:54:10.058601,0,12.91219789989427,80.10370536700401,13.779303773905152,-2.622138489550113,0.11693500908605721,0.018672096940971612,0.003915003896795431,1,0
2025-11-27 15:54:11.058601,0,12.91229063651867,80.10374223180565,11.07136068205803,-0.2826409641082256,-0.14801790686093175,0.05403891902451936,0.03737631886676912,1,0
2025-11-27 15:54:12.058601,0,12.912397553205578,80.10378992454467,12.978399066726354,-1.3446066050330423,0.22230337404236858,0.010489160514688397,0.07085969808283858,1,0
2025-11-27 15:54:13.058601,0,12.912464966035703,80.10382143567917,8.246659270844091,-1.613053904102465,-0.037988236503781525,-0.03568245460593551,0.11253044615079669,1,0
2025-11-27 15:54:14.058601,0,12.912551758573997,80.1038576873819,10.431830938442882,3.7416233553245375,-0.18216889211289922,0.06115564720796503,0.026147004563520992,1,0
2025-11-27 15:54:15.058601,0,12.91267403824712,80.10391891569635,15.147027677510668,-1.2146407665211991,-0.14466063819175384,0.08041341469867347,0.057599413837685715,1,0
2025-11-27 15:54:16.058601,0,12.912733507540446,80.10394791899466,7.330112479428289,-0.8146800216928973,-0.06452349533877552,0.04906985616608849,0.07165696027017882,1,0
2025-11-27 15:54:17.058601,0,12.912843715101323,80.1040065144641,13.818029854036919,-0.5546406333443263,0.00743677807270599,-0.059231069689413274,0.04492235913059345,1,0
2025-11-27 15:54:18.058601,0,12.912890902298765,80.10402816305802,5.754211776348834,1.5210700644184094,-0.024201631747769056,-0.008651035476621296,0.04145091349736767,1,0
2025-11-27 15:54:19.058601,0,12.913031164391201,80.1040921778356,17.089369104870116,2.341738783654371,-0.21190026272565407,0.0674420620396571,0.09624137239601606,1,0
2025-11-27 15:54:20.058601,0,12.913110813160186,80.10414165479855,10.365242739573151,-2.113132807911134,0.18199746137784628,0.1458177969140118,0.0945530695270265,1,0
2025-11-27 15:54:21.058601,0,12.913208326253024,80.10421082637988,13.197408343056212,1.4315704078989393,-0.02259088791552649,0.011273040896531833,0.05101346672997632,1,0
2025-11-27 15:54:22.058601,0,12.913298288163869,80.10427731424396,12.34268294598612,-0.4324549748012696,-0.10706307844059763,-0.08776958724395197,0.05576396393734428,1,0
2025-11-27 15:54:23.058601,0,12.913390846610437,80.10434173270075,12.450905284385632,0.31565098490972104,0.1665453542974146,0.022529105322719775,0.03396726715491878,1,0
2025-11-27 15:54:24.058601,0,12.913486640286802,80.10440901316794,12.923405306676177,-2.9282927086705195,-0.1775109282399797,-0.1195911714852777,0.0881041319591517,1,0
2025-11-27 15:54:25.058601,0,12.913537123200435,80.10444542208954,6.8694948220301235,0.16685862330110357,-0.24433352753617718,-0.016256024052293927,0.06844943603644556,1,0
2025-11-27 15:54:26.058601,0,12.913627215430655,80.10451437584354,12.512596314383826,2.6666005136738016,0.19087311698981085,-0.07087113548565166,0.13748197406080526,1,0
2025-11-27 15:54:27.058601,0,12.913713611125548,80.10457160272055,11.448049990941962,-0.7397518414033672,0.28370817743255083,-0.06432236557732475,0.05560472013098025,1,0
2025-11-27 15:54:28.058601,0,12.913789759199226,80.1046268227568,10.380720959071915,-0.700194013904926,-0.06931440279770974,-0.05068349488082633,0.013605411784438205,1,0
2025-11-27 15:54:29.058601,0,12.91386391990786,80.10467313994761,9.665085823793062,0.9784494937237538,-0.006895501187571778,0.0778814317036265,0.09704971801075055,1,0
2025-11-27 15:54:30.058601,0,12.913953982309591,80.10474328285993,12.587535765293044,-0.1345320591265955,-0.1719997071781355,0.068029682206343,0.039859512465132474,1,0
2025-11-27 15:54:31.058601,0,12.914021150575337,80.10479051206481,9.064881667154904,1.248557013556996,0.000823882536508996,-0.02750909929027847,0.05958024525872485,1,0
2025-11-27 15:54:32.058601,0,12.9141314971143,80.10487124348124,15.08746691197693,2.4389371143906393,-0.07135578955967953,0.0975775123325717,0.03050214586923698,1,0
2025-11-27 15:54:33.058601,0,12.914225019413417,80.10494925149163,13.41779244723913,-0.9365084438445791,-0.015319266005249898,-0.02946612542271898,0.012886878004732278,1,0
2025-11-27 15:54:34.058601,0,12.914315149431545,80.10502202523608,12.768089202941628,0.6352871366835212,0.061388758139586386,-0.057142657013797206,0.07704372798378584,1,0
2025-11-27 15:54:35.058601,0,12.914418866664983,80.10510952108751,14.948072951836542,-2.9557907879008387,-0.164721821704627,0.09896765625552689,0.0736439771739265,1,0
2025-11-27 15:54:36.058601,0,12.914460299257918,80.10515143328864,6.477377306005064,-3.2569950360130373,-0.05427170088488512,0.0918009623854593,0.06574996243349684,1,0
2025-11-27 15:54:37.058601,0,12.91451064501039,80.10520610680916,8.161269099792896,2.9830873051184628,-0.2705672132667267,0.00588802518677177,0.02268859418617052,1,0
2025-11-27 15:54:38.058601,0,12.914592253659386,80.1052987934741,13.552977061407368,0.9909370582992463,-0.053248092616993196,-0.09853218641569818,0.014425857210044834,1,0
2025-11-27 15:54:39.058601,0,12.914657988655732,80.10535918241114,9.822768560539604,-1.7801243929196477,-0.014015110637549927,-0.009276250137556355,0.07657245332341803,1,0
2025-11-27 15:54:40.058601,0,12.91472947171414,80.10541747851036,10.165446591024155,-1.19858441640847,0.03434736375916171,-0.08244891142520522,0.04146195051554223,1,0
2025-11-27 15:54:41.058601,0,12.914781203483834,80.10546568759248,7.780016709455333,-0.7151852958368252,0.03593648105448131,0.020874185973745085,0.052147171864936365,1,0
2025-11-27 15:54:42.058601,0,12.914839527946663,80.10552408457096,9.072380241068002,3.6634057610576862,0.13558841261052837,0.051999874752972235,0.06784408483362911,1,0
2025-11-27 15:54:43.058601,0,12.914932583678702,80.10562610309078,15.160925389823518,2.2997986468046694,-0.23094997789099797,0.13273535522053032,0.0625509123223752,1,0
2025-11-27 15:54:44.058601,0,12.915011726934816,80.10572012581113,13.479953702642668,-1.5763009138078847,-0.22294155449254408,0.07963549029189462,0.08546461502969434,1,0
2025-11-27 15:54:45.058601,0,12.91507828523702,80.1058135274312,12.554508371084621,-1.5654640234355015,0.07934369045887804,0.056322008156421105,0.02191206973835864,1,0
2025-11-27 15:54:46.058601,0,12.915133964670261,80.10588902803626,10.273086521286679,0.0211121496643457,-0.3058441915508124,-0.03289568799338233,0.05198317238629928,1,0
2025-11-27 15:54:47.058601,0,12.915200315075076,80.10598042840955,12.366029443936084,2.9597278855191003,0.02749503181574897,-0.00010712816231382358,0.08523758280745741,1,0
2025-11-27 15:54:48.058601,0,12.915290216352625,80.10608887653805,15.447819978857027,-1.4531173935018988,-0.17704394093848405,-0.06720155482744843,0.022491253090093782,1,0
2025-11-27 15:54:49.058601,0,12.915353019192825,80.10615335009616,9.890470724622338,-1.8463151625295167,0.23592219613757717,-0.17121312817831225,0.018455725796981636,1,0
2025-11-27 15:54:50.058601,0,12.915435940541443,80.10622248910293,11.895034528509115,3.763298185681392,0.03756786115916661,-0.03980112634716097,0.07288409269145149,1,0
2025-11-27 15:54:51.058601,0,12.915561892675052,80.10631607815094,17.31240190690653,1.3435925049669772,-0.032873402956959265,0.0694866059733679,0.04783635792491903,1,0
2025-11-27 15:54:52.058601,0,12.915656906112781,80.106402330615,14.123255806366426,-3.560745893529029,0.18415813157087674,0.04016306088611225,0.10191712493664173,1,0
2025-11-27 15:54:53.058601,0,12.915731933466407,80.10645807865939,10.312599672317198,0.1108153145407921,-0.15951030098564262,-0.056649827433413374,0.08597797406520327,1,0
2025-11-27 15:54:54.058601,0,12.915834183747426,80.10653104546104,13.86542988665159,-1.8991093792895757,-0.13101144511317125,-0.09797006686928465,0.05236758241401546,1,0
2025-11-27 15:54:55.058601,0,12.915890796132752,80.10656480316908,7.2893258403286305,-1.295034725600242,-0.18921822504826635,-0.17496469892385197,0.03526778347575,1,0
2025-11-27 15:54:56.058601,0,12.91598420136472,80.10661576126016,11.77669971269986,3.3560740950285455,-0.12975588395234894,-0.005696385887499532,0.018933369716517146,1,0
2025-11-27 15:54:57.058601,0,12.916093516365613,80.10667694174495,13.862016292652033,0.39978202054143963,0.009167341405108175,0.03743340186194685,0.0678291541637351,1,0
2025-11-27 15:54:58.058601,0,12.916199528063053,80.10673020710148,13.14059355301789,-0.2500236337536251,0.07409278079905807,0.06201466596303576,0.0868614499180141,1,0
2025-11-27 15:54:59.058601,0,12.916307115444654,80.10679397437829,13.83175723585147,0.5750310824652232,0.1442132528051314,0.12322781747008343,0.07236166372084057,1,0
2025-11-27 15:55:00.058601,0,12.916413119428599,80.10687165638608,14.501766463646712,-0.07282070069991523,-0.27370860703511085,-0.026176631139992038,0.027569661973272288,1,0
2025-11-27 15:55:01.058601,0,12.916519769013085,80.10692847253351,13.37754023768531,-0.9856488713859348,-0.02577944796949376,-0.03774105433812503,0.050882415664168415,1,0
2025-11-27 15:55:02.058601,0,12.916627974197464,80.10698019737296,13.288854657397758,-0.34317891566550945,-0.16622467967862026,0.026609258886390035,0.029960675021471626,1,0
2025-11-27 15:55:03.058601,0,12.91673057945903,80.10702972221715,12.623063061489333,-2.0594193498807116,-0.030793063723215143,0.01610433629253266,0.0731589367199324,1,0
2025-11-27 15:55:04.058601,0,12.916799212777306,80.10706915492149,8.756830378775213,1.2292087075688976,0.350124537019056,0.05493740581334832,0.13428736505136224,1,0
2025-11-27 15:55:05.058601,0,12.916919878410003,80.10713391291974,15.159458559998711,1.4884860339089032,0.043779264300002244,-0.04169475096053813,0.11722617214653082,1,0
2025-11-27 15:55:06.058601,0,12.917014512861417,80.10718454589907,11.881334538430036,-0.477123977428704,0.13491974567223688,-0.009965268926716574,0.110488037354686,1,0
2025-11-27 15:55:07.058601,0,12.917130318033413,80.10723590580453,14.044502092117874,1.428336229204691,0.294103690824157,-0.14945022569931246,0.1076171573235084,1,0
2025-11-27 15:55:08.058601,0,12.917256987238819,80.10727778099539,14.814851417927994,-1.5182181821368486,0.1691037364762137,-0.06385669309879988,0.01953401735080798,1,0
2025-11-27 15:55:09.058601,0,12.91734337233617,80.10731551668502,10.451865815347878,-2.2814526525393575,-0.06718717195304769,0.041013606416679366,0.07210938418924841,1,0
2025-11-27 15:55:10.058601,0,12.917435504385121,80.10734351033003,10.696511317703052,0.299980076090085,-0.19137481298549072,0.06272888465434055,0.020262230348206515,1,0
2025-11-27 15:55:11.058601,0,12.917525737807631,80.10738644243062,11.072483629594082,2.576515804500892,-0.004521640428127669,0.12761760381783938,0.06987381304475228,1,0
2025-11-27 15:55:12.058601,0,12.91765138303258,80.10745351849525,15.767268376720562,-0.9538435784955888,-0.08515586763280282,0.048541728329844894,0.02448072150961087,1,0
2025-11-27 15:55:13.058601,0,12.917723903463555,80.10749636749155,9.316178093341488,-8.376967027095473,-0.22867819299287612,-0.08012285598266836,0.03304512494693557,1,0
2025-11-27 15:55:14.058601,0,12.917725136286654,80.10749715813262,0.16184738771260115,-4.571661553554738,0.0361387495934203,0.006396729460480501,0.013543234230242234,0,0
2025-11-27 15:55:15.058601,0,12.917726960919879,80.10749828738592,0.23721694945168906,0.1469245789660032,0.03988294470889994,0.027088502129525367,0.019502394668355023,0,0
2025-11-27 15:55:16.058601,0,12.917727685303708,80.10749876105456,0.09562575087962097,0.13089706896491032,0.26536750503949297,-0.020353328063346516,0.002941147630042773,0,0
2025-11-27 15:55:17.058601,0,12.917729118338485,80.10749967374981,0.18776741293110272,0.1560394832296575,-0.054264460325522054,-0.024183764685100875,0.01650994393585023,0,0
2025-11-27 15:55:18.058601,0,12.917731101885417,80.107501037235,0.26579332447085613,-0.2210766999080504,0.04201820834541736,0.08853803537469333,0.006427716833059869,0,0
2025-11-27 15:55:19.058601,0,12.917732482646139,80.10750198202834,0.18475895645469137,-0.018890848530686233,-0.0998228122035323,-0.03392881172804258,0.008258629085512486,0,0
2025-11-27 15:55:20.058601,0,12.917733024797727,80.10750230679774,0.06988784242609013,-0.20340692530231258,0.13097541460401987,-0.034466155578372945,0.011274491056079495,0,0
2025-11-27 15:55:21.058601,0,12.917733083312017,80.107502337579,0.007320234466961405,0.16626749106182775,-0.018692669428519455,-0.019565100909178568,0.01644440791132863,0,0
2025-11-27 15:55:22.058601,0,12.917735231988724,80.10750330080249,0.26102966217027895,0.023831296674420473,-0.17588874132791138,-0.05049193639065913,0.004873744229838246,0,0
2025-11-27 15:55:23.058601,0,12.917735283015787,80.1075033275896,0.006380823255116142,-0.19458463443918392,-0.002020773249773694,0.020764459786953456,0.004899331422174456,0,0
2025-11-27 15:55:24.058601,0,12.917737421566244,80.10750434487856,0.2624105018052598,-0.10234100939485699,0.05857843463475016,-0.01348592513068926,0.010138863507422595,0,0
2025-11-27 15:55:25.058601,0,12.917738777305567,80.107504796599,0.1586811402081636,0.0806593947586078,0.03829100811203444,0.0433577211001957,0.009420766112366455,0,0
2025-11-27 15:55:26.058601,0,12.917741164028477,80.10750565989119,0.28172030955386884,-0.003745703795732344,0.1568845073243804,0.0620438467172858,0.004640998747152726,0,0
2025-11-27 15:55:27.058601,0,12.91774311700911,80.10750658879205,0.2396349707320996,-0.15922632432835962,-0.21720845580610343,0.059969919793626626,0.028961686829946483,0,0
2025-11-27 15:55:28.058601,0,12.917745499099208,80.10750786945293,0.29938023316000123,-0.2517767509936599,-0.1264113885022412,0.018784359281834195,0.028149275487531104,0,0
2025-11-27 15:55:29.058601,0,12.917746352281066,80.1075082866534,0.10521354463551304,-0.09537804283757477,0.09596809976933059,-0.05662327673444279,0.01436888442504872,0,0
2025-11-27 15:55:30.058601,0,12.91774829791077,80.10750900417236,0.23015648667933805,0.3213038236672718,-0.1087903466941607,0.015268586151926306,0.004268943034236945,0,0
2025-11-27 15:55:31.058601,0,12.917749320283555,80.1075093712462,0.12057927408277264,-0.14831250673647445,0.03607068739953103,-0.05903990698659426,0.006218151311960092,0,0
2025-11-27 15:55:32.058601,0,12.917750545133284,80.10750979695544,0.14396268609117266,0.031032274789851457,-0.36296178711176436,-0.049444123721586276,0.02950712433899104,0,0
2025-11-27 15:55:33.058601,0,12.91775217685271,80.10751025259887,0.18825163896551103,0.07939908162026649,0.4073919858469323,-0.0689940226942728,0.017153192464040387,0,0
2025-11-27 15:55:34.058601,0,12.91775442593172,80.10751096729021,0.2621031342559016,-0.17271857740124985,-0.04045777973360042,0.02472008560524449,0.0031987705992685424,0,0
2025-11-27 15:55:35.058601,0,12.91775685135285,80.10751206775048,0.2952250407597885,-0.36837705181681213,0.1790934389982417,0.08382540076815787,0.00038032415805377664,0,0
2025-11-27 15:55:36.058601,0,12.917758732997395,80.10751295392517,0.23048202415935545,-0.2902756500019404,-0.05053467383752367,0.05251761833355583,0.02005058729275618,0,0
2025-11-27 15:55:37.058601,0,12.91775975139791,80.10751344636286,0.12533003465020012,-0.002621986176856564,0.062204779309633015,-0.05687196348689831,0.0003702627198477986,0,0
2025-11-27 15:55:38.058601,0,12.917760805262946,80.10751388015431,0.12640710068312105,0.0654385394963155,0.22378794695179086,0.05306192957074641,0.005773172778402767,0,0
2025-11-27 15:55:39.058601,0,12.917762578033518,80.10751480253501,0.22127469047666745,0.11309433535389787,0.1748709028812578,0.09711928688402194,0.0064543712067617895,0,0
2025-11-27 15:55:40.058601,0,12.917763153299482,80.10751509835373,0.07163314373049069,-0.07471624927680123,-0.030668246952783685,0.07618590920540042,0.01654461887104646,0,0
2025-11-27 15:55:41.058601,0,12.917763424131559,80.10751522519791,0.0331422339394184,-0.004533106512969575,-0.020288148809053868,-0.012700494753963404,0.010386930284823445,0,0
2025-11-27 15:55:42.058601,0,12.917764291907966,80.10751563593378,0.10638664729223296,-0.09428772320662238,0.1505349840274928,-0.015160293902998216,0.030654778260051554,0,0
2025-11-27 15:55:43.058601,0,12.91776498487048,80.10751598985802,0.08617169749622451,0.16817425239482064,0.3499866606427951,-0.030922912956581526,0.002175202969137152,0,0
2025-11-27 15:55:44.058601,0,12.917765696571946,80.10751636135757,0.08889243613679702,-0.19188071383476912,0.028842401159856167,-0.012823652375930222,0.00803423444197883,0,0
2025-11-27 15:55:45.058601,0,12.917766234447589,80.10751669698763,0.07008232531497298,-0.2602121430821484,0.2935595460812462,0.1124442836262784,0.01380287983422225,0,0
2025-11-27 15:55:46.058601,0,12.917766329915773,80.1075167598449,0.012627956890908565,0.08105103103014619,-0.03621216156303092,-0.07261224013225116,0.008024409437716725,0,0
2025-11-27 15:55:47.058601,0,12.917766370911895,80.10751678578967,0.0053621804200241424,-0.12478708211578057,0.14279405452647026,0.06457095440630407,0.004481849636208336,0,0
2025-11-27 15:55:48.058601,0,12.917768600433273,80.10751827763472,0.29631671692080946,0.5444430795820936,0.16517336433709298,-0.015121663804125746,0.0002518480156358972,0,0
2025-11-27 15:55:49.058601,0,12.917769545773954,80.10751895451281,0.1283319401207587,-0.07451068527462382,-0.061494075577916016,-0.05929059807188818,0.0019535219709766343,0,0
2025-11-27 15:55:50.058601,0,12.917770440516588,80.107519489734,0.1152979941479045,0.10736234560855824,-0.11206171189524623,-0.012194537650954358,0.01546019567710933,0,0
2025-11-27 15:55:51.058601,0,12.91777195209195,80.10752055088683,0.20389418480792096,-0.18659487879887002,0.1718083782821029,-0.008525820302893831,0.0004902034851788543,0,0
2025-11-27 15:55:52.058601,0,12.917772443694268,80.10752088217757,0.06547616635951925,-0.022505883659735937,-0.07973354058645851,0.028496275018092695,0.009959965824908995,0,0
2025-11-27 15:55:53.058601,0,12.91777460741197,80.10752228594977,0.2849883551850676,-0.00013775439389764055,-0.1341524869013104,0.10562283624668128,0.029022872155900836,0,0
2025-11-27 15:55:54.058601,0,12.917776343013546,80.10752353336275,0.2359035043246656,-0.23744952477942322,-0.10259392526986454,0.01420645272867551,0.01918541652170414,0,0
2025-11-27 15:55:55.058601,0,12.917776533653749,80.10752368454399,0.026823300693677853,0.07127771450737175,-0.08034200076381175,-0.0201562807000016,0.04306364915023113,0,0
2025-11-27 15:55:56.058601,0,12.91777745344418,80.10752434972025,0.1252742327354785,0.028540888142429527,0.12849256569385162,-0.00495941865026343,0.01534695125776099,0,0
2025-11-27 15:55:57.058601,0,12.91777931855029,80.10752584848564,0.2637354922686494,0.2825729327928086,0.07725640099142816,0.03466973847147564,0.017446412734413563,0,0
2025-11-27 15:55:58.058601,0,12.91778137689106,80.10752738572155,0.28341960668742305,0.4708789505771205,0.10734873671368364,0.031882361259617416,0.003666840114767035,0,0
2025-11-27 15:55:59.058601,0,12.917782304025978,80.10752826047694,0.14022045337496092,-0.1088063429914152,0.06320697166471238,0.10050796244149666,0.043796058664353446,0,0
2025-11-27 15:56:00.058601,0,12.917783577343279,80.10752934201322,0.1840234167632123,-0.014592032058344338,-0.08907602433699582,0.038836120899134075,0.01616596570710303,0,0
2025-11-27 15:56:01.058601,0,12.91778391971318,80.10752964183784,0.05011018382762256,0.13255999697204185,0.10456542838624085,-0.07631751996666514,0.01679443684361552,0,0
2025-11-27 15:56:02.058601,0,12.917786034040217,80.10753131646266,0.297350587841093,0.3719966258124086,0.1773680739907956,0.07130864224444444,0.011987852908880443,0,0
2025-11-27 15:56:03.058601,0,12.917786470311594,80.1075317746463,0.06950151041503301,-0.023795084807915434,0.08767548241789637,0.10695771261800736,0.04247791448619614,0,0
2025-11-27 15:56:04.058601,0,12.917788381450817,80.10753349197124,0.2828195322405377,-0.10310714179033378,0.06744838599387755,-0.04715299758652178,0.010515100433615221,0,0
2025-11-27 15:56:05.058601,0,12.91778965972387,80.1075347192621,0.19489399469771054,-0.3035173480135808,-0.11505817598560147,-0.0213277936355196,0.01518265323107396,0,0
2025-11-27 15:56:06.058601,0,12.917790905917194,80.10753580952725,0.18232103846365774,-0.02416974572049963,0.031772561846171686,-0.07257763307604942,0.0030078757295241526,0,0
2025-11-27 15:59:43.058601,1,12.90051479985069,80.09818303713443,0.061539717135588055,-0.2912450900961529,-0.030983402688143695,-0.0005579060943143241,0.007570062121176465,0,0
2025-11-27 15:59:44.058601,1,12.900515453922637,80.09818303998638,0.07281194679344329,0.2866981992680548,0.05514104649559218,-0.09866219843834205,0.010698311975511415,0,0
2025-11-27 15:59:45.058601,1,12.900517471957857,80.09818278787185,0.22630728158116986,0.02871374887505044,0.1085606876625447,-0.12481239816958939,0.017161466921432503,0,0
2025-11-27 15:59:46.058601,1,12.900517714685188,80.09818274104941,0.027493926535614586,0.30696561413267387,0.1800135012435703,-0.022588467311117584,0.00826019964629454,0,0
2025-11-27 15:59:47.058601,1,12.900518836589091,80.09818263263796,0.12544314816155427,0.2920237749107427,-0.08702778853701956,0.09600736960674539,0.009963771689745658,0,0
2025-11-27 15:59:48.058601,1,12.900521016444726,80.09818269864073,0.24276719645059344,0.04656743679269088,-0.019949624548229624,0.11962085902733226,0.04020398495143972,0,0
2025-11-27 15:59:49.058601,1,12.900521874634581,80.09818282311639,0.0964837943835808,0.030748348518272045,0.09218800602257703,0.12299983703913708,0.02525723089035309,0,0
2025-11-27 15:59:50.058601,1,12.900522200251993,80.09818287596939,0.03669862679877332,0.269338511270682,0.222034301562202,-0.03136248021772373,0.008784297137352681,0,0
2025-11-27 15:59:51.058601,1,12.900523233915408,80.09818296272682,0.11545186780956458,-0.03340128461454941,0.2176598071443164,-0.010983078206577873,0.006928757859773013,0,0
2025-11-27 15:59:52.058601,1,12.900524504352752,80.09818301354757,0.14153255880891327,0.03348063232818297,0.4118349808056159,0.024677929850952223,0.009106393191144934,0,0
2025-11-27 15:59:53.058601,1,12.900525081210299,80.09818306485293,0.0644566512428261,-0.07935304155452988,-0.16278105148813057,0.07410426930269137,0.033373254140272646,0,0
2025-11-27 15:59:54.058601,1,12.900525105964428,80.09818307087096,0.002831947387427003,0.057577975388031784,0.11729643409513368,0.13909971020830783,0.017241709900196255,0,0
2025-11-27 15:59:55.058601,1,12.900526049187503,80.0981833519577,0.10933989134594956,0.06493013564396086,-0.26480682615570744,0.0005941109040984577,0.00985821696247483,0,0
2025-11-27 15:59:56.058601,1,12.900526384764738,80.09818345191266,0.03889914560630285,0.03273375104932392,-0.028543347248663576,0.012300456761719893,0.0024862679229097203,0,0
2025-11-27 15:59:57.058601,1,12.900526800762572,80.09818357998768,0.04834926291864172,0.285881858088175,0.1166039034515479,-0.023451287150943783,0.038702725748006844,0,0
2025-11-27 15:59:58.058601,1,12.900528863367617,80.09818404020103,0.23497695561637968,0.392275520002098,0.12367056165944701,-0.08178874138952699,0.01236885309968777,0,0
2025-11-27 15:59:59.058601,1,12.900530037900563,80.09818419152107,0.13177599061118886,-0.13737300999850055,-0.11917951475922377,-0.08367027912728268,0.020936779724301146,0,0
2025-11-27 16:00:00.058601,1,12.900530715961416,80.09818424887472,0.07573786104888992,-0.2105170169098252,-0.059077948349694084,0.042424416223156534,0.01779235177320405,0,0
2025-11-27 16:00:01.058601,1,12.900531467370323,80.09818430600986,0.08387628147329076,-0.026616382253618447,-0.02667830983501221,-0.002377009413131563,0.00028081074394256704,0,0
2025-11-27 16:00:02.058601,1,12.900533211280564,80.09818432061256,0.1941385545482727,0.2783615294076891,0.06735832229028836,0.06778003497770049,0.0032165937233156767,0,0
2025-11-27 16:00:03.058601,1,12.90053568216352,80.09818461543377,0.2769128278246455,0.034920443791128006,-0.18136038438147364,-0.025148756081789313,0.04460719297663877,0,0
2025-11-27 16:00:04.058601,1,12.900538362026571,80.09818479075811,0.2989283496610286,-0.33757604557566934,0.19121890146492784,-0.00019243445488594663,0.007982314370510472,0,0
2025-11-27 16:00:05.058601,1,12.900539658470816,80.09818485833807,0.1445063562254493,0.0303294126995068,-0.2245790446268043,-0.04496694586831913,0.001088891267291437,0,0
2025-11-27 16:00:06.058601,1,12.9005412133687,80.0981848526312,0.1730923401783815,-0.13493957768379344,-0.08380926836508738,-0.027158383974594268,0.01768363630390238,0,0
2025-11-27 16:00:07.058601,1,12.90054130195351,80.09818484569278,0.00988996010722839,-0.02548723118811788,0.06846403625303268,0.060798857412896014,0.0021596112268586778,0,0
2025-11-27 16:00:08.058601,1,12.900543934674033,80.09818450377817,0.2954134949034903,0.10013395415644435,0.02163762407927837,0.03238391019421419,0.011112139685036404,0,0
2025-11-27 16:00:09.058601,1,12.900546605845806,80.09818444144591,0.29743175580382264,-0.2756453323750936,-0.1981741759598506,0.07373047251999061,0.007898132719003538,0,0
2025-11-27 16:00:10.058601,1,12.900547250111591,80.09818445045293,0.07172632630825561,-0.10251292919489496,0.13084225865643598,-0.06252079638689534,0.016744100452945953,0,0
2025-11-27 16:00:11.058601,1,12.900549075833599,80.09818447576494,0.203257932172311,0.20296729992692267,0.29657901679254906,0.05723759312552302,0.028157563407931546,0,0
2025-11-27 16:00:12.058601,1,12.9005510633638,80.09818447272637,0.22125210768982817,0.40500773802107476,0.4647951119077818,-0.03467313549068366,0.016156988272698045,0,0
2025-11-27 16:00:13.058601,1,12.900552937111248,80.0981846178053,0.2091787894735015,0.3110732297356789,-0.09827189889748925,-0.021173153278451463,0.0027656728928202,0,0
2025-11-27 16:00:14.058601,1,12.900554430263176,80.09818476017787,0.16693406599260488,-0.3490704379135794,0.033333552691881416,0.03162399150381086,0.0037435717066799153,0,0
2025-11-27 16:00:15.058601,1,12.900555746759803,80.09818486117044,0.14696156261668095,-0.018625276205526127,0.15001961776521758,-0.05668973545913864,0.007733162710267967,0,0
2025-11-27 16:00:16.058601,1,12.900556908637927,80.09818498302924,0.13001442949636985,0.18525263944600623,-0.20573096007062078,0.024150169776438062,0.03318097459583985,0,0
2025-11-27 16:00:17.058601,1,12.900558453664582,80.0981850484423,0.17213876880434836,0.23295475431504925,-0.00918875517153481,-0.09030843514340213,0.04094138262185045,0,0
2025-11-27 16:00:18.058601,1,12.900560336350283,80.09818507766958,0.20960456678600628,-0.04391766471690005,0.2659710937230552,0.01738473977516742,0.027986339726123487,0,0
2025-11-27 16:00:19.058601,1,12.900562399492605,80.09818528857016,0.23080634303979108,-0.1204060925641675,-0.12324096595407079,0.1710525730129678,0.013580142424043838,0,0
2025-11-27 16:00:20.058601,1,12.900564108380498,80.09818568351139,0.19500079581576962,0.1985938670646581,-0.1698953032250075,0.0356531291074476,0.030579702691919185,0,0
2025-11-27 16:00:21.058601,1,12.900564600186813,80.09818576272895,0.055418588549117555,0.26717624701884096,0.07153070388075522,-0.08720303981662647,0.02442431926506937,0,0
2025-11-27 16:00:22.058601,1,12.900566847774654,80.09818609631385,0.2528063070335717,-0.11215640866449604,-0.015660252081845377,0.039753693121393784,0.020299770335653968,0,0
2025-11-27 16:00:23.058601,1,12.900567699667508,80.09818623397415,0.09600194609738566,0.013941129249132808,-0.13669466389731305,-0.048168717891804186,0.016562599646994025,0,0
2025-11-27 16:00:24.058601,1,12.900568444284676,80.09818634718508,0.08379613282212017,0.049602443787443745,0.012236898219930773,0.08324292228353868,0.04532585416420383,0,0
2025-11-27 16:00:25.058601,1,12.900569191143322,80.09818651146507,0.08502986801279562,0.023660959294601464,-0.056598743204121976,0.06294504322835834,0.011899113402668578,0,0
2025-11-27 16:00:26.058601,1,12.90057053617013,80.09818670968623,0.15126541850139882,0.2276100526634595,-0.3112611405918692,-0.021486194326950158,0.011625390750568319,0,0
2025-11-27 16:00:27.058601,1,12.900572410279203,80.09818702987062,0.21149900306290886,0.12273893102275785,-0.2005478856958688,0.002104517750835831,0.013117882923677333,0,0
2025-11-27 16:00:28.058601,1,12.900574422710317,80.09818748913295,0.22949982350626993,-0.22151607364236167,-0.13501490079363512,0.08593916717351667,0.018502977067137466,0,0
2025-11-27 16:00:29.058601,1,12.900576226587049,80.09818812784583,0.21243143788600277,-0.402952510273537,0.13610140943838842,-0.041993296118509035,0.02598322688501707,0,0
2025-11-27 16:00:30.058601,1,12.900576345418793,80.0981881591331,0.013657055901239544,0.14873888160852003,-0.061160566631139085,0.004114005192779532,0.020223337344215234,0,0
2025-11-27 16:00:31.058601,1,12.900577277654808,80.09818839691985,0.10693606800951927,-0.011896161819909407,0.1450326965557738,-0.03865804516141721,0.005768803655333469,0,0
2025-11-27 16:00:32.058601,1,12.900579105481198,80.098188901538,0.2107125113528659,0.15976464564301507,-0.012756907454131827,-0.01292296857218862,0.02135426130710612,0,0
2025-11-27 16:00:33.058601,1,12.900580562053932,80.09818928329409,0.16735352919353566,0.09327207827205258,-0.09869325754353837,0.0013350165238877887,0.021552017951127277,0,0
2025-11-27 16:00:34.058601,1,12.900583063573922,80.0981897741188,0.28351661472788103,0.4817850741183864,0.0017975561664576494,-0.11362801091418497,0.015935475260388247,0,0
2025-11-27 16:00:35.058601,1,12.90058484592391,80.09818995941843,0.19942741029069455,-0.06678298770431507,0.12894521560132569,0.047514406326202574,0.029720851637207734,0,0
2025-11-27 16:00:36.058601,1,12.900587310524323,80.09819036564802,0.27787782588002014,0.057273914327271074,-0.04368394537470285,0.019586226042533832,0.010282575313471128,0,0
2025-11-27 16:00:37.058601,1,12.90058804279768,80.0981905145039,0.08310154560838874,0.12962129471449507,-0.007616495750042973,0.05438623913045974,0.017035817288861405,0,0
2025-11-27 16:00:38.058601,1,12.900590044534306,80.09819108984199,0.23141348273240106,-0.039739512726293065,-0.1450731614645321,-0.03986503303663729,0.019173468745468596,0,0
2025-11-27 16:00:39.058601,1,12.900590402024278,80.09819117048153,0.04074641837947611,0.03356422087319524,-0.09804046228432273,0.004705971411085995,0.012529680982539676,0,0
2025-11-27 16:00:40.058601,1,12.900592234680579,80.09819151666346,0.20744079781954067,0.00024830338574668986,-0.16835338289562796,0.07316687822282016,0.006158620257510714,0,0
2025-11-27 16:00:41.058601,1,12.900593865487961,80.09819201840368,0.189529547885948,-0.06222786240032242,0.13983896874743657,0.0674536043545058,0.00010411369871106103,0,0
2025-11-27 16:00:42.058601,1,12.900595555227369,80.09819264868574,0.20014932754218523,0.01724357308113135,0.044665234241526526,0.04625057988482897,0.013830638152850488,0,0
2025-11-27 16:00:43.058601,1,12.900597640576741,80.09819354853973,0.2518406374274929,0.07862437917947762,-0.008158948042300973,0.10531259909989252,0.008897243181546234,0,0
2025-11-27 16:00:44.058601,1,12.900598848637378,80.0981941282732,0.1484672096091146,0.17842566211682576,-0.13215992978642643,-0.02026459799185943,0.0018055906498208915,0,0
2025-11-27 16:00:45.058601,1,12.900600608192324,80.0981947177628,0.20605361216421395,-0.2774089512773914,0.1782506468103403,-0.008394185023820375,0.037166857986802214,0,0
2025-11-27 16:00:46.058601,1,12.900601317368917,80.09819501523728,0.08528969883072568,0.15254107347632012,0.1098882334073804,0.0211780700204081,0.0033316008783766332,0,0
2025-11-27 16:00:47.058601,1,12.900602559950794,80.09819538270487,0.14395666929014667,0.19057217605249646,0.1507718252894072,-0.05287471137438879,0.0022175296027490926,0,0
2025-11-27 16:00:48.058601,1,12.900604888579581,80.09819596310022,0.26676370033786007,0.218293071823747,0.19416720081992433,-0.0028581659369140387,0.013895452880219868,0,0
2025-11-27 16:00:49.058601,1,12.9006066858419,80.09819645054993,0.20694491731621706,-0.30030809537466285,-0.14131629267381352,0.025736531314266824,0.005383511318779616,0,0
2025-11-27 16:00:50.058601,1,12.900606936002056,80.09819652166979,0.028897355758856234,-0.29976214410458535,0.0033213095240530064,-0.10000139413134722,0.025984503000215615,0,0
2025-11-27 16:00:51.058601,1,12.900607201048425,80.09819658899622,0.030395963811578063,0.03446659061394437,-0.04197967154406339,-0.0490819993098334,0.0064221089420517866,0,0
2025-11-27 16:00:52.058601,1,12.90060842336646,80.09819689752361,0.140126451304665,-0.04153889476687048,0.2532838935023429,-0.14791682542866957,0.010117374843209292,0,0
2025-11-27 16:00:53.058601,1,12.900610681513458,80.09819745144212,0.2584628900497938,-0.054892864301918184,-0.06766386989461146,0.049606313321055154,0.04178119142407929,0,0
2025-11-27 16:00:54.058601,1,12.900612078095444,80.0981978465683,0.1612712932604296,-0.06489146972159567,0.036837004465232345,0.003554835887954192,0.02025418509600556,0,0
2025-11-27 16:00:55.058601,1,12.900613618074996,80.09819833382518,0.17939874190770969,0.3385820245078989,0.023337877837826267,0.07558817856749592,0.00047948140539301535,0,0
2025-11-27 16:00:56.058601,1,12.900615233900268,80.09819886419979,0.18885618974216983,0.11213873885881766,-0.21303936598089837,-0.07059221180663444,0.01922938100077081,0,0
2025-11-27 16:00:57.058601,1,12.900615642019376,80.09819901174413,0.04817024370319928,0.10171732733158655,-0.18148481608664666,-0.012169902152640917,0.0018513237793318458,0,0
2025-11-27 16:00:58.058601,1,12.90061770829807,80.09819979982254,0.24539984336547144,-0.2660130252140146,-0.10048411165316674,-0.005149570537533121,0.0044746416226638846,0,0
2025-11-27 16:00:59.058601,1,12.900618959206016,80.09820030498385,0.1496514683989833,0.2548078968528411,-0.1294704409809865,0.06511369871249324,0.01665784324198664,0,0
2025-11-27 16:01:00.058601,1,12.900619156167696,80.09820039126124,0.023840851502686566,-0.3943592192767085,0.14362080728677762,0.02717869697714768,0.01948239156780813,0,0
2025-11-27 16:01:01.058601,1,12.90062047131531,80.09820095302912,0.1585857353376079,-0.09502992296999398,-0.18192077605992338,0.058390749235343556,0.0032563631539620085,0,0
2025-11-27 16:01:02.058601,1,12.90062075346846,80.09820107095453,0.03391583441220379,0.16706666180463145,0.07771924784679123,0.0728070132712127,0.0022898404020867077,0,0
2025-11-27 16:01:03.058601,1,12.90062253948154,80.09820195855687,0.22091933553367454,0.5176374238155054,0.16795597769403145,-0.05733833904625303,0.02372936865233291,0,0
2025-11-27 16:01:04.058601,1,12.900623564562641,80.09820241763651,0.12451133032057304,0.06283621402262732,-0.09405828915294563,0.046218451338389255,0.0035958330172635704,0,0
2025-11-27 16:01:05.058601,1,12.90062438474935,80.09820271621037,0.0968809669306171,-0.1212748261152621,-0.017656125316240986,0.0616795102789786,0.03032883235266971,0,0
2025-11-27 16:01:06.058601,1,12.90062474134687,80.09820286084401,0.042686247432734505,-0.1176815505922929,0.2818974350366905,0.07077910871505134,0.03268064039256236,0,0
2025-11-27 16:01:07.058601,1,12.900626897065766,80.09820381570057,0.2613870691070749,0.3347689416066003,0.07497599368175636,0.04438394329297616,0.03563941801991531,0,0
2025-11-27 16:01:08.058601,1,12.900627033341886,80.09820388789537,0.017073553813177555,-0.1282096378988894,0.17123821054861518,-0.012563975866843657,0.012354554017743755,0,0
2025-11-27 16:01:09.058601,1,12.900628541128551,80.09820469676158,0.18941004578332898,0.4729760014508453,-0.09155906569055926,-0.11854166325925322,0.021727985857175135,0,0
2025-11-27 16:01:10.058601,1,12.90063017227252,80.09820560199427,0.20644479157732268,0.2003399013395919,0.05648856217117351,-0.0720009190297919,0.0008950665600942301,0,0
2025-11-27 16:01:11.058601,1,12.900632484636626,80.09820683720494,0.29021709268279383,-0.004232434569117434,0.014746818361035028,-0.17798753664344252,0.023274048394965132,0,0
2025-11-27 16:01:12.058601,1,12.900633358854266,80.09820720391419,0.10513873575248826,0.08238290303494081,-0.04206643620437652,-0.03755983229854084,0.011378789900084377,0,0
2025-11-27 16:01:13.058601,1,12.900634985929763,80.098207862757,0.19472449717816293,0.2175258392245107,-0.16790975536572836,0.09806114164368995,0.009252877110808527,0,0
2025-11-27 16:01:14.058601,1,12.900635558256106,80.09820812929773,0.06996887136989634,0.08186633156511261,-0.06618820473411494,0.06027256027665322,0.005747102096650549,0,0
2025-11-27 16:01:15.058601,1,12.900636275636924,80.09820847551762,0.08825427370471989,-0.2747516581675496,0.045203829835467856,0.037478141291209875,0.019546774216765747,0,0
2025-11-27 16:01:16.058601,1,12.90063817588074,80.0982095469375,0.24137833068528652,0.25631547119517123,0.11567957478229336,0.033830967321936314,0.004448725168718672,0,0
2025-11-27 16:01:17.058601,1,12.900639416742504,80.09821031439883,0.1612940580083956,-0.5850499124720434,0.03674883986422685,0.07983512895470402,0.0019386353576039113,0,0
2025-11-27 16:01:18.058601,1,12.900639435692398,80.0982103258781,0.002449809270885461,0.037225639590573546,-0.09644487703914213,0.056844355119993056,0.003767686977609592,0,0
2025-11-27 16:01:19.058601,1,12.900640605899117,80.09821129811691,0.1676287228559113,-0.09977683171237343,0.1152756771604527,0.17193762130116952,0.03183204316745889,0,0
2025-11-27 16:01:20.058601,1,12.90064170842073,80.09821242381864,0.17315879090348332,-0.13148843384782505,-0.04981955767442095,0.036203683333982835,0.011716216545495636,0,0
2025-11-27 16:01:21.058601,1,12.900642769126561,80.09821345334731,0.1625498623541719,-0.19154105380402842,0.17568498570660138,0.011583537192164862,0.004073507840300831,0,0
2025-11-27 16:01:22.058601,1,12.900643212101118,80.09821387947484,0.0675997630617324,-0.16732160353145561,0.10405887511060649,-0.01967251319876226,0.03713041400797149,0,0
2025-11-27 16:01:23.058601,1,12.900643327347886,80.09821401367229,0.019407110392161187,0.046223234195765725,0.034246771831665114,0.14159460961875278,0.007563789123409284,0,0
2025-11-27 16:01:24.058601,1,12.900643804866402,80.09821473302961,0.0944388383159883,-0.041343133923098685,0.010752852094201452,0.15440095077049867,0.024722806303433393,0,0
2025-11-27 16:01:25.058601,1,12.900644480825886,80.09821604989996,0.16149577997428435,0.14512838798998948,0.033760156255316524,0.01846703206062625,0.013799436070700596,0,0
2025-11-27 16:01:26.058601,1,12.900645378405757,80.09821751430759,0.18770705211560085,-0.1463950128098243,0.05790519954441591,0.015521267438385132,0.003967093844234933,0,0
2025-11-27 16:01:27.058601,1,12.900645669775782,80.09821802292632,0.0640157823305308,-0.5546124056096794,0.04717998439993424,0.03189885682294442,0.060514797458451994,0,0
2025-11-27 16:01:28.058601,1,12.900646465414026,80.09821981286862,0.2134686060738291,-0.3297338854645296,-0.12176103955809069,0.04913001247586267,0.024912524468234727,0,0
2025-11-27 16:01:29.058601,1,12.900646516445065,80.09821992845113,0.013768441569906342,-0.22190063854082956,0.13035479674559208,0.07174467293946657,0.04168078943026643,0,0
2025-11-27 16:01:30.058601,1,12.900646810931802,80.09822083966667,0.10416897129350457,-0.07198154837762974,0.0594020086525587,0.12862801606525032,0.0020824329258525036,0,0
2025-11-27 16:01:31.058601,1,12.90064725580192,80.0982222240968,0.15817713679245446,-0.1188529587753572,0.001980934419004451,0.008515646698836773,0.0030046698814266155,0,0
2025-11-27 16:01:32.058601,1,12.900647878178724,80.09822442284145,0.24844216574955763,-0.08381577798553626,-0.11227507472633991,0.027909114196103285,0.0021163300622142433,0,0
2025-11-27 16:01:33.058601,1,12.900648503043898,80.09822643582858,0.2292380675720123,0.04939238765849836,-0.13632177598682796,-0.02173409580484591,0.008739082779517281,0,0
2025-11-27 16:01:34.058601,1,12.900649055216817,80.09822807128542,0.18780755993433104,-0.06890480803293543,0.043504600923791846,-0.12779744112810923,0.02038272632530464,0,0
2025-11-27 16:01:35.058601,1,12.900649445756258,80.0982290927671,0.11906228883634123,0.2797273815756989,-0.00689231099447058,-0.0034543765883053995,0.024656064526619448,0,0
2025-11-27 16:01:36.058601,1,12.900650369993517,80.09823153401119,0.284178618984299,-0.10602706295946245,-0.13411876525124053,-0.0226694445264681,0.0014824907659888792,0,0
2025-11-27 16:01:37.058601,1,12.900650503057872,80.09823184162025,0.03651788101970974,-0.23156887956996022,0.05769731675788587,0.04349692526545178,0.011927783655030808,0,0
2025-11-27 16:01:38.058601,1,12.90065130998965,80.09823429630406,0.2810973214602662,0.08545946580876589,0.03208226196552952,0.045567417511055766,0.0035878512426253954,0,0
2025-11-27 16:01:39.058601,1,12.900651887363898,80.09823595688592,0.19130999469489693,-0.03769082748671255,0.15727810256184102,0.038257931587569564,0.001815901355487061,0,0
2025-11-27 16:01:40.058601,1,12.900652492710938,80.09823782589355,0.2137088350758525,0.1511132943821656,-0.13266030658726083,-0.0650843146266714,0.01650159257831287,0,0
2025-11-27 16:01:41.058601,1,12.90065287571228,80.09823895642167,0.12987174797002923,-0.12089454188789832,0.10297522556316578,-0.03868292848826742,0.006699389221913692,0,0
2025-11-27 16:01:42.058601,1,12.900653220980605,80.0982403227744,0.15316411417492307,0.25207302288405786,-0.10612730380069946,-0.0052061096633355605,0.014367016150190646,0,0
2025-11-27 16:01:43.058601,1,12.900653619175507,80.0982419952644,0.18681724133189062,-0.2917998745164087,0.23223147094738827,0.0075234789009429905,0.0403892436935732,0,0
2025-11-27 16:01:44.058601,1,12.900653813770996,80.09824302769547,0.11410443017318252,-0.0701030790233908,0.13868992960154605,0.031190243554124007,0.003160580980622809,0,0
2025-11-27 16:01:45.058601,1,12.900654124125834,80.09824484555028,0.200258468225454,4.364328876759841,-0.035322671243860855,0.15200335464404358,0.011684302561443887,0,0
2025-11-27 16:01:46.058601,1,12.900660673658425,80.09832564324654,8.79763706294873,4.999458096755994,-0.04325126176683995,0.050900043877107656,0.011065474896734397,1,0
2025-11-27 16:01:47.058601,1,12.900667857503969,80.09841035762147,9.227093448997728,1.87965700914431,-0.12099848094484328,-0.12315060044169081,0.07880988303437711,1,0
2025-11-27 16:01:48.058601,1,12.90068937895476,80.09852090950363,12.2329009251465,-0.530749812334304,0.24307194801925683,-0.061613299447980524,0.1056027310189552,1,0
2025-11-27 16:01:49.058601,1,12.900702630883371,80.09860033109662,8.743400684866964,-2.411190443871755,0.2857434445106037,0.04962434837376502,0.06559327396946385,1,0
2025-11-27 16:01:50.058601,1,12.90071221840459,80.09866554116735,7.155995047816813,1.4504487318386763,-0.36958881861423726,0.010697278352432442,0.10928622598268331,1,0
2025-11-27 16:01:51.058601,1,12.900728226535017,80.09876546107742,10.987798016293198,-0.2815523448912574,0.17049097380714198,-0.04818806370213061,0.07219913152782341,1,0
2025-11-27 16:01:52.058601,1,12.900739273543238,80.09882709416779,6.799941830657728,3.9096772414295375,-0.12495761266571771,-0.015515301485444744,0.004381145235239549,1,0
2025-11-27 16:01:53.058601,1,12.900769450693222,80.0989962808025,18.663295899861872,1.8502012957136182,0.09550497189673036,0.023496988060452743,0.009584872244123566,1,0
2025-11-27 16:01:54.058601,1,12.900784316658571,80.09908332483101,9.589043455763639,-2.3289310234897274,-0.0012339008197816423,0.03179775261501751,0.10155485471441222,1,0
2025-11-27 16:01:55.058601,1,12.9007975653509,80.0992047142067,13.254295283036038,0.7811950788785571,-0.09565673472058596,0.11098364623601081,0.049294945563605044,1,0
2025-11-27 16:01:56.058601,1,12.900810332743387,80.09930909447571,11.415147515690299,0.4248994136716835,-0.009597048961035685,0.05215510317365548,0.080600984539016,1,0
2025-11-27 16:01:57.058601,1,12.900819634049062,80.09944095363767,14.345478965935857,2.0090627234018994,0.08718779846592527,-0.024598856111246757,0.015525290367775516,1,0
2025-11-27 16:01:58.058601,1,12.90084411530467,80.09957519478996,14.81927457730486,-1.2609295838897132,0.07436622288690883,0.016043350263454687,0.08310040107622899,1,0
2025-11-27 16:01:59.058601,1,12.90086095781847,80.09967824019617,11.337579461078695,-0.9593551488491733,0.08134120940626585,0.04991171523986755,0.11689513636646978,1,0
2025-11-27 16:02:00.058601,1,12.900891673906724,80.0997973597454,13.370304934859,0.37948168864135556,-0.26683656329953787,0.0022550700088823372,0.09176435539080843,1,0
2025-11-27 16:02:01.058601,1,12.900913767085019,80.0999039505437,11.824779789266552,1.0207792022556599,0.2298446508003638,0.10277633861752739,0.10068384056448694,1,0
2025-11-27 16:02:02.058601,1,12.900920525938089,80.10003975090584,14.754919368011272,1.100663677171748,0.1160529591262413,0.011066879210287386,0.02393310456128564,1,0
2025-11-27 16:02:03.058601,1,12.900934521783945,80.1001582111978,12.948226458930808,-1.8849615058974745,0.00630226734499338,0.022365407155818855,0.07602208636596616,1,0
2025-11-27 16:02:04.058601,1,12.900937266147809,80.10026270685572,11.342958825297671,-3.251205605774653,-0.024572291474208367,0.015266649291625831,0.0949246807666855,1,0
2025-11-27 16:02:05.058601,1,12.900941636786872,80.10032431997524,6.7033317427837,-2.2013843345486994,0.2864301025188635,0.0071181056045591905,0.09025038688525153,1,0
2025-11-27 16:02:06.058601,1,12.900945768138262,80.1003816234289,6.234993456659678,0.5492166055430133,-0.08781767157001281,-0.034297764526352,0.07731575653070007,1,0
2025-11-27 16:02:07.058601,1,12.900947199652734,80.10045727128814,8.210110470242121,3.6242622639390145,0.0864669298531557,-0.02967291458897961,0.03741895696634297,1,0
2025-11-27 16:02:08.058601,1,12.900955706690754,80.10058146406178,13.509414937416162,2.7869954621663964,-0.1643622776139594,-0.05887102352824937,0.09102741262720603,1,0
2025-11-27 16:02:09.058601,1,12.900963596359892,80.10070865160341,13.829062382596707,-2.0109220076862147,0.09929865398932367,-0.03437871482277306,0.0860994728792743,1,0
2025-11-27 16:02:10.058601,1,12.900974847126182,80.10079778123445,9.75223015000548,-1.8848681449646922,-0.2813724942781223,-0.0703950606488946,0.10059182063368087,1,0
2025-11-27 16:02:11.058601,1,12.900980357747457,80.10089303130226,10.353791845128187,-0.502029523599404,-0.12218498294781553,0.04910521292350435,0.14459938678753792,1,0
2025-11-27 16:02:12.058601,1,12.900986788137574,80.10097681979836,9.12004201691196,1.012235813311083,0.11227588917396093,-0.04620722588329522,0.05866776549079214,1,0
2025-11-27 16:02:13.058601,1,12.900998884641936,80.10109118395958,12.482522715090703,1.720516413048504,0.07571673185380828,-0.00625244090499609,0.11545775470034406,1,0
2025-11-27 16:02:14.058601,1,12.901013996529771,80.10120761111082,12.745043344004573,-1.1484185834584297,0.10755597095212163,-0.12902199461001912,0.06782067485921048,1,0
2025-11-27 16:02:15.058601,1,12.901031630785909,80.10130236741868,10.46774045430115,-0.6440604172213393,0.13362928862836457,-0.08192876124540795,0.037703682284367726,1,0
2025-11-27 16:02:16.058601,1,12.901053211834887,80.10141139427239,12.07198645788799,0.6107967751394556,-0.14481722223702737,-0.005289133039630314,0.08529224835905079,1,0
2025-11-27 16:02:17.058601,1,12.901084854884306,80.10150737000083,10.993935324482779,-1.935343047217097,0.0892375461752882,-0.014364006597080451,0.05741917078973826,1,0
2025-11-27 16:02:18.058601,1,12.901099634027814,80.10157930328619,7.976996735553456,0.3740413721321593,0.1911963155034118,0.17850085857327763,0.05924891668673628,1,0
2025-11-27 16:02:19.058601,1,12.901116429852692,80.10168490374652,11.610263941500104,1.6221422776101613,0.1304705967006857,-0.036408162669484545,0.03998483953306732,1,0
2025-11-27 16:02:20.058601,1,12.9011318684796,80.10178346521377,10.832131715186785,-0.3369116718312626,0.037871838649147845,-0.047316223944297006,0.041204310507941794,1,0
2025-11-27 16:02:21.058601,1,12.901157948451521,80.10188425256291,11.315243786026667,-2.158137532049186,-0.14010665677500317,-0.08688124728327569,0.025625468582092987,1,0
2025-11-27 16:02:22.058601,1,12.90117093251918,80.10194261737799,6.496020095596963,2.3177006325509693,0.059558059609060625,0.02428735822927367,0.0798876671669884,1,0
2025-11-27 16:02:23.058601,1,12.901198792177288,80.10208101754746,15.33471493977384,5.466233359280828,-0.13291022392611251,-0.17248834857642845,0.07162780984829738,1,0
2025-11-27 16:02:24.058601,1,12.901238567452504,80.102230743896,16.839385794056312,-1.4466814133407018,0.10756062799320122,0.011952847133276538,0.05743863002967317,1,0
2025-11-27 16:02:25.058601,1,12.901267890558866,80.10234220997846,12.527941848710684,-1.5046741823356162,-0.177621777422331,0.024359480276564968,0.04017249064070354,1,0
2025-11-27 16:02:26.058601,1,12.901301300690918,80.10246156498509,13.474681791511088,-0.1187396975563529,-0.12167467170296345,-0.027721497035138612,0.048554716554371664,1,0
2025-11-27 16:02:27.058601,1,12.901349549117706,80.10256359225663,12.305072839696917,0.7447165250088632,-0.06649091670757831,-0.05227191615141674,0.07581511399814567,1,0
2025-11-27 16:02:28.058601,1,12.901406121100342,80.10268636406097,14.735506579597729,-0.11302501566998585,0.17646742360764478,0.04534234597016994,0.10096352728569755,1,0
2025-11-27 16:02:29.058601,1,12.901447525991005,80.10278852818641,12.005861145191249,-0.5420305967765673,-0.21218116449923094,-0.04746225667756134,0.14614511384745885,1,0
2025-11-27 16:02:30.058601,1,12.901506754281051,80.10290859994547,14.602280999869484,0.38154545683192154,-0.1728138496822156,-0.10014426147002306,0.11210735457533401,1,0
2025-11-27 16:02:31.058601,1,12.901558236529933,80.10300663391511,12.083242418121229,-2.7491066378331883,-0.03701588955517166,-0.13229950110905092,0.10211445423957899,1,0
2025-11-27 16:02:32.058601,1,12.901595612498793,80.10307844191139,8.833179676872785,-1.9611434707320021,0.10929956159779618,0.056318364191612846,0.10072541055982323,1,0
2025-11-27 16:02:33.058601,1,12.901634660926621,80.10314511175099,8.439858455982762,0.4559543903110512,0.3875102705183469,-0.07480430666116768,0.08841039823676872,1,0
2025-11-27 16:02:34.058601,1,12.901679268725488,80.10322337786066,9.8378874887661,1.9000237322003781,-0.08465113236962674,0.013528201601439024,0.00952765397208562,1,0
2025-11-27 16:02:35.058601,1,12.901729899863378,80.1033237568555,12.264020960063885,1.047435304891228,0.09232360824060905,-0.014008375738821889,0.09370970528963675,1,0
2025-11-27 16:02:36.058601,1,12.901777782277437,80.10341830104548,11.561099983344667,1.4629432420767818,-0.12650612610576892,0.03999821830501942,0.10777607140886476,1,0
2025-11-27 16:02:37.058601,1,12.901840016006123,80.10353782071074,14.703497223332805,0.5783137039174471,-0.33551742796078654,-0.0397637946496565,0.10851919620839667,1,0
2025-11-27 16:02:38.058601,1,12.901897597075424,80.10363411406958,12.258253700768865,-0.1895280239377652,-0.004009846485974992,-0.06486502864305785,0.07549253094024762,1,0
2025-11-27 16:02:39.058601,1,12.901965342335556,80.10374264196827,13.98413211949657,0.07993749083354523,-0.24627348112828187,0.011016681251156478,0.10819386702117098,1,0
2025-11-27 16:02:40.058601,1,12.9020315329969,80.10383968480865,12.852092886076441,-3.33096991497957,0.12070679478154572,0.029543611977464038,0.09805412520834134,1,0
2025-11-27 16:02:41.058601,1,12.902061327351225,80.10389668286255,7.018059809822839,1.081097822247903,0.11241109229885475,0.12166814698199332,0.04196785243908751,1,0
2025-11-27 16:02:42.058601,1,12.902119988764321,80.10401934239287,14.82546408082214,1.7326864499432428,-0.07201200806978153,0.09434038355802243,0.041258542622199995,1,0
2025-11-27 16:02:43.058601,1,12.902153499046195,80.10411002980565,10.52384104536345,0.05579640108807303,0.25394676559166196,0.07524676446254439,0.06365283623778184,1,0
2025-11-27 16:02:44.058601,1,12.902189784405845,80.1042428916535,14.972034663120246,-1.5775490996196113,-0.167385884233789,-0.016517094587723997,0.06343342362169056,1,0
2025-11-27 16:02:45.058601,1,12.902211441570675,80.104303395331,6.993928438239749,-2.286282990510833,-0.04343044986230463,0.019431260614112822,0.06361338886177567,1,0
2025-11-27 16:02:46.058601,1,12.902232873112613,80.1043936194798,10.076737677800988,1.939687230676308,-0.22315251050617718,0.012986563108945935,0.06792287943078336,1,0
2025-11-27 16:02:47.058601,1,12.902256523857888,80.10449076103049,10.864673297580532,1.4178241514438263,-0.022137896384668964,0.02298270400530878,0.05096440130233842,1,0
2025-11-27 16:02:48.058601,1,12.902282306075096,80.10461397636877,13.674701115798376,2.7361469994562517,-0.04868923150012129,-0.04556764158866581,0.1286727322394683,1,0
2025-11-27 16:02:49.058601,1,12.902320176955737,80.10476596353458,17.02245830970679,-1.5611999926006126,0.00800353211171955,-0.006403633467853194,0.005126025239638807,1,0
2025-11-27 16:02:50.058601,1,12.902345275202622,80.10486536093387,11.141629970814275,-2.791218485117042,-0.23877083663951854,-0.04289496260430081,0.06730392867296484,1,0
2025-11-27 16:02:51.058601,1,12.902378633068116,80.10496520111104,11.452417924247188,-0.4798499856890007,0.21242187141237412,-0.04097412688805519,0.05371232516153686,1,0
2025-11-27 16:02:52.058601,1,12.902402777248392,80.1050540043559,10.003873859690621,1.2761769192816337,0.1757391342893636,-0.03185064302816418,0.05346237917865797,1,0
2025-11-27 16:02:53.058601,1,12.902436124060541,80.10517563108701,13.70986969770839,0.9134478236617467,0.03204908826744965,0.04069007294414178,0.06759547138597144,1,0
2025-11-27 16:02:54.058601,1,12.902461843800761,80.10527576303465,11.23623654129904,-0.8436652844692663,-0.11502751699587765,-0.037082562559916696,0.042350396827685134,1,0
2025-11-27 16:02:55.058601,1,12.902493365591223,80.10537987904989,11.830046134539598,0.55991727833813,0.07379110848160049,-0.07804978863252057,0.06364637132716598,1,0
2025-11-27 16:02:56.058601,1,12.902527981382022,80.10549411707147,12.981120266813512,-0.5836075753938554,-0.10981894735498114,0.007705887409187416,0.09139606180697878,1,0
2025-11-27 16:02:57.058601,1,12.902555522205171,80.10558264178619,10.083225987568653,2.4609346344451457,0.13380456504654423,-0.004524945953050159,0.09165780131814999,1,0
2025-11-27 16:02:58.058601,1,12.902605427988373,80.10573098111203,17.028080154489086,1.5988258353588105,-0.29541973232519586,-0.08069455671767796,0.10353372660832631,1,0
2025-11-27 16:02:59.058601,1,12.9026519325617,80.10583918197435,12.831556019267012,-1.801261080047656,0.00819549229412439,0.03028652355985971,0.09057906892757936,1,0
2025-11-27 16:03:00.058601,1,12.902698991011118,80.10595027587125,13.143860157200464,-0.12329100306081386,-0.04261493099422848,0.048726390536606205,0.0944185038908189,1,0
2025-11-27 16:03:01.058601,1,12.902734367757983,80.10605387324628,11.911228633317917,-3.006772020354826,0.06905091758243961,0.04885619578775902,0.08532801966718803,1,0
2025-11-27 16:03:02.058601,1,12.902757754066347,80.10611706089772,7.334108925980974,-3.27198754849862,-0.06915898641289593,0.035042900664331245,0.03304205101618584,1,0
2025-11-27 16:03:03.058601,1,12.902768422191844,80.10616148726109,4.964837601975315,4.259325542433311,-0.22940495288038196,0.08931236429344698,0.09135673662980939,1,0
2025-11-27 16:03:04.058601,1,12.902800493284168,80.1063027054128,15.734007387742801,5.139088593082778,-0.24168516255572867,0.10055342813816186,0.06093095066962162,1,0
2025-11-27 16:03:05.058601,1,12.90282330458088,80.10644171645721,15.29636717975985,-0.7941565467380463,0.03726673632010274,-0.0699542837121526,0.006441098908487686,1,0
2025-11-27 16:03:06.058601,1,12.902841053902577,80.10658031281706,15.168357299937654,-0.3852356583922252,-0.047972975069206975,0.09082282695231599,0.03178933978215505,1,0
2025-11-27 16:03:07.058601,1,12.902863970416288,80.10671657185017,15.003958508074874,-2.8814230919558383,0.09473668655361839,-0.05419254029281976,0.09925696473538503,1,0
2025-11-27 16:03:08.058601,1,12.902875841137433,80.10680049549755,9.201948973303969,-3.267706546005271,0.07276235266917194,0.10392110719615233,0.09221574398002595,1,0
2025-11-27 16:03:09.058601,1,12.902888005479877,80.10687402758754,8.09307250291809,0.5920696088434292,0.22695721644384848,0.021683863552966115,0.09047485820695104,1,0
2025-11-27 16:03:10.058601,1,12.90290207809758,80.10696942396409,10.469347835820642,1.1795417287404646,0.1894063312583429,-0.01880101521967234,0.06646076179648809,1,0
2025-11-27 16:03:11.058601,1,12.90291149528823,80.10706285980154,10.192793636466433,0.28927953555676883,0.018402300538715815,-0.04369604234982702,0.08093714876789507,1,0
2025-11-27 16:03:12.058601,1,12.9029263929538,80.10716459691925,11.163386253600502,1.0085348722084329,-0.24727535731172573,0.09088973502370817,0.08288624329079342,1,0
2025-11-27 16:03:13.058601,1,12.902934622903828,80.10727751016613,12.286443190313888,1.0410352367548756,-0.1527116893072179,-0.0455107945635671,0.09504030362547561,1,0
2025-11-27 16:03:14.058601,1,12.902946645395815,80.10740147269907,13.517614483265223,-2.6498521516846445,0.1635847633773626,-0.07509316707333685,0.012232642515709165,1,0
2025-11-27 16:03:15.058601,1,12.902956688463593,80.10746528603308,7.0140706838383835,0.5005318648862473,-0.06371641303986518,-0.06663245506164442,0.055400162550460756,1,0
2025-11-27 16:03:16.058601,1,12.902976578471135,80.10759524830004,14.274991927123166,4.2707008776964885,-0.16908344410790968,-0.006932651034190652,0.0872804171535632,1,0
2025-11-27 16:03:17.058601,1,12.903006356118288,80.10773258807055,15.266978064923979,-0.14896145801437166,-0.096959572198195,-0.08325003222190132,0.027831326416393007,1,0
2025-11-27 16:03:18.058601,1,12.903041555765387,80.10785399877403,13.74467905729763,-3.370165849575171,-0.06665460366361531,0.005517180402975733,0.050348350532079,1,0
2025-11-27 16:03:19.058601,1,12.903069665923965,80.107928974919,8.716722940153291,-0.5685555090937838,0.17272287217747453,0.028047571612737198,0.09378092597421044,1,0
2025-11-27 16:03:20.058601,1,12.903095778502747,80.10804370296286,12.784030219915135,1.1846655420062377,0.05908475460611156,0.1275347452752869,0.05915496354231187,1,0
2025-11-27 16:03:21.058601,1,12.903113649176653,80.10814435191519,11.10114218826093,-0.21211980658519128,-0.19661725836874203,0.07906899459897612,0.017051738563806013,1,0
2025-11-27 16:03:22.058601,1,12.903130344506163,80.10825946630153,12.628590489668039,-0.3408527379932471,0.19933027742347406,0.008957583515039759,0.01831504625423342,1,0
2025-11-27 16:03:23.058601,1,12.903141182097674,80.10835687977612,10.638980314031862,0.2209861958204527,-0.1461603769130126,0.1114476776932708,0.03873818279574752,1,0
2025-11-27 16:03:24.058601,1,12.903149899302523,80.10847603173818,12.965567819114117,1.8038830518756144,0.08140339532607181,0.06939104902725222,0.024874723142890687,1,0
2025-11-27 16:03:25.058601,1,12.903149914117865,80.10860924534163,14.455033892519964,-0.8244860917631679,-0.01075473520546741,0.11606458428609732,0.1280552595118727,1,0
2025-11-27 16:03:26.058601,1,12.903148018760008,80.10871409170127,11.378855013638693,1.1194944255654111,0.07466506478689663,0.003954832021624229,0.08357359592095046,1,0
2025-11-27 16:03:27.058601,1,12.903143498975897,80.10887130367298,17.066519611662386,0.24196017100669934,-0.17960883165453959,0.018994159258822876,0.11264509103385717,1,0
2025-11-27 16:03:28.058601,1,12.903148342354882,80.10897865940868,11.661662118144852,-3.4873907957033623,-0.02000016195044361,-0.08510289096270207,0.09564968908417132,1,0
2025-11-27 16:03:29.058601,1,12.903156591682976,80.10907043346826,10.00067246212508,0.7730810805138381,-0.027416133781895724,-0.01856715986354894,0.04917109815012553,1,0
2025-11-27 16:03:30.058601,1,12.903164404327448,80.1091903630755,13.042613767313092,1.8042715647473426,0.06255399474978031,-0.09715352322023812,0.10256330321684169,1,0
2025-11-27 16:03:31.058601,1,12.903183060988976,80.10931637820909,13.830748717340258,-1.4754430131224066,0.10356378307818141,-0.04566448398108687,0.04369315689158522,1,0
2025-11-27 16:03:32.058601,1,12.903191550403758,80.10940462789046,9.622509397886118,-0.9335425719477412,-0.27308045085958094,-0.006081195164776433,0.048960626515045194,1,0
2025-11-27 16:03:33.058601,1,12.903202224237717,80.10951314591641,11.835109493898468,2.223157693422821,-0.07298870480260504,-0.029530493527668424,0.018950397457314968,1,0
2025-11-27 16:03:34.058601,1,12.903217498256563,80.10964067494297,13.942266380626782,-0.21132718181177357,0.06170243514503884,0.042595676349026765,0.044676076696006616,1,0
2025-11-27 16:03:35.058601,1,12.90321945294701,80.10974293701709,11.098610651998216,-0.007725481212878249,-0.20929536898758538,0.06214415296459435,0.00852407515755519,1,0
2025-11-27 16:03:36.058601,1,12.903228281475311,80.10986305305735,13.070815012239018,-0.8999164173300965,-0.1305586878309906,-0.02158952615395088,0.018495053115385043,1,0
2025-11-27 16:03:37.058601,1,12.90323473329679,80.10995577878131,10.087287259973102,-1.1065628350074341,0.0630334202142414,0.004224749499713338,0.10330371501532573,1,0
2025-11-27 16:03:38.058601,1,12.9032439312218,80.11005447580018,10.758467698076814,0.5639207391931298,0.0779405923281005,0.05157503327612503,0.10330158029892546,1,0
2025-11-27 16:03:39.058601,1,12.903242795372963,80.11015919057846,11.363324285645135,2.4100545553592463,0.01079429044549207,0.030629029959080935,0.12458328940240912,1,0
2025-11-27 16:03:40.058601,1,12.903248013312236,80.11030588038813,15.927934497173368,0.8371615990114876,0.013063627691432284,0.00043040807420010804,0.07987887994527325,1,0
2025-11-27 16:03:41.058601,1,12.903252674454107,80.1104319229545,13.686742321504648,-0.9345606585857811,0.045444303329974414,-0.06251535372752895,0.029028293126686398,1,0
2025-11-27 16:03:42.058601,1,12.903261306879207,80.11055324366446,13.199560328551378,1.203812294913075,-0.012863721459255167,0.01854733358537354,0.015388262915909348,1,0
2025-11-27 16:03:43.058601,1,12.90326705383382,80.11070123828718,16.071663108654224,-0.7010868226106184,0.00828384714711664,-0.02033959731124639,0.055140096247126576,1,0
2025-11-27 16:03:44.058601,1,12.90326580399503,80.11080467699571,11.225016501225044,-1.7643144254057639,0.05263427860551429,0.008700103797855126,0.1007000571066902,1,0
2025-11-27 16:03:45.058601,1,12.903274361359573,80.11091682691084,12.20663636101532,1.5527660468342768,-0.045367893836996145,-0.06491302606819599,0.004235895032757534,1,0
2025-11-27 16:03:46.058601,1,12.903288041533992,80.11105162378814,14.70589884813682,-1.5296039939636579,0.035031687035820915,0.06765331843178454,0.08554321335317225,1,0
2025-11-27 16:03:47.058601,1,12.903295216202403,80.11113455444162,9.034194998223946,-0.446336217524135,0.2153933239122153,-0.03937226106474356,0.09438903417622768,1,0
2025-11-27 16:03:48.058601,1,12.903301998293317,80.11125996513928,13.629265877346489,1.2189130218195412,-0.31409304932503596,-0.07667228344539755,0.02909409409397267,1,0
2025-11-27 16:03:49.058601,1,12.903309818480263,80.11136376848212,11.297311652955699,1.4229838797124457,0.11746791564092066,0.03945105544961429,0.07655274313357126,1,0
2025-11-27 16:03:50.058601,1,12.903320820416068,80.1115123605501,16.170201559832712,-0.46100258467652333,-0.2638840005582616,0.05826768656986929,0.013569536450652127,1,0
2025-11-27 16:03:51.058601,1,12.903323181928746,80.1116131098691,10.935488283532507,-2.638020087923457,-0.17130003405870828,0.05962384065512932,0.08178202191053427,1,0
2025-11-27 16:03:52.058601,1,12.90331978397672,80.11170944935577,10.46065750221044,-2.2947507231067052,0.24659344150407322,0.019067005340476055,0.06162441337647579,1,0
2025-11-27 16:03:53.058601,1,12.90332546239465,80.11176518809052,6.081163794345864,1.357038477952571,-0.07995706608076687,-0.0337795526343426,0.061752990019263335,1,0
2025-11-27 16:03:54.058601,1,12.903338704877738,80.1118863262159,13.227124665828924,2.7467624210334605,0.029874027491026946,-0.0650523665922762,0.07853127043769575,1,0
2025-11-27 16:03:55.058601,1,12.903352706205826,80.11198696615389,11.031126290499124,-2.352955164506327,0.06799764757670017,-0.02608024797651874,0.06856857536945264,1,0
2025-11-27 16:03:56.058601,1,12.903362180548816,80.11206187851786,8.196890683551647,2.843077647172438,0.093581655796088,0.042275870689464305,0.10994133300700806,1,0
2025-11-27 16:03:57.058601,1,12.903375447870463,80.11221493075844,16.67326966829164,1.3357350729683575,-0.22151514276423212,-0.012863930498650412,0.03167296759144553,1,0
2025-11-27 16:03:58.058601,1,12.903388205312101,80.11230962354432,10.372810461742425,-3.2844831255716826,-0.012939150628273636,-0.059235787274311946,0.06306300396688219,1,0
2025-11-27 16:03:59.058601,1,12.903402202627653,80.11240112303788,10.05015305209934,-1.9491205527940365,-0.09912415389621915,0.048109095281565685,0.026305632007826596,1,0
2025-11-27 16:04:00.058601,1,12.903410218713955,80.11245645231489,6.069743848699095,4.534818038385576,0.06691694106224391,0.006371651244421097,0.0208439743722785,1,0
2025-11-27 16:04:01.058601,1,12.903428991399664,80.11262818019384,18.751040295511626,2.3286587108349317,0.021575572316349788,0.026477987897962775,0.10792751355425922,1,0
2025-11-27 16:04:02.058601,1,12.903445102632165,80.11273219618046,11.42840264356495,-4.3458246474443385,0.1925259477082537,-0.041170524083688737,0.10884034473054197,1,0
2025-11-27 16:04:03.058601,1,12.90345843795582,80.11281696426256,9.317220923683779,2.353100705113959,-0.08066378372731452,-0.06460559131815055,0.07894853215610641,1,0
2025-11-27 16:04:04.058601,1,12.903491245386466,80.11295814354557,15.748706332802433,1.3591082773200995,0.04356824857717985,0.002930055664891698,0.06240574191663633,1,0
2025-11-27 16:04:05.058601,1,12.903515687633044,80.11306316018236,11.715713339615453,0.5580867431404135,-0.10884053256001319,0.01588259432408354,0.07443052500809605,1,0
2025-11-27 16:04:06.058601,1,12.903550532234616,80.11321599988376,17.03223420851566,-0.06008774999006031,0.07470490342313399,-0.07733839799787406,0.04275165927995655,1,0
2025-11-27 16:04:07.058601,1,12.90358078210882,80.11331418675131,11.173767767371583,-4.6393927724358575,0.15403315425795952,0.03832113744206183,0.014467682250303593,1,0
2025-11-27 16:04:08.058601,1,12.903599325392683,80.11339143362733,8.632510336068863,1.2235446328367987,-0.0562413415432682,0.1110739579264931,0.06035942566447191,1,0
2025-11-27 16:04:09.058601,1,12.903624079467862,80.11351485547846,13.673086378603946,1.4104805533684348,-0.28734881037729804,-0.06365906607385487,0.04016321555159233,1,0
2025-11-27 16:04:10.058601,1,12.903650735525687,80.11361742396498,11.51850626025284,0.7661696758722446,0.03639422270777861,-0.05418659139525812,0.10030168034561295,1,0
2025-11-27 16:04:11.058601,1,12.90368301382899,80.11375040389443,14.870334099200376,-0.3434714564985605,-0.30091510490469703,0.1388703818882861,0.11530920490333742,1,0
2025-11-27 16:04:12.058601,1,12.90370594143912,80.11385192050864,11.307405037022768,0.04409477348903827,0.03178220214133373,-0.09480319441851179,0.03830238884585941,1,0
2025-11-27 16:04:13.058601,1,12.90375087695964,80.11398158322173,14.932495307826649,0.6034406225766227,-0.06203420590581809,-0.07055317141287018,0.08907327928208686,1,0
2025-11-27 16:04:14.058601,1,12.90379150208466,80.11408910766094,12.513293034406628,-3.7730630890156207,0.044641719162103376,-0.07716955222762877,0.0634198290495338,1,0
2025-11-27 16:04:15.058601,1,12.903814793646882,80.11415418864065,7.522887175830173,0.9866920167718596,0.1484920375780903,-0.03832643738741679,0.0708827151397658,1,0
2025-11-27 16:04:16.058601,1,12.903872353571053,80.11427739015167,14.824876262939924,4.074193232957859,-0.14119500246849934,-0.0855241599021855,0.06078196239710102,1,0
2025-11-27 16:04:17.058601,1,12.903936928668205,80.11440483576288,15.585886558375924,-1.9555527563472026,-0.2620762110789043,-0.013892031466946807,0.08789459980090775,1,0
2025-11-27 16:04:18.058601,1,12.90398060030119,80.11449931574604,11.346311534110376,-1.9717382060932178,0.016254685763670597,0.021149063277145733,0.11189208725069509,1,0
2025-11-27 16:04:19.058601,1,12.904023396917701,80.11459830521558,11.750480241814316,-0.49204038846596165,0.28320617425501327,0.006269759000354612,0.05987344471968287,1,0
2025-11-27 16:04:20.058601,1,12.904071302502482,80.11468826904589,11.12365879252249,-1.7452750151454839,-0.16933983705953182,-0.07721098120166596,0.027830459167602222,1,0
2025-11-27 16:04:21.058601,1,12.90410402174139,80.11476130602128,8.722160156445064,-1.27013790598848,-0.20490823743206052,-0.022072651615536787,0.03809524081561699,1,0
2025-11-27 16:04:22.058601,1,12.904134796423774,80.11483662647082,8.861991269769062,1.1744386366958683,-0.06279336684795064,0.03366107906704218,0.07500111910675782,1,0
2025-11-27 16:04:23.058601,1,12.904168805361252,80.11492957657653,10.773157784428014,0.9203522267117561,-0.13169070668270175,-0.0016603501189522696,0.05384649613118169,1,0
2025-11-27 16:04:24.058601,1,12.904189872073488,80.11502863533323,11.001737859425953,1.1700443191792282,0.02763638040479543,0.0547493572190831,0.12073920221321587,1,0
2025-11-27 16:04:25.058601,1,12.904217210442427,80.11514989953814,13.505749476240512,-0.26719693476062,0.010542374338959841,-0.045372446136875855,0.0754052021931434,1,0
2025-11-27 16:04:26.058601,1,12.904232917440545,80.11524634197852,10.610053372767066,-0.318787378172668,-0.189928735499314,0.01984280243875325,0.10469994511470887,1,0
2025-11-27 16:04:27.058601,1,12.90426187022079,80.11535773718677,12.509832617155555,4.408069691168413,0.29544939477549526,-0.10063423005133781,0.10232488140563864,1,0
2025-11-27 16:04:28.058601,1,12.904299008085657,80.11552626582241,18.748562774275364,0.4095048781931407,-0.16143919109939103,0.15023525320838285,0.04959929040391069,1,0
2025-11-27 16:04:29.058601,1,12.904307753491793,80.11564782214458,13.225978767739226,-7.196707256687621,-0.01911925718991832,0.08990892682233835,0.018573977086060137,1,0
2025-11-27 16:04:30.058601,1,12.904308874774815,80.11569283751228,4.886220803589843,-0.9802909789687696,0.004120175460407587,0.06074077773353952,0.09876192191618999,1,0
2025-11-27 16:04:31.058601,1,12.904314057874863,80.11580168034374,11.82464193699012,2.7363954246955373,0.08065057304871819,0.0271409795978962,0.08025912494970965,1,0
2025-11-27 16:04:32.058601,1,12.904327909730231,80.11589706168698,10.464085302018317,0.47662780407490224,-0.0904083675952344,0.03191844447121296,0.07132022583690611,1,0
2025-11-27 16:04:33.058601,1,12.904349321275555,80.11602011430486,13.56353592115865,1.2052559586567686,-0.08348597989284316,0.017739460309924945,0.09292266277717057,1,0
2025-11-27 16:04:34.058601,1,12.904366556546943,80.11613669408949,12.794766270931213,-0.2815539782437273,-0.018851152467947777,0.05185859216735289,0.05215374061612363,1,0
2025-11-27 16:04:35.058601,1,12.90439756279665,80.11624987391554,12.756984700646576,-3.237471957207442,0.21334770790952978,-0.04355269864873792,0.012562063906583668,1,0
2025-11-27 16:04:36.058601,1,12.904413935724396,80.11631298893114,7.087004035570765,-0.4085765945467824,-0.016268411896084935,-0.027029015689154945,0.06513562221253508,1,0
2025-11-27 16:04:37.058601,1,12.904445241230064,80.11641996496664,12.119825361921459,2.189273501992243,0.14606706189840543,-0.04440886280950734,0.09643918774677233,1,0
2025-11-27 16:04:38.058601,1,12.90448005126683,80.11651961037595,11.485952944524934,2.061870827275374,-0.14380251271131564,0.030867765360588037,0.041963011615113954,1,0
2025-11-27 16:04:39.058601,1,12.904525455190578,80.11665847961653,15.893809148361548,0.29325958971620125,0.05545854620253988,-0.045263310358917924,0.10377520863369488,1,0
2025-11-27 16:04:40.058601,1,12.904562885502644,80.1167606948703,11.848241507670744,-2.218201673453056,0.03283629430062578,-0.08771856144094732,0.05312411951874002,1,0
2025-11-27 16:04:41.058601,1,12.904604022545582,80.116861446491,11.852929520561966,1.8529391808221196,0.045185967453790145,-0.09435903965668915,0.034725806323090885,1,0
2025-11-27 16:04:42.058601,1,12.904659828499403,80.11698641615862,14.915749948892977,-2.173582816448337,0.3301751680847663,-0.017835573372315824,0.03554366944488868,1,0
2025-11-27 16:04:43.058601,1,12.904693677047751,80.1170504819718,7.907301308191297,-0.9236411631583095,0.10283241050895577,-0.031908145800951415,0.0571961027497402,1,0
2025-11-27 16:04:44.058601,1,12.904746969709334,80.11715634737509,12.928925298097084,4.069717377155954,-0.04976465918711308,-0.016467751928048308,0.019225786678040757,1,0
2025-11-27 16:04:45.058601,1,12.904827051795232,80.11727905978488,16.024242529106495,1.6201429024669187,-0.21092270374189828,-0.12773387798839836,0.013112309711236662,1,0
2025-11-27 16:04:46.058601,1,12.904905356823411,80.11740204017055,15.939374079999432,-1.555412455502441,0.12838817312762846,0.007398761093383839,0.06418061004350721,1,0
2025-11-27 16:04:47.058601,1,12.904964570167383,80.11750303996706,12.789072726467571,-2.698463839351922,0.1459491216218882,0.05451485902934838,0.09470123511799608,1,0
2025-11-27 16:04:48.058601,1,12.90500589159662,80.11758456388266,9.970652945413235,-2.4758193858473634,-0.07932186109488941,-0.008232458343361053,0.0772678798773936,1,0
2025-11-27 16:04:49.058601,1,12.905037431705546,80.11765107530123,8.025891469498253,0.8987472496930293,-0.2970238402658713,0.07563576090369356,0.027906138271145107,1,0
2025-11-27 16:04:50.058601,1,12.905077533096728,80.11775567879074,12.196841363245472,3.867559819260871,0.15885422015981746,-0.04249656694503095,0.08727336492740183,1,0
2025-11-27 16:04:51.058601,1,12.905136707280812,80.1178803420073,15.045865572049877,-5.957687341804958,-0.0001084904415087976,-0.009818908409423024,0.07811404384348408,1,0
2025-11-27 16:04:52.058601,1,12.905136756651723,80.117880440786,0.012045407493789151,-7.672413517079692,0.047697965256395906,0.011467433853699305,0.04127987580941795,0,0
2025-11-27 16:04:53.058601,1,12.905137541248955,80.11788183382836,0.1745784832174747,-0.38066742692940236,-0.18574724998019265,-0.05947810621191624,0.01692192143411772,0,0
2025-11-27 16:04:54.058601,1,12.905137791756006,80.11788217956916,0.04674541873970016,0.21379722530191284,0.021387023012555472,-0.02173286946797267,0.004452847387580094,0,0
2025-11-27 16:04:55.058601,1,12.905139182937457,80.1178842255022,0.2706836048158893,-0.06065201083203824,0.0030850116775923485,-0.025135447164679595,0.009401171469207463,0,0
2025-11-27 16:04:56.058601,1,12.905139967731897,80.11788551178424,0.16466162123552716,0.4490634205994672,0.07696320024030903,0.024700857719284257,0.015673128823147305,0,0
2025-11-27 16:04:57.058601,1,12.905141164275339,80.11788745810405,0.24969098156564043,0.12187903059272295,-0.13906234889189828,0.1323721231557,0.021389172852861574,0,0
2025-11-27 16:04:58.058601,1,12.905141779156734,80.11788864184493,0.14554754050694266,-0.024816969869573713,0.20951125567064724,-0.09900423490298485,0.014114024555642184,0,0
2025-11-27 16:04:59.058601,1,12.905142213099635,80.11788945037924,0.10015394356135879,0.18597466703764198,-0.13125720294156526,0.017875833191729015,0.02110789525616617,0,0
2025-11-27 16:05:00.058601,1,12.905142719423853,80.11789033738725,0.11153856174619395,0.2965557536798733,0.042651473016988246,-0.00557094071758483,0.0107393624714398,0,0
2025-11-27 16:05:01.058601,1,12.905142777431285,80.11789044743452,0.013575394136263163,-0.21939802171613293,-0.09262098877162049,0.03655886655153837,0.00580761514718547,0,0
2025-11-27 16:05:02.058601,1,12.905143458162138,80.11789180980499,0.16612188093217076,-0.1804240402366837,-0.07837440339764251,0.08847332565044838,0.008167324005939194,0,0
2025-11-27 16:05:03.058601,1,12.905143751372542,80.117892493931,0.0810935508309147,-0.07040698762015465,-0.15704710117348256,0.05721805465082183,0.02721387822797552,0,0
2025-11-27 16:05:04.058601,1,12.90514470573821,80.11789448474384,0.24073446215012048,0.1500745331463564,0.059079889645100345,-0.035784579288511406,0.015914199530078537,0,0
2025-11-27 16:05:05.058601,1,12.905145242717815,80.11789538524495,0.11454770175151681,-0.27088460682835674,0.06801126934818616,-0.02385716924181197,0.033296381369830715,0,0
2025-11-27 16:05:06.058601,1,12.905146133439986,80.11789670360912,0.17405963596448987,0.005729664437744544,0.0067305703126577816,-0.005671114960497686,0.015939763549321105,0,0
2025-11-27 16:05:07.058601,1,12.90514675790871,80.11789751123709,0.11185928516655343,-0.3478388955041781,0.11710415965116716,0.0038146417500477363,0.0269536469661755,0,0
2025-11-27 16:05:08.058601,1,12.905148149575547,80.11789939739523,0.2566886323260076,0.018898977835849512,0.08146580800302237,0.0545783438566526,0.01795388212107064,0,0
2025-11-27 16:05:09.058601,1,12.905148472123178,80.11789988033017,0.06352443227162495,0.05027704795276185,-0.022602547336214637,0.01273855753159494,0.006360596278773315,0,0
2025-11-27 16:05:10.058601,1,12.905149387701591,80.11790145497831,0.1989550413359083,-0.17914993742019206,0.17020084105238703,0.05811958577701451,0.013862249330847816,0,0
2025-11-27 16:05:11.058601,1,12.905149593651869,80.1179017713289,0.04127929452417909,-0.01414699655974526,-0.014982969965833745,-0.018262087540347374,0.039201806035433905,0,0
2025-11-27 16:05:12.058601,1,12.905150531068895,80.11790313839855,0.18136883116467192,0.1548957803555333,0.12851853178957143,0.014641253084391653,0.0204598303148263,0,0
2025-11-27 16:05:13.058601,1,12.905150885636449,80.11790360973899,0.06460458997335145,-0.22890197909753535,-0.039045814604917184,-0.013943898477431757,0.037000701714839934,0,0
2025-11-27 16:05:14.058601,1,12.905151362750626,80.11790427682267,0.08978064877528392,0.14347153582561778,-0.04065565226820868,0.07664685598787924,0.013274889962359744,0,0
2025-11-27 16:05:15.058601,1,12.905151979136448,80.11790516151335,0.11799903639753867,0.3745543769027881,0.190647663252244,-0.05915167096497477,0.010219542435484136,0,0
2025-11-27 16:05:16.058601,1,12.905153336225927,80.11790720040098,0.26789864750680115,0.3263199826482565,-0.14459568535336065,-0.009990097892788886,0.016651405876608613,0,0
2025-11-27 16:05:17.058601,1,12.905154513375978,80.11790878942712,0.2165690104293832,-0.21671570146694596,-0.08092180236728583,0.02597057086751811,0.0010897963441300282,0,0
2025-11-27 16:05:18.058601,1,12.905156125995891,80.1179106938597,0.27373466099675237,-0.04205619271202664,-0.29210128548260667,-0.08094024411393916,0.02086720710836886,0,0
2025-11-27 16:05:19.058601,1,12.905156780257265,80.11791144214322,0.10907524338514558,-0.13131765339954066,-0.12337977620974597,-0.11242276992545194,0.027215655634080176,0,0
2025-11-27 16:05:20.058601,1,12.905157952597191,80.1179126131224,0.18214437809486403,0.028150237867179555,-0.14979786950610802,0.08735022696232296,0.004672558427268775,0,0
2025-11-27 16:05:21.058601,1,12.905159107151873,80.11791401977978,0.19954105671611475,0.15300593009144967,-0.12223712847591216,0.04120673860829588,0.0004217391576061708,0,0
2025-11-27 16:05:22.058601,1,12.905159760343977,80.11791486465921,0.11701321292882462,-0.6682543656359015,-0.02624729356442298,0.018007835494616826,0.05161860355773592,0,0
2025-11-27 16:05:23.058601,1,12.90516057233363,80.11791576284679,0.13292635895890334,-0.18057668459798915,-0.07672002965322376,0.07509499287815802,0.05819066559937801,0,0
2025-11-27 16:05:24.058601,1,12.905160948594334,80.11791624273182,0.06682752804817353,-0.12888026187748966,0.1380284655707845,0.09532743576544121,0.008908692059525046,0,0
2025-11-27 16:05:25.058601,1,12.905161560006157,80.11791699750619,0.10649043153742302,0.16751446201027165,0.3299070004939195,-0.019807243989640087,0.025913965194783166,0,0
2025-11-27 16:05:26.058601,1,12.905162200435628,80.11791779578242,0.11218668530393247,0.48554221247136387,-0.10651929008800032,0.11554583896302845,0.0004911039705527351,0,0
2025-11-27 16:05:27.058601,1,12.905163482654567,80.11791961452778,0.24356049331968924,0.17095689479664616,0.14510055949354103,0.03724061994988359,0.025340730647128558,0,0
2025-11-27 16:05:28.058601,1,12.905164678828159,80.117921411697,0.23613645340712364,0.11234843179325135,0.02812237821887374,0.09014943500216388,0.044317515782546925,0,0
2025-11-27 16:05:29.058601,1,12.905164789531682,80.11792156732152,0.02090537373437038,0.10570954847298107,-0.09897275679454162,0.13060262012616838,0.01096661228796716,0,0
2025-11-27 16:05:30.058601,1,12.905165853828354,80.11792315193657,0.20881247686975365,0.27576337586586863,-0.034308323431739264,-0.11682572547221544,0.006896585402324251,0,0
2025-11-27 16:05:31.058601,1,12.905166374671245,80.11792378653422,0.09001916500032354,-0.09892043878092913,-0.11710746115349135,-0.02368319863875014,0.011868387373449505,0,0
2025-11-27 16:05:32.058601,1,12.905166591992822,80.1179240100038,0.03425295830309651,0.12612357810609717,-0.08889121484735583,-0.05781646564488654,0.019563106748964994,0,0
2025-11-27 16:05:33.058601,1,12.905167981218321,80.1179255457925,0.2273499122989664,0.38462402677430085,0.30017204286056953,-0.04564893895349634,0.004311600990881187,0,0
2025-11-27 16:05:34.058601,1,12.905168970376474,80.11792662800134,0.16098092640762798,0.26352031566660716,0.0904187711000076,0.031970039142367235,0.0032970500586241183,0,0
2025-11-27 16:05:35.058601,1,12.905170287552144,80.11792790475063,0.20172552395368687,0.3244399377464526,-0.17556988446986366,0.02354093285186827,0.028023508098674835,0,0
2025-11-27 16:05:36.058601,1,12.905171012146358,80.11792861597779,0.11163499604621996,-0.08341734567041954,-0.08508863806813714,-0.10362586992184865,0.001749565595855542,0,0
2025-11-27 16:05:37.058601,1,12.90517173405611,80.11792936469591,0.11427477758753296,-0.06316870426263112,0.04648842109441416,-0.06773107947044499,0.020600848371581965,0,0
2025-11-27 16:05:38.058601,1,12.90517324135848,80.11793073847299,0.22444591575371925,0.04974983467256725,-0.17981092963981019,-0.03418716787920635,3.666643510777156e-05,0,0
2025-11-27 16:05:39.058601,1,12.905173822651264,80.11793133805247,0.09176158149385492,-0.35256715258841165,-0.062458642099644544,0.03081688507730382,0.024236988945095076,0,0
2025-11-27 16:05:40.058601,1,12.90517468872021,80.1179323660926,0.14744177159481356,-0.36919003497919556,-0.018824333165598853,0.04975188856935187,0.0076757905391432995,0,0
2025-11-27 16:05:41.058601,1,12.905175959399752,80.11793398627346,0.2256468014659661,0.06365103650250192,0.1402160375155413,-0.045346898414632915,0.006969052365394938,0,0
2025-11-27 16:05:42.058601,1,12.905176362661821,80.11793442929566,0.06577364154797928,0.1822589843127927,0.0434638553460279,0.02038284040904364,0.031033858187231186,0,0
2025-11-27 16:05:43.058601,1,12.905178049884649,80.11793632986672,0.2789414512988087,0.04583862473379072,0.2997262407895855,0.06139058391129107,0.009585094201534076,0,0
2025-11-27 16:05:44.058601,1,12.9051794275318,80.11793809424479,0.24530276145452443,-0.4516112120664112,-0.3733446759044174,0.02727026222087348,0.010732105323862914,0,0
2025-11-27 16:05:45.058601,1,12.905179861694004,80.11793860487217,0.0735252088422331,0.29293334097559104,-0.20382749034888986,0.019144120283855634,0.03892313320132777,0,0
2025-11-27 16:05:46.058601,1,12.905180573093812,80.11793936259853,0.11415705794329732,-0.18458641318708277,-0.033020577884813926,0.01730166913241142,0.026453116415039793,0,0
2025-11-27 16:05:47.058601,1,12.905181763532996,80.11794047473528,0.1792336174481816,0.2898398617731237,0.005606018152107067,-0.10919645805503923,0.005104176522246303,0,0
2025-11-27 16:05:48.058601,1,12.905183593648324,80.117942004149,0.26276794925309216,-0.030615670293640474,-0.1404417000261228,-0.11407520419249655,0.0007905703054299471,0,0
2025-11-27 16:05:49.058601,1,12.905184201279218,80.117942474239,0.08471920322441355,-0.10041564504751398,-0.15286924014421785,-0.010384595456311482,0.009438069241559679,0,0
2025-11-27 16:05:50.058601,1,12.905184916965412,80.11794306982813,0.10258679907357887,0.351476310109628,0.09940674540499586,0.12163825974369001,0.02516961060218264,0,0
2025-11-27 16:05:51.058601,1,12.90518659665988,80.11794466944951,0.25512981148311703,0.15419494952549218,0.049295362798064395,-0.08447240333606082,0.015098444222171714,0,0
2025-11-27 16:05:52.058601,1,12.905188693638456,80.1179463539229,0.29648214011638024,0.28303680400387393,0.1232394912132369,-0.04387927682866417,0.029161719304429436,0,0
2025-11-27 16:05:53.058601,1,12.905188992991675,80.11794661165416,0.043504164486888604,-0.4673832453232626,0.1964216335374333,0.03720412526117991,0.0008995271317014509,0,0
2025-11-27 16:05:54.058601,1,12.905190540761325,80.11794806712005,0.23372911572464883,0.0480787474867156,-0.03506269334723177,0.06998474162290219,0.0160940134280514,0,0
2025-11-27 16:05:55.058601,1,12.90519163111623,80.11794918368719,0.17149978480353342,0.0226792065698061,-0.12729790454956463,0.08820140449894232,0.0021890951174525263,0,0
2025-11-27 16:05:56.058601,1,12.905192570440057,80.1179502827196,0.15860641741779158,-0.030732101622837963,0.03368879595571929,0.06467921531658512,0.012739322123058687,0,0
2025-11-27 16:05:57.058601,1,12.905193330791816,80.11795104696759,0.11849682387486676,0.29668101095268545,0.1456595723032539,-0.13856495421892318,0.002060404214593393,0,0
2025-11-27 16:05:58.058601,1,12.90519415188056,80.11795176974111,0.1204392597711155,0.28357764048123013,0.06004705181573766,0.02033236985125518,0.030098657641732345,0,0
2025-11-27 16:05:59.058601,1,12.905195562640172,80.11795317737455,0.21907456548629048,0.014042249521492293,-0.24223992257929716,0.10351336860704699,0.03782362523739578,0,0
2025-11-27 16:06:00.058601,1,12.90519597755685,80.11795364808664,0.06886396658330082,-0.27728270510923514,-0.048539193757278956,-0.030693461364669737,0.0013113423536150162,0,0
2025-11-27 16:06:01.058601,1,12.905196624185706,80.11795424062676,0.09651720450578338,0.2370081193574502,-0.08101433184852393,-0.0681718778770021,0.00034041915003263894,0,0
2025-11-27 16:06:02.058601,1,12.905198628366866,80.11795588577132,0.28573349320731417,0.021275880596178832,-0.09520061980798648,0.02277320418388315,0.006311436388643124,0,0
2025-11-27 16:06:03.058601,1,12.905199561324837,80.11795674003805,0.13920819018157282,-0.260276834693177,-0.23165847268922957,-0.006312278205195879,0.009323170150579718,0,0
2025-11-27 16:06:04.058601,1,12.905201363327919,80.11795838696658,0.2686572000786896,-0.18281207366576205,0.04463581797657553,-0.026984805122330473,0.013608433329368038,0,0
2025-11-27 16:06:05.058601,1,12.905203178099386,80.11796022595666,0.2839579132846511,0.14076495832378527,0.17259667110454543,0.051383673967276944,0.012121788450065075,0,0
2025-11-27 16:06:06.058601,1,12.90520452668584,80.11796160970866,0.21232708333521585,-0.2821509706845848,0.0366214233740236,-0.023553744998247958,0.057893393471647465,0,0
2025-11-27 16:06:07.058601,1,12.905204888594302,80.11796201280069,0.05946635066807456,0.21830291579455946,-0.13663384621547472,0.0016242355702053568,0.030193693472411857,0,0
2025-11-27 16:06:08.058601,1,12.905206130693957,80.1179632158225,0.19015642407407413,0.13037914905851417,0.1665443537881976,-0.07044924695161116,0.006198078453286681,0,0
2025-11-27 16:06:09.058601,1,12.905207466487388,80.1179643933871,0.1960586710944701,-0.22422238426709257,-0.10560819424027063,-0.0054217356985151455,0.01810761919141033,0,0
2025-11-27 16:06:10.058601,1,12.90520752795152,80.11796444319731,0.00871944004315508,-0.0676913325810173,-0.017845172194078888,-0.010392434059974094,0.011084499736467182,0,0
2025-11-27 16:06:11.058601,1,12.905208973361143,80.11796567130885,0.20892271564938253,0.37314669476258966,0.11307324496873444,-0.01224371581209837,0.04317309297952821,0,0
2025-11-27 16:06:12.058601,1,12.905210046401777,80.11796666237447,0.16072809454202938,-0.5205511756227836,0.008018475630240206,0.10909646179259092,0.011072436168792294,0,0
2025-11-27 16:06:13.058601,1,12.90521134993602,80.11796790484412,0.19807409541416152,0.08947947739450007,-0.03916137226753067,-0.015998829444913196,0.0021512214839842676,0,0
2025-11-27 16:06:14.058601,1,12.905213082779818,80.11796947190102,0.2571471129781126,0.037851304280352646,-0.0015419405683482089,0.04183231299582795,0.010557053813111285,0,0
2025-11-27 16:06:15.058601,1,12.905214212982118,80.1179704965528,0.16790274863698973,0.2948882302472746,-0.015499642280724837,-0.010688500127721774,0.010203538408211324,0,0
2025-11-27 16:06:16.058601,1,12.905214842653546,80.11797105238024,0.09247141901057838,-0.23425219057265817,-0.06438379933867655,0.032557414269427855,0.011715953787043976,0,0
2025-11-27 16:06:17.058601,1,12.905215458296448,80.11797159899128,0.09063574876560866,0.0849866706471777,0.15035042970720194,-0.0379629702466192,0.00582895525232456,0,0
2025-11-27 16:06:18.058601,1,12.90521586793404,80.11797197997123,0.0615503932431399,0.13309110863520246,-0.025232900238696277,0.01161205375098864,0.020211328866016107,0,0
2025-11-27 16:06:19.058601,1,12.905216575305667,80.11797265678993,0.1076773002735508,-0.12859254892384153,-0.08330252578402744,-0.02894499428811953,0.021779259964154085,0,0
2025-11-27 16:06:20.058601,1,12.905217751021777,80.11797376871941,0.17800998787560918,-0.1278396347006615,-0.03599366622385524,-0.12080212613083861,0.0022107298167512576,0,0
2025-11-27 16:06:21.058601,1,12.905219699084796,80.11797532827568,0.2750737840719759,-0.16785864003235146,0.15455155879467733,-0.15759002780646636,0.03704801951010081,0,0
2025-11-27 16:06:22.058601,1,12.905219778505213,80.11797538472814,0.010755859537557111,0.07624550436208463,-0.09023527128629596,0.04511794311827533,0.021004160283259403,0,0
2025-11-27 16:06:23.058601,1,12.905220271428766,80.11797572047497,0.06586540061065416,0.07849421882620405,0.03852049304456228,-0.07780477499175223,0.011884184659874142,0,0
2025-11-27 16:09:43.058601,2,12.898498770565489,80.10263271464942,0.18783667104777807,0.2553597387373103,-0.0722738257678155,0.0401248425007559,0.02492280057286861,0,0
2025-11-27 16:09:44.058601,2,12.898500484599118,80.10263306294958,0.1945133243588348,0.27916192374433657,-0.11888360986797189,-0.05623675985576401,0.032098314825171885,0,0
2025-11-27 16:09:45.058601,2,12.898501860983309,80.10263328987328,0.15518510618142317,-0.18126469160010866,-0.011447188054538088,0.04732863019333176,0.0293628735795981,0,0
2025-11-27 16:09:46.058601,2,12.898504210627854,80.10263374928458,0.26627063000875395,-0.08499784228012654,0.15136870268903227,0.029167280361668164,0.03430140915946737,0,0
2025-11-27 16:09:47.058601,2,12.898506370925796,80.10263425761873,0.24672929132401464,0.01443579059644818,0.026665191997027667,-0.015258330377073338,0.03717567383025109,0,0
2025-11-27 16:09:48.058601,2,12.898508411356502,80.1026347257093,0.23275061345510256,-0.08857804922531208,-0.09798634928424331,0.04377281776627832,0.0017517595253160698,0,0
2025-11-27 16:09:49.058601,2,12.898510763320752,80.10263525560501,0.26806017321373254,0.01915207238563584,-0.17648916622501534,0.05448052579966582,0.0010464439284946826,0,0
2025-11-27 16:09:50.058601,2,12.898512644449214,80.1026355885676,0.21250122328065002,-0.29016273054013125,-0.10431608257058589,-0.06997084235234205,0.011109432733092992,0,0
2025-11-27 16:09:51.058601,2,12.898514657996865,80.10263581896153,0.22553801521935632,0.09612550698352428,-0.05510212958562419,-0.07237000736040333,0.01926807388299126,0,0
2025-11-27 16:09:52.058601,2,12.89851610916007,80.10263588449232,0.1616999141516645,0.0019032288968374514,-0.19982082631910966,-0.03130564634720798,0.0036064293096044267,0,0
2025-11-27 16:09:53.058601,2,12.898517144505137,80.10263592447214,0.11533623119246496,-0.0011776633979220241,0.04608364391841897,0.008542951369319839,0.02366818312219089,0,0
2025-11-27 16:09:54.058601,2,12.898519475082113,80.10263610505022,0.26017874221705617,0.1430467907382908,0.1173233371054346,0.0949167379418715,0.012108918413877312,0,0
2025-11-27 16:09:55.058601,2,12.89852051332522,80.10263621935988,0.11624091457486675,0.04761693533472715,-0.07478470705956591,-0.09332978162718586,0.019033011068439697,0,0
2025-11-27 16:09:56.058601,2,12.898522429522243,80.10263645196012,0.21479908678797563,0.28408202610938155,0.12215735146936188,-0.0349712843942932,0.007217121195575084,0,0
2025-11-27 16:09:57.058601,2,12.898522494831074,80.10263646035062,0.007326966889157671,0.10629108130025983,-0.0037154531495374784,-0.01961472457316555,0.02121220512201755,0,0
2025-11-27 16:09:58.058601,2,12.898522996783049,80.10263654227455,0.05658001326397315,0.2913631313216059,-0.07060117929324763,-0.043896651925018286,0.0023430435682529295,0,0
2025-11-27 16:09:59.058601,2,12.898523390447448,80.10263660122078,0.04428706089043109,0.05471828739901121,-0.05124530303523252,0.03105796483280182,0.016513297010826253,0,0
2025-11-27 16:10:00.058601,2,12.898523632113712,80.10263665507192,0.027529601882911536,0.32608698383968704,-0.037977968108460165,0.11397153903770349,0.024196271036284505,0,0
2025-11-27 16:10:01.058601,2,12.898523937243663,80.10263676060808,0.03584558891104781,-0.25122010375076914,0.05374262431183808,0.05670734037614309,0.023810072326054633,0,0
2025-11-27 16:10:02.058601,2,12.898525304769029,80.10263724591086,0.16108387502717067,0.047889923115476365,0.11143980123451727,0.05122659915166723,0.004397436420627583,0,0
2025-11-27 16:10:03.058601,2,12.898526323145624,80.10263754053037,0.11778720413944221,-0.1159643275783564,0.20869060401451067,0.07858662831219121,0.0042583826024855075,0,0
2025-11-27 16:10:04.058601,2,12.89852701732131,80.1026377735997,0.08130890875692413,-0.008704840952592642,0.08226615424803295,0.05493738420390365,0.028229982868103787,0,0
2025-11-27 16:10:05.058601,2,12.898528895982507,80.10263823554646,0.21505599072146442,0.06103064196413759,0.06597552856432878,0.0378345977842239,0.009659620310845584,0,0
2025-11-27 16:10:06.058601,2,12.898529568059566,80.10263845516016,0.07851923462344704,-0.2667685991547798,-0.06698083063366192,-0.022517700524126313,0.02403524164764409,0,0
2025-11-27 16:10:07.058601,2,12.898529575073928,80.10263845727644,0.0008139066217833779,0.23853224062256573,0.01640080694405237,0.024666620776694848,0.014116060650037033,0,0
2025-11-27 16:10:08.058601,2,12.898530683740326,80.10263878030798,0.12829797385659797,0.07315085559957624,0.2799588771518042,-0.0785981509254744,0.0005036270943710854,0,0
2025-11-27 16:10:09.058601,2,12.89853305098539,80.10263932703057,0.2701170237259776,0.12786916236563048,-0.07347358917306411,-0.06931042185443778,0.007822563096074577,0,0
2025-11-27 16:10:10.058601,2,12.898533853885066,80.10263951374384,0.0916463555616842,0.12017199699197609,-0.025960132076831136,-0.031034541334038157,0.0038627824703807577,0,0
2025-11-27 16:10:11.058601,2,12.898534991071775,80.10263975357469,0.12923894018079696,-0.19269667680433397,0.056654787884243565,-0.038851479878935266,0.006985818638897218,0,0
2025-11-27 16:10:12.058601,2,12.898537023871455,80.10264043334517,0.23800978682361068,-0.10191142970716205,0.14430197559566288,0.07549267257842199,0.011823767642510141,0,0
2025-11-27 16:10:13.058601,2,12.898539158246294,80.1026412935238,0.2552748490720595,-0.15663378921932847,-0.0668352260568218,0.14328915571589693,0.010408197393807207,0,0
2025-11-27 16:10:14.058601,2,12.898540866467672,80.10264197963043,0.2042139798004908,-0.2862841288338827,-0.0492326830585275,-0.12970448469567916,0.016504447782378587,0,0
2025-11-27 16:10:15.058601,2,12.898542918380738,80.10264279065113,0.2447857296015958,0.01571824055440921,0.07287001851737962,-0.09815516703686397,0.00852407014391148,0,0
2025-11-27 16:10:16.058601,2,12.898544704090824,80.10264338854904,0.20910475695406675,-0.30420198391767916,0.024201466745499313,-0.0067020350808293105,0.003912800516396865,0,0
2025-11-27 16:10:17.058601,2,12.898545461823904,80.10264360317073,0.0875067700465856,-0.011867711665534152,-0.007546009358419316,-0.010894892101182413,0.010282243564366227,0,0
2025-11-27 16:10:18.058601,2,12.898546555554839,80.10264388166966,0.12544851170462787,-0.03928706723019373,-0.31685457785345683,-0.02928563624208524,0.06147377630519531,0,0
2025-11-27 16:10:19.058601,2,12.898547803907006,80.10264420031594,0.14320352715377377,0.17579840576160183,-0.20762724422970494,-0.05681728464583101,0.007903181406851088,0,0
2025-11-27 16:10:20.058601,2,12.898549708387524,80.10264478390452,0.22126235710339318,0.21598885735361711,0.4637451720175354,0.04410617250402928,0.015907983679241563,0,0
2025-11-27 16:10:21.058601,2,12.898551885815817,80.10264559117458,0.2577341925870131,-0.17169678141873612,-0.10249493432598894,-0.025666111107433512,0.01406403023326096,0,0
2025-11-27 16:10:22.058601,2,12.898554071879326,80.1026465831836,0.26609717163503604,-0.2513474131890881,-0.4404929025067073,0.07871524722962081,0.034747853540766475,0,0
2025-11-27 16:10:23.058601,2,12.898555775568273,80.10264735917075,0.2075067836400109,-0.021284150947245208,0.14696155182884232,0.10799042651459201,0.015016165159742455,0,0
2025-11-27 16:10:24.058601,2,12.89855742292691,80.10264840541562,0.21568158353991126,0.02201669513942027,0.019970081993298507,0.11084191965718238,0.03727906288907305,0,0
2025-11-27 16:10:25.058601,2,12.898559518962166,80.1026496824457,0.2713767866660057,0.16120752336636682,0.12402330299438498,-0.06294222253400494,0.008370219687747734,0,0
2025-11-27 16:10:26.058601,2,12.898561745059517,80.1026510877228,0.2909673602578965,-0.19322236295933254,0.04664201111947094,0.01451751890793845,0.004706676743208092,0,0
2025-11-27 16:10:27.058601,2,12.898562958901053,80.10265178852372,0.15505325485675367,0.24893055410870238,0.18415745069539693,-0.12348154853436541,0.008642143483762977,0,0
2025-11-27 16:10:28.058601,2,12.898565159392954,80.10265279936344,0.26839541093947944,-0.06246113829887927,-0.13721803701939173,-0.05875570992730827,0.017405838607822573,0,0
2025-11-27 16:10:29.058601,2,12.89856582064088,80.10265308587188,0.0799061732461409,0.009342612460213139,0.13037176435014133,0.005937428606759526,0.04017244373819862,0,0
2025-11-27 16:10:30.058601,2,12.89856744248796,80.10265377605756,0.19546117621411735,0.22466112165171678,-0.006803832128181089,0.08317750812814136,0.027435418154982214,0,0
2025-11-27 16:10:31.058601,2,12.898567959155171,80.1026540626392,0.06538395313326156,0.09250928729925013,0.14406336755693785,0.13037618150500008,0.021171957732707112,0,0
2025-11-27 16:10:32.058601,2,12.898568418444485,80.102654325716,0.05855764513151976,-0.12186574535212616,0.019521697246962143,-0.0059922915329620186,0.028906751283195836,0,0
2025-11-27 16:10:33.058601,2,12.898569941784734,80.10265532192606,0.20110283138613744,0.256969274758898,-0.1122402385993585,0.020747054868106532,0.0009764658088052872,0,0
2025-11-27 16:10:34.058601,2,12.898571269927707,80.1026562248996,0.17736934457115902,-0.015127716845236713,-0.25301699353280216,0.012998691263497286,0.0018065904058106633,0,0
2025-11-27 16:10:35.058601,2,12.898573650961064,80.10265749129209,0.2985609081077876,-0.3101984673100244,-0.13043188108496304,-0.14364255672142082,0.009605136255217944,0,0
2025-11-27 16:10:36.058601,2,12.898574960824648,80.10265825693574,0.167821773144026,0.11862515983379424,-0.17575787532873544,0.059132980483764294,0.006013254711903099,0,0
2025-11-27 16:10:37.058601,2,12.898575847323652,80.10265885462118,0.11808885122688767,0.06790563656595913,0.10084096396255253,0.07694734966470804,0.02225959656444557,0,0
2025-11-27 16:10:38.058601,2,12.898577276337765,80.10266019838893,0.21579478637343275,0.29624283105864313,-0.058533584602689065,0.17414161901191838,0.0003863009241643626,0,0
2025-11-27 16:10:39.058601,2,12.898578533716616,80.10266135657609,0.18811295841726858,-0.07921413889877588,0.07285006811464119,-0.02540108692789466,1.6151967989087484e-05,0,0
2025-11-27 16:10:40.058601,2,12.898578609439301,80.10266142157006,0.010990645908678565,0.27765025580842767,0.04866293646463677,-0.03937212336257995,0.012770604671489048,0,0
2025-11-27 16:10:41.058601,2,12.89857977459402,80.10266234053373,0.16360629097162876,0.07790886384990106,0.2586163715787173,0.023388641114904594,0.03189366731208418,0,0
2025-11-27 16:10:42.058601,2,12.898580151288556,80.1026627545611,0.061455876719722975,0.25439111965034056,0.16138087075967303,-0.0793598820246247,0.0003722597369690131,0,0
2025-11-27 16:10:43.058601,2,12.898581458818986,80.10266396100872,0.19576578587017693,-0.0023023804551466215,0.09890982331720212,-0.06889746727093307,0.01122817340035324,0,0
2025-11-27 16:10:44.058601,2,12.89858182843913,80.10266429163906,0.05459089278573842,0.05849303683124729,-0.20526723717021042,0.039530581362485,0.003969536433673659,0,0
2025-11-27 16:10:45.058601,2,12.898582146518544,80.10266463938349,0.05174584764671245,-0.06220803700864039,0.06403265163918107,0.031174182767359573,0.009264151040983874,0,0
2025-11-27 16:10:46.058601,2,12.898583758037237,80.10266650053808,0.27012677507782124,0.045635261871269706,0.050612832729960124,-0.046956083160181364,0.03638187962329883,0,0
2025-11-27 16:10:47.058601,2,12.898584320301206,80.10266708098985,0.08879654953798204,-0.021828915283981558,0.0006130148627442808,-0.034629774804411484,0.0026584963842146187,0,0
2025-11-27 16:10:48.058601,2,12.898585507997566,80.10266855344966,0.20738781413282562,0.060172998912842134,-0.1802339917251881,0.040019515173862846,0.01234159276094105,0,0
2025-11-27 16:10:49.058601,2,12.898586849368986,80.10267060135784,0.26772923012584693,0.019865454302767413,-0.08208015972328385,0.03884855670863842,0.026163590082279222,0,0
2025-11-27 16:10:50.058601,2,12.89858800661626,80.10267231117004,0.22587279025317297,0.28434787549044244,0.02073462440290015,-0.05068047271317766,0.015516754251199343,0,0
2025-11-27 16:10:51.058601,2,12.89858931093288,80.10267421097329,0.2521501961297843,-0.14801149284000453,0.1302493051821877,-0.09438737927903476,0.005603407943655443,0,0
2025-11-27 16:10:52.058601,2,12.89859100704746,80.10267634889854,0.2991127892991164,-0.15260871006188517,0.10728508228635085,-0.04605539080378024,0.014478754258055046,0,0
2025-11-27 16:10:53.058601,2,12.898592025036235,80.1026776146683,0.17806465497911286,0.031802410916245916,0.09949790127583677,-0.011470731145192512,0.018866200772109026,0,0
2025-11-27 16:10:54.058601,2,12.898592200291887,80.10267781948788,0.02957326694743738,-0.10654546841034526,0.128538084663002,-0.07391146130218444,0.011233724861005876,0,0
2025-11-27 16:10:55.058601,2,12.898592990740074,80.10267880774256,0.1387169634557583,-0.23165600840244255,0.012446498688987895,0.06699413820377301,0.013855852827147517,0,0
2025-11-27 16:10:56.058601,2,12.89859446396387,80.10268075082273,0.26711733650146613,0.10672663940833689,-0.08175762135701058,0.07369214027607256,0.034035191565531704,0,0
2025-11-27 16:10:57.058601,2,12.89859519589564,80.10268165368927,0.12742483614699512,-0.09924801726053295,-0.04143361526486531,-0.07085788724828597,0.021034452101380295,0,0
2025-11-27 16:10:58.058601,2,12.898596219477081,80.10268272456963,0.16274665486967996,0.002235252950132556,-0.12053916121298766,-0.0012814625441777139,0.013223031135930987,0,0
2025-11-27 16:10:59.058601,2,12.898596537734514,80.10268302376902,0.04805458129982304,0.008162225105147747,0.009978305242104359,0.055281995343328866,0.020217994204682867,0,0
2025-11-27 16:11:00.058601,2,12.898596666126387,80.10268314968664,0.019772909992772567,-0.4269673654147831,-0.049211762400072814,-0.038541928319058893,0.029177614255415766,0,0
2025-11-27 16:11:01.058601,2,12.898597177970744,80.10268355656302,0.07208207636233178,-0.07617099124649147,-0.1825571302942763,-0.0522201161443957,0.0078110666667727735,0,0
2025-11-27 16:11:02.058601,2,12.898598324589264,80.10268455948123,0.16773742912113188,0.34257492575721016,0.08399517291451478,-0.009625537162320466,0.0162088840193896,0,0
2025-11-27 16:11:03.058601,2,12.898599719286947,80.10268610632163,0.22864460573692016,-0.3089177404337843,-0.14752429693215327,0.12874960752127618,0.023153438661186243,0,0
2025-11-27 16:11:04.058601,2,12.898600698602513,80.1026872835702,0.1679388359325762,0.21491119346528864,-0.031086499411276457,0.002478315802513352,0.0006352623337789233,0,0
2025-11-27 16:11:05.058601,2,12.89860250738657,80.10268927125783,0.295065866812079,-0.24372928705414254,0.20889485097681257,-0.0376203086787276,0.0379385662016389,0,0
2025-11-27 16:11:06.058601,2,12.898602752069287,80.10268952633872,0.03883356286438731,0.14782770979298038,-0.22857668786371588,-0.019541041573719414,0.017299019072168905,0,0
2025-11-27 16:11:07.058601,2,12.898603831771123,80.10269066322104,0.17223521408148917,-0.5318957092187642,-0.02518588669244851,0.06138231148761383,0.0011439499262160748,0,0
2025-11-27 16:11:08.058601,2,12.898604051685515,80.1026909490364,0.03951188728828143,-0.1510408611712444,-0.013524368523180242,-0.006516416454572391,0.024620357079542736,0,0
2025-11-27 16:11:09.058601,2,12.898605524765195,80.10269294441197,0.27160919367503694,0.005455104166572404,0.22608832797601425,0.026745063181545858,0.010671029962372043,0,0
2025-11-27 16:11:10.058601,2,12.898606094222353,80.1026938841999,0.1200746855236145,0.11493706681996455,-0.17803174472291639,0.07011901771330344,0.006719486848667295,0,0
2025-11-27 16:11:11.058601,2,12.898606296284198,80.10269420423431,0.04137562549250829,0.19016550098298413,0.1225180129394963,-0.05833702966584567,0.031114476151412333,0,0
2025-11-27 16:11:12.058601,2,12.898607467387258,80.10269606220982,0.2400886538267314,0.009435454949786898,0.155859889639146,-0.09362449119872071,0.024372775045306827,0,0
2025-11-27 16:11:13.058601,2,12.898608529476743,80.10269766405983,0.2102180162557038,-0.012293577165911609,-0.23041324403059027,-0.08138280789600122,0.04515285492882298,0,0
2025-11-27 16:11:14.058601,2,12.898609445427946,80.10269922159914,0.19738555986082484,-0.23196144354391665,-0.20046784407607737,0.06300400608571853,0.00442035671209014,0,0
2025-11-27 16:11:15.058601,2,12.898609887750675,80.10270015127047,0.11225513151899429,0.6600322440778962,0.19882535170522667,0.03218877830388461,0.0011034329835811526,0,0
2025-11-27 16:11:16.058601,2,12.898611061700356,80.1027022293903,0.26063025167032483,-0.09304216492125647,-0.047716610769263125,-0.045583816705705646,0.005623689955547049,0,0
2025-11-27 16:11:17.058601,2,12.898611985734034,80.10270391230011,0.20959218031494112,-0.03325015580122403,0.12903606135518814,0.04624130702358045,0.011972913619821342,0,0
2025-11-27 16:11:18.058601,2,12.898612688292516,80.1027052645216,0.1662726779981394,-0.2802705516217456,0.059355788803004225,0.012157815603379097,0.020543487236392953,0,0
2025-11-27 16:11:19.058601,2,12.898613850958133,80.1027073600482,0.26164253300012225,0.05869786943740564,0.35238119459407197,-0.0458393361226038,0.00013883942715019906,0,0
2025-11-27 16:11:20.058601,2,12.898615159479021,80.10270970155958,0.2928732734930859,0.03998743714946319,0.014893797036448263,0.0709461401390917,0.03506619459347911,0,0
2025-11-27 16:11:21.058601,2,12.898616026092633,80.10271153865433,0.22146153264156967,0.2941781971655942,-0.15753753701297563,0.11885701059481514,0.030984607529876657,0,0
2025-11-27 16:11:22.058601,2,12.898616418323211,80.1027128393547,0.14773989037848934,-0.5056359694147158,0.1828801677373093,0.1340200156840785,0.012907536378336276,0,0
2025-11-27 16:11:23.058601,2,12.898616486575655,80.10271309135922,0.028381188812441293,-0.26188866850333037,-0.09355491900484605,-0.03798604985393591,0.017586763230101266,0,0
2025-11-27 16:11:24.058601,2,12.898616560175785,80.10271331144398,0.02524797647689291,-0.19808156354155237,0.003354371818719865,0.03319308192759046,0.006367637394790038,0,0
2025-11-27 16:11:25.058601,2,12.89861682313721,80.10271407077548,0.08744129686536302,-0.2796625267533128,0.014823534180782917,0.006252712260079391,0.014547158134185023,0,0
2025-11-27 16:11:26.058601,2,12.898617640729029,80.1027163785619,0.26644693094852523,0.15786271567650784,-0.08568258029817122,-0.10416303741484856,0.0013116335355818935,0,0
2025-11-27 16:11:27.058601,2,12.898618645251466,80.10271839354455,0.24558378056651292,0.06304562890293675,-0.11237639043927052,-0.08288022364109128,0.009021045888202451,0,0
2025-11-27 16:11:28.058601,2,12.898618688084593,80.10271846984328,0.009554143647790803,0.02309109277513967,0.199651866060484,-0.018393511500547396,0.017070606165924995,0,0
2025-11-27 16:11:29.058601,2,12.898619326793328,80.10271967493388,0.14884562394850914,0.04954131584213909,0.0013064488180804265,0.03288828893311475,0.05071364518930815,0,0
2025-11-27 16:11:30.058601,2,12.898619739320527,80.1027204209807,0.09307246157351969,0.11164545677961862,-0.16514782713191847,0.012837053441375111,0.007749670118164936,0,0
2025-11-27 16:11:31.058601,2,12.898620654008898,80.10272210330795,0.20902836960562798,-0.09876025051279846,0.22118399593576332,-0.028842125606662612,0.00042149967804544264,0,0
2025-11-27 16:11:32.058601,2,12.898621797838318,80.10272406807326,0.24832826422464144,-0.008795202552759559,-0.155937667306383,0.0313551629467501,0.006324442494082542,0,0
2025-11-27 16:11:33.058601,2,12.898622377081628,80.10272543595978,0.16183187832553922,-0.03163861090691067,0.008993154737354323,0.19344520761622125,0.01259631107953908,0,0
2025-11-27 16:11:34.058601,2,12.89862322560394,80.10272768769386,0.2619605150742125,0.11458658078571776,-0.20862409835922804,0.07396384715645686,0.03959363005289276,0,0
2025-11-27 16:11:35.058601,2,12.898623755778214,80.10272896341141,0.15048575187143023,-0.20114851339501633,0.01331001743502562,0.08768303349106206,0.005533694388227773,0,0
2025-11-27 16:11:36.058601,2,12.898623832318131,80.10272914332629,0.021301069767964465,0.08599566502301029,0.12606700229024037,-0.06072493398220831,0.024728874132586082,0,0
2025-11-27 16:11:37.058601,2,12.89862422844958,80.10272998847059,0.10175875316163889,0.026860372287242758,-0.2850987070142576,0.060463614457058557,0.011466692759128278,0,0
2025-11-27 16:11:38.058601,2,12.898624926512479,80.1027316385062,0.19518315206992692,-0.14485373242776972,0.05703200989823476,-0.09100097783602322,0.0063697143748036,0,0
2025-11-27 16:11:39.058601,2,12.898625875555414,80.10273355844313,0.23359069023262843,0.14110152231817058,0.049389210090915785,0.14647961452645855,0.0015743937594231217,0,0
2025-11-27 16:11:40.058601,2,12.898626555582307,80.10273515013071,0.1885770376500219,-0.24062274451460886,0.061614747551509676,-0.054459973423539684,0.02954386337033641,0,0
2025-11-27 16:11:41.058601,2,12.89862660380617,80.10273527650186,0.014726021208299333,0.02516639100213315,0.1993094685973413,0.026171795506831432,0.0225625807241013,0,0
2025-11-27 16:11:42.058601,2,12.898626683418453,80.10273547135948,0.02292641275693954,0.05955800286586684,-0.0786319797203242,0.08294768655754364,0.02169418638696155,0,0
2025-11-27 16:11:43.058601,2,12.898627077903555,80.10273652436595,0.12241097476389107,0.0062619046933112266,0.17170474602230243,0.01774805381374943,0.037022537653110144,0,0
2025-11-27 16:11:44.058601,2,12.898627324968679,80.10273734114479,0.09279885097975273,0.07604681842167563,0.2751890922939739,-0.06673436280742356,0.02666276623912954,0,0
2025-11-27 16:11:45.058601,2,12.898627687782202,80.10273819070406,0.10064585911933505,0.03773763632405232,0.23046868949843588,-0.0361534445258313,0.04481827461164155,0,0
2025-11-27 16:11:46.058601,2,12.898628411336743,80.10274014565505,0.2269106210162807,-0.05244067800263082,-0.23560877123650653,0.111567149461427,0.015661368973866326,0,0
2025-11-27 16:11:47.058601,2,12.898629061950718,80.10274178113046,0.19167727202272902,-0.1628396882338915,0.15323471086102533,-0.026274836693519252,0.004870875795101552,0,0
2025-11-27 16:11:48.058601,2,12.89862922199319,80.1027422405366,0.05293859370232842,0.09306211509687964,-0.20088096896205201,0.1091571475244513,0.020201056840209754,0,0
2025-11-27 16:11:49.058601,2,12.898629725884136,80.10274432721391,0.23327213797684135,0.04051977044488214,-0.09047627493071382,0.1669967435144099,0.014353160094829079,0,0
2025-11-27 16:11:50.058601,2,12.898630094154361,80.10274604313493,0.19065614557952884,-0.40339622391847324,0.33929629367091035,0.050516984335403706,0.058016963649917264,0,0
2025-11-27 16:11:51.058601,2,12.898630302493236,80.10274707798605,0.11466278855264118,-0.1444102312100827,-0.31396557486193466,-0.0236430794529952,0.007718721672009766,0,0
2025-11-27 16:11:52.058601,2,12.898630611957003,80.10274816415762,0.12279305229460756,0.04435114034294261,-0.013071133899197762,-0.020013211144341722,0.0007964034614755958,0,0
2025-11-27 16:11:53.058601,2,12.898630861223058,80.10274903607743,0.09859806340877178,-0.2637193123847324,0.23154018742154425,-0.09680417767847496,0.0021502143592350724,0,0
2025-11-27 16:11:54.058601,2,12.89863106488849,80.10274976894483,0.08269294669174546,0.02738856350328393,0.04710255654816549,0.054635647399812706,0.025690714604674147,0,0
2025-11-27 16:11:55.058601,2,12.898631214474078,80.10275026945286,0.05680609481690347,-0.11631870274433852,0.05423401125117699,-0.03171098075379086,0.006839603120423568,0,0
2025-11-27 16:11:56.058601,2,12.898631751650273,80.10275187476769,0.18417261745459862,-0.11996807151865158,-0.06207096240652615,-0.0387853855524552,0.03663625253185533,0,0
2025-11-27 16:11:57.058601,2,12.89863267197613,80.10275435063629,0.2875306523948836,0.35851527993751653,-0.045010237765523174,-0.06653181742086639,0.02898686228380006,0,0
2025-11-27 16:11:58.058601,2,12.898632786480375,80.10275458038478,0.027999886942539985,-0.31776210091251145,-0.013379522465271096,-0.07602531629053914,0.010562436735961854,0,0
2025-11-27 16:11:59.058601,2,12.898632900435905,80.10275483001124,0.029910547576651958,-0.15163768827506985,0.13232126577330217,0.07617049368672597,0.01821285535684394,0,0
2025-11-27 16:12:00.058601,2,12.898633796248053,80.10275689606287,0.24536779838488454,-0.11361302790405972,-0.1432163024411087,0.005938679356109103,0.013024041224705142,0,0
2025-11-27 16:12:01.058601,2,12.898634315775578,80.10275861700016,0.1954913128871567,-0.5721196440862885,0.037059322984815686,0.10052285130150194,0.0003269626350874791,0,0
2025-11-27 16:12:02.058601,2,12.89863445412746,80.10275935307132,0.08134320033435512,0.022215291984520564,0.016367236251050556,0.09623016765153093,0.002735742745874255,0,0
2025-11-27 16:12:03.058601,2,12.89863469900147,80.10276152601152,0.23735855291031588,-0.00244016041837178,-0.09184626255777446,-0.03354399912099298,0.015553091246502667,0,0
2025-11-27 16:12:04.058601,2,12.898634814382302,80.10276230614214,0.08562167354047323,-0.08028155582607549,-0.10492806190223757,-0.1302761318852235,0.015936594428146652,0,0
2025-11-27 16:12:05.058601,2,12.89863505201174,80.10276323972033,0.10470037715215966,-0.11376429513930164,0.030729902099546843,-0.029003727814626935,0.0007662326377866186,0,0
2025-11-27 16:12:06.058601,2,12.898635616799085,80.10276574712961,0.27925137851410087,0.03568466978298602,0.08704724843442913,-0.026984325682894793,0.0012013826037206837,0,0
2025-11-27 16:12:07.058601,2,12.898635975313612,80.10276711293126,0.15348419175945896,0.021395554955109662,-0.06795870870143858,-0.011554961237257074,0.00014975994677276464,0,0
2025-11-27 16:12:08.058601,2,12.898636455491836,80.10276964419573,0.27982314817389214,-0.06422523261326682,-0.10961451352583106,0.0017384320652215068,0.0076957094722369425,0,0
2025-11-27 16:12:09.058601,2,12.89863669731461,80.10277077841133,0.12598457368651622,-0.37354778799261,-0.05563458888723922,-0.0011456879357566313,0.020534386285663207,0,0
2025-11-27 16:12:10.058601,2,12.898636927569394,80.10277143689812,0.07591142078982228,0.19762298992279093,0.03777169030259067,-0.0619097949857333,0.021598043864647698,0,0
2025-11-27 16:12:11.058601,2,12.898637127695887,80.10277214594593,0.08009996802885078,0.16033691635352337,0.23994280545577146,0.040180901146793666,0.051488224599999584,0,0
2025-11-27 16:12:12.058601,2,12.898637215086966,80.1027724367962,0.03302581977389672,0.428098544240202,0.21177031501346613,-0.07180862703092711,0.006091965719708624,0,0
2025-11-27 16:12:13.058601,2,12.898637917119201,80.10277503048185,0.2920923774311543,0.17727566303698103,0.20754993272340222,0.08644402355679978,0.03784955049356834,0,0
2025-11-27 16:12:14.058601,2,12.89863846852597,80.10277728535824,0.2522610915799926,-0.00020583229540832582,0.27098895350637325,-0.009503224993243702,0.020324981545616162,0,0
2025-11-27 16:12:15.058601,2,12.898638938945288,80.10277876538852,0.16892176631474412,-0.027125406794988392,0.010382058228612155,-0.0868541101978676,0.0008747999565748049,0,0
2025-11-27 16:12:16.058601,2,12.898639824369482,80.10278120758264,0.28274164817554615,-0.06104884832010381,0.022188042656273457,-0.016664024233242578,0.023151521894355435,0,0
2025-11-27 16:12:17.058601,2,12.898639836201577,80.10278124056339,0.0038134663728721205,-0.2678780476687616,-0.2613756989195265,-0.00727011457784333,0.007912934325402741,0,0
2025-11-27 16:12:18.058601,2,12.898640069950709,80.10278200141812,0.08656462925019794,0.0970106852449528,-0.09882120410911062,0.014696552568667427,0.013402435684566871,0,0
2025-11-27 16:12:19.058601,2,12.89864029219526,80.10278250971258,0.0604501284895486,0.07812280730740773,-0.19181021666130454,-0.02152106699616502,0.006395711187976786,0,0
2025-11-27 16:12:20.058601,2,12.898640362031719,80.10278267608346,0.019655834972378605,0.366835929217374,-0.14953446542908147,0.014586720175697112,0.005911610404690522,0,0
2025-11-27 16:12:21.058601,2,12.898640585943344,80.10278327707277,0.06981520067150208,-0.2463432792352957,-0.13069550828429902,-0.022676766507422966,0.008147401997747375,0,0
2025-11-27 16:12:22.058601,2,12.898641161264841,80.10278553408178,0.2531459389908453,0.18635150062301115,-0.13286297626259297,0.08732392315402834,0.008895776857498467,0,0
2025-11-27 16:12:23.058601,2,12.898641553216423,80.10278770282108,0.2393428668803939,0.024791478531823452,0.12261294863515985,-0.0428382821218522,0.02781754006214812,0,0
2025-11-27 16:12:24.058601,2,12.89864204088452,80.10278953065287,0.20563523166855396,-0.09674652862285565,-0.16051530593032123,0.06908375195929728,0.033512226050343104,0,0
2025-11-27 16:12:25.058601,2,12.898642217053727,80.10279095809095,0.1561293892767442,-0.004414566706564704,0.27099881234585727,0.07450555145212884,0.02761253438735511,0,0
2025-11-27 16:12:26.058601,2,12.898642321983788,80.10279325081366,0.24905985278535608,0.218189981616951,-0.01591728200320685,0.018421885187148657,0.02553515212937456,0,0
2025-11-27 16:12:27.058601,2,12.898642344129824,80.10279440139091,0.12487470295102308,-0.1204647804286039,0.03354712604209276,-0.077131230060069,0.01552120923275124,0,0
2025-11-27 16:12:28.058601,2,12.898642345942651,80.10279506597469,0.07211497737232937,0.16403141131527996,-0.031166332295074824,0.04541597836311225,0.011865276421985918,0,0
2025-11-27 16:12:29.058601,2,12.898642232522453,80.10279713825881,0.22521994745246493,0.3724478672549377,0.19677885049686233,0.0894313627103923,0.01510895990009805,0,0
2025-11-27 16:12:30.058601,2,12.898641858031974,80.10279941179711,0.2502015376520989,0.0537292213012903,0.032476734023926694,0.16089094258157638,0.007216810164107302,0,0
2025-11-27 16:12:31.058601,2,12.898641369280744,80.10280165268296,0.24917350945370387,0.1282603794083746,-0.21065550864815394,0.03863077739593754,0.009863318607902993,0,0
2025-11-27 16:12:32.058601,2,12.89864113202318,80.10280268209563,0.11478263804541633,-0.11450406009078395,0.09634488578002316,0.0026688796584496315,0.009519996057248452,0,0
2025-11-27 16:12:33.058601,2,12.89864108552919,80.10280289933195,0.024134060087508367,0.2645023537763066,0.04700476299251231,-0.15437759196688366,0.04408316104414631,0,0
2025-11-27 16:12:34.058601,2,12.898640968864777,80.10280415018741,0.13635156025972428,0.06715492552991756,-0.01282190869157065,-0.13818667681107344,0.007333331641806666,0,0
2025-11-27 16:12:35.058601,2,12.89864095568199,80.10280431231816,0.01765408005357345,0.11578601329862612,0.019674079773530667,-0.1017256988672032,0.004294241482695186,0,0
2025-11-27 16:12:36.058601,2,12.898640761509753,80.1028064246969,0.23023338134589383,-0.10360115961355483,-0.21744276847505709,0.13671857907793628,0.014126782124488622,0,0
2025-11-27 16:12:37.058601,2,12.898640373199354,80.10280868242562,0.24877286859520367,-0.03441485852245535,-0.08337861118584712,0.14075206023404074,0.018078004335135175,0,0
2025-11-27 16:12:38.058601,2,12.898640301125903,80.10280893750937,0.028818773400270933,0.20139906271653657,0.23063633764579822,0.029251092656871848,0.05590935592928339,0,0
2025-11-27 16:12:39.058601,2,12.898639649848969,80.10281156814109,0.2945156876816049,0.3380627545730685,0.0967635183762873,-0.06935180080185244,0.030336158350446972,0,0
2025-11-27 16:12:40.058601,2,12.89863943359653,80.10281224254194,0.07703782204174173,0.17679052575295054,0.0601088486829685,0.079212771362642,0.01142762144778433,0,0
2025-11-27 16:12:41.058601,2,12.898638833422165,80.10281453091812,0.2571452452429391,-0.3249159935556971,-0.039806528224958906,0.03669785016972371,0.011184500587069164,0,0
2025-11-27 16:12:42.058601,2,12.898638740354837,80.10281497548529,0.04934041574566995,-0.3400192058377706,-0.01666860226615583,0.007547351539382581,0.04197542829694096,0,0
2025-11-27 16:12:43.058601,2,12.898638702910059,80.1028151003494,0.01417583561445943,0.41820502316988184,-0.20274559245639662,0.0010345871082459539,0.006526071099194003,0,0
2025-11-27 16:12:44.058601,2,12.898638136941162,80.10281771032065,0.29013410496617975,0.2768049029567303,0.05209484599935887,0.03830936564375279,4.192564954624948e-05,0,0
2025-11-27 16:12:45.058601,2,12.898637465901874,80.10282015314823,0.2753983259661629,-0.4504737084817553,-0.12031381621621377,0.03431925743632305,0.007655307506098108,0,0
2025-11-27 16:12:46.058601,2,12.89863746265716,80.10282016635104,0.0014774827967982906,0.2016413055546419,-0.088736779153839,-0.04854003274046115,0.013038279057165121,0,0
2025-11-27 16:12:47.058601,2,12.898636657651283,80.1028223467973,0.2530045503325682,0.2488453256532635,-0.10852487009494198,0.1352389003369491,0.021724260650360244,0,0
2025-11-27 16:12:48.058601,2,12.89863593609284,80.10282378027802,0.17506361583714203,0.21378426191105984,-0.08828178888478638,0.17089176832859135,0.01887747033673801,0,0
2025-11-27 16:12:49.058601,2,12.898634646204174,80.1028260555854,0.285614872044555,0.0014458732587005266,0.016775850327010913,-0.012305757081525827,0.023920228274292587,0,0
2025-11-27 16:12:50.058601,2,12.898634276130108,80.1028268372573,0.09429530592421773,-0.19615533389565576,0.0938487766538051,-0.1693614251761198,0.00830811755831867,0,0
2025-11-27 16:12:51.058601,2,12.898634240309189,80.10282692691162,0.010514003875616795,0.2084091001971163,0.2846584806849184,-0.08957480395839001,0.037128360942720554,0,0
2025-11-27 16:12:52.058601,2,12.898633527417074,80.10282877726229,0.2158978901253744,0.34314537816043345,0.340298933425241,0.00237663083149401,0.010005875862887644,0,0
2025-11-27 16:12:53.058601,2,12.898632524081913,80.10283086849523,0.25291994112453053,-0.28382997933973836,-0.23029634039741617,0.1056741444098262,0.035714416482621726,0,0
2025-11-27 16:12:54.058601,2,12.898632023603026,80.10283197931716,0.13278935944268896,-0.4707196696529989,-0.14771292791303273,-0.03745128171180523,0.03274653059886454,0,0
2025-11-27 16:12:55.058601,2,12.898631510717726,80.10283317811928,0.1420613744243114,-0.3552964671855517,0.22973899980935752,-0.01005847463703901,0.021576183220425676,0,0
2025-11-27 16:12:56.058601,2,12.898630617471317,80.10283538676119,0.2594715271143248,0.037261997484069574,0.37109046638783344,0.046461987560645075,0.006389674130367392,0,0
2025-11-27 16:12:57.058601,2,12.898629634273574,80.1028373060342,0.2352709518494398,-0.024817838612165716,0.11682813822221652,0.04697448269570309,0.020035665521801787,0,0
2025-11-27 16:12:58.058601,2,12.898629097080056,80.10283838635942,0.13159905762527396,-0.11417920284311492,-0.10588944290006387,-0.010911260684665507,0.009125882145838317,0,0
2025-11-27 16:12:59.058601,2,12.898627998797197,80.10284079384111,0.28843234922490213,0.12834208468603692,0.34095897773564104,-0.028102756590673517,0.016208869628682145,0,0
2025-11-27 16:13:00.058601,2,12.898627615876306,80.10284193517742,0.13097814064515323,-0.011515891269633066,0.11406174065433138,-0.037521862449871254,0.012678934227972729,0,0
2025-11-27 16:13:01.058601,2,12.898627504963468,80.10284225741357,0.037082046914240184,8.385881945931168,0.03018053125121345,0.010792925313146046,0.005199510374032802,0,0
2025-11-27 16:13:02.058601,2,12.89858134852856,80.1029879297723,16.62118132887649,6.039265272156561,0.40538636578044435,-0.023316769136477886,0.06859072451197941,1,0
2025-11-27 16:13:03.058601,2,12.898532688480776,80.10309680900535,12.997189432661019,-2.9810231973857735,-0.17001090773063499,-0.010726579719534043,0.0998609742184561,1,0
2025-11-27 16:13:04.058601,2,12.898492225625533,80.1031884114088,10.912838788460554,-0.07301025261570704,0.14081325547105342,-0.04194223203663865,0.03062868669626808,1,0
2025-11-27 16:13:05.058601,2,12.898452098650834,80.10329599762785,12.499707238724966,-2.139835715042682,-0.007886095924836193,-0.07929295737427092,0.11107224448493949,1,0
2025-11-27 16:13:06.058601,2,12.898429127916021,80.10336002711595,7.403526084438653,-2.0999336883841897,0.20101020093587776,-0.03565775375080779,0.004657908318875595,1,0
2025-11-27 16:13:07.058601,2,12.898402822851752,80.10343786686364,8.939672644803899,1.388446124055836,0.3712688801443445,-0.10906162973118505,0.09888348446276465,1,0
2025-11-27 16:13:08.058601,2,12.898370891658107,80.10353037683267,10.649113715632506,2.5542014885065267,-0.07246206302608924,0.0059951469015156605,0.09341245729219137,1,0
2025-11-27 16:13:09.058601,2,12.898336636200199,80.10364553820256,13.065162976732179,1.7439647917838874,-0.02160486845939429,0.07701364655486889,0.06567233445410363,1,0
2025-11-27 16:13:10.058601,2,12.898286853678695,80.10375912880053,13.514351550859828,1.1698367261645355,-0.046529637783852176,0.11121478481359866,0.09457525650558538,1,0
2025-11-27 16:13:11.058601,2,12.898218746242854,80.10388108443699,15.251523095124249,-1.0553845350217659,-0.21667499870749857,0.011840845337566012,0.009974335106418826,1,0
2025-11-27 16:13:12.058601,2,12.898168752735337,80.10396798242928,10.949236503249978,-1.4585932437787108,0.10393828272571741,0.025273078375245346,0.11342305123330854,1,0
2025-11-27 16:13:13.058601,2,12.898112517892853,80.10406060022035,11.840270150841969,-1.3543213178293003,0.04660812062852223,0.030488273476669284,0.0263898992447842,1,0
2025-11-27 16:13:14.058601,2,12.898068060803556,80.10412032188786,8.15405560069032,1.9476533993672114,-0.2014418601823214,0.033140281199504004,0.050798293974103355,1,0
2025-11-27 16:13:15.058601,2,12.897987690589371,80.10423087874445,14.96545624474243,4.19263166863508,0.1588539263570961,-0.008317516979881416,0.019503975276151924,1,0
2025-11-27 16:13:16.058601,2,12.897896345963495,80.10434791649243,16.269151539634382,-1.8109387994297177,0.0032819622150227303,-0.05169693765920802,0.03733672041786904,1,0
2025-11-27 16:13:17.058601,2,12.897845440896102,80.10443970211058,11.459005485543722,0.22604063579872702,0.07635274729443366,-0.06486969887211307,0.06556208835136512,1,0
2025-11-27 16:13:18.058601,2,12.897764682749045,80.10457557099674,17.26801338980936,2.22414313635266,0.2690266657039943,-0.03519444724997117,0.10094529090399297,1,0
2025-11-27 16:13:19.058601,2,12.897705878154392,80.10470568963324,15.562993272162922,-1.9656628516211812,-0.05224340210369311,-0.037764068973425685,0.038587781889458626,1,0
2025-11-27 16:13:20.058601,2,12.89766376511658,80.10482088652864,13.350318901475244,-2.2948436326778254,0.1114964124867232,-0.011784366036044047,0.03970958064373124,1,0
2025-11-27 16:13:21.058601,2,12.89762865901112,80.10491674493954,11.11161042641059,-2.016207448864003,-0.11380086508647333,0.02828710555024861,0.03735973331832603,1,0
2025-11-27 16:13:22.058601,2,12.897596899056493,80.10499433241104,9.131326423223692,3.4264694196473564,-0.22902695496923034,0.09003249137693847,0.0999074721610562,1,0
2025-11-27 16:13:23.058601,2,12.89752120282237,80.10513541239914,17.474653233166016,1.993981985534323,-0.0961471377406271,0.10020728644379889,0.09116406227553871,1,0
2025-11-27 16:13:24.058601,2,12.897470716129783,80.10524532781636,13.184865283914661,-3.9626936137469175,0.05737396007785279,-0.028067237486805147,0.05857429801850629,1,0
2025-11-27 16:13:25.058601,2,12.89743044600424,80.1053263394575,9.867716236995241,-1.717401016278091,0.13158645931121798,-0.01227393506287671,0.06583383239206378,1,0
2025-11-27 16:13:26.058601,2,12.897397297601449,80.10540294702808,9.094988970050885,2.7182283905936453,-0.13003461742874461,0.14867677157672055,0.05213167523732552,1,0
2025-11-27 16:13:27.058601,2,12.897327829859952,80.10552616080784,15.445389732220907,0.4931570733111187,0.057191342166898106,0.10565978060553707,0.0485774911675107,1,0
2025-11-27 16:13:28.058601,2,12.897279237923607,80.10560005108249,9.671967458980692,-0.8030745357920609,-0.06291308947454687,0.18874649447012243,0.031019008220924585,1,0
2025-11-27 16:13:29.058601,2,12.89719714306224,80.1056928750294,13.600419892512349,2.587515326042573,0.050389315187693635,-0.004046295993702875,0.026991406349228,1,0
2025-11-27 16:13:30.058601,2,12.89710655890859,80.10579701751575,15.145541460046601,-1.2668487521825695,0.009899679162046407,-0.03330347018896269,0.04262694374823307,1,0
2025-11-27 16:13:31.058601,2,12.897039652758954,80.1058724340083,11.065381152461917,-2.0943638580082666,-0.08847479788727518,-0.04116046056722168,0.07174161755443385,1,0
2025-11-27 16:13:32.058601,2,12.896976574396474,80.10594840196758,10.828661083609598,-0.2921368586904546,-0.1300269346282501,-0.029391920118555473,0.07292255601163619,1,0
2025-11-27 16:13:33.058601,2,12.896920861620485,80.10602322525718,10.21688871539132,-0.8412125988780158,-0.007527646816102585,-0.012473176060235635,0.04728551901035856,1,0
2025-11-27 16:13:34.058601,2,12.896866788587044,80.10608971758009,9.396367887063228,0.9110183075694206,-0.019271915463199406,0.0172307570572496,0.07621126464356806,1,0
2025-11-27 16:13:35.058601,2,12.896795986057274,80.10617055775612,11.792824738362885,3.250546112684603,0.024659390505696994,0.09187579228879664,0.013006289129395766,1,0
2025-11-27 16:13:36.058601,2,12.896703798335897,80.10628399913954,16.026320167465297,-2.419898454558707,-0.13096722470876918,-0.031992233841696506,0.04262034731660348,1,0
2025-11-27 16:13:37.058601,2,12.89666049140042,80.10632942782878,6.895032337828841,0.17272255204789286,-0.16664701328756626,-0.05509213610501218,0.044107635951689955,1,0
2025-11-27 16:13:38.058601,2,12.896558955830548,80.10644156460008,16.607788328259424,4.615912750919718,0.13115385300140425,-0.032412128140936275,0.09012149413274302,1,0
2025-11-27 16:13:39.058601,2,12.896471798322494,80.10656750777486,16.760126893511995,-1.0935080363236749,-0.17565044195899837,-0.09648207391021855,0.02694905897107064,1,0
2025-11-27 16:13:40.058601,2,12.896406145729138,80.10667889274286,14.12433778024487,-4.414632982545512,0.018071941239108893,0.0491702109000156,0.0810537343611438,1,0
2025-11-27 16:13:41.058601,2,12.896362419869266,80.10674486585415,8.6568912638026,-1.037865124637341,0.027121666673834376,0.03173251472263447,0.058179896263545895,1,0
2025-11-27 16:13:42.058601,2,12.896307004228303,80.10684140568102,12.157054438961222,2.0243970375450857,-0.029565688364512628,-0.00221031773689395,0.03443100032304087,1,0
2025-11-27 16:13:43.058601,2,12.896245314871342,80.10693982519491,12.696977749597702,4.120207844711339,0.1275407140264053,0.021453495812380464,0.0405277816947161,1,0
2025-11-27 16:13:44.058601,2,12.896153381789484,80.10709513493504,19.716802421101676,0.6202983168442302,0.006657030803780143,-0.02018400891181761,0.03545163998602582,1,0
2025-11-27 16:13:45.058601,2,12.896077642346178,80.10719992509503,14.155714637037764,-4.588376912524764,0.32451272874049986,0.053680804093173426,0.05847293316515844,1,0
2025-11-27 16:13:46.058601,2,12.896019310894268,80.10727310066211,10.257401518980455,-0.9623295098498945,-0.1460927456852539,-0.05776781674853744,0.03554495661378078,1,0
2025-11-27 16:13:47.058601,2,12.895963156562178,80.10736356322482,11.637603931212842,1.8400663894819578,0.016031341612667598,-0.11284013055075755,0.04823813827842657,1,0
2025-11-27 16:13:48.058601,2,12.89589559265905,80.1074723694676,13.998799383229862,2.1007801368215446,-0.367858952861157,0.049756955111917356,0.05696300994454151,1,0
2025-11-27 16:13:49.058601,2,12.895816479802638,80.10759392828915,15.860302090303778,-1.8833099737931944,-0.0596682102544183,0.07104026586616288,0.013870089029979552,1,0
2025-11-27 16:13:50.058601,2,12.895768288173677,80.10767459810978,10.266687892184374,-1.607381043234207,-0.041634011839963514,-0.028980022891370475,0.08785997860778272,1,0
2025-11-27 16:13:51.058601,2,12.89571630900549,80.10777908796648,12.729441885560885,4.393334945909806,-0.2740202579237127,-0.14028834136335883,0.05734313910396542,1,0
2025-11-27 16:13:52.058601,2,12.895648153536715,80.10793942332678,18.980505549468397,-1.9777280320086934,0.30238532077051544,-0.17069571679308373,0.05837240811743314,1,0
2025-11-27 16:13:53.058601,2,12.895617608188076,80.10801539659865,8.917659786649695,-5.096424011343759,0.28503541544747074,-0.04607493451626616,0.06788825099695216,1,0
2025-11-27 16:13:54.058601,2,12.895584374114424,80.10809438141138,9.335122725615165,3.2212807277734443,0.15889154566004277,0.10741127781550025,0.10975584880595868,1,0
2025-11-27 16:13:55.058601,2,12.895515972639851,80.10821660999439,15.293499775127989,-1.692173374771581,-0.27153440812578844,0.17034936042178983,0.04481326519664682,1,0
2025-11-27 16:13:56.058601,2,12.895489174484075,80.10826572457403,6.1075867623241935,-2.5831734573233542,-0.008113825344475627,0.0933316177877968,0.09343621302851736,1,0
2025-11-27 16:13:57.058601,2,12.895443364887047,80.10834070287471,9.602043776617492,0.6262409230698004,-0.2687528117060857,0.007848114072729034,0.018455574846161036,1,0
2025-11-27 16:13:58.058601,2,12.8954113793595,80.10839356678615,6.751550872240106,3.878901034431773,-0.07761875691660576,-0.040931336528162846,0.06110153352094962,1,0
2025-11-27 16:13:59.058601,2,12.895322666811346,80.10852263732721,17.13713669002116,5.012268467373218,0.12851079797411102,-0.07234152753320307,0.01022062435468269,1,0
2025-11-27 16:14:00.058601,2,12.895247286148853,80.10864934780533,16.10787490221343,-2.5681866112865195,-0.10298549126878732,-0.029652124523415577,0.019660750905242795,1,0
2025-11-27 16:14:01.058601,2,12.895190426312306,80.10875416494535,13.016454198925034,0.6392614473185275,0.11713793503262679,-0.09772564738203074,0.06483778594835347,1,0
2025-11-27 16:14:02.058601,2,12.895123886165896,80.10889678399668,17.157098738328216,-0.7155133368476622,-0.030321785584092282,-0.06052098148194686,0.09740912188297024,1,0
2025-11-27 16:14:03.058601,2,12.89508393194822,80.10899323671822,11.37203379504719,-0.9854512530364833,-0.18054545933245014,-0.0033003792076850905,0.09766463884791705,1,0
2025-11-27 16:14:04.058601,2,12.895038335677505,80.10912261661836,14.928538870180228,-0.8963080352166827,0.14603926666088882,-0.03524184967675519,0.0398079906837422,1,0
2025-11-27 16:14:05.058601,2,12.895011035226817,80.10920691286299,9.638725766819038,-1.7392953456833562,0.14644862964476724,-0.08672316748493991,0.02531057665295923,1,0
2025-11-27 16:14:06.058601,2,12.89497159101194,80.1093044171712,11.455258238193267,0.8705958213782711,0.006006198805348135,0.044892186402683894,0.09873330414493259,1,0
2025-11-27 16:14:07.058601,2,12.894933957062015,80.10940506290689,11.697147367849738,-0.5203666414131383,0.25955723338899794,-0.03092491454641761,0.08634830344773313,1,0
2025-11-27 16:14:08.058601,2,12.894902525947474,80.1094942183614,10.287638162417862,2.159879900817751,0.09775930456321996,-0.03139494537191455,0.11359742754929157,1,0
2025-11-27 16:14:09.058601,2,12.89486096185232,80.10963631579193,16.098395568630025,-0.8846953570310783,-0.006002655742136615,-0.07843313721625257,0.07714058170149563,1,0
2025-11-27 16:14:10.058601,2,12.89483329408216,80.10971700492861,9.281589908519466,-1.0528852034418077,-0.13900619657380803,0.10489647806740657,0.0446200285517335,1,0
2025-11-27 16:14:11.058601,2,12.894779383194372,80.10982741116243,13.399398071991305,0.28093892016344685,0.06781797813667327,0.1272503004677471,0.1168715889880638,1,0
2025-11-27 16:14:12.058601,2,12.894736400881785,80.10990645045366,9.821045873290874,0.4852532938671421,0.013459670241180428,-0.01377508261750576,0.03852842551997894,1,0
2025-11-27 16:14:13.058601,2,12.894674344192335,80.11002471085118,14.573853020074926,0.6578926575381467,-0.1193309723219472,-0.0298363564215103,0.09946403336947962,1,0
2025-11-27 16:14:14.058601,2,12.894635437178094,80.11011970519846,11.180888285169262,-2.3889735949058766,-0.10131390549833959,-0.008900334361176713,0.03656572651892335,1,0
2025-11-27 16:14:15.058601,2,12.894597360944937,80.11020467908484,10.148187895478044,1.0060675803877015,-0.13983998085504798,0.0871020610855257,0.06433713231839522,1,0
2025-11-27 16:14:16.058601,2,12.894541380551235,80.11031707401641,13.69595778718634,-1.5974208843836388,0.1282741518442687,0.03212085744672964,0.09913884392670827,1,0
2025-11-27 16:14:17.058601,2,12.894507112158795,80.11038179951635,7.992558199346339,1.2253323926333761,-0.008594655786650376,-0.011687687339236523,0.13001863918285206,1,0
2025-11-27 16:14:18.058601,2,12.894437683002028,80.11051689881249,16.57238672040735,1.0899636000261488,-0.09003454234269352,-0.08551521121043537,0.08847238214988332,1,0
2025-11-27 16:14:19.058601,2,12.894396868398417,80.11060543573065,10.62742674983159,-3.7101150844473127,0.2096326667072391,-0.14234132801852403,0.09058371275108051,1,0
2025-11-27 16:14:20.058601,2,12.894369848419986,80.11068834605348,9.486181209174976,-0.3542466427433621,-0.03187472113918575,-0.07109634528120763,0.09365343401787943,1,0
2025-11-27 16:14:21.058601,2,12.894347710029235,80.11077747507355,9.980536872939744,2.8529439076610394,-0.15077537703194077,-0.0029928250474387033,0.031369630427003865,1,0
2025-11-27 16:14:22.058601,2,12.894317965065992,80.11091778123257,15.580685507939924,2.9431733758127416,-0.19689437169090768,-0.02606313002858634,0.12167257414786758,1,0
2025-11-27 16:14:23.058601,2,12.89428490744835,80.11106105111547,15.975974570735222,0.025545986780935503,-0.10498686568751019,0.08214322713424256,0.03736162586520931,1,0
2025-11-27 16:14:24.058601,2,12.894252650795305,80.11119862024657,15.353577261375936,-1.8098557340078067,0.04583877514455111,-0.004222364463205341,0.050975415858560066,1,0
2025-11-27 16:14:25.058601,2,12.894226490256885,80.1113046706802,11.870415646624322,-4.539484159905242,-0.2117856718095616,0.08335268657146484,0.0491204983102415,1,0
2025-11-27 16:14:26.058601,2,12.894206536189873,80.11135830782564,6.229696701384537,1.229853071059368,-0.04027429504998732,0.03500612022531577,0.018762595949444016,1,0
2025-11-27 16:14:27.058601,2,12.894158315336625,80.111483659078,14.622899577700128,4.197777062107033,0.02655292826556586,-0.03744662823392532,0.031547525571051366,1,0
2025-11-27 16:14:28.058601,2,12.894103490768865,80.11160350664659,14.365652581865673,-1.5967836463017637,0.11132804307090682,0.10025279485592761,0.022453751071953142,1,0
2025-11-27 16:14:29.058601,2,12.894055317684089,80.11169712781245,11.487457899970765,-0.6843996028219417,0.09565226628324927,0.044176129470793676,0.08586547521686264,1,0
2025-11-27 16:14:30.058601,2,12.893998874106556,80.11180391898759,13.181887429090196,1.1446827722362045,-0.07587598086272285,0.039103533320152685,0.03233901678818864,1,0
2025-11-27 16:14:31.058601,2,12.893926414411807,80.11191034181631,14.086211827196045,-1.6972502076037954,-0.10846856820574992,0.07330249392707826,0.04018532189431877,1,0
2025-11-27 16:14:32.058601,2,12.893871291044944,80.11197967339984,9.708438971921108,-0.3170997036994891,-0.06329922825628231,-0.0331298277904121,0.004147432621447079,1,0
2025-11-27 16:14:33.058601,2,12.893794448094873,80.11207571110658,13.482360968753113,2.8240321093543406,0.3747081867710791,-0.05661392937669646,0.07319213767281309,1,0
2025-11-27 16:14:34.058601,2,12.89371375482216,80.1121916325444,15.456889246056576,3.2160461547292694,0.009724541473476742,0.009789031685417483,0.013567354286084113,1,0
2025-11-27 16:14:35.058601,2,12.893610592236765,80.1123314781448,19.030449948278388,-3.450352098829494,-0.07600750726388691,-0.05750896440393419,0.061062933816694226,1,0
2025-11-27 16:14:36.058601,2,12.893564478288441,80.11239792348907,8.850804505706927,-2.722157360543955,0.3118894311045316,-0.004997905504557559,0.10132506474079074,1,0
2025-11-27 16:14:37.058601,2,12.893488710502146,80.1124898177621,13.060321824466484,-0.26104271851829586,-0.026518567028875208,-0.07153541642132055,0.14081855802046864,1,0
2025-11-27 16:14:38.058601,2,12.893434616680619,80.11255253260721,14.529304279880321,4.732639084746703,-0.1648132185694058,-0.04506197039206261,0.521566134346921,0,1
2025-11-27 16:14:39.058601,2,12.893388096431643,80.11261721308374,12.606898035219334,3.079283278133266,-0.2025919042081508,0.008053328841366718,0.5628288018046054,0,1
2025-11-27 16:14:40.058601,2,12.893303159977135,80.11272991573033,13.204594101786821,1.3211655938459352,-0.0399759279950153,0.01458954809104502,0.5916030080226018,0,1
2025-11-27 16:14:41.058601,2,12.893245662253248,80.11281738853464,14.314527300044292,-2.5159876843440685,-0.03609100876372708,-0.018037916569211686,0.544868434792514,0,1
2025-11-27 16:14:42.058601,2,12.89318346960561,80.11289227086775,16.90771379017093,0.8285079872062884,-0.043348682248401625,0.030554020779489148,0.5635206895676308,0,1
2025-11-27 16:14:43.058601,2,12.893113229607623,80.1129849578028,16.766175605552434,2.0669391986277947,0.0020739142927266472,-0.04972364623070685,0.5793601352814831,0,1
2025-11-27 16:14:44.058601,2,12.893035937393359,80.11309292234813,13.089136227609377,0.24651106135098655,0.11001291197198042,0.06942485664474297,0.5235835582000589,0,1
2025-11-27 16:14:45.058601,2,12.89295988642729,80.11318003508492,12.33809958631152,-2.876573651665433,0.03687128096650632,0.000833873841431132,0.5809310004980626,0,1
2025-11-27 16:14:46.058601,2,12.892909991344892,80.11324103839287,13.190410557942272,0.573098462748457,-0.31744558825723,-0.05253158176693054,0.5368811647416136,0,1
2025-11-27 16:14:47.058601,2,12.89282836508346,80.11333795616451,11.373188545358872,2.7554737840690513,0.30529262056446554,0.01165431796996133,0.5732613890952047,0,1
2025-11-27 16:14:48.058601,2,12.89273936820994,80.11343320868698,12.734742747617101,-2.7978033570827185,-0.0715429924166668,0.15168591698954975,0.5280509247396223,0,1
2025-11-27 16:14:49.058601,2,12.892686778033127,80.11347649415036,14.019966175462262,-0.28922678882725583,0.09228272103275725,0.06783240578491156,0.5758671932706857,0,1
2025-11-27 16:14:50.058601,2,12.892599075246348,80.11356296933977,16.265250764240164,0.5457148185500827,0.2223564977643974,-0.12431095258946444,0.5980203848327622,0,1
2025-11-27 16:14:51.058601,2,12.892549478861698,80.11362510506868,16.667815264698387,-4.053290261520025,0.1825837755943199,-0.07116325951318167,0.5148547463504475,0,1
2025-11-27 16:14:52.058601,2,12.892514446720407,80.11366666921185,13.937583906302839,4.148473032243761,0.058327549461699296,0.09273094059178938,0.577654871653891,0,1
2025-11-27 16:14:53.058601,2,12.892409340602894,80.11377525812274,11.76167993493756,3.0885581803705398,0.060783012118315244,0.03605866554279687,0.606963211983642,0,1
2025-11-27 16:14:54.058601,2,12.892327371616735,80.11385508676142,12.581614729307871,1.167230956734483,-0.2264592911952612,0.09025771486288409,0.02943931798240672,1,0
2025-11-27 16:14:55.058601,2,12.89221381985251,80.11398438303279,18.88458013824915,1.7196435287834717,-0.0019183188002544883,-0.055427464075350166,0.08413629443999422,1,0
2025-11-27 16:14:56.058601,2,12.892108684442274,80.1140874487018,16.18803873772154,-2.827831651954138,-0.29942857212372964,-0.014486922101552197,0.04014851215697124,1,0
2025-11-27 16:14:57.058601,2,12.892025603082002,80.11417326138941,13.124149555347577,-4.229230063999312,0.14748763259503297,0.0638350590374667,0.07150087631611332,1,0
2025-11-27 16:14:58.058601,2,12.891971435764775,80.11421049597134,7.258395584302754,0.2760813504801656,0.041926504678377836,-0.05986895964385722,0.035373438447090816,1,0
2025-11-27 16:14:59.058601,2,12.89187190215044,80.1142892340043,13.991685504497134,4.183649585934319,-0.21183052783953646,0.024698928614039606,0.07137070055228237,1,0
2025-11-27 16:15:00.058601,2,12.891757123016955,80.11437388007026,15.73601101866279,-1.9907156262104715,-0.015580154462262807,0.12633067434220036,0.055305939177533105,1,0
2025-11-27 16:15:01.058601,2,12.891680449729602,80.11442749283415,10.32932990921532,-2.1021649350078375,-0.20874801942096285,0.03104844461224018,0.0956463475868526,1,0
2025-11-27 16:15:02.058601,2,12.89159326906855,80.11448956472374,11.813249447695606,-0.8739286924200756,-0.13833911506359645,-0.010923146593223257,0.03976042198273161,1,0
2025-11-27 16:15:03.058601,2,12.891529429395087,80.1145415941076,9.076280935374808,-0.7680745557275405,-0.2354380164912956,0.009395262216580751,0.0329675551165433,1,0
2025-11-27 16:15:04.058601,2,12.891451657863099,80.11459880635879,10.653358792042841,-1.587630369049862,0.02910337840203485,0.0822448381582167,0.023179743344569882,1,0
2025-11-27 16:15:05.058601,2,12.89140529629769,80.11462799394285,6.055295941913553,-2.03166687349058,-0.09469572416406259,0.012310273951936901,0.09820673074461708,1,0
2025-11-27 16:15:06.058601,2,12.891358054094445,80.11466666359851,6.727870178482341,4.417608818968384,0.08358635398114124,-0.09014960736442554,0.09135052343099911,1,0
2025-11-27 16:15:07.058601,2,12.891251883550844,80.11474223893288,14.385373859038356,1.6898376596788607,0.2776440766346585,0.09313828198636759,0.03802334471564218,1,0
2025-11-27 16:15:08.058601,2,12.891177458321035,80.11479284235408,9.939462956502647,0.16800283540556657,0.13574230360899536,-0.06158559572416444,0.09857299466203562,1,0
2025-11-27 16:15:09.058601,2,12.891073657958279,80.1148714811755,14.364349291600341,1.9053436522904594,-0.09299586098941673,-0.04883216677857413,0.01958345219054977,1,0
2025-11-27 16:15:10.058601,2,12.890979222526626,80.11495406219883,13.813488659339724,2.4578604584142543,-0.03414789439590124,-0.07040881110665308,0.02675489289119195,1,0
2025-11-27 16:15:11.058601,2,12.890857534601928,80.11508119390251,19.334158728732653,-1.5765856667683722,0.05133323998805285,-0.04725869966003172,0.056493217829644504,1,0
2025-11-27 16:15:12.058601,2,12.890795745101714,80.11514711988744,9.92410672399878,-5.437023602039355,0.11659223929709635,-0.019988906483676516,0.08267734159060802,1,0
2025-11-27 16:15:13.058601,2,12.89074463963898,80.11520334715534,8.342124007568371,1.9996374026911994,0.0994036840285264,-0.0687663913344962,0.08152928757576952,1,0
2025-11-27 16:15:14.058601,2,12.890675657258576,80.11530466198056,13.41014753332596,0.8193066258447621,0.09182479513313402,-0.08181596819639611,0.023980231990911635,1,0
2025-11-27 16:15:15.058601,2,12.890624050420028,80.11537713733388,9.739199619535013,1.2912331295302355,-0.021544803224592728,0.0007424261535576362,0.057916196193102024,1,0
2025-11-27 16:15:16.058601,2,12.89053790631665,80.11549664980902,16.128849006590855,-1.0248712415375778,0.21551090514141644,-0.002491031813952157,0.06944155764420246,1,0
2025-11-27 16:15:17.058601,2,12.890492435417109,80.11555653453308,8.236992759434521,-0.7299474042914894,-0.26595906445936723,-0.019928984680042332,0.06885940695298788,1,0
2025-11-27 16:15:18.058601,2,12.890414898230272,80.11566520002178,14.612975619322459,-0.045704592137772226,0.02873604735485359,-0.046373796915735205,0.09204399862915073,1,0
2025-11-27 16:15:19.058601,2,12.890371649444036,80.1157196690368,7.62318038247278,-2.218827182870861,0.12298347863337096,0.0603851986021202,0.06205336541699082,1,0
2025-11-27 16:15:20.058601,2,12.890314270863653,80.11579016653278,9.96581528879917,3.2306516383482093,-0.08117194725419058,0.02344879720213064,0.0784990110115913,1,0
2025-11-27 16:15:21.058601,2,12.890242065664898,80.11589871534552,14.259959743305533,-1.3713976983511218,-0.17181521079482212,-0.18714542636901704,0.07359852944530723,1,0
2025-11-27 16:15:22.058601,2,12.890207853888704,80.11595597872021,7.287970889026484,-1.5499082430292734,-0.03466361012035398,-0.03654803283115886,0.018824223836906812,1,0
2025-11-27 16:15:23.058601,2,12.890152002222584,80.11604595104004,11.57463507961477,1.9324283037221772,-0.003496376215373544,0.04442240084147052,0.040836154966909934,1,0
2025-11-27 16:15:24.058601,2,12.890096117604342,80.11613400619892,11.401711693128139,0.46826959940639695,0.12142911625020039,-0.0010564657978814965,0.06612225062586455,1,0
2025-11-27 16:15:25.058601,2,12.89003352209309,80.11622325012023,11.930373695293143,1.3416682609621993,0.037260826237336335,-0.022730077548762523,0.10951478478759955,1,0
2025-11-27 16:15:26.058601,2,12.88996495738686,80.11633874803037,14.674060401904258,0.1575469039769441,-0.32092680993781186,-0.02635739258870965,0.10483894857260768,1,0
2025-11-27 16:15:27.058601,2,12.889912996409373,80.11643725442629,12.153745574710152,-0.7563715070628974,0.24265570903790737,0.03470976819136125,0.009331189383484477,1,0
2025-11-27 16:15:28.058601,2,12.8898565544168,80.11654150210266,12.939844515694103,1.006680672932528,0.0912029882383248,0.010939835481443515,0.10211092930814714,1,0
2025-11-27 16:15:29.058601,2,12.889791585934027,80.11664476056757,13.336080154975864,-0.7783043941104337,-0.058123503470755816,0.017721785533781953,0.10178647763704661,1,0
2025-11-27 16:15:30.058601,2,12.88974216224861,80.11673799744118,11.516453075673061,2.547775180035253,0.23450918309885885,-0.04571239447563728,0.05473676918528305,1,0
2025-11-27 16:15:31.058601,2,12.889673625941608,80.11689432172273,18.59970855926338,0.5264413320689647,-0.06625994605484702,-0.04878171992137554,0.026217543484923323,1,0
2025-11-27 16:15:32.058601,2,12.889631839627164,80.11699951294267,12.325853400703895,0.5547349393974395,-0.09670399579697585,-0.06427794844613754,0.04302837763708849,1,0
2025-11-27 16:15:33.058601,2,12.889590800293742,80.11718328134936,20.457539174796658,-6.169224183181373,-0.030343952206969543,-0.1532669002448227,0.05253467232930791,1,0
2025-11-27 16:15:34.058601,2,12.889590673679994,80.1171839529012,0.0742213816041936,-9.999744433332632,0.04059426170207104,-0.11841290745316473,0.01288943759822643,0,0
2025-11-27 16:15:35.058601,2,12.889590375390966,80.1171861566491,0.2414254746637811,0.030915932754360144,0.06735375401021862,-0.03373606605529827,0.0050809178607849285,0,0
2025-11-27 16:15:36.058601,2,12.889590358822616,80.11718628417832,0.013960701854024926,0.2086135667735302,0.13328659734017387,0.007653942121113304,0.013254188376076679,0,0
2025-11-27 16:15:37.058601,2,12.88958992010099,80.11718851140556,0.24656407501177452,0.32225073744708693,-0.20660953237350693,-0.008579789553384353,0.0016995902602740462,0,0
2025-11-27 16:15:38.058601,2,12.889589504333149,80.11719107919608,0.2824515445108576,-0.05645658285223405,-0.09898112312543528,-0.01668407484483804,0.008411206457992851,0,0
2025-11-27 16:15:39.058601,2,12.889589433879642,80.11719326220532,0.23701046265772244,-0.12336385250931248,-0.015708510938924773,0.019309832388355513,0.009582953449691744,0,0
2025-11-27 16:15:40.058601,2,12.88958930868003,80.11719443253742,0.12775648035822837,0.1538974813617483,-0.11938625841461067,0.06394753774319192,0.03367564554313962,0,0
2025-11-27 16:15:41.058601,2,12.889589179652695,80.11719713443102,0.29353698243316034,-0.3912963036299908,-0.1540316086104865,-0.04561425211029291,0.0003337402157036062,0,0
2025-11-27 16:15:42.058601,2,12.889589179615001,80.11719737501197,0.026105696146811318,0.04309420069959685,0.056210550418014496,-0.09839704740104438,0.01846066353738215,0,0
2025-11-27 16:15:43.058601,2,12.889589374801991,80.11719882811428,0.15916773276322896,0.07592603122956591,-0.057709413182994496,-0.10397251556505653,0.05473933809246554,0,0
2025-11-27 16:15:44.058601,2,12.88958958482704,80.11719989044836,0.11762206726460346,-0.38706193528166566,0.07152632343145618,-0.01105354518650136,0.005950768859136158,0,0
2025-11-27 16:15:45.058601,2,12.889589723608825,80.11720082081966,0.10213083313334878,0.10523587408860094,0.3118606753789544,0.061542865992568516,0.037679340489031064,0,0
2025-11-27 16:15:46.058601,2,12.88958974909127,80.11720133808699,0.0562008654348779,-0.16386372824990078,-0.13053391383336652,0.06322333013701503,0.014305374107346103,0,0
2025-11-27 16:15:47.058601,2,12.889589761602936,80.11720174436184,0.04410731428409167,0.051198148127942815,-0.06230632560202215,0.03559726864431715,0.009818282783260157,0,0
2025-11-27 16:15:48.058601,2,12.88958983257496,80.117204224219,0.2692079035179347,0.20840497198448243,0.14175210628468074,-0.04491666869015451,0.013215425318863938,0,0
2025-11-27 16:15:49.058601,2,12.889589898612503,80.11720552693751,0.1415503972357671,-0.04320141992200745,-0.03919235365593842,-0.11514461206656804,0.003762126772000013,0,0
2025-11-27 16:15:50.058601,2,12.889589901033359,80.1172056266262,0.010820682295194816,0.2073348265433589,-0.08258860380754579,0.014736808449326969,0.014994222981622493,0,0
2025-11-27 16:15:51.058601,2,12.889590013772464,80.11720748994931,0.20258030057361823,0.10066855099653277,0.06951980268963558,-0.001654261386627727,0.015506715172101034,0,0
2025-11-27 16:15:52.058601,2,12.88959024270159,80.1172098653437,0.2590133363340248,-0.006670128445888532,0.06393647592734744,0.02528782961281774,0.001950591354459697,0,0
2025-11-27 16:15:53.058601,2,12.889590269166886,80.11721013654358,0.029575291938546976,-0.016534375378052815,-0.26748247379507295,-0.03695181598162583,0.0012736407824097762,0,0
2025-11-27 16:15:54.058601,2,12.889590349638883,80.11721135878109,0.13292848888430867,-0.15006504252695185,0.24380030030464597,0.14453689658782398,0.04515686155057468,0,0
2025-11-27 16:15:55.058601,2,12.88959034617748,80.11721148865706,0.014098247437146038,0.1650495296111104,-0.4256067857063747,0.06925510187856992,0.019312651046873203,0,0
2025-11-27 16:15:56.058601,2,12.889590130646422,80.11721290087597,0.15510828780695346,-0.020248534683172704,0.14256981911172076,0.0009643234981309146,0.024202352504092667,0,0
2025-11-27 16:15:57.058601,2,12.889590010489089,80.11721378209704,0.09655323740606761,0.1630856232863815,0.03845922941084149,0.04024222856466088,0.008572209719140737,0,0
2025-11-27 16:15:58.058601,2,12.889590001208642,80.11721386795189,0.009373308567426297,0.2979067919586559,0.30408613904671633,0.023216979845710424,0.012262181928062346,0,0
2025-11-27 16:15:59.058601,2,12.889589858012222,80.11721508424623,0.13294056071777258,-0.225598300583669,0.04243750629929859,-0.04859012825425251,0.03431919532950839,0,0
2025-11-27 16:16:00.058601,2,12.889589761312589,80.11721742634685,0.25437171107351386,-0.42067062902342167,0.42424746653511447,-0.006901624784266976,0.007999044249314935,0,0
2025-11-27 16:16:01.058601,2,12.889589595494977,80.11721857974058,0.12650987382362092,-0.18905913316595208,-0.0432730709776283,0.002769253151333889,0.018743723290380602,0,0
2025-11-27 16:16:02.058601,2,12.889589440229933,80.11721972199291,0.12514632973123502,-0.072748414603296,-0.1173420443560364,-0.09047184696943569,0.013278827809089835,0,0
2025-11-27 16:16:03.058601,2,12.889589307335513,80.11722200273047,0.24792703325335075,0.5542131660783824,-0.05776021868572708,0.04346725252441503,0.00026406324587114173,0,0
2025-11-27 16:16:04.058601,2,12.889588950998181,80.11722435795356,0.2586279068205331,0.13821815061614368,0.3430930960256083,0.06910091327971483,0.036326780217472605,0,0
2025-11-27 16:16:05.058601,2,12.889588825446172,80.11722528256233,0.10129909689888773,-0.00569781649603657,-0.10073818322407811,-0.13067263612927602,0.027559544028977614,0,0
2025-11-27 16:16:06.058601,2,12.889588731008113,80.11722742018229,0.23219353623895952,-0.10946583630569837,0.09426569419984022,0.032806813022773745,0.018817372170454972,0,0
2025-11-27 16:16:07.058601,2,12.889588177195392,80.11723004863997,0.29180364860408403,-0.20058267779483002,-0.07826364783331057,0.060970075970374196,0.02217696497299732,0,0
2025-11-27 16:16:08.058601,2,12.889588115650422,80.11723035208394,0.033632246363769124,-0.22798382994574606,-0.1788583558936776,0.028642599680538,0.020046900026547534,0,0
2025-11-27 16:16:09.058601,2,12.889587729629277,80.1172322900681,0.21463833332269902,0.005963112211186649,0.18701241614660977,-0.010233076444516192,0.009327746032756242,0,0
2025-11-27 16:16:10.058601,2,12.889587676942483,80.11723253345134,0.027053198144258005,-0.05313673611768782,0.21245937950063828,0.09813981237486723,0.053842007461883744,0,0
2025-11-27 16:16:11.058601,2,12.889587226984611,80.11723427663021,0.19567383641705535,0.15788055279552388,0.1652015760493074,0.08876913519413288,0.013772034326440537,0,0
2025-11-27 16:16:12.058601,2,12.889586589547584,80.11723651788861,0.2533419452111609,-0.24070739249757447,-0.15167838879387452,-0.007444542601727468,0.028842923753510333,0,0
2025-11-27 16:16:13.058601,2,12.889586237514509,80.11723772426853,0.13664550371911074,0.03322838684021781,-0.10299512621604517,0.06333237691800508,0.0006635852343574407,0,0
2025-11-27 16:16:14.058601,2,12.889585940847825,80.11723856462126,0.09698360441665242,-0.030251096195603823,0.0825696389713921,0.052273026367688845,0.0041676930961738155,0,0
2025-11-27 16:16:15.058601,2,12.88958535557048,80.11724009412596,0.17829852053446668,-0.1439427965393053,-0.10052315075706458,-0.05900455584757994,0.01940538132108723,0,0
2025-11-27 16:16:16.058601,2,12.88958466014903,80.11724226746433,0.2482123335294116,0.08663966755290252,-0.15697771153574563,0.06732730080636751,0.03231477566080446,0,0
2025-11-27 16:16:17.058601,2,12.88958422092986,80.11724337685924,0.12993208559676683,-0.1336687417688764,-0.19312511022973985,-0.05698405177111669,0.02300879527267668,0,0
2025-11-27 16:16:18.058601,2,12.889583473599096,80.11724553387543,0.2484053063656968,0.14500442122995347,0.0852512060839881,-0.02030764187484124,0.0081672310388011,0,0
2025-11-27 16:16:19.058601,2,12.889583087389353,80.11724651856261,0.11517462047201765,-0.16665176290824502,-0.24494899891769656,-0.0379079926382145,0.03371826996254216,0,0
2025-11-27 16:16:20.058601,2,12.889582870534786,80.11724704410688,0.06192634809245551,0.2081754669817232,-0.24577081074890297,-0.004553656678106498,0.006165140183650975,0,0
2025-11-27 16:16:21.058601,2,12.889582437287983,80.11724795860516,0.1103325187736835,0.27647415862703056,0.26174534329289245,0.013306138716983319,0.020729174221874584,0,0
2025-11-27 16:16:22.058601,2,12.889581690349672,80.11724968994767,0.20544793884297433,-0.07963559764814353,-0.23158665317360613,-0.025073789780119024,0.011899667731989621,0,0
2025-11-27 16:16:23.058601,2,12.889581130473827,80.11725116679884,0.1719477267698389,-0.003854342010325411,0.19270798542525305,0.15223343187745833,0.007275433325048278,0,0
2025-11-27 16:16:24.058601,2,12.889580795225344,80.11725190107241,0.0879838961889814,0.006794114402410494,-0.05525513948745175,0.052143045270097596,0.02109661416024935,0,0
2025-11-27 16:16:25.058601,2,12.889580106193447,80.11725389333759,0.22938693767022983,-0.20466884394310858,-0.1401768135566204,-0.10265531469377415,0.008766270040307517,0,0
2025-11-27 16:16:26.058601,2,12.889580012045634,80.11725422276974,0.037251738842704614,0.1731174586882228,0.02646463722248359,-0.039483406286712305,0.014122013640636507,0,0
2025-11-27 16:16:27.058601,2,12.889579326547292,80.11725645783729,0.25425136474573967,0.4352631089082367,-0.036679940360404645,0.02602160651049419,0.004339629051878305,0,0
2025-11-27 16:16:28.058601,2,12.889579191034901,80.11725703212535,0.06411649102692508,-0.1009334758176923,-0.39884163536845746,-0.02709277997779905,0.020232298352584804,0,0
2025-11-27 16:16:29.058601,2,12.889578573391255,80.11725937883249,0.26376279409371267,0.14150410431927515,-0.13402859309699655,-0.0007517902749878472,0.01932700920421158,0,0
2025-11-27 16:16:30.058601,2,12.889578105251328,80.1172618618497,0.27442838179681645,-0.01290908398884874,-0.06613849921089048,0.009502201984258218,0.05322741351911955,0,0
2025-11-27 16:16:31.058601,2,12.889577866129619,80.11726304044777,0.13063178700594125,0.15742045561889104,-0.34868729075884713,0.05975897269272268,0.014826737788828344,0,0
2025-11-27 16:16:32.058601,2,12.889577463052582,80.11726519922486,0.23850994303190848,0.16412733015123143,0.061290587085729306,0.07489506455526786,0.009687637716574861,0,0
2025-11-27 16:16:33.058601,2,12.889576938030835,80.11726717546986,0.2222662625020727,0.30780721017592916,0.11205767517572607,-0.02501652782536621,0.03125485403412246,0,0
2025-11-27 16:16:34.058601,2,12.889576300081055,80.11726960351238,0.2728727227747576,-0.1923698658505179,0.039700718935377285,-0.0624709097757593,0.006979566299533294,0,0
2025-11-27 16:16:35.058601,2,12.889576141278098,80.11727038327479,0.0864398298185554,-0.13592000359868617,0.3355620126043376,-0.0897498034670899,0.02289504493933963,0,0
2025-11-27 16:16:36.058601,2,12.88957611683346,80.11727053047714,0.016203217806538304,-0.07894353981071464,0.08398532541248797,-0.09815142167414462,0.03391401264745463,0,0
2025-11-27 16:16:37.058601,2,12.889575813593114,80.11727276920438,0.2452608584371726,0.3499011691090499,0.04260415843562812,0.009923831760677456,0.0029419611079106785,0,0
2025-11-27 16:16:38.058601,2,12.889575723779629,80.11727346096283,0.07572636297527616,0.016138860728818455,-0.017300101474438653,-0.05180344681838245,0.024471071775310823,0,0
2025-11-27 16:16:39.058601,2,12.88957559325116,80.11727474879208,0.14049712632205888,0.07031571149448355,0.04151180731087438,-0.004200222408608158,0.002771926186755668,0,0
2025-11-27 16:16:40.058601,2,12.889575591678877,80.11727475722103,0.0009312295943038063,0.09436601371244918,-0.02192794865438094,0.03841509828719579,0.0013122276582847494,0,0
2025-11-27 16:16:41.058601,2,12.88957530120345,80.11727700398939,0.24593426970161444,-0.01805898714187794,-0.048067123754851865,-0.07056310485277639,0.013825451595681286,0,0
2025-11-27 16:16:42.058601,2,12.889575102081928,80.11727875932588,0.1917588878462291,-0.06855283320565256,0.2290474246736948,0.07489995914567173,0.009594448815802856,0,0
2025-11-27 16:16:43.058601,2,12.889574783932929,80.11728111682494,0.2582547156653676,-0.020497148222739292,-0.01594933135819087,0.018208558787748942,0.012684348466076084,0,0
2025-11-27 16:16:44.058601,2,12.889574779913774,80.11728114728247,0.0033351257195094017,-0.08086775633402132,0.14107172359702694,-0.07254426406713271,0.00035118088437624355,0,0
2025-11-27 16:16:45.058601,2,12.889574481248589,80.11728327006595,0.23273255027249512,0.34406297235218913,0.06476819246060418,-0.008248973283061536,0.007203691419318909,0,0
2025-11-27 16:16:46.058601,2,12.889574122385854,80.11728530995066,0.22492608184924132,0.21358477583027435,0.10208901969336182,0.10962974240307,0.034350197295444015,0,0
2025-11-27 16:16:47.058601,2,12.889573998713717,80.11728572185932,0.046768853571785986,-0.23402305186132505,-0.16682855135695746,0.07418707702954964,0.03129577853968289,0,0
2025-11-27 16:16:48.058601,2,12.88957347887931,80.11728761810035,0.21374557380211703,0.25507492592558445,0.05570614069432566,0.025344512511956727,0.004859532159393031,0,0
2025-11-27 16:16:49.058601,2,12.889573199786188,80.11728834686527,0.08496327603615568,0.03230370848864521,-0.18417603398357493,-0.0095669726152443,0.005447418221840869,0,0
2025-11-27 16:16:50.058601,2,12.889572309655433,80.11729078622717,0.282636881472919,0.009596081296427472,-0.05509394143401033,0.01525613110611624,0.028520514374608112,0,0
2025-11-27 16:16:51.058601,2,12.889571397979072,80.11729284752283,0.2456207688717292,-0.02213730553603649,0.19859262274994996,0.09044953647527423,0.023836600890800332,0,0
2025-11-27 16:16:52.058601,2,12.889570276867367,80.11729501629995,0.26638085710904064,-0.1856566797110631,-0.08056100345535046,0.01618041859053259,0.0024162828448959796,0,0
2025-11-27 16:16:53.058601,2,12.889569139441804,80.11729705533082,0.2549255116546824,-0.2398152892505972,-0.2058361186830808,0.06764422271130603,0.00803648419607714,0,0
2025-11-27 16:16:54.058601,2,12.889569105863169,80.11729710811221,0.0068392359746121565,-0.02403233885782599,0.30004594157960945,0.07072888679067316,0.0068206995062413305,0,0
2025-11-27 16:16:55.058601,2,12.88956899788487,80.1172973227864,0.02621295003706724,0.432423381631251,-0.05915345925534075,0.0065920172271117725,0.016243662784583966,0,0
2025-11-27 16:16:56.058601,2,12.889567697922878,80.11729966945332,0.29288681336137184,-0.013615855804260169,0.11339368419659103,-0.08633562746226514,0.03347618751687183,0,0
2025-11-27 16:16:57.058601,2,12.889566704126674,80.11730199442862,0.27547570112299263,-0.052151832981039196,-0.1322462974007144,-0.1022235160356659,0.016371284365024063,0,0
2025-11-27 16:16:58.058601,2,12.889565955324086,80.11730368369467,0.20136712687875635,-0.03564160929131889,0.048278460582194774,0.04481909227343535,0.004870341769935293,0,0
2025-11-27 16:16:59.058601,2,12.88956532452436,80.11730481433287,0.14136115663107632,-0.09659402429948324,0.12549444487415867,0.05592941418848518,0.014047510439634604,0,0
2025-11-27 16:17:00.058601,2,12.889564293035624,80.11730674386607,0.23879497951597078,-0.19527478365873713,-0.05969865939398768,-0.01002501435575967,0.01433275004392759,0,0
2025-11-27 16:17:01.058601,2,12.8895641163068,80.11730701693126,0.03556707665366827,-0.11594530592233343,-0.21091945444736282,-0.10561222080852646,0.02109310394137714,0,0
2025-11-27 16:17:02.058601,2,12.889563564967638,80.11730803823815,0.1266833030626548,0.027421529825140095,-0.05350464039598679,-0.08336793171808293,0.02510857026783665,0,0
2025-11-27 16:17:03.058601,2,12.889562250883907,80.11731042572309,0.29751547560449576,-0.14444820403549202,-0.1671404802889951,0.034308257682648155,0.01957757123441817,0,0
2025-11-27 16:17:04.058601,2,12.889562112664317,80.11731066364352,0.03005436850980112,-0.15692273610767593,0.1064092652308379,-0.04041882108534271,0.02913734730413385,0,0
2025-11-27 16:19:43.058601,3,12.900052749545699,80.10052064340285,0.19383803519092113,-0.06099645918715861,0.11528883717593046,0.02386698723416548,0.007902910830355861,0,0
2025-11-27 16:19:44.058601,3,12.900053892132416,80.10052058829574,0.12733323694617718,-0.32639557499194494,-0.12424478276948216,-0.08270037179664864,0.004086018100765237,0,0
2025-11-27 16:19:45.058601,3,12.900055193593346,80.10052048452665,0.1453155387083331,0.07251095218974657,-0.21680477189459413,-0.005045990990378099,0.025432653094388052,0,0
2025-11-27 16:19:46.058601,3,12.900056180916858,80.10052047944934,0.10991023416459453,0.12226939902441356,-0.044979063812598565,0.03035887947769684,0.05193757260514028,0,0
2025-11-27 16:19:47.058601,3,12.900057738592565,80.10052051455693,0.17344230175752062,0.042185298466406285,-0.018097640149517855,-0.006804361150736212,0.0057936182370109295,0,0
2025-11-27 16:19:48.058601,3,12.90005777303829,80.10052051455214,0.0038344981015891785,0.2992224322870498,0.0430091406439078,0.03969116744422219,0.017466092876244545,0,0
2025-11-27 16:19:49.058601,3,12.900058273458079,80.10052056315824,0.05595585540816956,0.09566095015207346,-0.10136297034275277,0.12207565075594806,0.007881453131225654,0,0
2025-11-27 16:19:50.058601,3,12.90005893869893,80.10052059580725,0.07413930547223023,-0.1459703636267675,0.1627839748002863,-0.06967698886288765,0.0187021108776982,0,0
2025-11-27 16:19:51.058601,3,12.90005931819125,80.10052059187535,0.042247239487669085,0.07393880148071054,0.06726009231169425,0.032372315670475243,0.00031369415111974394,0,0
2025-11-27 16:19:52.058601,3,12.900060793940991,80.10052070848985,0.16476708018186162,0.2539205158851071,0.0037559415053735465,0.0022431009223140286,0.005191919325066618,0,0
2025-11-27 16:19:53.058601,3,12.900063212304314,80.10052069509182,0.2692161306242988,0.35349799875628496,-0.11774403658401536,-0.007411051319881316,0.029466284821804842,0,0
2025-11-27 16:19:54.058601,3,12.900064279513822,80.10052074193902,0.11891046968058808,-0.07747630540582416,-0.2566215152306982,0.008987024480189502,0.016038531921525073,0,0
2025-11-27 16:19:55.058601,3,12.900066824615163,80.10052096768882,0.2843776929164906,0.33233219721978075,-0.06962142464185765,0.013073413672099347,0.035015047733430386,0,0
2025-11-27 16:19:56.058601,3,12.90006893683209,80.10052124932993,0.2371097338771904,0.10335105041975345,-0.11651090191604,0.03125772062051864,0.009901038628487732,0,0
2025-11-27 16:19:57.058601,3,12.900069847638136,80.10052144399188,0.10356782839820412,0.027773249729788438,-0.1278720314420311,0.0144721463987674,0.02017201618646229,0,0
2025-11-27 16:19:58.058601,3,12.900071134623152,80.10052190736826,0.15183437361752974,0.08755056135821714,-0.14287089242302725,0.08992094921623464,0.0005048837174880419,0,0
2025-11-27 16:19:59.058601,3,12.900073091469967,80.10052293016255,0.24447906048396884,-0.03629878020277438,-0.023400634684114237,0.09028113688866679,0.0024301370936262684,0,0
2025-11-27 16:20:00.058601,3,12.9000752774963,80.10052414666187,0.2768451064907438,0.10511308892938624,-0.16874686118704194,-0.019340642419222988,0.030937463638400282,0,0
2025-11-27 16:20:01.058601,3,12.900077298719015,80.10052533176234,0.2591582323998621,-0.07365839532399382,0.13241444051548026,0.015475193085355055,0.012138879470792889,0,0
2025-11-27 16:20:02.058601,3,12.90007752905417,80.10052549883184,0.031402369723309655,-0.0815831479985952,-0.10303423543251283,0.0020632493410081484,0.027876253447119043,0,0
2025-11-27 16:20:03.058601,3,12.900079443653105,80.10052675345794,0.2529028130294244,0.2936264537598925,-0.12963756896595013,-0.0713230597595434,0.012553909891229056,0,0
2025-11-27 16:20:04.058601,3,12.900081177999898,80.10052782866181,0.22558175473418124,-0.0021628629721705955,0.0048573257298780165,0.03379645355636392,0.006652643087119641,0,0
2025-11-27 16:20:05.058601,3,12.900083210216392,80.10052928471514,0.2759372818856973,-0.002744010546014791,0.19363146316534874,0.055322205692287324,0.030827336836931573,0,0
2025-11-27 16:20:06.058601,3,12.900084761689401,80.1005305997686,0.22403383766210808,-0.08776536300998336,-0.21786557918051444,0.04145392099186185,0.03340599640743194,0,0
2025-11-27 16:20:07.058601,3,12.900085218630894,80.10053097956498,0.06546633388049887,-0.05354626099932459,0.1683371374043199,0.007924683036569638,0.009990917306226345,0,0
2025-11-27 16:20:08.058601,3,12.900086083963599,80.10053169493722,0.12371311774481521,0.2539468681680346,0.15415728656615782,-0.07541878595837896,0.013462579291321218,0,0
2025-11-27 16:20:09.058601,3,12.900087645779873,80.10053286019742,0.2149780798008664,0.10626729705934367,0.05020239008637199,-0.11605170016360773,0.044961791463637504,0,0
2025-11-27 16:20:10.058601,3,12.900089776744995,80.10053420206522,0.278341794238722,-0.03389602268494074,0.41044217407984357,-0.10999482300849632,0.03308525502098485,0,0
2025-11-27 16:20:11.058601,3,12.900090407315929,80.10053455512613,0.07996921709704431,0.1669913296505593,0.10851104812232217,-0.003924064260568531,0.009487940323465487,0,0
2025-11-27 16:20:12.058601,3,12.900092135065213,80.10053560101404,0.22332021046900816,-0.02711247239218617,0.036704186805337526,0.11411825415901769,0.006038304818013147,0,0
2025-11-27 16:20:13.058601,3,12.90009302573492,80.10053611904,0.11397496649330302,0.06324969579457705,0.024611678845215767,0.044934478970040964,0.018620527541750115,0,0
2025-11-27 16:20:14.058601,3,12.900094731163327,80.10053687682402,0.2068906122953855,-0.061829501331565694,0.3135534397339639,-0.08310733904309263,0.022219721193867472,0,0
2025-11-27 16:20:15.058601,3,12.900094994917588,80.10053699030833,0.03183890352461164,0.11566570805694969,0.2602655295141736,0.08194901780544185,0.003793659168922755,0,0
2025-11-27 16:20:16.058601,3,12.900096513294288,80.10053788349848,0.19484160776332496,0.17964953333564956,0.10116779976918906,0.04251925338752865,0.025568191819868493,0,0
2025-11-27 16:20:17.058601,3,12.900096573670927,80.10053791729517,0.007656539223841507,0.440966625607522,-0.059951577383857736,0.00042726242719352825,0.011081542379128048,0,0
2025-11-27 16:20:18.058601,3,12.900098506174835,80.10053891827515,0.2409915644298662,-0.010415467564684575,0.21670691031277953,-0.12123184989881214,0.007086054799852724,0,0
2025-11-27 16:20:19.058601,3,12.90009972102315,80.10053929574352,0.14130351160749358,0.028549972132231122,-0.025236595589003694,-0.025462673696266383,0.008805523446679116,0,0
2025-11-27 16:20:20.058601,3,12.900101643255665,80.10053986940672,0.22285321942390032,-0.14638563910848137,0.15771881036931787,0.13483541301617274,0.008488976545761018,0,0
2025-11-27 16:20:21.058601,3,12.900103134988807,80.10054048935959,0.17916826411018458,0.19627008325731415,-0.15026549676816023,0.010384172544173433,0.004561632497028967,0,0
2025-11-27 16:20:22.058601,3,12.900104019954979,80.10054086279449,0.10652272612346936,0.3650083962828114,0.2024892368311542,0.0041741191016192725,0.011580883339147039,0,0
2025-11-27 16:20:23.058601,3,12.900105663579827,80.10054146410667,0.19425444162684558,-0.23799997446869692,0.1698253815506336,-0.16951041509995413,0.017083767064013013,0,0
2025-11-27 16:20:24.058601,3,12.90010730270503,80.10054199204876,0.19124900561280997,-0.17047921627283347,-0.11609839409593219,0.016217975095824837,0.016826806671049403,0,0
2025-11-27 16:20:25.058601,3,12.900107517593293,80.10054209435528,0.026371781025251204,0.05912766546015143,-0.17938116255920053,0.03741981753667911,0.013114082243945922,0,0
2025-11-27 16:20:26.058601,3,12.90010896567894,80.1005427574808,0.17653157179618226,-0.13235984690957392,0.060137037559439124,-0.05075111616421937,0.002937654030998418,0,0
2025-11-27 16:20:27.058601,3,12.900111337344885,80.10054403377701,0.2981328289631258,0.1668024808899239,0.1852288467677838,0.0412860049747102,0.02823951001901695,0,0
2025-11-27 16:20:28.058601,3,12.900112509516209,80.10054463662357,0.1459649370886391,0.02984425982778536,-0.2226101132805465,-0.10276679895246514,0.005411136491104004,0,0
2025-11-27 16:20:29.058601,3,12.90011454446837,80.10054571797588,0.25511651243161443,0.11005376095832511,0.20658381613793633,-0.02653701896109301,0.022586066089934947,0,0
2025-11-27 16:20:30.058601,3,12.900116783523647,80.10054670063056,0.271101382658236,-0.19276954552560852,0.27044775029876617,-0.09632952684804666,0.026805161431523675,0,0
2025-11-27 16:20:31.058601,3,12.900116944187621,80.10054677547978,0.019642882950353078,-0.1849463379915976,0.01783084815842741,-0.035267205841249344,0.004985920565165578,0,0
2025-11-27 16:20:32.058601,3,12.900117810780412,80.10054716592032,0.1053624200574439,0.2621028469978123,0.14044324966268876,-0.032154049360452644,0.03526984425090916,0,0
2025-11-27 16:20:33.058601,3,12.900119526419862,80.10054812490131,0.21749396206328292,0.026616109973748074,-0.1727574603507816,-0.04388823306620568,0.011839188536783576,0,0
2025-11-27 16:20:34.058601,3,12.900120488488819,80.10054862938394,0.12027685460945531,-0.16014280964894048,0.24441689512476134,-0.0025915544659501624,0.018156233624347404,0,0
2025-11-27 16:20:35.058601,3,12.900120628329754,80.10054870430568,0.017562113818064985,-0.3492620908594658,0.14240263621397967,-0.03464068934294598,0.005435992347738073,0,0
2025-11-27 16:20:36.058601,3,12.900120694904215,80.1005487508309,0.008967217601403588,0.27301581228454364,-0.16198589392267293,-0.00020591163009023306,9.123341141106057e-05,0,0
2025-11-27 16:20:37.058601,3,12.900121233595568,80.10054910988846,0.07151260322642997,0.23588073302031484,-0.3359068695458651,-0.03650922458744209,0.017082138725575496,0,0
2025-11-27 16:20:38.058601,3,12.900123313191393,80.10055049203989,0.27583667276054036,-0.11788142500546091,0.29491732112155256,0.008279068310569248,0.03180009767854456,0,0
2025-11-27 16:20:39.058601,3,12.90012480071733,80.10055164922854,0.2078162121571236,-0.09731874017851891,-0.20047593317667248,-0.043904618795328365,0.0011209797382215174,0,0
2025-11-27 16:20:40.058601,3,12.900126330946385,80.1005528561805,0.21487150508142414,-0.19664659178019223,-0.15976911498800708,0.10793758200953607,0.00211725133032016,0,0
2025-11-27 16:20:41.058601,3,12.900127200644313,80.10055357789386,0.12452344822367656,-0.10034114319556944,-0.08629333852191093,-0.04667923467125514,0.001816751552928285,0,0
2025-11-27 16:20:42.058601,3,12.900127238618863,80.1005536065061,0.005244959838339292,0.012261604582087925,-0.05114117187656366,-0.03905265931781618,0.014277521120525199,0,0
2025-11-27 16:20:43.058601,3,12.900128494021885,80.10055459329404,0.17605652959156437,-0.20261444693553587,0.05828613791436894,-0.004465542565758738,0.0040743078780367805,0,0
2025-11-27 16:20:44.058601,3,12.900130284034324,80.10055588978044,0.24392152531683567,-0.050337994071125755,-0.1827935808673932,0.005865020577462632,0.024060636748440577,0,0
2025-11-27 16:20:45.058601,3,12.900131351090641,80.10055654480873,0.1384261562425955,0.2792788890688699,-0.18336484473476455,-0.050378554506646626,0.0016862613704678652,0,0
2025-11-27 16:20:46.058601,3,12.900133499187566,80.10055778857146,0.27458302346321645,-0.24649511856503606,0.25137113433284564,-0.002431944093752088,0.0032786784668418713,0,0
2025-11-27 16:20:47.058601,3,12.900133597789392,80.1005578516006,0.012932773114016161,-0.37078324102498067,0.16098565074608842,0.024709797659476666,0.00747503099946383,0,0
2025-11-27 16:20:48.058601,3,12.900135095413367,80.10055876068124,0.19371327961027315,0.07671736734749354,-0.1059898253207834,-0.03147540379929268,0.004538137005604052,0,0
2025-11-27 16:20:49.058601,3,12.900137387810599,80.10056003776278,0.2903880885217241,-0.2771345706511358,0.1555429924058767,-0.0074661812199164485,0.013425488091750792,0,0
2025-11-27 16:20:50.058601,3,12.90013836350151,80.1005605332359,0.12119219452094337,-0.1555264310493345,-0.04929825143923073,0.02544228563435365,0.006282197588500335,0,0
2025-11-27 16:20:51.058601,3,12.900139401937269,80.10056115186859,0.1336758418693663,0.018286692849406018,0.11009683956036136,0.022760484838698428,0.029688362261886862,0,0
2025-11-27 16:20:52.058601,3,12.900139690945394,80.10056132428295,0.03721665793758692,-0.14077826306994273,-0.14854856233089767,-0.041006616903700326,0.013043283159876526,0,0
2025-11-27 16:20:53.058601,3,12.90013971671977,80.10056133724193,0.003195259069860845,-0.09819786820560832,0.09026635127269063,-0.05209837266268971,0.004651467351661434,0,0
2025-11-27 16:20:54.058601,3,12.900140220228518,80.10056159623767,0.06270158466770168,0.6467737817129416,0.07100650904814239,-0.0467925310658763,0.02369492373119392,0,0
2025-11-27 16:20:55.058601,3,12.900140662344828,80.10056178641389,0.05336760498063222,-0.07616094165566631,0.07359369072557201,-0.08806448448625462,0.018418946240384794,0,0
2025-11-27 16:20:56.058601,3,12.900141229319447,80.10056192387225,0.06485412660007274,0.14726246500826906,-0.18627436484981086,0.0333470133366929,0.024330015773531444,0,0
2025-11-27 16:20:57.058601,3,12.90014164465989,80.10056208564488,0.049455870142843625,0.22323168177393093,0.07290523657777925,0.030405480995928085,0.037665256104143625,0,0
2025-11-27 16:20:58.058601,3,12.900143122299676,80.10056262463962,0.1745792590170719,-0.008001940304292028,-0.04350626685247084,-0.05049591466604464,0.004425839546730847,0,0
2025-11-27 16:20:59.058601,3,12.9001436100232,80.10056285237444,0.05965261360683411,0.440512686596379,-0.16207345243506532,0.17939765258777784,0.036331905091900256,0,0
2025-11-27 16:21:00.058601,3,12.90014493594455,80.10056358176541,0.16748250825609448,0.4942747509576222,-0.17398109890926264,-0.02902966760016719,0.03485767950153273,0,0
2025-11-27 16:21:01.058601,3,12.900145421171016,80.10056389168744,0.06362880977727055,0.14001645982277755,-0.1985438184155188,-0.05645649669335543,0.0012095557485812265,0,0
2025-11-27 16:21:02.058601,3,12.900147789199556,80.10056494022633,0.28711489191885436,0.07877560791755965,-0.045741590800139544,0.07367565237403706,0.011790956962190045,0,0
2025-11-27 16:21:03.058601,3,12.900149855670044,80.10056624428869,0.27007710282929365,0.07604348389389154,0.06249649062222891,-0.00956333925930803,0.01644059185306407,0,0
2025-11-27 16:21:04.058601,3,12.900150401894614,80.10056654921291,0.06922510161847197,0.09136051969382922,0.08004965462531707,0.06652084370144953,0.001044363142030569,0,0
2025-11-27 16:21:05.058601,3,12.900152477763786,80.100567766296,0.2661617895351049,0.2021847026715083,0.08261323811537015,0.05832271553927154,0.001704749371832584,0,0
2025-11-27 16:21:06.058601,3,12.90015429650975,80.1005687898217,0.2309246947138108,-0.2235104189393987,0.00014009206586041798,-0.11367180643520983,0.008621056567650932,0,0
2025-11-27 16:21:07.058601,3,12.900156728746634,80.1005697733732,0.29103176268920045,0.292723585796324,-0.05699926728082638,-0.03156395011262468,0.0039335911894634555,0,0
2025-11-27 16:21:08.058601,3,12.900157921082469,80.1005703012228,0.14456191042625216,-0.2856122193725076,0.0510652985513857,0.053761324394340664,0.01321182824672585,0,0
2025-11-27 16:21:09.058601,3,12.900158427168728,80.10057051790152,0.06104691224297034,-0.16737939315167216,0.1319444577142606,-0.038620619847260035,0.004929932890341149,0,0
2025-11-27 16:21:10.058601,3,12.90015843763733,80.10057052305413,0.0012925483819899218,0.12378035210008395,-0.044590746491115274,0.006582938904990773,0.0041908560751682,0,0
2025-11-27 16:21:11.058601,3,12.90015863176974,80.10057060092437,0.023203996785060087,0.2366083897446145,0.14898178340055,-0.07448818916917112,0.010124220192650309,0,0
2025-11-27 16:21:12.058601,3,12.900160301525505,80.10057124586731,0.19861510467428312,0.20750590707805633,-0.10418498341798102,0.014505389577839081,0.028772423914908193,0,0
2025-11-27 16:21:13.058601,3,12.90016056299019,80.10057136205855,0.031719619489582,0.33822629235228974,-0.05272265778956817,0.007325182576834229,0.004080219918332691,0,0
2025-11-27 16:21:14.058601,3,12.900162887979183,80.10057214954386,0.27255898700575953,-0.3103095470929156,-0.00281645902489722,-0.11160295582217357,0.011348687744332023,0,0
2025-11-27 16:21:15.058601,3,12.900162968823299,80.10057217512326,0.009417872905760615,-0.043558971710503026,-0.016926460675584128,0.05187783802864452,0.006975578719389692,0,0
2025-11-27 16:21:16.058601,3,12.90016464788934,80.10057272412523,0.19617741681213632,0.5586703110238723,-0.1859469740244764,0.030707071275033464,0.020603764656658342,0,0
2025-11-27 16:21:17.058601,3,12.900165715001693,80.10057305924977,0.12423230501487857,-0.3930151279693457,-0.15097057918502213,0.060436362949734854,0.011716925136523304,0,0
2025-11-27 16:21:18.058601,3,12.90016578157668,80.10057307633716,0.007639549782312926,0.05799410125036275,0.050381398881544644,0.05156348362864001,0.007436594810938028,0,0
2025-11-27 16:21:19.058601,3,12.900166065793155,80.10057315395795,0.032740894780681304,0.3207095697976282,0.08643792521773606,0.026088013297577504,0.04814290935441563,0,0
2025-11-27 16:21:20.058601,3,12.900166311922966,80.10057323333402,0.028721081744508936,-0.1307831175239596,-0.26246260479665773,-0.027908048396272894,0.019279663034861682,0,0
2025-11-27 16:21:21.058601,3,12.900167736663136,80.10057364468268,0.16476333224267023,0.3474238295098597,-0.10699337102246446,-0.06509888431187838,0.0019300818827535705,0,0
2025-11-27 16:21:22.058601,3,12.900170127606707,80.10057417536494,0.2723179001723515,-0.009499926900839568,-0.2845247252718843,-0.11431130551496589,0.00857532053715739,0,0
2025-11-27 16:21:23.058601,3,12.900170490140685,80.10057424646821,0.0410881774458111,-0.007615060834760047,-0.029894169979113858,-0.05537560874365281,0.011946672969692712,0,0
2025-11-27 16:21:24.058601,3,12.90017262569565,80.1005745977433,0.24076637705656911,0.16318840876088622,-0.04096882324200446,-0.10840192185005464,0.014601727433818766,0,0
2025-11-27 16:21:25.058601,3,12.90017514678643,80.10057483285796,0.2818050456677107,-0.2282259484084016,-0.13617970228166143,0.03566143788098542,0.02382921632300225,0,0
2025-11-27 16:21:26.058601,3,12.900176646705356,80.10057508498716,0.16919752243892447,-0.30833099337421777,-0.2388787175693269,0.08517162258921929,0.030291550226441668,0,0
2025-11-27 16:21:27.058601,3,12.900176773229669,80.1005751047811,0.014247513795195265,0.016261363022237067,0.11375075338023159,0.0031112593998898243,0.013952886730835307,0,0
2025-11-27 16:21:28.058601,3,12.900177997250738,80.10057523858723,0.13702941729877663,-0.37800919572303937,-0.007650053936347985,-0.05424656349911705,0.006524787395566409,0,0
2025-11-27 16:21:29.058601,3,12.900178017446562,80.1005752407379,0.0022602789952656075,0.03017717299029968,-0.09731681440020021,0.03914511500943615,0.01566329672244368,0,0
2025-11-27 16:21:30.058601,3,12.900179899999358,80.10057538215696,0.21012686052954485,-0.24850552638435192,0.06333329751300033,0.048345300756247656,0.03374249471363923,0,0
2025-11-27 16:21:31.058601,3,12.900179927360995,80.10057538424223,0.0030542904415807094,0.4544795955421811,-0.17249378102599422,-0.1167821487169563,0.028328216209831773,0,0
2025-11-27 16:21:32.058601,3,12.900180322572027,80.10057540331412,0.044043539401866706,0.18015043987597062,0.03455862522801537,0.00987581093831217,0.012583094230227345,0,0
2025-11-27 16:21:33.058601,3,12.900180654194292,80.10057541867357,0.036953793877182804,0.018462186714935047,-0.2738598826101698,0.04310096226520581,0.010323927370070325,0,0
2025-11-27 16:21:34.058601,3,12.90018298665033,80.1005755128163,0.2598498838339238,-0.08707761476908905,0.25010186565845055,0.031635245425003455,0.048931865366440314,0,0
2025-11-27 16:21:35.058601,3,12.900183632961506,80.1005755717357,0.07223086430254144,-0.1023212202292565,-0.02012454358589057,0.07044534945583547,0.03164401294438811,0,0
2025-11-27 16:21:36.058601,3,12.900185616676557,80.1005758718364,0.2232152580135357,-0.270928749326563,-0.020668274581244775,0.06976211401541108,0.03611271769765276,0,0
2025-11-27 16:21:37.058601,3,12.900185946522651,80.10057591870418,0.03706898420938116,-0.16711971161115197,-0.11734310806972528,0.05934264667533832,0.00755998600317185,0,0
2025-11-27 16:21:38.058601,3,12.900186499699402,80.10057607070914,0.06375035270955264,-0.08266497005668175,0.5803325055614479,0.024358053130350617,0.02047172360636062,0,0
2025-11-27 16:21:39.058601,3,12.900188698885998,80.10057655268902,0.25033756828263465,0.34294277336727563,-0.13941644080476956,-0.09051342981684768,0.01915952958645782,0,0
2025-11-27 16:21:40.058601,3,12.900190862290838,80.1005769745577,0.2451422941634634,0.0774025135072061,0.16778977694014569,-0.028136583357765844,0.004021413013058071,0,0
2025-11-27 16:21:41.058601,3,12.900192316221796,80.10057733447968,0.16649700647229757,-0.09663773852366062,-0.04594991267425909,-0.01730606076898248,0.0060784609496605255,0,0
2025-11-27 16:21:42.058601,3,12.90019293450521,80.1005774388911,0.06975357484992409,0.02605712925829307,-0.013804082108092234,0.050574303563119954,0.004771344009641417,0,0
2025-11-27 16:21:43.058601,3,12.900194884747346,80.10057760666083,0.21786288770107345,0.4935013498126908,0.03365667556064271,-0.12697264433451153,0.011193572499689908,0,0
2025-11-27 16:21:44.058601,3,12.9001967763789,80.10057782990205,0.21196516786476557,-0.1287613806086509,0.0989396687547867,0.12527867897481929,0.027577501811474205,0,0
2025-11-27 16:21:45.058601,3,12.90019810025059,80.10057803150632,0.148988201728295,-0.12859814766475675,0.03500835613770613,0.057246960346700564,0.02739622360664178,0,0
2025-11-27 16:21:46.058601,3,12.90019835970143,80.10057806551409,0.029116857111868708,-0.002623322383765357,-0.16739788350711668,-0.07850912739252257,0.036248840021492826,0,0
2025-11-27 16:21:47.058601,3,12.900198714821004,80.10057808592359,0.039593896434529194,0.30359392795682333,0.1482985207485539,0.0381001835229141,0.002633544051375016,0,0
2025-11-27 16:21:48.058601,3,12.900200701967655,80.1005782098258,0.22161735984487083,0.16547409313480727,-0.15656266392408066,-0.0006486339036173711,0.03520409489049009,0,0
2025-11-27 16:21:49.058601,3,12.900203010504416,80.10057826971783,0.2570684743032367,-0.14907378373800428,-0.13141096809149763,-0.0436027699876364,0.010581723456246122,0,0
2025-11-27 16:21:50.058601,3,12.900203337485083,80.10057824170703,0.03652616935340005,0.07233216691924366,0.16499174225299204,-0.11900616556259033,0.019562583084460756,0,0
2025-11-27 16:21:51.058601,3,12.900205608388175,80.10057792699942,0.25509301500488873,-0.010972801543413555,-0.20895181526069487,0.025678275276023718,0.021220452572081622,0,0
2025-11-27 16:21:52.058601,3,12.900207634358901,80.10057768832807,0.22701317722181855,-0.020652494118271886,-0.1058370086240996,-0.08293035306209891,0.027353880446037922,0,0
2025-11-27 16:21:53.058601,3,12.900208336689758,80.10057753725897,0.07988348646338142,-0.3525387911110159,0.1136769269136855,-0.019845342912577453,0.03685227224857073,0,0
2025-11-27 16:21:54.058601,3,12.900209442942803,80.10057733900594,0.12501295965689468,-0.15964874525809872,0.12271481950236818,0.06514218889214526,0.01035925895660307,0,0
2025-11-27 16:21:55.058601,3,12.900210044689281,80.10057730851287,0.06706808814655645,-0.024641750898333724,0.05022847957365225,0.07260836548576005,0.03254823640207538,0,0
2025-11-27 16:21:56.058601,3,12.90021087845761,80.10057730879456,0.09281509532501116,-0.17596800007295932,-0.25061566239532634,0.06812365152422922,0.006450168429698109,0,0
2025-11-27 16:21:57.058601,3,12.900211948723946,80.10057732589925,0.11915650455278871,-0.29488823229340577,0.18119058466852045,0.011968934647990877,0.013970714180923868,0,0
2025-11-27 16:21:58.058601,3,12.900212192215804,80.10057734356062,0.02717317830816782,0.17213843101650764,0.06643585176846918,-0.02614827595236582,0.05987267951658125,0,0
2025-11-27 16:21:59.058601,3,12.900212214935276,80.10057734448716,0.002531129194626025,0.03907871936676549,-0.15689741334175197,0.06190480594873711,0.0045687065518157524,0,0
2025-11-27 16:22:00.058601,3,12.900213920516533,80.10057747522602,0.19039456848722683,0.15247861856057623,-0.10642949178280742,0.05956648120421629,0.0055829222849617275,0,0
2025-11-27 16:22:01.058601,3,12.900214050532705,80.10057748667293,0.014526601409842332,-0.0912627158932757,0.1292901770922509,0.07674873360636641,0.004643855323959338,0,0
2025-11-27 16:22:02.058601,3,12.90021496586365,80.10057765304315,0.10348151969549567,0.408151606965568,-0.013518629529931799,-0.02510873112465685,0.01964318329720283,0,0
2025-11-27 16:22:03.058601,3,12.900217328261084,80.10057814621243,0.2683716137377023,0.35605856209767395,-0.08305777473055764,-0.08988968266666077,0.0004646887679341997,0,0
2025-11-27 16:22:04.058601,3,12.900219787198125,80.10057852268524,0.27676039563870497,0.32348750642233004,0.17558169906291587,-0.014140215472752078,0.006522594725109314,0,0
2025-11-27 16:22:05.058601,3,12.90022017432151,80.10057857416547,0.04345511901753524,-0.3113051705134905,-0.07328193201197497,0.0004388362498531917,0.005568549696295623,0,0
2025-11-27 16:22:06.058601,3,12.900220873518197,80.10057869706161,0.07896870824873355,0.05795811904143745,-0.14598931446623373,-0.027858915086970137,0.0017514895670435293,0,0
2025-11-27 16:22:07.058601,3,12.900221817896039,80.10057890814988,0.10759450531629904,0.11001665875174313,-0.11239560881227945,-0.057128984699790525,0.02942337180911761,0,0
2025-11-27 16:22:08.058601,3,12.900224321232525,80.10057947919647,0.28547741937296484,0.0684085259571612,0.0015208755174387092,-0.09486531843969712,0.009435478984408387,0,0
2025-11-27 16:22:09.058601,3,12.90022632092446,80.10057986143676,0.22643684703878605,-0.09519164175329949,0.2108898752270361,-0.131543641473167,0.006196891615072062,0,0
2025-11-27 16:22:10.058601,3,12.900227486884608,80.10058008367695,0.13201594978194103,0.18752565732729898,-0.04559937711399093,0.020272291107831058,0.003204746287462158,0,0
2025-11-27 16:22:11.058601,3,12.900229727689066,80.10058056737425,0.2549083799908084,0.3867440183466152,0.2115451167467974,-0.09344850252669681,0.004017287108699663,0,0
2025-11-27 16:22:12.058601,3,12.900231893085213,80.10058083538293,0.2427998453140247,0.2747466075924401,-0.014521941504793677,0.04674773625708237,0.017853358872104364,0,0
2025-11-27 16:22:13.058601,3,12.90023310891558,80.10058106938554,0.13770745424214406,0.1126860531071649,-0.4104535392209731,0.01696511924563142,0.003917654977123596,0,0
2025-11-27 16:22:14.058601,3,12.900233854213928,80.10058119354954,0.08405345163810314,0.10492983537369885,-0.1102270403765123,-0.07429225643390616,0.0005146193637091575,0,0
2025-11-27 16:22:15.058601,3,12.900234689290695,80.10058133408604,0.09420325207197743,0.13421452795755667,0.08294408308396607,0.06408133742146688,0.01853742717064222,0,0
2025-11-27 16:22:16.058601,3,12.900235861242637,80.10058164247246,0.13468494279902513,-0.29771224044076644,-0.0332223586497209,0.1168079437467043,0.005856845336142251,0,0
2025-11-27 16:22:17.058601,3,12.900237196337319,80.10058201290518,0.1539624017940496,-0.09957573072919665,0.08554704795889687,0.03207246898666671,0.020756529548677745,0,0
2025-11-27 16:22:18.058601,3,12.90023903438666,80.1005826278036,0.2152158678696551,0.3736522233778294,0.015593159142429692,-0.014310837984938783,0.028430168914649397,0,0
2025-11-27 16:22:19.058601,3,12.900241478930768,80.10058322505006,0.27973723216185453,0.1630691498245086,-0.2169248177314314,-0.030382006400072128,0.0078990425449909,0,0
2025-11-27 16:22:20.058601,3,12.900242936316083,80.10058361662938,0.16770807737016505,-0.02916332994465641,0.05088996472602703,-0.01336484617710424,0.0027987085118446674,0,0
2025-11-27 16:22:21.058601,3,12.900243188658411,80.10058364877378,0.02830647069405132,-0.1306314714902859,0.04727919524274508,-0.0032982241753664876,0.005312610195498247,0,0
2025-11-27 16:22:22.058601,3,12.90024421479139,80.1005837489409,0.11474507212517221,0.0626581274197513,-0.058320421592474574,0.012651923692795719,0.017067487590346018,0,0
2025-11-27 16:22:23.058601,3,12.900246335442672,80.10058407466074,0.23870204780653104,-0.2311523665052963,0.27029204484406255,0.06771355435837854,0.002031025497571027,0,0
2025-11-27 16:22:24.058601,3,12.90024894008569,80.10058445703999,0.29290260853279765,-0.056841751303072056,-0.150699361304047,0.042450288822147283,0.024296575372125706,0,0
2025-11-27 16:22:25.058601,3,12.90024947312794,80.10058458167153,0.06085986451242163,-0.2733108216160649,0.1122215321958306,0.12747320785604613,0.021901701671623787,0,0
2025-11-27 16:22:26.058601,3,12.900249556755183,80.10058461063463,0.00982556988750527,0.029290892195367665,-0.1785031849996725,0.06930311442459844,0.002632812132735739,0,0
2025-11-27 16:22:27.058601,3,12.900251697910013,80.10058557720757,0.2604089284179731,-0.09135670184267865,-0.11335856658294322,-0.06020109351917684,0.008028818212043199,0,0
2025-11-27 16:22:28.058601,3,12.900252859613024,80.10058601872582,0.13790999537389706,-0.579470762215006,-0.011715126426333522,0.06794036369269985,0.026167187138479462,0,0
2025-11-27 16:22:29.058601,3,12.900254637723846,80.10058682173866,0.21626954235081294,-0.3662791481803846,0.03253186083443508,0.03853535257961409,0.01862674418034581,0,0
2025-11-27 16:22:30.058601,3,12.900254847961111,80.10058692811731,0.02609548388214834,0.05210933732292408,0.1925721458719184,0.1458862880179424,0.011638470779860062,0,0
2025-11-27 16:22:31.058601,3,12.900256901719857,80.10058820436502,0.26729672382433106,0.16194666634746835,-0.02806727194960179,0.04433525429603814,0.022778562919805956,0,0
2025-11-27 16:22:32.058601,3,12.900257931165955,80.10058889528422,0.1369433295370976,-0.3591109166360808,0.25571262666431355,0.06789809762428715,0.010482082427045332,0,0
2025-11-27 16:22:33.058601,3,12.900258732454299,80.10058949593028,0.1104739405299828,-0.05180497874592878,-0.0027006047584108434,-0.03351096779637726,0.022473675413339538,0,0
2025-11-27 16:22:34.058601,3,12.900259697998559,80.1005901277629,0.12748891214877162,-0.18376642787594794,-0.04524004924648627,-0.07186927813467545,0.01069144362587064,0,0
2025-11-27 16:22:35.058601,3,12.900261484725421,80.10059110664382,0.22548394763227853,0.10124673094366164,-0.18413295835321172,0.012005828218400634,0.0040052790768489305,0,0
2025-11-27 16:22:36.058601,3,12.900262787772505,80.10059189797525,0.16856533040808122,-0.11509304924421478,0.014378027966631748,-0.044565018361608255,0.009601886637165845,0,0
2025-11-27 16:22:37.058601,3,12.900264389508937,80.10059286690868,0.20699531992448392,0.11394869781724447,-0.3327841859084778,-0.023141067019769312,0.026053936236298602,0,0
2025-11-27 16:22:38.058601,3,12.900265384013155,80.1005933865151,0.12423894774111538,0.33761212276998775,-0.2435749513372673,-0.008957352026354984,0.008441712199827867,0,0
2025-11-27 16:22:39.058601,3,12.90026542440199,80.10059340906605,0.005118852358637294,-0.10931175328255255,-0.04862457486877571,0.0538138089033261,0.009532662819044158,0,0
2025-11-27 16:22:40.058601,3,12.900266297503867,80.10059396976196,0.11466596457714072,-0.12034291310998396,-0.2449740206454617,0.022523946005673267,0.010263131674374301,0,0
2025-11-27 16:22:41.058601,3,12.900266427596632,80.10059405618338,0.017252999983489958,0.2753377119596213,0.2816243409849731,-0.008499848177352443,0.0036555800960349,0,0
2025-11-27 16:22:42.058601,3,12.900268298189447,80.10059521761448,0.24340183646027205,0.10891348680331343,-0.15969509873298637,-0.0005919235428696046,0.015936736516116323,0,0
2025-11-27 16:22:43.058601,3,12.9002686609668,80.100595503034,0.050893021429455655,-0.3376883917669983,-0.08424685524988151,0.05227492499000086,0.028629187434479394,0,0
2025-11-27 16:22:44.058601,3,12.900269394449149,80.10059602823272,0.09957275086632646,0.10574323907398811,0.04699845173790786,0.031994781259384236,0.02743476430117919,0,0
2025-11-27 16:22:45.058601,3,12.900270793063175,80.1005971312243,0.19638045489466052,0.07896660062310065,0.26516266860520493,0.06770352570008281,0.010051229374202879,0,0
2025-11-27 16:22:46.058601,3,12.90027234719512,80.10059864641887,0.23866953315125508,-0.21483335385110788,0.06957041955780933,0.0656352751625846,0.01389981479279358,0,0
2025-11-27 16:22:47.058601,3,12.900273835305555,80.10059993187791,0.21656018014427245,-0.3235823484077094,-0.2547730912553077,-0.049546323236832085,0.008921017224061325,0,0
2025-11-27 16:22:48.058601,3,12.900274581778566,80.10060048949782,0.10279269518073872,-0.24677545866104011,0.13059002503801267,0.008326049231359451,0.03357659281417508,0,0
2025-11-27 16:22:49.058601,3,12.900276212817293,80.10060177942233,0.2292560154847706,0.12299328511030586,0.24641782179020835,-0.023419155127219517,0.006373494693397257,0,0
2025-11-27 16:22:50.058601,3,12.9002771710013,80.1006023874728,0.12542234626212248,-0.01518156839363552,-0.10052262511138535,-0.11962324747700526,0.01758487683568086,0,0
2025-11-27 16:22:51.058601,3,12.900277740817941,80.10060270402664,0.07213527018026224,-0.09961462075692766,-0.003709421228469484,0.00865638759350306,0.018765639164482213,0,0
2025-11-27 16:22:52.058601,3,12.900279638570131,80.10060368016428,0.23632418823725265,0.00908608248432373,0.2247076023965924,-0.06351015387213749,0.017943702607748933,0,0
2025-11-27 16:22:53.058601,3,12.900281228613125,80.10060466331238,0.2066670584346354,-0.20134471272750737,0.02377160639569282,0.07082478895908859,0.0017570647322172218,0,0
2025-11-27 16:22:54.058601,3,12.900281660289286,80.10060490045952,0.05451044695482697,0.3426591797214471,-0.19500930969216318,-0.007469738891420649,0.023708606676895755,0,0
2025-11-27 16:22:55.058601,3,12.900283062051916,80.10060549166612,0.16871657970926254,0.46042876690163165,0.15264497448028827,-0.02886958418599169,0.0011647812673168264,0,0
2025-11-27 16:22:56.058601,3,12.900283729458723,80.10060578611542,0.08087465059650269,0.07942393695157374,-0.010815854963123529,0.02143975274026992,0.04854072959197305,0,0
2025-11-27 16:22:57.058601,3,12.900284225152912,80.10060601245664,0.06039966183447795,-0.0491348164487882,0.4269111624123742,0.046780127435171445,0.017533155697378972,0,0
2025-11-27 16:22:58.058601,3,12.90028441128674,80.10060610553006,0.02305068897441178,-0.15326728437618134,0.02495619662994559,0.05881777956708855,0.015830207840403506,0,0
2025-11-27 16:22:59.058601,3,12.900284461429552,80.10060613522225,0.0064450207417280575,-0.4215711608209766,0.10701791874738854,-0.020747241326821063,0.03350942868888514,0,0
2025-11-27 16:23:00.058601,3,12.900286848260807,80.10060740939589,0.2995224687996004,-0.40413367130117944,-0.07774618786460676,0.027574415930538568,0.01964708593979853,0,0
2025-11-27 16:23:01.058601,3,12.900287389271758,80.10060775178513,0.07076313537947095,-0.4111217353467494,-0.17486426849663292,0.007142970135259746,0.012868813968939012,0,0
2025-11-27 16:23:02.058601,3,12.900288458630603,80.10060848936055,0.14344442497870638,-0.3246336736834995,0.3469562581527692,0.09997724696783085,0.010960328194706794,0,0
2025-11-27 16:23:03.058601,3,12.900290675403921,80.10061005665808,0.29969847641173125,0.3001888393044718,0.12558784736664133,0.11154698237208932,0.034368037733590005,0,0
2025-11-27 16:23:04.058601,3,12.900292586652098,80.10061152914017,0.2660759364778734,0.12101518097471485,0.2520368187640132,0.22081428313877643,0.025891189547050605,0,0
2025-11-27 16:23:05.058601,3,12.900293661987812,80.10061251289751,0.16038930392244896,-0.4255811369266712,-0.033439701773017506,-0.01684893932628539,5.4240774133409566e-05,0,0
2025-11-27 16:23:06.058601,3,12.90029435870375,80.10061305724325,0.0974896859788899,-0.1325351122167171,0.19791690129715048,0.05376565720218669,0.03195149945203709,0,0
2025-11-27 16:23:07.058601,3,12.900295526759828,80.1006141534737,0.17622983397221628,-0.02378947771553079,-0.0625642073852131,0.11322204291058166,0.004062676547129924,0,0
2025-11-27 16:23:08.058601,3,12.900296192630687,80.10061486309937,0.10688193781224378,-0.11786418501786888,-0.2202805086970524,0.007091321649967734,0.001963385632658448,0,0
2025-11-27 16:23:09.058601,3,12.900297033051867,80.10061567314243,0.12836954743994347,-0.14744442568279742,-0.2543194859316823,-0.05263547583276788,0.0009838325571714605,0,0
2025-11-27 16:23:10.058601,3,12.900297135480635,80.1006157624152,0.014961700391820798,-0.12313743857835309,-0.11010079356492651,-0.07251100656078065,0.03053102664960826,0,0
2025-11-27 16:23:11.058601,3,12.900298878508856,80.10061708857435,0.24157184298021983,-0.050515369421389074,0.2446018967011792,0.026141444189531668,0.01855978808369045,0,0
2025-11-27 16:23:12.058601,3,12.900299084458103,80.10061725898747,0.029454251709989065,-0.12852541126908157,-0.21748593026458432,0.06881141506294355,0.018493195797200143,0,0
2025-11-27 16:23:13.058601,3,12.900300119009566,80.10061808660859,0.1460421037154554,-0.10767225052186948,0.16063060849931013,-0.07679050921398149,0.04220310667213566,0,0
2025-11-27 16:23:14.058601,3,12.900300884613745,80.10061868477396,0.10712885092533024,0.022568897923596246,0.17105378483122838,-0.0690207222285529,0.012871925713106356,0,0
2025-11-27 16:23:15.058601,3,12.900301979778588,80.1006194055786,0.14484652779849377,0.05645374411919533,0.0743795546115507,-0.03806853647979958,0.011792059612666618,0,0
2025-11-27 16:23:16.058601,3,12.900302024077526,80.10061943300398,0.005759731112598587,-0.3018898453240705,-0.17055840987144627,-0.13081125907104796,0.01726364413731629,0,0
2025-11-27 16:23:17.058601,3,12.900302172169702,80.10061949875721,0.017963369110213366,0.13242950421446698,-0.057768756093219735,-0.04369432905065537,0.023539425378703314,0,0
2025-11-27 16:23:18.058601,3,12.900304241757203,80.10062081186291,0.2708875803126625,0.1415837363287682,0.24587916883108513,0.13690881233708072,0.0049631229195671615,0,0
2025-11-27 16:23:19.058601,3,12.90030581788384,80.10062201900308,0.21895641924202064,-0.24895639517914145,-0.04174677708090015,0.0062185538818837136,0.0026672920163722086,0,0
2025-11-27 16:23:20.058601,3,12.900306568490507,80.10062264824977,0.10790733709529289,-0.12968886259798418,-0.23568397859763107,0.18371549951267618,0.02567900719929386,0,0
2025-11-27 16:23:21.058601,3,12.900307667225368,80.10062380707637,0.1754188081761679,0.06029810143928485,-0.057118206650227744,0.016135135708240683,0.015182501161666534,0,0
2025-11-27 16:23:22.058601,3,12.900308395093683,80.10062447672387,0.10883600765843655,-0.08329789540925432,0.2205851931968895,-0.042438697651924234,0.011909199754601576,0,0
2025-11-27 16:23:23.058601,3,12.900308679843276,80.10062472374692,0.04151227183249345,-0.07034941205792627,-0.025639739362681217,-0.09853000659251429,0.0012067140226293528,0,0
2025-11-27 16:23:24.058601,3,12.90030902075172,80.1006249452518,0.04492111123869145,-0.017852627465965724,-0.08373019572738315,-0.10162003291998356,0.005390011552805768,0,0
2025-11-27 16:23:25.058601,3,12.900309232358168,80.100625068545,0.027090096608684333,-0.10174767772607493,0.2345747868292194,-0.03875174018638828,0.017103106318592076,0,0
2025-11-27 16:23:26.058601,3,12.900310917212096,80.10062616270281,0.22197792287004645,0.035024373605427886,-0.11870699756615896,0.15645904942328226,0.00963142781429803,0,0
2025-11-27 16:23:27.058601,3,12.900311120606077,80.10062632767989,0.028863883580661307,-0.09866487138688024,-0.08290227912826152,0.11487655748803119,0.01850913828023198,0,0
2025-11-27 16:23:28.058601,3,12.900311551314108,80.10062674876093,0.06623131925228971,-0.08627795137515051,-0.24589600962010255,0.16746258196035024,0.000928908910428748,0,0
2025-11-27 16:23:29.058601,3,12.900312169960362,80.10062746278392,0.10366167323360574,-0.029247924919536997,0.010959578134833092,0.052105699897117747,0.021890417927532956,0,0
2025-11-27 16:23:30.058601,3,12.900312648278423,80.1006280490968,0.08296271724304283,0.2674391176134124,-0.00754143092143861,0.01597669707948063,0.0035656880126682983,0,0
2025-11-27 16:23:31.058601,3,12.900313589088329,80.10062921556023,0.16428451173408432,-0.13542591419761735,-0.09814291031131388,-0.005836515425035018,0.03639569873030454,0,0
2025-11-27 16:23:32.058601,3,12.900313629380456,80.10062926149635,0.0067055043986652295,-0.15036647181493185,-0.001559208614897039,-0.06015609531743043,0.013246499325808918,0,0
2025-11-27 16:23:33.058601,3,12.900314560902002,80.10063032492157,0.15514037488040838,0.1495446381374736,-0.20917143030523058,-0.03822426287327274,0.005767297284607726,0,0
2025-11-27 16:23:34.058601,3,12.900315635173973,80.10063146599596,0.17214030012565362,0.2453914888153068,-0.1825205039933116,0.018425038946429523,0.0012380182246645476,0,0
2025-11-27 16:23:35.058601,3,12.900317438650994,80.1006333624681,0.28749621038555917,-0.23204746771902765,-0.022739725159017087,0.007648477243281406,0.00980922496242245,0,0
2025-11-27 16:23:36.058601,3,12.90031758041115,80.10063353174843,0.024216523353361618,-0.22696082843365142,0.04671140937619587,0.11115589734994163,0.02452448447963668,0,0
2025-11-27 16:23:37.058601,3,12.900317777588343,80.10063378572745,0.03523224006632678,-0.05499854746932505,-0.05986404501320029,0.023066516934338685,0.04347631155639722,0,0
2025-11-27 16:23:38.058601,3,12.900318478243225,80.10063462074683,0.11955491322365092,0.07274778976260929,0.07843965029189172,-0.015719097104348836,0.023541197439824538,0,0
2025-11-27 16:23:39.058601,3,12.900319417100603,80.1006356492895,0.1529030506923069,0.054981823371293176,-0.07641062111183232,-0.06699500275358736,0.018004037918177028,0,0
2025-11-27 16:23:40.058601,3,12.900319633639187,80.10063585772156,0.03305427900830221,0.16888409405555316,0.08935151472442944,-0.055377672142901305,0.015887598885442493,0,0
2025-11-27 16:23:41.058601,3,12.900321516861434,80.10063740558188,0.2686247539999492,0.22970086434273154,0.06388110833679828,0.0045855270001782375,0.023764553006329018,0,0
2025-11-27 16:23:42.058601,3,12.90032212633271,80.10063798738292,0.09267527983447431,6.362147454200432,-0.07430244835198012,0.021914166150067756,0.02589258843479897,0,0
2025-11-27 16:23:43.058601,3,12.900409143377185,80.10071934643541,13.106174546922917,7.62143765837754,0.0066803778968905275,0.04869970401048799,0.1072554783927324,1,0
2025-11-27 16:23:44.058601,3,12.900511594829364,80.10081444798998,15.380632997914498,1.8727062503874392,0.030136953160963563,0.046211055597334925,0.041167128271875006,1,0
2025-11-27 16:23:45.058601,3,12.900606089314492,80.10093786022175,17.028932684099654,-0.1601490783994059,-0.022236818648786714,0.05855958553767251,0.1202253946543874,1,0
2025-11-27 16:23:46.058601,3,12.900687725203897,80.10104483259238,14.74188336700084,-4.865118129990695,0.08836130827414963,-0.01356639959045198,0.10515361042091033,1,0
2025-11-27 16:23:47.058601,3,12.900734666590646,80.1011009772988,8.026327633084652,-1.1108144237885802,0.20089484139551886,0.0023542340239560977,0.09612418705037833,1,0
2025-11-27 16:23:48.058601,3,12.90081446852341,80.10118280318895,12.559992167828392,3.0627279142223234,0.2724074993674994,0.05297002782833848,0.12277268341634745,1,0
2025-11-27 16:23:49.058601,3,12.900896165377198,80.10128414418654,14.270037201196029,1.3451934290239673,-0.1371088742754735,-0.0537892464585632,0.032961798216057145,1,0
2025-11-27 16:23:50.058601,3,12.900988653948827,80.10138641839033,15.138214794631157,-2.248998126755769,0.11751561707500074,-0.021415793343913758,0.06119608288951367,1,0
2025-11-27 16:23:51.058601,3,12.901046143128116,80.10145340437859,9.684510904632145,-5.267674574603399,0.03710917444938767,0.0440360774438224,0.11902286613442087,1,0
2025-11-27 16:23:52.058601,3,12.901075092281584,80.10148781930454,4.932631228516089,-2.1098549367077415,-0.19073366547614612,0.025017965045472285,0.05692135292440036,1,0
2025-11-27 16:23:53.058601,3,12.90110817316203,80.10152697838981,5.622873043487775,4.551601092931863,-0.25286245440644856,0.032755462267356095,0.12813306908954836,1,0
2025-11-27 16:23:54.058601,3,12.901188367328537,80.10162922174517,14.240166856371449,3.610951212512333,0.2283467643628782,0.04299260763431231,0.025284550278806557,1,0
2025-11-27 16:23:55.058601,3,12.901258425898122,80.10171588863703,12.217333215799647,-1.8837395379178097,0.059895015230394706,-0.07270697079025204,0.06131065907031574,1,0
2025-11-27 16:23:56.058601,3,12.901317887280731,80.10178879250684,10.314821663692284,-0.16243080109675478,-0.07333504131851712,0.012585509228630977,0.052397410175512346,1,0
2025-11-27 16:23:57.058601,3,12.901392790375573,80.10186510409257,11.751345764862895,4.550304891017467,-0.08438483911261185,-0.11151941815392549,0.10990480793562328,1,0
2025-11-27 16:23:58.058601,3,12.901524957440632,80.1019738019355,18.856987493839476,2.1629160243924397,-0.1304945956219994,-0.13110462959014565,0.07369162656365286,1,0
2025-11-27 16:23:59.058601,3,12.901639872200823,80.10206143861232,15.939687215098044,-5.813181669019007,-0.35562454154871787,-0.03922710229548186,0.048059506454718334,1,0
2025-11-27 16:24:00.058601,3,12.901688123320792,80.10210067354525,6.853937486955965,-1.5751537016697217,-0.07598752159742596,0.1043850805082738,0.10713062096736005,1,0
2025-11-27 16:24:01.058601,3,12.901769062541637,80.10218137552411,12.564552753914443,0.45634074519350876,0.06539154812509684,0.13012495277763866,0.0982735588437823,1,0
2025-11-27 16:24:02.058601,3,12.901813551572543,80.10224408207611,8.415825203095956,-1.3769873078251726,-0.0878113371766779,0.04888494301319249,0.033194145809391645,1,0
2025-11-27 16:24:03.058601,3,12.901864984276116,80.10232229501149,10.23762515659922,0.8783642581290704,0.1516003265615641,-0.0013781896156138118,0.07577844680167475,1,0
2025-11-27 16:24:04.058601,3,12.901909970570733,80.1024038572467,10.168948034806045,2.5532038813771396,0.030590423950201662,0.19663240897072287,0.061353490403710596,1,0
2025-11-27 16:24:05.058601,3,12.901967773353011,80.10252687233245,14.818378543220868,-0.2478066563123964,0.06723190764318612,0.09910958468624068,0.0444413005303725,1,0
2025-11-27 16:24:06.058601,3,12.902009266717714,80.1026064273852,9.790631420134703,-2.6100219814784156,0.14993716288167627,-0.050735240962829234,0.08937835473743162,1,0
2025-11-27 16:24:07.058601,3,12.9020586578261,80.10268228457525,9.898716901350886,-2.3056434176984433,0.4057754323376742,-0.14310144839035144,0.11783554632532674,1,0
2025-11-27 16:24:08.058601,3,12.902085276380962,80.10272075057846,5.118825315102232,0.6298915303673372,-0.08074414607148513,0.0021512594256456463,0.0735300282839147,1,0
2025-11-27 16:24:09.058601,3,12.902145785274048,80.10280185488361,11.082567040346248,3.2165726692336016,0.2597193150260134,0.05822654737395671,0.03488568710355089,1,0
2025-11-27 16:24:10.058601,3,12.902198102510704,80.10289542927194,11.705467755216516,0.038723251559624326,0.0069111946701038976,0.07436162056519764,0.014697688725513372,1,0
2025-11-27 16:24:11.058601,3,12.902248255258266,80.10298473992285,11.18427500661227,2.4712237082732798,0.055004590390663056,0.04045185403397985,0.04468874906994898,1,0
2025-11-27 16:24:12.058601,3,12.902311891704313,80.10311847497721,16.148404826915446,4.03956387651696,0.14772836737846276,0.02589356230955374,0.11066677093526603,1,0
2025-11-27 16:24:13.058601,3,12.902390883307902,80.10327309807668,18.942844674492946,-2.51702057307187,0.024928307100524152,-0.032079581088766046,0.09581596557498892,1,0
2025-11-27 16:24:14.058601,3,12.902444932458149,80.1033585838261,11.056544920393403,-4.151701140935866,0.06874208113456146,-0.09593444210205984,0.06455966624494121,1,0
2025-11-27 16:24:15.058601,3,12.902491907576943,80.10344453695886,10.692736740363628,0.06439949720336358,-0.19452363067757214,-0.007299306689707177,0.08563210378650986,1,0
2025-11-27 16:24:16.058601,3,12.902549901259732,80.10353096279076,11.385379444993102,0.6293225283642814,0.03789784884005464,-0.13909891125287246,0.05659583197100532,1,0
2025-11-27 16:24:17.058601,3,12.902621085253736,80.10362009402199,12.503362893700103,0.8774915543362264,0.03821450445494281,0.024582864654481375,0.0553296061516321,1,0
2025-11-27 16:24:18.058601,3,12.902686897202994,80.10372321238223,13.374452728235024,1.517931298098175,0.15175046933232975,0.015031462002931966,0.09611770788525226,1,0
2025-11-27 16:24:19.058601,3,12.90276535041687,80.10383783579063,15.197767076477264,-2.2444176364350272,-0.10490337498612559,0.004509626386804235,0.02355068334412644,1,0
2025-11-27 16:24:20.058601,3,12.902809145871966,80.10390963284146,9.190433246086734,-1.4033894523996817,0.20563091146032614,0.08587255779875105,0.02081157515818258,1,0
2025-11-27 16:24:21.058601,3,12.902867071292652,80.10400718766695,12.395052952544923,1.9066726046654539,-0.002546094503318167,-0.047413699592488714,0.10850832207049121,1,0
2025-11-27 16:24:22.058601,3,12.902927982915498,80.10410487500671,12.583305984543955,0.35123179996432663,-0.12706217475000378,0.04158693783007389,0.03797137740119594,1,0
2025-11-27 16:24:23.058601,3,12.902985092293823,80.10420658151263,12.736354834948575,-1.2216924988201172,-0.08031278444722162,-0.01921237291249278,0.03744162414527945,1,0
2025-11-27 16:24:24.058601,3,12.90302846145001,80.10429342267052,10.587930750316325,1.9727172423810635,-0.20440529537925356,-0.03937589855445714,0.056530104970960796,1,0
2025-11-27 16:24:25.058601,3,12.903098116384447,80.10442872362829,16.60338902371248,2.4743491918447793,0.022433097956603518,-0.03613769726051156,0.0495573951156351,1,0
2025-11-27 16:24:26.058601,3,12.903172372640686,80.104547287894,15.292158247527361,1.4527247115215172,-0.09677462423570682,0.04858904216129878,0.04873635587328789,1,0
2025-11-27 16:24:27.058601,3,12.903285686675002,80.10469056140138,20.020358678509147,-1.5245163580291763,0.2604930120528047,-0.06746949847689195,0.07985948466400325,1,0
2025-11-27 16:24:28.058601,3,12.903352370761,80.10477979746359,12.201075423568595,-1.5189166692779457,-0.08180752718071557,0.03218046991762906,0.041524050544027954,1,0
2025-11-27 16:24:29.058601,3,12.903441350186593,80.10489711111467,16.129455282578704,1.4104274669995382,-0.0045151219355363485,0.01609488964635084,0.08344084663512433,1,0
2025-11-27 16:24:30.058601,3,12.90352455307207,80.10500799438599,15.184072383207283,-0.5952049507110484,0.06274162600293515,0.034817066573600175,0.02144123344173049,1,0
2025-11-27 16:24:31.058601,3,12.903601197417018,80.10511826124844,14.695560003477638,-1.0172406049015585,-0.13168217251545022,-0.004425001579002452,0.10293915186332138,1,0
2025-11-27 16:24:32.058601,3,12.903673636070035,80.10521242924435,13.016825745741448,-1.342382817802573,0.30394376015222646,-0.07241435783016975,0.06247143482188823,1,0
2025-11-27 16:24:33.058601,3,12.903741789941725,80.10529895238922,12.070949845261412,-1.780258550209672,0.17823521669011297,-0.046693816585697316,0.06550917981369048,1,0
2025-11-27 16:24:34.058601,3,12.903794841296161,80.10537023655964,9.731822960945546,0.976278707203859,0.17273707786598064,0.024948631184169078,0.10131234790193575,1,0
2025-11-27 16:24:35.058601,3,12.903872531229352,80.10547054436991,13.90203601621089,-0.22661432840196719,-0.2877702056430963,-0.11309839538726225,0.07782129651516091,1,0
2025-11-27 16:24:36.058601,3,12.90392078609234,80.10553585925987,8.893028069873536,1.6911835140326126,-0.005547543310632197,0.09333880226317713,0.06765322228341045,1,0
2025-11-27 16:24:37.058601,3,12.904007696388753,80.10567250957801,17.70513449532121,4.172214164786222,-0.2515744343873378,0.04342480459968069,0.05719667912289206,1,0
2025-11-27 16:24:38.058601,3,12.904094532357526,80.10580147945957,17.00855170314634,-3.636595706147639,0.15456367527665602,-0.05451853905259671,0.04719935375262268,1,0
2025-11-27 16:24:39.058601,3,12.904155370060623,80.10587753482906,10.675897938741755,-4.904752662392536,0.00807443286633494,-0.04858362426511739,0.047038895680855744,1,0
2025-11-27 16:24:40.058601,3,12.90419280565034,80.1059271515045,6.808324762894363,-1.639710899349859,0.10385029706581943,0.019861447469978775,0.045373695745154236,1,0
2025-11-27 16:24:41.058601,3,12.904229859429016,80.10597779857915,6.871483600839406,2.958688807064934,0.049439872392582,0.02450197507001221,0.07832001123477568,1,0
2025-11-27 16:24:42.058601,3,12.904292452026844,80.10608163881582,13.24811019465627,2.114265495198042,-0.2646036969607042,-0.01820317138275638,0.036385801652453365,1,0
2025-11-27 16:24:43.058601,3,12.904344176477402,80.10616599378018,10.813821043787165,-2.395244339407466,-0.2964058959496143,0.09005124372871014,0.09689244309226348,1,0
2025-11-27 16:24:44.058601,3,12.904383218120447,80.10623044461478,8.234012300711173,3.245617708794891,-0.020054298087300002,-0.015929209607798835,0.08386220872032114,1,0
2025-11-27 16:24:45.058601,3,12.904462624095446,80.10636761226907,17.31107153524243,0.7886319383945875,0.014733888237078004,-0.009046741325636563,0.012407676064128605,1,0
2025-11-27 16:24:46.058601,3,12.904504097214655,80.1064457828031,9.657349657273208,-2.8824173577320824,-0.047918716577432165,0.029888460459965613,0.06358033187013365,1,0
2025-11-27 16:24:47.058601,3,12.904544089931596,80.10653654561422,10.808203550512424,1.670200191752816,-0.20041896901564385,-0.011243794192150009,0.10189001923865558,1,0
2025-11-27 16:24:48.058601,3,12.904598925286093,80.10664737596835,13.486760501566804,1.5053729701801761,0.15000144186062428,-0.038613278604623366,0.0662552259947453,1,0
2025-11-27 16:24:49.058601,3,12.904648252755871,80.1067613733069,13.533915908595397,-2.214085547902389,-0.36335060834147664,0.0012846995457004295,0.08576658484055186,1,0
2025-11-27 16:24:50.058601,3,12.904680787463048,80.10683981122595,9.249859483987702,1.219700407265537,-0.019684591765914965,-0.05508153080538321,0.04189991084415327,1,0
2025-11-27 16:24:51.058601,3,12.90472591651113,80.10697914727668,15.932192866543748,0.49848857702092575,-0.054556068185981445,0.039817036858862315,0.08322227602845012,1,0
2025-11-27 16:24:52.058601,3,12.904760439084843,80.10706953740909,10.534286533903932,-3.6213636497587096,0.020481080464134254,-0.05675171334161113,0.12048139736578811,1,0
2025-11-27 16:24:53.058601,3,12.90478596735588,80.10713906140764,8.06157285268378,-4.911311901613116,-0.1784720692918675,-0.09999453692878668,0.04855420397026413,1,0
2025-11-27 16:24:54.058601,3,12.904789876192359,80.10715031801065,1.2966496247686958,3.209071203964066,0.11668673063881618,-0.016729118474693265,0.11672391073672683,1,0
2025-11-27 16:24:55.058601,3,12.904846202026347,80.10727559196974,14.969945563221025,6.418911408780008,0.0641194740440911,-0.11969230807688314,0.09737924311043791,1,0
2025-11-27 16:24:56.058601,3,12.90491607741302,80.10739427510885,15.045182045363717,-1.0123508117855842,0.10401861555482275,-0.11434454439209477,0.05580790027325289,1,0
2025-11-27 16:24:57.058601,3,12.904980828326687,80.10748991838294,12.635869033867948,-2.3305167533196682,0.14840395642105567,0.05181422804457889,0.062222459006600395,1,0
2025-11-27 16:24:58.058601,3,12.905029652279936,80.10757228155693,10.460150332162227,-0.13327569515802895,-0.10953282446862982,0.10784789633736772,0.08815358586392631,1,0
2025-11-27 16:24:59.058601,3,12.905074965660887,80.10767815915453,12.547421894839852,1.825085579788601,-0.06751456688920475,0.06125528896443888,0.03097838990725397,1,0
2025-11-27 16:25:00.058601,3,12.905131941040306,80.10779335873104,14.01734926705285,-1.43178854006459,-0.08576018682421474,-0.11194273043147268,0.07472776213001371,1,0
2025-11-27 16:25:01.058601,3,12.905179857789573,80.10787159946507,10.026539900136902,-1.7094801476031027,-0.0568478656514963,-0.05695047405357956,0.016085940272859398,1,0
2025-11-27 16:25:02.058601,3,12.905228022213432,80.10795422638161,10.446742420786554,2.6373003250584475,0.10610278896209328,0.020604674991653676,0.05609808315829612,1,0
2025-11-27 16:25:03.058601,3,12.905296653615903,80.1080799833616,15.639117305186911,0.9678297733952447,-0.01140466149948902,0.004645207265940955,0.09952754979072768,1,0
2025-11-27 16:25:04.058601,3,12.905346318204755,80.1081819401148,12.367869732931249,-2.74222348868859,-0.23834079743848657,0.11279878272446378,0.11388780845181971,1,0
2025-11-27 16:25:05.058601,3,12.905394868846864,80.10826323389641,10.345252461605789,0.6765459557011484,0.1743834055865584,-0.04286944480748604,0.079866037264563,1,0
2025-11-27 16:25:06.058601,3,12.905458065800723,80.10836571415575,13.158672901503751,1.4877489630978376,-0.1714003593701842,-0.03457053241368474,0.10078582646058072,1,0
2025-11-27 16:25:07.058601,3,12.905525555079736,80.10846527548968,13.158953972401306,-2.4453879821871953,0.1285976803156402,-0.009810893379511111,0.03745203222793412,1,0
2025-11-27 16:25:08.058601,3,12.905565971760858,80.10852453594312,7.848081878401514,-3.196380338443974,-0.06555572583419651,0.07321747643121568,0.07851457299425524,1,0
2025-11-27 16:25:09.058601,3,12.905597981484336,80.10857757151494,6.768771266334222,5.118004393200726,-0.027046814555986873,-0.076914451830355,0.02027930155980482,1,0
2025-11-27 16:25:10.058601,3,12.905681030752014,80.10871589758518,17.62854027256735,6.088314736767662,0.07558403499800068,-0.019716520320545224,0.02286478433565676,1,0
2025-11-27 16:25:11.058601,3,12.90577632521988,80.10886554063492,19.395888359552348,-2.3849577934940895,0.07658817341015353,0.04816672573841732,0.08794641163050414,1,0
2025-11-27 16:25:12.058601,3,12.90582682979845,80.10897423594487,13.066012895030536,-5.020419942128687,0.1548728561379832,0.2515322593942113,0.07686205192540152,1,0
2025-11-27 16:25:13.058601,3,12.905857921632183,80.10905798238018,9.724175916252994,-1.9583767827680136,-0.14045651658381655,-0.023854963159020887,0.0624262439610466,1,0
2025-11-27 16:25:14.058601,3,12.905894033682511,80.10914365897692,10.128714623421548,0.4375799704266364,0.1487806373176079,-0.10683735070087372,0.0064049152815953535,1,0
2025-11-27 16:25:15.058601,3,12.905932373896896,80.10923322890362,10.615096453167318,-0.7762332085682047,-0.23918993018130827,0.027660909649898074,0.05337596912143939,1,0
2025-11-27 16:25:16.058601,3,12.905955780840555,80.10930497620963,8.209799463562259,2.542380401635253,-0.15560739378503205,0.09932518124441117,0.07410241054078687,1,0
2025-11-27 16:25:17.058601,3,12.906000809427333,80.10944032853993,15.518953043200527,1.6408268899829404,0.029062812220278428,0.01579676089181417,0.08370589496706714,1,0
2025-11-27 16:25:18.058601,3,12.906032176799933,80.10954021550364,11.387352371260993,-0.16038204071447765,0.04822853081088165,-0.03949462905245873,0.09485241617074253,1,0
2025-11-27 16:25:19.058601,3,12.90608283796748,80.10967233061798,15.405261104184405,0.5093209422762566,0.14494623261186584,-0.08371929178770492,0.036512551045950775,1,0
2025-11-27 16:25:20.058601,3,12.906117911380873,80.10977857227537,12.171539691258797,0.47632283694777744,0.03384709183593703,0.14290196315305276,0.06811230910975412,1,0
2025-11-27 16:25:21.058601,3,12.906158365385812,80.10991861941473,15.849789096558155,-0.5824003051737862,-0.06740995140898508,-0.1205699106623232,0.06387805589100942,1,0
2025-11-27 16:25:22.058601,3,12.90619415807309,80.11002094199614,11.79634679794658,-3.38104032788239,-0.2616965767893305,-0.04752856293575981,0.04719179092508445,1,0
2025-11-27 16:25:23.058601,3,12.906222655129776,80.11009914654053,9.059565901398543,1.204244841165773,0.03418787558426869,-0.09252648671840995,0.09843510503179317,1,0
2025-11-27 16:25:24.058601,3,12.906269083845022,80.1102199992157,14.095524726020757,-0.10782857679687208,0.01960671066096276,-0.05617515077033447,0.04883010037294482,1,0
2025-11-27 16:25:25.058601,3,12.90629987952803,80.11030518320909,9.858594247847012,-3.400954580251963,-0.06686916509394335,-0.05521571552180561,0.030125922660871343,1,0
2025-11-27 16:25:26.058601,3,12.906330874758979,80.11036718981222,7.561483007205484,3.9522134384679997,0.10113014360965959,-0.09527176942811788,0.061432489286261036,1,0
2025-11-27 16:25:27.058601,3,12.90639798069366,80.11051717983806,17.90797356609899,3.0102893042747016,-0.048949203202242685,0.05896709542712633,0.06233365253179769,1,0
2025-11-27 16:25:28.058601,3,12.906440932395595,80.11062386493441,12.525000263299122,-4.581140415145423,-0.013786830478053893,0.0282581684627818,0.014831920641194705,1,0
2025-11-27 16:25:29.058601,3,12.906477206000874,80.1106925455917,8.476201464237903,-5.868976255499353,-0.014905571464845047,-0.07851899604899087,0.04080239343453773,1,0
2025-11-27 16:25:30.058601,3,12.906478086708484,80.1106944200652,0.22579507572591398,-3.858810188041326,0.09983636752100034,0.09003786103576553,0.03236658836953755,0,0
2025-11-27 16:25:31.058601,3,12.906478765083111,80.11069609298873,0.19661067710435084,-0.02461904519948382,0.07113174484592234,0.08640000124816168,0.020215535672149176,0,0
2025-11-27 16:25:32.058601,3,12.906479482391914,80.11069748043103,0.17041722320418853,-0.030572137358197603,-0.0662574809145419,-0.017993440812502308,0.01704435251763857,0,0
2025-11-27 16:25:33.058601,3,12.906480463271228,80.11069939573049,0.23476807078486034,-0.07145759258816292,0.18340586835863934,0.05242330433109702,0.0029419560219829588,0,0
2025-11-27 16:25:34.058601,3,12.906481431361941,80.11070133352412,0.23627885894153505,-0.09483457620262202,0.2414788254069715,-0.0787570781265685,0.011522670335192954,0,0
2025-11-27 16:25:35.058601,3,12.90648256738981,80.11070340669906,0.25807025922138377,0.1444241543542038,0.0027372108093636953,-0.0849629644523053,0.038888231074060184,0,0
2025-11-27 16:25:36.058601,3,12.906483676243953,80.11070517527637,0.22817958609908223,0.05449453468265131,0.038933698463479605,0.007740186091680642,0.054071299096858205,0,0
2025-11-27 16:25:37.058601,3,12.906483900814134,80.11070556088511,0.04874173992953411,0.048478974140897475,-0.07901717433422102,-0.004970794649476931,0.04351668635679783,0,0
2025-11-27 16:25:38.058601,3,12.906484942248877,80.11070716416899,0.20906204961920258,-0.39222396351876576,0.10062892136934339,-0.07716114955907862,0.003647791075891853,0,0
2025-11-27 16:25:39.058601,3,12.906485552748364,80.11070811782295,0.1238025199871186,-0.09886495143670807,0.035720003033800234,-0.03841537209548362,0.006384589557645173,0,0
2025-11-27 16:25:40.058601,3,12.906486332977698,80.11070935498563,0.15989226295936257,-0.11927830691718766,-0.09905716838455057,-0.10763910885419559,0.00131495112856764,0,0
2025-11-27 16:25:41.058601,3,12.906487099558303,80.11071084209462,0.1825415811664374,0.11786043071458202,-0.3607804451274633,0.0414764939705494,0.011792229803221272,0,0
2025-11-27 16:25:42.058601,3,12.906488329287853,80.1107131796594,0.2882328722867867,-0.5936469371779564,0.058443659890438836,0.00923948923588549,0.014905094034175975,0,0
2025-11-27 16:25:43.058601,3,12.906488485133082,80.11071350017052,0.0388656807878202,-0.46738989709334744,0.24306626996684477,0.06822461051957535,0.005564855668309761,0,0
2025-11-27 16:25:44.058601,3,12.906489109285113,80.11071486902733,0.16398249040693444,-0.27215792621867696,0.16209384562072315,0.00927921877244526,0.024012054439092746,0,0
2025-11-27 16:25:45.058601,3,12.906489165359229,80.1107149780277,0.01337380084061167,-0.1983894195948542,0.1672156788791517,-0.10638136955100724,0.020678660776891206,0,0
2025-11-27 16:25:46.058601,3,12.906489325234581,80.11071526705122,0.03605999548303605,-0.23235880357683872,-0.07164676845229126,-0.019150639616612647,0.0008824751802279546,0,0
2025-11-27 16:25:47.058601,3,12.906489814651726,80.11071605868602,0.10172115256446795,-0.4143524277577083,0.3015443360921713,-0.05850369860703553,0.0015143819066094247,0,0
2025-11-27 16:25:48.058601,3,12.906490452604363,80.11071703509742,0.12754986107539318,0.21794847446044807,-0.03046906698672194,-0.08926016760751154,0.011330252624523602,0,0
2025-11-27 16:25:49.058601,3,12.906490734908546,80.11071746558973,0.05630003450875881,0.15319929305586416,0.06885280159498024,0.07159451073700884,0.023177330691539513,0,0
2025-11-27 16:25:50.058601,3,12.906491277585996,80.11071828521494,0.10751471077086044,-0.17440284764763242,-0.34331237957378624,0.07620199593983376,0.005354698313450497,0,0
2025-11-27 16:25:51.058601,3,12.906492611731228,80.11072040437955,0.27374249311966664,-0.15056931454494107,-0.15436547665794417,0.021327647978892,0.004686734469336259,0,0
2025-11-27 16:25:52.058601,3,12.90649313948103,80.11072122750863,0.106907312866465,-0.06450397656862145,0.032963290244923955,-0.04595207512239885,0.014119207301838094,0,0
2025-11-27 16:25:53.058601,3,12.90649333524855,80.11072147026235,0.034187599994434915,-0.12234369599220693,-0.08903008714371803,-0.16213821673053347,0.014528685348738506,0,0
2025-11-27 16:25:54.058601,3,12.906494512104395,80.11072270393439,0.18730498862120307,0.0967662569845038,-0.14732968327959078,0.08290950950658646,0.008513649053120858,0,0
2025-11-27 16:25:55.058601,3,12.906495822797554,80.11072396658088,0.2001511423964885,-0.3796615994824606,-0.022676936354778212,-0.08264771642816716,0.02749112426596148,0,0
2025-11-27 16:25:56.058601,3,12.906496427730634,80.11072441897132,0.08333406757160189,0.39055446768828156,-0.050857723099782606,-0.020067424394355955,0.029794605959760582,0,0
2025-11-27 16:25:57.058601,3,12.906496843033091,80.11072476384079,0.05947898023265534,0.11005311072101943,-0.3588673709177927,0.11277191943449265,0.01656813990714311,0,0
2025-11-27 16:25:58.058601,3,12.906498406663522,80.11072617681363,0.23196067480473895,0.05448743413231556,0.05052759363155933,0.08838465442489121,0.017839303194205215,0,0
2025-11-27 16:25:59.058601,3,12.906500464289396,80.11072794355984,0.2986955001688104,-0.10649983783121156,0.06898207100606354,-0.01399297122610568,0.019094136574211086,0,0
2025-11-27 16:26:00.058601,3,12.906502310147397,80.11072943030993,0.2612452418542174,-0.19212750938577128,0.11399465211653137,0.05148961425717737,0.007832931066356786,0,0
2025-11-27 16:26:01.058601,3,12.90650238711097,80.1107295017486,0.011553981723311457,-0.2734730093963699,-0.23811248050053366,0.07953089843169929,0.0008603649886232737,0,0
2025-11-27 16:26:02.058601,3,12.906503325176265,80.11073049373226,0.14997051510635953,-0.08345040515926871,-0.2990192080310827,0.13312676012094882,0.002108362671151906,0,0
2025-11-27 16:26:03.058601,3,12.906504935622134,80.11073222936535,0.2600177842556848,-0.3240912030486759,-0.15523290342032064,0.13114698960186466,0.013867635195571035,0,0
2025-11-27 16:26:04.058601,3,12.906505120664411,80.11073244514725,0.031185853194763535,0.03646056881371948,-0.00012437416133075123,0.08478623500904715,0.006711335152268081,0,0
2025-11-27 16:26:05.058601,3,12.906505831255412,80.11073353470417,0.1422504900793118,-0.04134775065711973,0.2751996880324217,0.17209623257745923,0.00963256599309542,0,0
2025-11-27 16:26:06.058601,3,12.906506152562812,80.1107340945114,0.07049318231681882,-0.11011461725304623,0.21440578943085284,0.17104993008721478,0.0023152841501360346,0,0
2025-11-27 16:26:07.058601,3,12.90650688880428,80.11073534914361,0.15890705385432904,-0.2229523067794131,0.09134326483922621,0.0074375177195080055,0.03780969825933314,0,0
2025-11-27 16:26:08.058601,3,12.906507330095092,80.1107361188642,0.09689816600801723,-0.2805209135983749,-0.12286654252614221,-0.07623114791622565,0.02015308015810816,0,0
2025-11-27 16:26:09.058601,3,12.906508472537404,80.11073774341068,0.21736745118433534,-0.04210960667885771,-0.009991381836675379,-0.023087285768120556,0.00401241955601008,0,0
2025-11-27 16:26:10.058601,3,12.906508566990391,80.11073789213334,0.019261059709854145,0.0893176830151868,0.03778526446515421,0.018713275306980186,0.013001179687223646,0,0
2025-11-27 16:26:11.058601,3,12.906509467776392,80.11073945920712,0.19740837599190328,0.45804175371841993,0.11234848664941585,0.028300741215214073,0.0015572776673566952,0,0
2025-11-27 16:26:12.058601,3,12.906510787922487,80.1107418081927,0.2942200350626779,-0.08700599835698439,-0.27101503860847054,-0.1707822425646956,0.008597845775951908,0,0
2025-11-27 16:26:13.058601,3,12.906511275002368,80.1107425979842,0.10141295090083927,0.01886366816694851,0.11935742451559962,-0.012471085203321929,0.012471082828332982,0,0
2025-11-27 16:26:14.058601,3,12.906511583151271,80.11074311924142,0.06615092777336591,-0.3851841346373274,0.05458172955572461,-0.021653438700363542,0.01779545394406184,0,0
2025-11-27 16:26:15.058601,3,12.906511776730007,80.11074346217423,0.04300097014760488,0.018594077943762475,-0.06762023375560229,-0.02356903979438521,0.01206851094421533,0,0
2025-11-27 16:26:16.058601,3,12.906512181523713,80.11074431491636,0.10292039649980254,0.5215123648395796,-0.12951743256532483,0.057878752209957404,0.038478903313269586,0,0
2025-11-27 16:26:17.058601,3,12.906513057129015,80.11074628072295,0.2345255030913568,0.11507319710350303,0.08349326083831131,0.05071556237342541,0.0021434446929469077,0,0
2025-11-27 16:26:18.058601,3,12.906513172130978,80.11074661982246,0.038959262861957666,-0.009155739532356218,-0.200744402702112,-0.03598583520275709,0.02774625853498456,0,0
2025-11-27 16:26:19.058601,3,12.906513622260073,80.11074769592935,0.12706611366105802,0.02505878265900801,0.034719420165089956,0.016138589319812068,0.018290990373297164,0,0
2025-11-27 16:26:20.058601,3,12.906513767778309,80.1107481428013,0.051124504347057544,-0.17239940227169692,0.05182878431505104,0.07099148289771376,0.013018663341924539,0,0
2025-11-27 16:26:21.058601,3,12.906513834443961,80.11074833158385,0.021787710900296808,0.4844798449326589,0.189383427358152,0.025460362082086137,0.01119140595740746,0,0
2025-11-27 16:26:22.058601,3,12.906514021004783,80.11074895776899,0.0710505709054197,0.033852114477122525,0.11439644097264516,0.02252081431552845,0.02298805541869962,0,0
2025-11-27 16:26:23.058601,3,12.906514475711907,80.11075084368336,0.21080855577624194,-0.1010510835140667,0.18619333923410214,-0.020060310127390124,0.009951083810635924,0,0
2025-11-27 16:26:24.058601,3,12.906514577372374,80.11075119826945,0.04010604464043773,0.22863983918935876,-0.0775585008887089,-0.012253679015471572,0.0020531572730543026,0,0
2025-11-27 16:26:25.058601,3,12.906515361196956,80.11075372477954,0.2877032257434831,0.20475297852349386,0.060731152250020994,-0.08444315840169797,0.0038106833640853023,0,0
2025-11-27 16:26:26.058601,3,12.906515798736267,80.11075575640008,0.22576850737971338,-0.05531265962959751,-0.3936203787612622,0.05770851064317144,0.002874686766331707,0,0
2025-11-27 16:26:27.058601,3,12.906515840534698,80.11075613752612,0.04161706936697063,-0.34176200517109984,-0.010654190374425505,0.07004114653199912,0.005825101078515138,0,0
2025-11-27 16:26:28.058601,3,12.90651592715298,80.11075733876567,0.13070313206473455,0.2547106192653297,-0.03547455826957147,-0.04104255799280635,0.003495470644188866,0,0
2025-11-27 16:26:29.058601,3,12.906516074074965,80.11075921245502,0.20397154993519082,-0.525201801763904,0.13839429435960285,0.03265031533725228,0.008956732188799282,0,0
2025-11-27 16:26:30.058601,3,12.906516088594884,80.11075936786845,0.016941257320123713,-0.05266335556319197,0.10239467400511161,0.004555913648566671,0.011889886623896942,0,0
2025-11-27 16:26:31.058601,3,12.906516153035048,80.11076003345381,0.07257830460632649,-0.08114632583279527,-0.04372887492610764,-0.02167686300727106,0.006351451756284876,0,0
2025-11-27 16:26:32.058601,3,12.906516253622218,80.11076122881819,0.130191876143783,-0.04204074797649373,0.12399491441842878,-0.08297203353038272,0.005177878997137594,0,0
2025-11-27 16:26:33.058601,3,12.90651638541303,80.11076237283535,0.12500167401120688,-0.19899378130180517,-0.12677269774074387,0.004260585872547292,0.0009576958001130918,0,0
2025-11-27 16:26:34.058601,3,12.906516426782328,80.11076294788587,0.06256866671286297,-0.18226927886279892,-0.17741959443304012,0.0322757940738653,0.013476283396587638,0,0
2025-11-27 16:26:35.058601,3,12.906516475901556,80.110763856137,0.09870625510584803,-0.3170520762237539,-0.25474945119223635,0.03790841092856706,0.03157565932515155,0,0
2025-11-27 16:26:36.058601,3,12.906516476618226,80.11076390549883,0.0053568660406521085,-0.225233697273782,0.37973266643880005,0.09635817491916265,0.008673736475960906,0,0
2025-11-27 16:26:37.058601,3,12.906516210264016,80.11076555171499,0.18107564845820964,0.06340685357623435,-0.3208584810796999,0.01908650406668326,0.01874227877939132,0,0
2025-11-27 16:26:38.058601,3,12.906516186956283,80.11076573146514,0.019676576504030086,-0.06401133431323558,-0.14602518232817277,-0.010310239835165637,0.023615875876395173,0,0
2025-11-27 16:26:39.058601,3,12.906515833236742,80.11076834356223,0.2861617159529088,0.0735401457380971,-0.24696785085063683,0.0375096553940156,0.033163267387449576,0,0
2025-11-27 16:26:40.058601,3,12.90651558591896,80.11076957336465,0.13625676320180038,-0.1399567921881183,-0.056112879983275236,0.03923759567798902,0.019864986943197698,0,0
2025-11-27 16:26:41.058601,3,12.906515474468495,80.11077035968206,0.08622090328484791,-0.031051534289274388,-0.19157677204143903,-0.02666354651270865,0.01936379914669917,0,0
2025-11-27 16:26:42.058601,3,12.90651506782146,80.11077188775185,0.17187968282426097,0.20280100887116526,0.04628908211626707,0.08534481361397206,0.02995096981670704,0,0
2025-11-27 16:26:43.058601,3,12.906514665481508,80.11077444478082,0.28105586813920325,0.2432499990823112,-0.0962426373792908,-0.04843816643782882,0.013361655527863881,0,0
2025-11-27 16:26:44.058601,3,12.906514442265912,80.11077623159261,0.19547342992779068,0.0910969221169365,0.1162170562789994,-0.018289199586579805,0.023596906327530486,0,0
2025-11-27 16:26:45.058601,3,12.906514202543507,80.11077857700029,0.2558963702092252,-0.0422221849819954,0.18651081441532785,0.07377139507251548,0.023665212050819284,0,0
2025-11-27 16:26:46.058601,3,12.90651405519791,80.11077937578483,0.08821476606639492,-0.005018878667688338,0.008233481803796567,-0.014153453477916581,0.039676609644719515,0,0
2025-11-27 16:26:47.058601,3,12.906513760787428,80.11078185064757,0.270540802098495,0.2191869975429359,-0.11654874215369855,-0.08231155909920526,0.03456280297931491,0,0
2025-11-27 16:26:48.058601,3,12.906513635098905,80.11078281922948,0.1060284361669316,-0.09525530885128239,-0.07869941263553874,-0.021291348295481658,0.04121738887953107,0,0
2025-11-27 16:26:49.058601,3,12.906513519761912,80.11078414973355,0.14494330242344372,0.10609241753077145,0.0769748366241925,-0.05606808752151298,0.0083744405814807,0,0
2025-11-27 16:26:50.058601,3,12.90651340807646,80.1107852655657,0.1217160331159162,0.39031238371174826,0.010365374303381024,-0.05081213731685308,0.02797746037879507,0,0
2025-11-27 16:26:51.058601,3,12.906513379268834,80.11078760725307,0.2541176537520655,0.08619222495228475,-0.003654042156002915,-0.17273666976130486,0.019329531483771204,0,0
2025-11-27 16:26:52.058601,3,12.90651333701578,80.11079030815311,0.2931134678646108,-0.019838759534793027,0.011236057824285633,-0.014262039510986223,0.005676524094960867,0,0
2025-11-27 16:26:53.058601,3,12.906513330183357,80.11079164313229,0.14486111122680476,-0.015105017116254095,-0.09251525123337216,-0.03014445668664508,0.008285791009338921,0,0
2025-11-27 16:26:54.058601,3,12.906513401324581,80.1107942523814,0.28324138216677036,-0.055421571350204334,0.3313010686806799,0.1082381627273156,0.0026922931897152462,0,0
2025-11-27 16:26:55.058601,3,12.906513392140678,80.1107947684705,0.056010362783536605,-0.1435724280351155,-0.08744196529735634,0.06486795195933617,0.02022510711145328,0,0
2025-11-27 16:26:56.058601,3,12.906513288815958,80.110796162003,0.15164958742605178,-0.004727313697358737,-0.2544169390479721,0.039527903295299614,0.06192323773051331,0,0
2025-11-27 16:26:57.058601,3,12.906513235299997,80.11079819022298,0.22016356374410742,0.06253869445689972,-0.09078289415338915,-0.007785445076436713,0.00496138374588299,0,0
2025-11-27 16:26:58.058601,3,12.906513316143007,80.11080085450799,0.28924265134111726,-0.19174529854796185,-0.07313677738109851,-0.0812808250190647,0.024864168349400965,0,0
2025-11-27 16:26:59.058601,3,12.906513338946215,80.11080122509928,0.040293047698661134,-0.27979361926739965,0.11585865713837815,0.0543762938372378,0.021303412795889213,0,0
2025-11-27 16:27:00.058601,3,12.906513541031904,80.11080343680644,0.24104526634537488,0.08068119515337883,0.253752195471502,0.059788681378830345,0.00412857911907826,0,0
2025-11-27 16:27:01.058601,3,12.906513597669306,80.11080428527991,0.09228381832756,-0.15382613678857826,0.06483370548620547,-0.07260945715601488,0.021994634184501108,0,0
2025-11-27 16:27:02.058601,3,12.906513622021443,80.11080455202325,0.029071095854954175,-0.019384488705271798,0.08907984122773453,-0.06710433700100732,0.011726120392451765,0,0
2025-11-27 16:27:03.058601,3,12.906513658350255,80.11080499739421,0.048496291718689064,0.15263902658820652,0.14912074082532523,-0.13282608540217777,0.018633772658560383,0,0
2025-11-27 16:27:04.058601,3,12.906513894882648,80.11080682317522,0.1998583129579395,0.16020087734652239,-0.05517772347752552,-0.020980627755720065,0.008148532779920663,0,0
2025-11-27 16:27:05.058601,3,12.906514141438183,80.11080898889706,0.23660067246568223,0.037857881350326875,0.06428152711019906,0.025755186728975615,0.03980039224010959,0,0
2025-11-27 16:27:06.058601,3,12.906514313394412,80.11081013157504,0.12546133568653398,0.055420662179260116,-0.06861103984474867,-0.05098386351910417,0.02166589145203846,0,0
2025-11-27 16:27:07.058601,3,12.906514585302268,80.11081229929488,0.2371596722150524,-0.1916916667351942,-0.14700504427429448,0.16424872075022323,0.0005396025035829623,0,0
2025-11-27 16:27:08.058601,3,12.906514591705422,80.1108130369025,0.08004126641705557,0.17580532497150128,-0.17846541645098654,0.11210903975218219,0.054227876379634374,0,0
2025-11-27 16:27:09.058601,3,12.906514570360638,80.1108133250778,0.03136016038760864,-0.19161837680431265,-0.13561446558666576,0.0006196872007544554,0.015361413460069131,0,0
2025-11-27 16:27:10.058601,3,12.906514497102298,80.11081420245701,0.09555340226461587,0.03889154806126614,-0.15857857335470602,-0.0009349472163276765,0.020840159906376905,0,0
2025-11-27 16:27:11.058601,3,12.906514248071016,80.11081600875025,0.197952371227785,0.2699330288792906,0.19370443016864364,-0.0015387146150299957,0.0007965309561451762,0,0
2025-11-27 16:27:12.058601,3,12.906514031118036,80.11081766349068,0.18117347962735034,-0.08374673364101655,0.01475695918418995,0.03933101921127791,0.02304270444594501,0,0
2025-11-27 16:27:13.058601,3,12.90651386286673,80.110819162435,0.16372587892303506,0.13449168957182978,0.23755305172502492,0.02661590383285692,0.004744222940373797,0,0
2025-11-27 16:27:14.058601,3,12.906513631943632,80.11082040580114,0.13734527025595028,-0.03606045715562238,-0.07180480434046159,0.10804958169999238,0.007918090762377513,0,0
2025-11-27 16:27:15.058601,3,12.906513068545763,80.11082240450602,0.22576652293706095,0.15701411290184758,0.12457722888287004,0.06661122821994259,0.0028647834549873387,0,0
2025-11-27 16:27:16.058601,3,12.9065126348865,80.11082405977722,0.1859884551385411,-0.2097976085143181,-0.15440216081721084,-0.09069792099243859,0.032769134674201936,0,0
2025-11-27 16:27:17.058601,3,12.906512596281594,80.11082422954803,0.018916521816555152,-0.04913868974145957,0.006403440373124525,-0.07612387943698934,0.020542846334215287,0,0
2025-11-27 16:27:18.058601,3,12.906512209168655,80.11082594183453,0.19073282335256708,0.10047018173651971,-0.04819996278969111,-0.056331360656499546,0.011574156151339528,0,0
2025-11-27 16:27:19.058601,3,12.906511836704668,80.11082790497491,0.21701879785642392,-0.0620315464653103,0.08628103335427152,-0.02345925611073667,0.020160277731960007,0,0
2025-11-27 16:27:20.058601,3,12.906511351640981,80.11083000627188,0.23431908863391407,-0.3506494102737041,-0.15124655470681161,0.07452732705249404,0.01740962943908138,0,0
2025-11-27 16:27:21.058601,3,12.906511135541104,80.11083144196861,0.1576344155194366,-0.2583840977884013,-0.28621644140830443,-0.1215967862999943,0.04123165631867403,0,0
2025-11-27 16:27:22.058601,3,12.906511014777855,80.11083238955474,0.1036980310794975,-0.1903463673858941,0.03245884949038603,0.03494814135933791,0.01690057282443991,0,0
2025-11-27 16:27:23.058601,3,12.906510990193842,80.11083252766254,0.015233962514547205,-0.05243456399282571,0.06822213853289424,0.07138281136970766,0.0005965354641366902,0,0
2025-11-27 16:27:24.058601,3,12.906510950340573,80.11083276147725,0.025756289403304187,-0.10379430683332679,-0.02430503177747838,-0.004229751822739138,0.031061969467527865,0,0
2025-11-27 16:27:25.058601,3,12.906510741409535,80.11083373908635,0.10860050082793282,0.21018855857136204,0.08346260788080334,0.08065435484499774,0.010491709138594105,0,0
2025-11-27 16:27:26.058601,3,12.906510715965664,80.1108338907114,0.016694919201104417,-0.12707630418849214,-0.18413554360583004,-0.027712282627888878,0.0036811696580764932,0,0
2025-11-27 16:27:27.058601,3,12.90651047717244,80.11083565941075,0.19375443692581606,-0.11475584312309291,-0.1905497534911975,-0.07330162275738676,0.013884862410312799,0,0
2025-11-27 16:27:28.058601,3,12.90651011921271,80.11083795939173,0.25273300757146105,0.03474244212865392,-0.1126435153983647,0.04347192063931235,0.01930739256731436,0,0
2025-11-27 16:27:29.058601,3,12.906509884789342,80.11083880272649,0.09515875742877733,0.17538378426951706,0.049661070394142866,0.09348848458027018,0.018976517426319922,0,0
2025-11-27 16:27:30.058601,3,12.90650958859575,80.11083983294814,0.11655093439079245,-0.012641868537350734,-0.362772697070947,-0.03535466787824601,0.0011701924574254391,0,0
2025-11-27 16:27:31.058601,3,12.906509090507873,80.11084235555525,0.2792883815344517,-0.06294413212161414,0.08191797659668211,-0.055127457363808474,0.011666741741324177,0,0
2025-11-27 16:27:32.058601,3,12.90650902776343,80.11084266681505,0.03448958637455587,0.3693736026105676,-0.17680584635748495,0.003288955168616381,0.010821361325290886,0,0
2025-11-27 16:27:33.058601,3,12.906508870365764,80.11084390049017,0.13500837898030413,0.381932523353169,-0.13088859781599818,-0.044760827040762445,0.003989517620662366,0,0
2025-11-27 16:27:34.058601,3,12.906508772138052,80.11084465785878,0.08290662867746192,-0.2473954520787771,0.10018129341295308,0.011319923848002083,0.003491349274017877,0,0
2025-11-27 16:27:35.058601,3,12.906508715822921,80.11084508708532,0.04699554612079491,0.022453115027998315,0.24817694760561465,0.08086813671060628,0.03247396692994758,0,0
2025-11-27 16:27:36.058601,3,12.906508702345004,80.11084517349414,0.00949553768671647,0.31559325454897,-0.21877858906058767,0.006284200522943697,0.017085423570880925,0,0
2025-11-27 16:27:37.058601,3,12.906508338040314,80.11084749649116,0.25531079437496107,0.026130818627134664,0.2306273301828093,0.08873303682023109,0.005875972358952447,0,0
2025-11-27 16:27:38.058601,3,12.906508215852158,80.11084892238985,0.15532155801574518,-0.012019942613168397,-0.03193500235097317,0.047932482412901406,0.007783573801853512,0,0
2025-11-27 16:27:39.058601,3,12.906508118700408,80.11085003000197,0.12067303060877656,-0.06436221732726952,-0.10093526160841923,-0.03448853132337677,0.020785499842881517,0,0
2025-11-27 16:27:40.058601,3,12.906507906949413,80.11085180018199,0.19352389198747716,-0.07761564593153222,0.12170352432315654,-0.056747310342667764,0.009908375307833759,0,0
2025-11-27 16:27:41.058601,3,12.906507784481608,80.11085385185177,0.22304453186303333,-0.27427653764224774,-0.13681841652723506,0.03723519509830614,0.030563913687379617,0,0
2025-11-27 16:27:42.058601,3,12.906507581616445,80.11085602498655,0.2368866083091404,-0.0022280857359907886,-0.11867774024665577,0.00030517961933987023,0.007656092816173702,0,0
2025-11-27 16:27:43.058601,3,12.90650738621786,80.11085822301408,0.23949864824706055,-0.22196928903217655,0.00011074965052565485,-0.03060442477357431,0.03244622730988282,0,0
2025-11-27 16:27:44.058601,3,12.906507335587433,80.11085906009947,0.09100716090169542,0.07464906358714238,-0.22482135837849737,0.06120485052612446,0.022440380845865904,0,0
2025-11-27 16:27:45.058601,3,12.906507072465965,80.11086139285474,0.2548172395613276,0.031350634718747945,0.14725943565307015,-0.0019612666482348978,0.026051116951413444,0,0
2025-11-27 16:27:46.058601,3,12.906507010624845,80.11086223702179,0.0918592187258533,-0.16201554734112544,0.05108094214010619,-0.07055166845576286,0.01638874380689088,0,0
2025-11-27 16:27:47.058601,3,12.906506913156857,80.1108638812979,0.17875065257924636,-0.11985243208047014,0.22709957539982967,0.005654085171760616,0.0028896549882168965,0,0
2025-11-27 16:27:48.058601,3,12.906506885811837,80.11086408673435,0.022498866852294352,-0.23122838848708782,-0.08008582701632742,0.14962623874851938,0.006524010362508794,0,0
2025-11-27 16:27:49.058601,3,12.906506650291535,80.11086570216932,0.17724134385937773,-0.24303863687122224,-0.24567216612428752,0.0910883882603716,0.019231558881510128,0,0
2025-11-27 16:27:50.058601,3,12.906506581748097,80.11086603187935,0.03658158025473563,-0.3545786460288122,-0.20874809728076066,-0.026738261972710176,0.008716980088955795,0,0
2025-11-27 16:27:51.058601,3,12.906506495004914,80.11086643908233,0.04522857711321652,0.1467724293123431,0.0594555755125558,0.060410374753893624,0.0240391257181191,0,0
2025-11-27 16:27:52.058601,3,12.906505939149014,80.11086861595196,0.24418321713022803,-0.028800002794506327,0.26791546217832934,-0.040917451795306425,0.014978587915398725,0,0
2025-11-27 16:27:53.058601,3,12.9065058449287,80.11086903635191,0.04680802578646912,-0.1300912369873858,-0.14937308713467426,-0.04415895917426308,0.00413757715658646,0,0
2025-11-27 16:27:54.058601,3,12.906505673889454,80.11086991464974,0.09718776552815933,0.045854225158939776,0.09681521689408673,-0.10662270821649687,0.02208765587890557,0,0
2025-11-27 16:27:55.058601,3,12.906505419304498,80.11087125864546,0.14856566147951444,-0.18775181168862698,-0.16049160595157685,-0.04517161830038392,0.007696489721318542,0,0
2025-11-27 16:27:56.058601,3,12.90650510896534,80.11087269089461,0.15920734325951863,0.2144248306372748,-0.0717256786321811,-0.04704285230411982,0.0029002068153774307,0,0
2025-11-27 16:27:57.058601,3,12.906504519285937,80.11087449794844,0.20678007903684215,0.003903224522574626,-0.09358068121493326,0.0004979291959764653,0.015934568323305063,0,0
2025-11-27 16:27:58.058601,3,12.906504352791966,80.11087486800723,0.04422618241052808,-0.2631318633454769,0.18120446434727952,0.10585638990578229,0.016992912956141325,0,0
2025-11-27 16:29:43.058601,4,12.901169751679742,80.10246239148087,0.20725703197330533,-0.2986555164870245,0.05988444592675545,0.09644283930035746,0.01643800528002374,0,0
2025-11-27 16:29:44.058601,4,12.90116989998324,80.10246239895194,0.016529037840573812,-0.057390535619906397,-0.09997799839443142,0.030764982434297913,0.015984567143929037,0,0
2025-11-27 16:29:45.058601,4,12.901172176052981,80.10246237293515,0.2533878104932214,0.08755046723976583,-0.12922699714636618,-0.055519534904723486,0.008241064607381337,0,0
2025-11-27 16:29:46.058601,4,12.901173605151154,80.10246232293704,0.15917968998543902,-0.06117488959552664,-0.12387382189028483,-0.04026393914896039,0.0035231322842991615,0,0
2025-11-27 16:29:47.058601,4,12.901174226474158,80.10246231832845,0.06916748457222777,0.3128871466259654,-0.07763411728491149,0.019022055652223653,0.001463439392726987,0,0
2025-11-27 16:29:48.058601,4,12.901175127402686,80.10246232395363,0.10029322124861592,-0.10124959659763508,0.029974001513971924,0.05866517813694379,0.011313327788645024,0,0
2025-11-27 16:29:49.058601,4,12.901176584859284,80.10246241886199,0.16257059032065224,-0.058539497087300774,-0.1328148080017321,0.010818631123522084,0.0018693048558000918,0,0
2025-11-27 16:29:50.058601,4,12.901178605293156,80.10246247727311,0.22500398704223784,-0.07229735498139085,-0.11896112380540017,-0.13938516178528204,0.01714602165947178,0,0
2025-11-27 16:29:51.058601,4,12.901178838330328,80.1024624768973,0.025941730003242004,-0.31112882282836263,-0.18276706331838793,-0.035053806135169535,0.017244465724211688,0,0
2025-11-27 16:29:52.058601,4,12.901181321545117,80.10246258849406,0.2766965744354245,0.019536335206026243,-0.17822742362419372,-0.11732854923774345,0.0003296219908118954,0,0
2025-11-27 16:29:53.058601,4,12.901181688239868,80.10246258371805,0.04082374936932598,0.0384176022874264,0.13655168657987268,0.06822553367219127,0.031302221786538506,0,0
2025-11-27 16:29:54.058601,4,12.901183697929264,80.10246274367316,0.22439090465180714,-0.1462526879760288,0.010479567306760364,0.01609239458260933,0.009382401514179784,0,0
2025-11-27 16:29:55.058601,4,12.90118380622442,80.10246275120059,0.012083055836299905,-0.2688836118157567,-0.05681428393955558,-0.006165920415798184,0.007846014628607786,0,0
2025-11-27 16:29:56.058601,4,12.901185261563938,80.10246284144598,0.16230407748644565,-0.28738919722322553,-0.08330667098000832,-0.11771903877275912,0.016333339982997176,0,0
2025-11-27 16:29:57.058601,4,12.901185454637298,80.10246284479962,0.02149600681468059,0.3863678206831746,0.10699942353445974,0.042881236573474354,0.0015275058440512935,0,0
2025-11-27 16:29:58.058601,4,12.901187905190612,80.10246322250018,0.27585711090465653,0.013212006282104893,-0.2241263102857604,-0.028009903191455618,0.0020018621755112055,0,0
2025-11-27 16:29:59.058601,4,12.90118977467709,80.10246345517787,0.20963716076995714,-0.1706040741102045,-0.011100745799725179,-0.10877725227963464,0.032475142383877664,0,0
2025-11-27 16:30:00.058601,4,12.90119035530014,80.10246350429364,0.06485431249588554,0.07331708419864232,-0.0932056388429131,0.017160822383940236,0.026730832963161123,0,0
2025-11-27 16:30:01.058601,4,12.90119150528111,80.10246363276724,0.12877269877426503,-0.5621726253924697,0.13413683027307496,0.10230073723431896,0.0027026450686227074,0,0
2025-11-27 16:30:02.058601,4,12.901192034368886,80.10246373203115,0.05987484806459977,0.03489818783418638,-0.2048560245365792,0.07611203196256283,0.009566813573165238,0,0
2025-11-27 16:30:03.058601,4,12.901194321116431,80.10246428241516,0.26147256086714465,0.10928040860591781,0.0628991272933077,0.06656491337980515,0.03189950055344484,0,0
2025-11-27 16:30:04.058601,4,12.901196404527173,80.10246493289249,0.2424279901887366,-0.048458917152481976,-0.32010078136682596,0.04815260671885765,0.017379186380491678,0,0
2025-11-27 16:30:05.058601,4,12.901197511139085,80.10246528307958,0.12891547318454152,-0.2863866819995403,0.1863487283198472,0.06070836438384731,0.0006544569578655536,0,0
2025-11-27 16:30:06.058601,4,12.901199493031553,80.1024661779405,0.24104714536767208,-0.052132405375771296,0.01239125158181457,0.17167485366148533,0.030548630151957634,0,0
2025-11-27 16:30:07.058601,4,12.901200299832766,80.10246656117079,0.09897296391158122,0.19209889387436452,0.09104475257269778,-0.019023433643538756,0.002491961387664037,0,0
2025-11-27 16:30:08.058601,4,12.901202723856114,80.10246760482762,0.29264272277762515,0.058795770949396975,-0.3884128428169322,0.028853036620628363,0.005238983211414472,0,0
2025-11-27 16:30:09.058601,4,12.901202755984293,80.10246762044612,0.003957730613639132,0.1268759030246775,-0.08902658403577997,0.03161395678486398,0.01990702413520589,0,0
2025-11-27 16:30:10.058601,4,12.901205112799417,80.10246876095603,0.29008415709717056,-0.1261511390267545,0.12761634702352181,0.06362106446277313,0.006350867049084301,0,0
2025-11-27 16:30:11.058601,4,12.90120514861789,80.1024687810538,0.004544731116532375,0.21963789347569984,-0.46424514170374337,0.0007136301635385991,0.0007652088824516454,0,0
2025-11-27 16:30:12.058601,4,12.901206436489574,80.10246951886636,0.16420527881812172,0.08208713249470087,-0.08048980013873056,0.014971812201821588,0.0013639596144261168,0,0
2025-11-27 16:30:13.058601,4,12.90120650941075,80.10246957188001,0.009949196687113027,-0.2574194213726842,-0.15753845467256955,0.1774378497339485,0.008845516697356497,0,0
2025-11-27 16:30:14.058601,4,12.901207753985037,80.10247061779117,0.17909597564316587,0.1661872773486917,0.15578844536525957,0.11116489957629284,0.009585935391676379,0,0
2025-11-27 16:30:15.058601,4,12.90120823932142,80.10247113856182,0.07818074094343555,0.03928918273012054,0.04314714285549338,0.0809930427377237,0.0010302915599562131,0,0
2025-11-27 16:30:16.058601,4,12.901208647450998,80.10247161902755,0.06915377669942877,0.3708794968452128,0.39113614222458537,0.01020059467949921,0.019498265866690557,0,0
2025-11-27 16:30:17.058601,4,12.901209574273063,80.10247275765127,0.1609656025411891,-0.11828226314127231,-0.04918822690997753,-0.028670748538059947,0.028663615399175547,0,0
2025-11-27 16:30:18.058601,4,12.901210031988187,80.10247321849964,0.07139225582497258,0.1513620947125201,0.004593272669482319,-0.009021439533844388,0.0071803929535366115,0,0
2025-11-27 16:30:19.058601,4,12.901210163681528,80.10247336998182,0.022025077060811103,-0.3859348373387295,0.02504737112963371,0.08087767899715452,0.009085923734241792,0,0
2025-11-27 16:30:20.058601,4,12.901210490981946,80.10247382028331,0.06095102284713757,0.014025592807361303,0.14026496723934523,0.03864251282539516,0.0161099599205561,0,0
2025-11-27 16:30:21.058601,4,12.90121089482485,80.10247429936317,0.06872739123027258,-0.1947955732685065,-0.16572589922779063,-0.15187901712525984,0.05388409152596227,0,0
2025-11-27 16:30:22.058601,4,12.901212163106804,80.10247547755466,0.19046707179258676,0.3361473628849684,-0.12892140182722275,-0.14605288400874764,0.010021770718849266,0,0
2025-11-27 16:30:23.058601,4,12.901212409709853,80.10247567111877,0.03456524723635341,-0.6053396298456785,0.05702965137594869,-0.010761867888134394,9.269917522872454e-05,0,0
2025-11-27 16:30:24.058601,4,12.901212436848814,80.10247569257201,0.0038139441050765496,0.17161897193811657,-0.2585687406332091,-0.009291777998407906,0.007858768805204263,0,0
2025-11-27 16:30:25.058601,4,12.901212455590708,80.10247570463642,0.0024630485878650798,0.08748965004293181,0.34406930113896017,-0.15090629641262263,0.003105203404743892,0,0
2025-11-27 16:30:26.058601,4,12.901212735852802,80.10247584425834,0.03468280722897752,0.16257500214571985,0.09290100627353837,-0.07587341600637776,0.008994095943156309,0,0
2025-11-27 16:30:27.058601,4,12.901214866465606,80.10247675294023,0.25685875697151556,-0.16296323399417936,0.16357921960219454,0.01804119601938589,0.023751870653092,0,0
2025-11-27 16:30:28.058601,4,12.901216421522454,80.10247737854506,0.18594349230473992,-0.5848324760501273,0.03677821090399296,-0.08595207446665128,0.006691806865723905,0,0
2025-11-27 16:30:29.058601,4,12.901216696672906,80.10247744368212,0.03143466759437408,0.12236506271243035,0.10627203251775831,-0.17799387388784288,0.0023047217842313383,0,0
2025-11-27 16:30:30.058601,4,12.901218784441186,80.10247793138878,0.2383594146202464,0.14556151563811223,0.04476911977319472,0.030110473121775352,0.036732018642354335,0,0
2025-11-27 16:30:31.058601,4,12.901220413163157,80.10247818417544,0.18337249026053143,0.16802116024612396,-0.16006866916669513,-0.14589126571375846,0.014571753338475341,0,0
2025-11-27 16:30:32.058601,4,12.901222626418468,80.10247817782064,0.24638054604347306,-0.3229696241693014,-0.02024868090930838,-0.10366665999078192,0.022642221863074703,0,0
2025-11-27 16:30:33.058601,4,12.901223164429707,80.10247816862135,0.05989972915432814,0.22375507944150552,0.057503498491302,-0.060465250896757805,0.028363872560639193,0,0
2025-11-27 16:30:34.058601,4,12.901224186057679,80.10247810180657,0.11395848513298185,0.016604427771310423,-0.17252865796287242,-0.06437510607647827,0.04322350812353303,0,0
2025-11-27 16:30:35.058601,4,12.901226171402634,80.10247788125947,0.22230051797713452,0.08924052989486546,0.036443011194879124,-0.048208122217077,0.035121324663891465,0,0
2025-11-27 16:30:36.058601,4,12.901227191454089,80.10247777699144,0.11411439435881851,-0.10292369651768885,0.11041994372248058,-0.033274819732496186,0.014225498435290713,0,0
2025-11-27 16:30:37.058601,4,12.901229716983725,80.10247769986628,0.2812664904152323,0.039234251291177163,-0.032465429219784944,0.09012274516245015,0.013828879058534565,0,0
2025-11-27 16:30:38.058601,4,12.90123005206168,80.10247768864993,0.03732072877423851,-0.05774469667869463,0.18190333782235155,0.0025724531992832814,0.005141130812127875,0,0
2025-11-27 16:30:39.058601,4,12.901230549681848,80.10247768788781,0.05539513895013356,0.2026720572299553,-0.20442742071975387,0.12005979984805916,0.020900231424331152,0,0
2025-11-27 16:30:40.058601,4,12.901232553011164,80.10247773758391,0.22307580694964643,-0.05840081538733981,-0.05051141013949715,0.10770139293615655,0.038442942350592146,0,0
2025-11-27 16:30:41.058601,4,12.901233118229591,80.10247781550024,0.06348561047561636,-0.4023403725234944,0.05770920000127647,0.007207157424430573,0.002932299765195674,0,0
2025-11-27 16:30:42.058601,4,12.901233617464378,80.10247788383283,0.05606727159063728,0.18666852445516283,-0.024526758335024903,-0.08226206224008756,0.02726501683624156,0,0
2025-11-27 16:30:43.058601,4,12.901236219911109,80.10247816524307,0.2913092122342934,0.21524485958954642,-0.20954905814886568,0.014462781194807359,0.019154218878021437,0,0
2025-11-27 16:30:44.058601,4,12.901238448728654,80.10247831344677,0.24863259253560654,0.18926809866989724,-0.12804711284893197,-0.1106330458590577,0.041283269092616495,0,0
2025-11-27 16:30:45.058601,4,12.901239772564347,80.10247843280801,0.1479374464605463,5.729936582427295,-0.1297982243262645,-0.05779133057232205,0.017180488725550717,0,0
2025-11-27 16:30:46.058601,4,12.901344556838598,80.10247642869876,11.666612366739109,7.191612590997477,0.31133233121517145,-0.0010904049884508868,0.06549173335372968,1,0
2025-11-27 16:30:47.058601,4,12.90146921658713,80.10247241254942,13.883964244939724,-1.9676583124280405,-0.10488954022027042,-0.01149769390633075,0.022467379477562336,1,0
2025-11-27 16:30:48.058601,4,12.901541163661463,80.10247646050925,8.021183940141412,-2.1146753509926723,-0.034709028093071075,-0.030554353581190435,0.03869927304888911,1,0
2025-11-27 16:30:49.058601,4,12.901623150339695,80.1024852753883,9.176741756164233,0.7389435863958003,0.028693429045632848,0.013474111518560088,0.07250027974933994,1,0
2025-11-27 16:30:50.058601,4,12.901707840837371,80.10249618148674,9.501730407201647,2.436262060672484,-0.0989629653391749,0.029750289414594067,0.055255736938268615,1,0
2025-11-27 16:30:51.058601,4,12.901829930405167,80.10251612012534,13.762139230450385,-0.4483940963044488,-0.30277449231972675,-0.020592381669755175,0.03585988356845761,1,0
2025-11-27 16:30:52.058601,4,12.90190949022086,80.10253096173543,9.001829108320731,0.3610872634812363,-0.009945216256327034,0.11939200633603646,0.013902567974171219,1,0
2025-11-27 16:30:53.058601,4,12.902032119616562,80.10255556474898,13.909701339790434,0.6174201671742592,0.12546363686130765,0.008834330994493666,0.042890188439452255,1,0
2025-11-27 16:30:54.058601,4,12.902123676875746,80.10257430577676,10.39304969660288,-0.45149595492223216,-0.041133980692041223,0.0024462204748107556,0.017399647835502404,1,0
2025-11-27 16:30:55.058601,4,12.902234786012333,80.10259570218689,12.584687931933189,-0.18180961611569058,-0.15524183122869442,-0.1278024280995875,0.06330764547434993,1,0
2025-11-27 16:30:56.058601,4,12.902323519043668,80.10259870395717,9.883129971270549,-1.0229639730782316,0.1347679927384163,-0.12915487223891484,0.05330650464368576,1,0
2025-11-27 16:30:57.058601,4,12.902420788573343,80.1025948816292,10.835984682708705,-1.3209647911492763,-0.05597545137949252,0.06937355073213528,0.07145440587374911,1,0
2025-11-27 16:30:58.058601,4,12.90248035541845,80.10259862285842,6.643396384480715,3.4693561215411854,-0.26033012810253947,0.008362689916356705,0.1015880576748665,1,0
2025-11-27 16:30:59.058601,4,12.902642837065025,80.10261798987143,18.209131036298082,3.3721790653662596,0.12584136818395125,-0.009355118040131637,0.06628388955297648,1,0
2025-11-27 16:31:00.058601,4,12.902760589807245,80.10262472245715,13.12857716366276,-3.474789745275482,0.08232894432806154,-0.04302273046584349,0.01697207570096209,1,0
2025-11-27 16:31:01.058601,4,12.902859920262749,80.10261667937436,11.091855614722816,-0.6608001801310639,-0.1906766285029199,-0.03845494402808791,0.06405103532742276,1,0
2025-11-27 16:31:02.058601,4,12.902966572536737,80.10262443309173,11.902305414963594,2.0104001510559484,0.09159687995027227,0.03781163795175075,0.06720875925274422,1,0
2025-11-27 16:31:03.058601,4,12.903104956361293,80.10261425442657,15.444430829162783,1.7723202107339964,-0.2091424243701225,-0.03806162476044159,0.09483590082427777,1,0
2025-11-27 16:31:04.058601,4,12.90323754230855,80.10260561187465,14.789231178163623,-0.47632713532323456,-0.20769779313562953,0.030819110181020237,0.04582698870639336,1,0
2025-11-27 16:31:05.058601,4,12.903369376152071,80.1026013353081,14.683078300751099,-1.0164415085841196,0.171409690657785,-0.04039811245095405,0.05043929874323395,1,0
2025-11-27 16:31:06.058601,4,12.903486502568361,80.1026046618706,13.043508276179349,-1.344018439698782,-0.23332433723851437,0.03734812674030912,0.05368852594580228,1,0
2025-11-27 16:31:07.058601,4,12.90359181835591,80.10261147327182,11.747028173917226,-0.9539691243406452,0.08773425091745052,0.05165495685829237,0.12621721338463016,1,0
2025-11-27 16:31:08.058601,4,12.9036883316623,80.10262243297859,10.80947912965206,-1.321655143695374,-0.04260779675582731,0.07309954875350859,0.03945851001596544,1,0
2025-11-27 16:31:09.058601,4,12.903767542301328,80.1026317345528,8.875305385481106,-0.06695656986350901,0.28365534798528325,-0.018898894669973985,0.07561869067929125,1,0
2025-11-27 16:31:10.058601,4,12.903857449730054,80.1026435735386,10.09060404969897,0.04060621967476469,0.020496429598792425,0.01071297453128113,0.05101909103345639,1,0
2025-11-27 16:31:11.058601,4,12.903933914973894,80.10265271921801,8.569765703459456,0.9720950642289663,0.008900821860807175,-0.16435706765282124,0.044172476976791594,1,0
2025-11-27 16:31:12.058601,4,12.904044819357237,80.1026561319595,12.351428549020325,1.5781140689196897,-0.2892868168923672,-0.04313075113118339,0.07607825772364595,1,0
2025-11-27 16:31:13.058601,4,12.904147255629375,80.10266434143395,11.437947547362102,1.2951335178781356,0.12085218714081586,0.0394611412182498,0.019434875928646636,1,0
2025-11-27 16:31:14.058601,4,12.904278875785524,80.1026762934474,14.709241608500513,3.6247236644910648,0.008205107780048787,-0.19033110390218044,0.062197466946555195,1,0
2025-11-27 16:31:15.058601,4,12.904451407357337,80.102681652372,19.21501538784596,-1.279685447581688,-0.135146110561724,0.09192573449386206,0.11048909980757424,1,0
2025-11-27 16:31:16.058601,4,12.904560300088342,80.10269528609714,12.211879792157777,-1.152536422372847,-0.11170728480132709,0.023400294110065847,0.01823479466712692,1,0
2025-11-27 16:31:17.058601,4,12.904707826408966,80.10271360628111,16.54250913127977,-0.7803396175673804,-0.08036251580968441,0.033995002652961195,0.10224261363262935,1,0
2025-11-27 16:31:18.058601,4,12.904801964670748,80.10271294890057,10.479714073266699,-0.7783200833972025,-0.09987208068221465,-0.10127822189340199,0.018988212110551825,1,0
2025-11-27 16:31:19.058601,4,12.904937607953633,80.1027103025718,15.102540395359728,0.7946941702917922,0.14139168964817617,0.03724025704122471,0.015929909057013684,1,0
2025-11-27 16:31:20.058601,4,12.90504262901608,80.10270898752567,11.691815484800838,-0.4606042771842734,-0.0627573923599099,-0.008494975822045555,0.058586276528953575,1,0
2025-11-27 16:31:21.058601,4,12.905170208810024,80.10270718676794,14.203526799367223,0.16248694328173058,0.0998752171927477,-0.0684696010436736,0.030545212683028622,1,0
2025-11-27 16:31:22.058601,4,12.905282260160808,80.10270499676243,12.475819812037722,0.8978551489339458,-0.22443529728413594,0.031181651658875837,0.1088560977151276,1,0
2025-11-27 16:31:23.058601,4,12.905422661975866,80.10270366286284,15.63020024508986,-2.6535632262869058,0.15771531836657454,0.11061557935033127,0.06680998731294041,1,0
2025-11-27 16:31:24.058601,4,12.905486735757663,80.1027019042,7.135245754305552,-2.1244517045551,-0.21102457097278282,-0.07410621418721647,0.04750763721301926,1,0
2025-11-27 16:31:25.058601,4,12.905594601709817,80.10269725108256,12.018248576049647,0.9092051394325382,0.20239999638040929,-0.03506359242951757,0.08498018488480598,1,0
2025-11-27 16:31:26.058601,4,12.905669981731183,80.10269260119664,8.406459536547088,0.10980273145890956,0.08918058130836908,-0.04908426105344736,0.03240540121378697,1,0
2025-11-27 16:31:27.058601,4,12.905784494883964,80.10269181723363,12.74788800291313,-0.47301226262912865,0.06356671187834166,-0.0004010310195798755,0.013016643906788706,1,0
2025-11-27 16:31:28.058601,4,12.90585491920376,80.1026846869358,7.877722090605009,-0.6098327424971518,0.26971297749963735,-0.0038560252795363514,0.04944152940569959,1,0
2025-11-27 16:31:29.058601,4,12.905954365367526,80.10267373171092,11.133988918630902,2.649320499040251,0.17364232000112767,0.017322700057468422,0.01436161876435711,1,0
2025-11-27 16:31:30.058601,4,12.906073033743697,80.1026632077426,13.259430007923552,1.7047238587782634,-0.16284381991506,-0.006931014023322649,0.047286312788028834,1,0
2025-11-27 16:31:31.058601,4,12.90619752577771,80.10265878662446,13.866754184619959,0.8376360583563287,-0.18088983737535372,0.06068657459305178,0.07845416130555852,1,0
2025-11-27 16:31:32.058601,4,12.906323740666295,80.10265871043705,14.050243829459841,-0.42968275440084047,-0.16286928236466583,0.06337032400976718,0.015036120249259701,1,0
2025-11-27 16:31:33.058601,4,12.906439402329772,80.10266420582262,12.88925735455719,0.22498040093577373,0.03976285186656204,0.04766686354054479,0.07029643842562788,1,0
2025-11-27 16:31:34.058601,4,12.906566880498849,80.1026680559475,14.197018085877936,-0.09262945661976149,-0.06936589985269183,-0.05842891289862748,0.0693505143604358,1,0
2025-11-27 16:31:35.058601,4,12.906682246230206,80.10266348919562,12.852070004931958,0.7267626194161753,0.06634706780075598,-0.04662305340496653,0.05734089504192481,1,0
2025-11-27 16:31:36.058601,4,12.906827256227357,80.10265224576021,16.188550926633035,-2.545266811789923,-0.08417541547234404,-0.02901448331262909,0.11984584581368742,1,0
2025-11-27 16:31:37.058601,4,12.906890821916377,80.10264254484345,7.153999854964398,-0.793281604040647,0.07739589765074915,0.0437212213452213,0.08224786278065538,1,0
2025-11-27 16:31:38.058601,4,12.907022805010346,80.1026169976758,14.951589818566074,0.8942886855307048,0.1418573409875094,-0.05575330241009421,0.0184448291226855,1,0
2025-11-27 16:31:39.058601,4,12.907091785759981,80.10260188871707,7.852002404877081,-1.9693760500780964,-0.2965981157018984,0.013901441778488635,0.08606400895178307,1,0
2025-11-27 16:31:40.058601,4,12.907187297174676,80.10258230820767,10.84254203813542,2.04906715919905,-0.10155845979103487,0.023525025195683592,0.08318619001002926,1,0
2025-11-27 16:31:41.058601,4,12.907292690913083,80.10256589777575,11.866794386869,-1.2369631590479464,0.014513870394995139,-0.1221552376896448,0.08553600768668694,1,0
2025-11-27 16:31:42.058601,4,12.907369055497876,80.10255107295008,8.651769752991875,0.4000820559692874,-0.010954056733331042,0.08321198731929297,0.04338084255006433,1,0
2025-11-27 16:31:43.058601,4,12.907484225932654,80.10253345563515,12.962508756718146,4.3030593263368395,0.06763159259483108,0.087285722109127,0.0415994857192385,1,0
2025-11-27 16:31:44.058601,4,12.907637607882716,80.10251567939999,17.183086695596423,0.07455171112838865,-0.08314761072156548,0.008674032931939609,0.0699901700714818,1,0
2025-11-27 16:31:45.058601,4,12.907761969733066,80.10249640365284,14.001074664064,0.8829941758765166,0.06543500424263006,-0.10616295746703709,0.09830600188213182,1,0
2025-11-27 16:31:46.058601,4,12.907922280991958,80.10245149596093,18.499183253900974,-1.5574942247051125,-0.20719487854921234,-0.11877049226376923,0.08675439838994918,1,0
2025-11-27 16:31:47.058601,4,12.908023657614885,80.10242926480655,11.540189061391972,-4.1678354669833695,0.11607724567102864,0.02951882349074558,0.04295977129879454,1,0
2025-11-27 16:31:48.058601,4,12.908114310276577,80.102404994045,10.42944841691009,0.8645479346276389,0.07186712303014905,-0.13283081126164836,0.047738510534780065,1,0
2025-11-27 16:31:49.058601,4,12.908222339917328,80.10235279051129,13.293193753712597,-0.1855331742183391,0.052157453335432855,-0.09763817699841276,0.07907401514726851,1,0
2025-11-27 16:31:50.058601,4,12.908307430977336,80.10230446083469,10.827156131595562,-0.9235516722323642,-0.12149222339777803,-0.15299945154857272,0.0029636754260314426,1,0
2025-11-27 16:31:51.058601,4,12.908395950059326,80.10225026004218,11.4756340667139,-0.19460665193381144,-0.008988497151237371,-0.00047496172497458154,0.05634303201539758,1,0
2025-11-27 16:31:52.058601,4,12.908481962669214,80.10220329994779,10.84641259640693,0.48514662007023096,0.05823308207577521,-0.056414359267334444,0.07166072028450714,1,0
2025-11-27 16:31:53.058601,4,12.908573635365794,80.10213920125378,12.349855095168067,0.36209011425086535,0.2674765572070396,-0.01698760217836971,0.05110159817636356,1,0
2025-11-27 16:31:54.058601,4,12.908659856657943,80.10208490588799,11.262119731847555,-3.3126457490709686,-0.19078588620275455,-0.0435892715352418,0.07802257915107833,1,0
2025-11-27 16:31:55.058601,4,12.908702904897195,80.10205093300658,6.04599144318696,-0.2554208223736254,-0.05595534865638347,0.05877806236451451,0.07987225674706531,1,0
2025-11-27 16:31:56.058601,4,12.908785413282462,80.1020010020246,10.663768457806064,4.1516078262819365,-0.08786680811827037,0.11495700336381878,0.010033263528834758,1,0
2025-11-27 16:31:57.058601,4,12.90889834010276,80.10194559717317,13.934641426425804,0.127668084491182,-0.18934033690507723,0.04233156011185585,0.041155059338790115,1,0
2025-11-27 16:31:58.058601,4,12.90897821567713,80.10189557633393,10.417472917752347,-3.508528015685168,0.20079351895738348,0.05509587193169396,0.05147044770235405,1,0
2025-11-27 16:31:59.058601,4,12.909033645907598,80.10187239628651,6.663448370434082,-4.67226620006896,-0.03448984488939978,0.12028920702781186,0.012971304686052308,1,0
2025-11-27 16:32:00.058601,4,12.90903404668673,80.10187224803242,0.04742643948212431,-3.203019400250549,-0.10391439902568678,-0.01834959021261205,0.008523867370353343,0,0
2025-11-27 16:32:01.058601,4,12.909034966317368,80.10187182739931,0.11208728631927595,-0.008273609481766434,-0.2651492254548131,-0.09969358159820095,0.015695942022877135,0,0
2025-11-27 16:32:02.058601,4,12.909037287761537,80.10187056656852,0.29240422141249356,0.41874703276193737,-0.023507513285138677,-0.033941044885482774,0.02856085745528624,0,0
2025-11-27 16:32:03.058601,4,12.909038681019105,80.10186986847302,0.17260741083639985,0.1809404459728044,0.07944328380428861,0.08770617295552267,0.0008927003827087274,0,0
2025-11-27 16:32:04.058601,4,12.90903974389056,80.10186931850967,0.1325165339335133,-0.11378703834147125,-0.12995530472387615,0.007128885215456774,0.01706992677477581,0,0
2025-11-27 16:32:05.058601,4,12.909041135492647,80.10186865938775,0.1706264135555825,0.25565493640887194,0.16058396352611354,0.03885618317632396,0.015288015012344995,0,0
2025-11-27 16:32:06.058601,4,12.909042070487157,80.10186809086503,0.12099211784942505,-0.18959544826870522,-0.13359190455629785,-0.08359189689849891,0.038950051296231074,0,0
2025-11-27 16:32:07.058601,4,12.909043818287792,80.10186696353007,0.22982493816305877,-0.01600202742285867,-0.009725946348255072,-0.00816327116110485,0.015344265293504815,0,0
2025-11-27 16:32:08.058601,4,12.909044406586077,80.10186660799471,0.07600792515185825,-0.17701797970610533,0.2352529922625762,0.08948436227344592,0.02152734380998819,0,0
2025-11-27 16:32:09.058601,4,12.909046721023351,80.10186549862983,0.28437763333529276,0.07425903729229992,0.2355165864158301,0.05103762636652649,0.015298325801624218,0,0
2025-11-27 16:32:10.058601,4,12.909048676542518,80.10186445081595,0.24559217148578177,0.06867556028395536,0.15107552741544417,-0.050445280795074626,0.016892390354631255,0,0
2025-11-27 16:32:11.058601,4,12.909048913549364,80.10186432975529,0.029472976908010883,0.28085602288682876,-0.1667766245623644,-0.0033071820656672126,0.02753302872032151,0,0
2025-11-27 16:32:12.058601,4,12.909050117985256,80.10186365838979,0.15259079939785816,0.1554592959067294,0.01147003188014864,0.060558222885532295,0.036915107397109924,0,0
2025-11-27 16:32:13.058601,4,12.909051156545887,80.10186321797205,0.1251004417330616,-0.21192641478909377,-0.1540919263387752,0.012526448687761108,0.011823979827462045,0,0
2025-11-27 16:32:14.058601,4,12.909051538461846,80.10186308761863,0.04480609547974228,0.017333223725744976,-0.08687375556706319,0.0700183931309522,0.02802104132484084,0,0
2025-11-27 16:32:15.058601,4,12.909052743513149,80.10186283126656,0.1370000136903773,-0.08834871738064107,0.35092505093149057,0.08285606588557788,0.020986264174889066,0,0
2025-11-27 16:32:16.058601,4,12.9090534133361,80.10186273081491,0.07535717009922055,0.2438911055817411,0.15621280783676444,0.09210769805829089,0.02514770181114372,0,0
2025-11-27 16:32:17.058601,4,12.90905385688487,80.10186267272323,0.04977658985119627,0.11469750279848756,0.06821416427543739,-0.05093864327192801,0.023814322637932542,0,0
2025-11-27 16:32:18.058601,4,12.90905424819333,80.10186257045122,0.044951847208472326,-0.31078006474024744,-0.09072142002688323,-0.06551083581333757,0.005218565735134898,0,0
2025-11-27 16:32:19.058601,4,12.909055961999869,80.10186210259906,0.19741989722566652,0.27135570000503884,0.09900757804660593,0.13500107801509617,0.010917556597327422,0,0
2025-11-27 16:32:20.058601,4,12.909057880908023,80.1018614434184,0.22527018076784128,-0.28519759978740106,-0.24526014126306364,0.1035661552834401,0.03192734575021092,0,0
2025-11-27 16:32:21.058601,4,12.909058799686774,80.10186123622756,0.1047202627357939,0.23457663492037673,0.11355994322693826,0.013258198306089961,0.02106409593982929,0,0
2025-11-27 16:32:22.058601,4,12.909059712850949,80.10186097220564,0.10561337941129283,-0.060144354944343496,-0.06118664716423661,-0.037220790887381325,0.0028951763862653684,0,0
2025-11-27 16:32:23.058601,4,12.909060504234478,80.10186078026919,0.09052520607165336,-0.263664000375558,0.09012120614405371,0.0639179394614443,0.0339358172852443,0,0
2025-11-27 16:32:24.058601,4,12.909062166866738,80.1018603560338,0.19072303282138622,-0.24078010175846748,-0.0725316204115406,0.0808249477270803,0.03033707110528922,0,0
2025-11-27 16:32:25.058601,4,12.909062897919169,80.10186019920819,0.08314090635758045,0.10292175394753271,-0.19594768235861434,-0.051750380647442806,0.007910204842174402,0,0
2025-11-27 16:32:26.058601,4,12.909064584137058,80.10185967006086,0.19629507200930743,-0.5176896636514634,-0.22558781726545915,-0.09202621867309502,0.009867160347238951,0,0
2025-11-27 16:32:27.058601,4,12.909065548192675,80.10185927501428,0.11556310574696287,-0.19700729844284354,0.11553955684753947,0.06890203058824372,0.036182110372721635,0,0
2025-11-27 16:32:28.058601,4,12.909066043524659,80.10185910348015,0.05819715057863962,-0.14477024462927934,0.20043869017206095,0.10774253029157924,0.00397711358220393,0,0
2025-11-27 16:32:29.058601,4,12.909066706555262,80.10185888034493,0.07767846513648721,-0.33661468786401666,-0.019284024734065458,-0.03724280893558293,0.020503189481592115,0,0
2025-11-27 16:32:30.058601,4,12.909068388045968,80.10185827287034,0.19845083050204418,-0.3856721313453867,-0.2776622131267834,0.0029751762462566222,0.032789770316355854,0,0
2025-11-27 16:32:31.058601,4,12.90906967453492,80.10185772347721,0.15512434733814026,-0.2781466955564232,-0.07690252066244234,0.008187850539859778,0.014650651404214694,0,0
2025-11-27 16:32:32.058601,4,12.909070364226384,80.10185747627492,0.08132739632603184,0.07740913625932275,0.1040444059233275,-0.03627764914350446,0.009671472193439905,0,0
2025-11-27 16:32:33.058601,4,12.909071337695904,80.1018570695942,0.11700719816959641,0.0843658431886531,0.10554948277457425,-0.013284283976311723,0.014411534796883528,0,0
2025-11-27 16:32:34.058601,4,12.909073637755142,80.10185607536962,0.2778427593451028,0.14299760098156536,0.1338038827697243,0.07200556446517903,0.0009587870650692766,0,0
2025-11-27 16:32:35.058601,4,12.909075204873346,80.10185548793879,0.1857320950272017,-0.01959856649842253,-0.05751264420253874,-0.015396943363364238,0.013426467334238228,0,0
2025-11-27 16:32:36.058601,4,12.909076571510548,80.10185491037024,0.1645373475283187,0.011604118846436327,0.08015907818504031,0.037349344599803457,0.019811826673503827,0,0
2025-11-27 16:32:37.058601,4,12.909077732458114,80.10185441851975,0.1398232691447552,0.024269495203108633,0.11400387929707023,0.09277446788584873,0.0022777850779617057,0,0
2025-11-27 16:32:38.058601,4,12.909079967922699,80.1018534831524,0.2687542408998758,-0.018487327821266115,0.1147586827851208,-0.005879616494864903,0.02416456692285439,0,0
2025-11-27 16:32:39.058601,4,12.909081062660025,80.10185294335886,0.13521150390830802,-0.09157972372802317,-0.11998272161287224,-0.09898201209493299,0.04978011601628524,0,0
2025-11-27 16:32:40.058601,4,12.909082757362034,80.10185188762846,0.2207119662501293,0.11125665742417548,-0.024086460488353178,-0.0968036396719462,0.020140103662617804,0,0
2025-11-27 16:32:41.058601,4,12.90908482979453,80.10185052574764,0.2739747584911374,0.01225235696590682,0.10547932897631414,-0.11254525688685653,0.030509046916623084,0,0
2025-11-27 16:32:42.058601,4,12.909086570421637,80.10184943702185,0.22694046874972698,-0.44704801005505307,-0.04236818310397281,0.03850642555694917,0.005886946694586059,0,0
2025-11-27 16:32:43.058601,4,12.909087555999763,80.10184878180064,0.13073717472862692,-0.10820123439880998,0.20127668801250514,-0.15868992223817222,0.00741173001398537,0,0
2025-11-27 16:32:44.058601,4,12.909087730498062,80.10184867377909,0.022687615880226265,0.13075159688783988,0.00522758427109582,0.0056319582789055855,0.037455513967952936,0,0
2025-11-27 16:32:45.058601,4,12.909088057065258,80.10184848628217,0.041659383634420934,-0.1405782502917054,0.18776006775001938,0.01130357337779538,0.030810108393653488,0,0
2025-11-27 16:32:46.058601,4,12.909088155124792,80.10184842773747,0.012629937941001933,0.26631478515685497,0.049684610851622464,-0.03918370602215233,0.012894613627123928,0,0
2025-11-27 16:32:47.058601,4,12.909090254854585,80.10184708524774,0.27541974469549824,-0.3659606885848263,0.1718337717190226,0.045564194888240706,0.024220109161381925,0,0
2025-11-27 16:32:48.058601,4,12.909091139426852,80.10184657485718,0.11297641344618391,0.16664047386744796,-0.11032386323311046,0.017940792412105187,0.004583575108724955,0,0
2025-11-27 16:32:49.058601,4,12.90909290716637,80.10184545880284,0.23106312683783342,0.05250460622917039,0.14062146545762788,0.057881215449979664,0.003918521358951082,0,0
2025-11-27 16:32:50.058601,4,12.909094123829275,80.10184475224729,0.1556333018086177,-0.1186126787378946,-0.16420842153074255,-0.03739064979370675,0.0076354583079322105,0,0
2025-11-27 16:32:51.058601,4,12.909095447780365,80.1018440466338,0.16608396672963038,0.014940866196976571,0.1314639368594976,-0.05057472863806532,0.012639388879814306,0,0
2025-11-27 16:32:52.058601,4,12.909096278221341,80.10184350310908,0.10965584174696608,0.18779623040547044,0.006303936976787899,0.003833431719509117,0.00329174597711145,0,0
2025-11-27 16:32:53.058601,4,12.909096292325795,80.10184349424992,0.0018410182733966328,-0.005644848452756021,0.03518787713946237,0.15428724030839877,0.0006374803469205808,0,0
2025-11-27 16:32:54.058601,4,12.909096680301033,80.10184326564253,0.049806330209886514,0.16359264595971892,-0.047723495411600196,-0.05494108036835742,0.00403408527180438,0,0
2025-11-27 16:32:55.058601,4,12.909098536627914,80.10184192849087,0.25249757398322975,0.4329004920500374,0.26414903692812536,0.033514820942722734,0.004148270486456925,0,0
2025-11-27 16:32:56.058601,4,12.9091005316335,80.10184049817359,0.27094181955534297,0.3789810798477797,-0.1244906143897371,0.021028561571327573,0.005900510157004475,0,0
2025-11-27 16:32:57.058601,4,12.909102312788079,80.10183933107585,0.23527075496013222,-0.07573143502568505,-0.06724623213530508,0.06848228140751843,0.0005968137022221779,0,0
2025-11-27 16:32:58.058601,4,12.909103227358933,80.1018388171404,0.11608294390589935,0.28598983580441983,-0.018014789333058962,0.009687589056899423,0.04169141349096748,0,0
2025-11-27 16:32:59.058601,4,12.909105370767689,80.10183761293067,0.27204099046461006,-0.07998990734127315,0.1499292782087179,-0.024812347730247028,0.02004186748399476,0,0
2025-11-27 16:33:00.058601,4,12.909106425280907,80.10183697616377,0.13621391145359807,0.20291419640473152,-0.14567615529084926,-0.020701997911282122,0.03560171113217291,0,0
2025-11-27 16:33:01.058601,4,12.909108479609214,80.10183558813677,0.2738300661165601,0.1621552355605712,0.310309726478813,-0.016741294605192112,0.012558393812968137,0,0
2025-11-27 16:33:02.058601,4,12.909108802882718,80.10183535302363,0.044112557149287523,0.009534823177345712,-0.06609119839092552,-0.06542834905700386,0.0017181939357476391,0,0
2025-11-27 16:33:03.058601,4,12.909110200764802,80.10183412064241,0.20517723149569378,0.22296099617937776,-0.19367183469131138,-0.006070896781945556,0.019215918478198157,0,0
2025-11-27 16:39:43.058601,5,12.898303981048468,80.10261181271589,0.1450124878843208,-0.04461416212969779,-0.022108493707311275,-0.031125006208604353,0.018484159324360674,0,0
2025-11-27 16:39:44.058601,5,12.898306024168077,80.10261179245623,0.22745069936936896,-0.0028825601707426884,0.22987176757988131,-0.059526303662581846,0.012808236024661895,0,0
2025-11-27 16:39:45.058601,5,12.89830753676932,80.1026117131374,0.16860260192391896,-0.6415801335010004,0.20933869218975043,-0.12563098086400315,0.021094739658548304,0,0
2025-11-27 16:39:46.058601,5,12.898307923728648,80.1026116864036,0.04317388100063794,-0.24461368231560265,0.12564389767356274,-0.01592202146374898,0.035955214302508864,0,0
2025-11-27 16:39:47.058601,5,12.898308770123288,80.10261161891934,0.09450478545478479,0.12432334622060989,-0.09763267783311168,-0.07410060204423155,0.020255735009755114,0,0
2025-11-27 16:39:48.058601,5,12.89830971123608,80.1026115287829,0.10522025259291781,-0.123120567163106,0.07610840476499361,0.0006050218787600065,0.016472466486842113,0,0
2025-11-27 16:39:49.058601,5,12.898309866422842,80.1026115187971,0.017309339592120342,0.018043107000100225,-0.22294567463728493,-0.02356680511109608,0.005893007067022412,0,0
2025-11-27 16:39:50.058601,5,12.898311339115585,80.10261136253455,0.16481470977983087,0.05990952498665651,-0.18361015347216067,-0.07932250154525475,0.011849411430236201,0,0
2025-11-27 16:39:51.058601,5,12.898313476361231,80.1026111246983,0.23931383123451458,0.06250364306729672,0.03631524029331203,-0.031727782864169045,0.027874541173994297,0,0
2025-11-27 16:39:52.058601,5,12.898315073412313,80.10261097747089,0.17850008422800995,-0.1620085122780046,0.0554083022880287,-0.09116134743091964,0.022083593434491275,0,0
2025-11-27 16:39:53.058601,5,12.898316853095144,80.1026107584938,0.19953415711445643,0.03029788315740322,-0.23171280318376092,-0.05194471941234949,0.018646805717991998,0,0
2025-11-27 16:39:54.058601,5,12.898317646423635,80.10261062474888,0.08949785260340971,0.37377103608532075,0.023818772683603502,-0.048869934548912405,0.018863128736745314,0,0
2025-11-27 16:39:55.058601,5,12.898319925816379,80.10261019368721,0.25801725340011583,0.1863675690815267,0.03438456382618304,0.04938624332330112,0.008732124633993322,0,0
2025-11-27 16:39:56.058601,5,12.898321555274393,80.10260994602729,0.1833711973842572,-0.006965898903730422,0.11973713435131876,0.07586943924871417,0.015899165400717005,0,0
2025-11-27 16:39:57.058601,5,12.89832339565152,80.1026097958693,0.20551770157390123,-0.2166828781879409,0.19516847546390928,0.029387637100114293,0.014390663054964867,0,0
2025-11-27 16:39:58.058601,5,12.89832533951948,80.10260942817006,0.22003908176134654,0.08575073101956582,0.07442780242308328,-0.011771797560554218,0.0017532451314043718,0,0
2025-11-27 16:39:59.058601,5,12.898327781695759,80.10260913119949,0.27376623473659684,0.22526402903172776,-0.0617802669590854,0.06306143570775645,0.026454968125158632,0,0
2025-11-27 16:40:00.058601,5,12.898328603663055,80.10260905458438,0.09187829954527414,-0.1719918676456864,-0.26311808320689556,0.008990297184148704,0.0010358795766029515,0,0
2025-11-27 16:40:01.058601,5,12.898328756092981,80.10260902551727,0.01725915261925329,0.26438401098729014,0.10386722463459847,-0.05081995756457561,0.036695905153107077,0,0
2025-11-27 16:40:02.058601,5,12.89833075323185,80.10260868088149,0.22544483019430056,0.03682177725738493,0.004198095280550483,0.048409611443705064,0.006549929463788295,0,0
2025-11-27 16:40:03.058601,5,12.898333295787719,80.10260833496486,0.2855154308242617,0.10028619477660257,0.026458002289537385,-0.10719235390203649,0.009524744687354434,0,0
2025-11-27 16:40:04.058601,5,12.89833504665682,80.10260792157825,0.20000199003648142,0.056314928649158255,0.019425572033896672,-0.020130783158754544,0.003368572912292964,0,0
2025-11-27 16:40:05.058601,5,12.898336497821434,80.10260749492129,0.16804691328456373,-0.23047064731430497,-0.03668640592578289,-0.02856662518395911,0.017248226622168194,0,0
2025-11-27 16:40:06.058601,5,12.898337957996166,80.10260697840847,0.17193814239358654,-0.03325674213786238,0.10333574547924108,-0.09518774899678728,0.018148889969624424,0,0
2025-11-27 16:40:07.058601,5,12.898338541626334,80.10260673667094,0.07006525576814757,-0.35108938121141453,0.004010153893404512,-0.06687115868230474,0.008457787451538083,0,0
2025-11-27 16:40:08.058601,5,12.898338953685425,80.10260653409746,0.05086531973116637,-0.17500494092010865,-0.041121916751846135,-0.1451030251652206,0.04424857906872914,0,0
2025-11-27 16:40:09.058601,5,12.89833930585674,80.10260635989502,0.04352299247535951,0.2934822095673867,0.20020994688519994,0.11921226368606336,0.03308411481895265,0,0
2025-11-27 16:40:10.058601,5,12.898340485346264,80.10260589380783,0.14070462071505938,0.2605245953425681,0.0076586186761302705,0.03513281328797872,0.0064275052761094825,0,0
2025-11-27 16:40:11.058601,5,12.8983430047533,80.10260499045138,0.2970972642397442,0.254866972578581,0.04944436525447856,0.015241651316156901,0.009253487077471844,0,0
2025-11-27 16:40:12.058601,5,12.898344261158972,80.10260448958886,0.15005170167433457,-0.16398997636178098,-0.12459410020993147,0.08278375893256766,0.021615004107012684,0,0
2025-11-27 16:40:13.058601,5,12.898345976143842,80.10260400856075,0.1979190585805913,-0.41019709014846234,-0.16801167031155878,-0.027086544105001678,0.006275482793287703,0,0
2025-11-27 16:40:14.058601,5,12.898346021516456,80.10260399721899,0.005198655670902252,-0.066077655452841,-0.2944686169677509,0.07567183860220586,0.02035703773730294,0,0
2025-11-27 16:40:15.058601,5,12.898346917175244,80.10260380607953,0.10183915611495016,-0.4491080053114239,0.16305643925450394,0.05110432291997398,0.009988453994635563,0,0
2025-11-27 16:40:16.058601,5,12.898347929247304,80.10260354088567,0.1162808332672595,-0.18892956220829654,0.10143211868129542,0.005585278841540212,0.0005989248213086355,0,0
2025-11-27 16:40:17.058601,5,12.898348101869031,80.10260348259065,0.020230626712303957,0.00996464570612104,-0.21442323370469457,0.010256968781887817,0.000941802091959156,0,0
2025-11-27 16:40:18.058601,5,12.898349514828315,80.1026030603206,0.16382889376145918,0.12570853785422934,-0.1353119334738699,-0.02573519460191472,0.02341717523350644,0,0
2025-11-27 16:40:19.058601,5,12.898351290051318,80.10260237181018,0.21126889729683754,0.2724522620934385,0.25463629643641317,-0.04708928180193264,0.03825054582699129,0,0
2025-11-27 16:40:20.058601,5,12.898353679912288,80.1026013851898,0.28677276380309463,0.13343816245675408,0.009343689636550292,0.014052973384768568,0.005430844396424193,0,0
2025-11-27 16:40:21.058601,5,12.898354752212333,80.10260110801075,0.12309935709129469,-0.5891692622022188,0.00881842874123484,0.07011417598575895,0.006441305971909058,0,0
2025-11-27 16:40:22.058601,5,12.898356775510686,80.10260052669182,0.23389997103287885,0.13286454206216342,-0.15156896813653825,0.03776330205105377,0.022620003188942465,0,0
2025-11-27 16:40:23.058601,5,12.898358323920887,80.10260016351229,0.17681671782779426,0.14644156765000824,0.050660023312577976,-0.054923891667644435,0.003157222803568057,0,0
2025-11-27 16:40:24.058601,5,12.898360637602433,80.10259938049056,0.2712120484175624,-0.007391402616541268,0.01618996298985177,-0.054115448805330285,0.01840795111884817,0,0
2025-11-27 16:40:25.058601,5,12.89836305486992,80.10259845863327,0.2870817046337145,0.11455744248554536,-0.1044494202747361,-0.055547978407484114,0.014918197572401867,0,0
2025-11-27 16:40:26.058601,5,12.89836495059567,80.10259767332859,0.22758748825924885,0.14415682563376778,-0.1668272653806848,-0.07284164123115858,0.0040842617928888705,0,0
2025-11-27 16:40:27.058601,5,12.89836578673857,80.1025973085255,0.10114725945655334,0.043637276222750696,0.26009708111607194,-0.03315465765278627,0.039327696437039886,0,0
2025-11-27 16:40:28.058601,5,12.898366790987689,80.10259675297822,0.12701073466080406,0.06753582339828224,0.2870208272875841,0.012628913890456589,0.016466922240344663,0,0
2025-11-27 16:40:29.058601,5,12.898367418290656,80.10259634274695,0.08281289348996747,0.27137322303172906,0.18420724131339886,-0.14705330156169488,0.02114967961173164,0,0
2025-11-27 16:40:30.058601,5,12.898368650501705,80.10259548896747,0.16552509471906116,-0.2761718406355176,-0.008870855919759214,0.06826821111862216,0.0110209873170755,0,0
2025-11-27 16:40:31.058601,5,12.898370872646357,80.10259405096377,0.29247187660403023,0.31874095878762704,-0.1341875413664143,0.008759669631804468,0.005482465004131747,0,0
2025-11-27 16:40:32.058601,5,12.898373051979222,80.10259280715755,0.2776192131678751,0.308662691212617,-0.014778111287434602,0.03323217407895509,0.007345929285634367,0,0
2025-11-27 16:40:33.058601,5,12.898375487874443,80.10259167347166,0.2977635924250082,0.103072266649754,0.32932983655494574,0.05526207289610521,0.0039177866883131456,0,0
2025-11-27 16:40:34.058601,5,12.898377983317353,80.1025906507736,0.2991388429197533,-0.38976609170199705,0.08348171720940757,0.0014256848047212098,0.002270574125717106,0,0
2025-11-27 16:40:35.058601,5,12.898378652344975,80.10259041899245,0.07860828469090954,0.19010825627087297,0.07425176995033564,-0.08118300467900506,0.041778541227311686,0,0
2025-11-27 16:40:36.058601,5,12.898379403288775,80.102590167252,0.08794506142179875,0.28288841583643476,0.0369432322095012,-0.004410170009354491,0.0187892909623345,0,0
2025-11-27 16:40:37.058601,5,12.898381582071826,80.10258924246114,0.26248205942710906,-0.05624324976752401,0.006141675329218652,-0.002792947318440535,0.00551694769266902,0,0
2025-11-27 16:40:38.058601,5,12.898382213591065,80.10258898914117,0.07548366658099487,0.0644240706851035,0.28896644445918235,0.01173356982111267,0.008552137147256762,0,0
2025-11-27 16:40:39.058601,5,12.898382329581482,80.1025889415363,0.01390701812366325,-0.09213702740640856,0.01038531152324518,0.13707180608779868,0.008334926647811998,0,0
2025-11-27 16:40:40.058601,5,12.8983836814177,80.10258835567954,0.1633632669857334,-0.06030361823102201,0.14949488968419347,-0.07719943542303735,0.0060350782724249595,0,0
2025-11-27 16:40:41.058601,5,12.898384122033274,80.10258813738021,0.05446974882569404,0.36821624177734114,-0.12205876706982761,0.020620101044513957,0.03833327527849273,0,0
2025-11-27 16:40:42.058601,5,12.898385714459812,80.10258742658569,0.19332142599270916,0.25470722167187987,0.15942323392211633,-0.17282656996018061,0.0036014512419927226,0,0
2025-11-27 16:40:43.058601,5,12.898388019164821,80.10258623502428,0.2872991587927936,0.1006275110560449,0.24788144860398187,-0.023593733128414673,0.025392882649180843,0,0
2025-11-27 16:40:44.058601,5,12.898388622039096,80.10258597416875,0.07283701225549467,0.12746654963540047,0.25822504673232066,0.055213425419218726,0.05151365425178123,0,0
2025-11-27 16:40:45.058601,5,12.898390077648136,80.1025851948999,0.1827750746841867,-0.3020349397091657,-0.2789701332457726,-0.05621097522037391,0.011153724266954728,0,0
2025-11-27 16:40:46.058601,5,12.898391321915575,80.102584521989,0.15657972546856652,-0.21732250547190873,0.0036972715062085146,0.018586746119752126,0.04778041795765708,0,0
2025-11-27 16:40:47.058601,5,12.898392761269548,80.10258369492743,0.18365057236878787,0.007048406730151941,-0.013955524148037244,-0.022795510990157003,0.0012604552078634432,0,0
2025-11-27 16:40:48.058601,5,12.898394047027237,80.10258286598048,0.1690483761805455,0.21788714016259353,0.06443052271973393,-0.0861421933911869,0.005904137384757607,0,0
2025-11-27 16:40:49.058601,5,12.898395941489646,80.10258148461683,0.2587339707303695,0.05799206909535628,-0.17854423681301432,-0.0069794088037324125,0.018835880705620606,0,0
2025-11-27 16:40:50.058601,5,12.89839676037131,80.10258092928761,0.109274703472744,0.4653363502309771,0.14593464588710262,0.06651040865523859,0.0005509505812951281,0,0
2025-11-27 16:40:51.058601,5,12.898397261735782,80.10258056435583,0.06843289731346709,-0.02998055049653018,-0.026117992937290026,-0.057381469366677526,0.020418642134991116,0,0
2025-11-27 16:40:52.058601,5,12.898398966518224,80.1025794474906,0.22517250422394974,-0.023308127829792163,-0.1315927646051773,0.05216713585338009,0.04492101732414007,0,0
2025-11-27 16:40:53.058601,5,12.898401030105553,80.10257816992502,0.26830750310769275,-0.12215259103735779,0.07432433552633709,0.033900119960760755,0.00814450976297749,0,0
2025-11-27 16:40:54.058601,5,12.898403209233447,80.10257680922925,0.2839824400467681,0.21960288578022139,-0.07961649438784225,-0.03277476010205721,0.04383425136478163,0,0
2025-11-27 16:40:55.058601,5,12.89840494621288,80.10257572386033,0.22640487243212926,0.061806183838764656,0.1721839095336754,0.07915400360021738,0.04014195479576414,0,0
2025-11-27 16:40:56.058601,5,12.898405570778024,80.10257530585608,0.08301389163088246,-0.24797576667968613,-0.13741440688009224,0.03282854056047847,0.028582943837477576,0,0
2025-11-27 16:40:57.058601,5,12.898406224205253,80.10257492592255,0.08361043699864341,0.13498806691428583,0.20613817617459176,-0.05768606712821511,0.02178821946888431,0,0
2025-11-27 16:40:58.058601,5,12.898406491641325,80.10257474824606,0.03546865164903904,0.305657878110751,-0.07359122406843896,0.032523025635208536,0.015741418771591593,0,0
2025-11-27 16:40:59.058601,5,12.898406855615335,80.10257455239825,0.04575268710689525,0.08585720297243381,-0.13558230581853478,0.040854144308487966,0.0015184150183719873,0,0
2025-11-27 16:41:00.058601,5,12.89840749489913,80.10257417503982,0.08210464837598068,0.02033444640033715,0.03675091071733393,0.06023944698286566,0.02307569599125428,0,0
2025-11-27 16:41:01.058601,5,12.898408819414586,80.1025735748517,0.1611880440824328,-0.06317530971729005,0.10242018751951035,0.0023772401234943043,0.007774878972856675,0,0
2025-11-27 16:41:02.058601,5,12.898409671478468,80.10257312898683,0.10647819510350813,-0.006741430402397532,-0.20635499893630754,-0.12728876977798895,0.017545648687537347,0,0
2025-11-27 16:41:03.058601,5,12.898411587920982,80.10257194955184,0.24878227123123386,-0.120629817059074,-0.21635559729655704,-0.1030827270601605,0.02782214032248154,0,0
2025-11-27 16:41:04.058601,5,12.898412883901017,80.1025711071165,0.17079183513484578,-0.0714217692119821,-0.03943059499904247,0.019737657545323944,0.00468655441059763,0,0
2025-11-27 16:41:05.058601,5,12.89841434285348,80.1025703431128,0.1823460819336298,-0.24262257020540223,0.02361428656632355,0.03007131903106859,0.0028563422614416934,0,0
2025-11-27 16:41:06.058601,5,12.898416444812588,80.10256881893172,0.2865404456410957,-0.03287449094510485,-0.024392734723861952,-0.06370058191660875,0.0011470291392884355,0,0
2025-11-27 16:41:07.058601,5,12.898417835817169,80.10256789774988,0.18430730028312378,-0.3696584718573753,0.31500979507556337,0.03354514226544256,0.010968579170097968,0,0
2025-11-27 16:41:08.058601,5,12.898417858960288,80.10256788450397,0.002950118031963311,0.2430539271651323,-0.34438518504067234,0.03803887347702396,0.011423572643531292,0,0
2025-11-27 16:41:09.058601,5,12.898420069869944,80.10256660976196,0.2823256104414457,0.4904681214428677,-0.019733577462128945,0.011726908078604548,0.00710215240697331,0,0
2025-11-27 16:41:10.058601,5,12.898422161229005,80.10256525352463,0.27542444935306987,-0.2692302203673369,0.14199815016161793,-0.06693842569282073,0.035077050441018484,0,0
2025-11-27 16:41:11.058601,5,12.898423043843106,80.10256464286583,0.11850906030687208,-0.24980981007121775,-0.0019287757602995744,0.06221277618245067,0.010536111396975516,0,0
2025-11-27 16:41:12.058601,5,12.89842375005191,80.10256419242268,0.09257112532814522,0.1889778830587574,-0.02637234209634204,0.06174682737527868,0.002378265357533893,0,0
2025-11-27 16:41:13.058601,5,12.89842539938205,80.10256314610177,0.21587260328101052,0.13203218424037144,-0.07648179384852803,-0.03301136605910595,0.010120872163165545,0,0
2025-11-27 16:41:14.058601,5,12.898426621171831,80.10256230881049,0.16356446135387104,-0.2063289089505897,-0.0340227451850452,0.0017679057814614096,0.0034531181442270433,0,0
2025-11-27 16:41:15.058601,5,12.898426761232225,80.10256222621672,0.017983859960176207,0.00208019637123244,0.07596781842846663,0.07947738545518453,0.005864467267251271,0,0
2025-11-27 16:41:16.058601,5,12.898426914807478,80.10256212645952,0.020234839828419036,0.078649081663533,0.021410184427071235,0.04713361538447941,0.04276142857705362,0,0
2025-11-27 16:41:17.058601,5,12.898428583276681,80.10256094376982,0.22575870646316024,-0.07311427822547698,0.1342029612259376,-0.09308307911875716,0.019759863160610965,0,0
2025-11-27 16:41:18.058601,5,12.898430161205555,80.1025599567974,0.2057293641570764,0.08475479447355086,0.2450254088300479,0.13479324745896487,0.016409732246672307,0,0
2025-11-27 16:41:19.058601,5,12.898431273258154,80.10255934985985,0.1402225085132712,-0.15102692285817557,-0.20402216036377468,0.015749604659425015,0.011622477546027922,0,0
2025-11-27 16:41:20.058601,5,12.898432184084571,80.10255870769356,0.12302922357123049,-0.10130390386943698,0.08298627376353178,-0.0007119680124736058,0.03554901652080932,0,0
2025-11-27 16:41:21.058601,5,12.898434252086757,80.10255741386544,0.2696429860170322,0.19942558463786123,-0.19327432560708238,0.03939815117173475,0.01969190528351176,0,0
2025-11-27 16:41:22.058601,5,12.898436092775304,80.1025562710407,0.23950893930226022,0.06689644408239859,-0.07067078951285898,0.03316821304929948,0.00806400937239678,0,0
2025-11-27 16:41:23.058601,5,12.89843670289644,80.10255589654469,0.07914741282235532,0.22991765696102745,0.09236631323175858,-0.0825249823335106,0.01865712424798678,0,0
2025-11-27 16:41:24.058601,5,12.898438425454483,80.10255444146601,0.24839486369501168,0.00015405319618422286,0.09779327275351393,-0.12582062110150105,0.0006912000022260329,0,0
2025-11-27 16:41:25.058601,5,12.898440152591752,80.10255294506419,0.251658216221184,0.2504292116268539,-0.15370445758008958,-0.06886606874406431,0.007248629126034723,0,0
2025-11-27 16:41:26.058601,5,12.898441803794093,80.10255129258333,0.25678746711059336,-0.08795761007176778,-0.15877231965551566,0.002615236816811856,0.008509518161736868,0,0
2025-11-27 16:41:27.058601,5,12.898442858285698,80.10255034406343,0.15611863181239097,-0.12424991510355576,-0.07083435422621054,0.03421383165580133,0.014705604803622168,0,0
2025-11-27 16:41:28.058601,5,12.898443792128639,80.10254943211822,0.14352372207712696,0.18682088916889,-0.010478170672820168,-0.03740393057609344,0.010990730264913349,0,0
2025-11-27 16:41:29.058601,5,12.898444321855573,80.10254890455552,0.08218589531991101,0.192632769302569,0.299554904975191,-0.17858263366698762,0.002228431808159317,0,0
2025-11-27 16:41:30.058601,5,12.898445952880284,80.10254696763657,0.27774195363746834,-0.031526319723789255,0.11079646182089557,-0.03757267546952168,0.045313010149873864,0,0
2025-11-27 16:41:31.058601,5,12.898447177297092,80.10254579261837,0.1866418069940006,-0.082861767375327,0.07838498417785819,0.10500196881336618,0.028925250523565108,0,0
2025-11-27 16:41:32.058601,5,12.898447319991623,80.10254566346202,0.021183554360251454,0.009215779646430784,0.23098112986040498,-0.07885922352788613,0.0008018606481115682,0,0
2025-11-27 16:41:33.058601,5,12.89844819462644,80.10254480495055,0.1347525207225722,-0.07636965992105715,-0.025462831792451946,0.015454769041919642,0.016649455927618694,0,0
2025-11-27 16:41:34.058601,5,12.898449130311457,80.1025438687023,0.14550125343824363,0.25719865215456905,0.0103791287010354,-0.107596939799363,0.010644768740704863,0,0
2025-11-27 16:41:35.058601,5,12.898450125185528,80.10254280566042,0.15991086914568742,-0.4964297585747405,0.28410829758578465,0.0515392740678407,0.03519742631896421,0,0
2025-11-27 16:41:36.058601,5,12.898450997617177,80.10254195823934,0.13374517943173067,0.30007629883968545,-0.2592725148856493,-0.054585916742261764,0.004279189755967698,0,0
2025-11-27 16:41:37.058601,5,12.898452274263253,80.10254082191024,0.18815152404917918,-0.21293461497447855,-0.1939200207292557,-0.024991264652094995,0.01621478365541009,0,0
2025-11-27 16:41:38.058601,5,12.898453189101968,80.10253996094636,0.13820069438969515,-0.20977773706041083,0.2136625449491306,0.06916318364612363,0.010744383431445258,0,0
2025-11-27 16:41:39.058601,5,12.898453613810807,80.10253960389605,0.061125754290064005,0.2718591257233237,0.19989706003325566,0.05532204750580623,0.009440762444603958,0,0
2025-11-27 16:41:40.058601,5,12.898453956558722,80.102539322699,0.048855143785314865,0.3008199989805659,0.05756103121874372,-0.022459133090776053,0.007473066161423094,0,0
2025-11-27 16:41:41.058601,5,12.898454244090983,80.10253906510239,0.04249515315780705,0.18488150775852707,0.32494268087979067,-0.0970432720372202,0.021629734800305372,0,0
2025-11-27 16:41:42.058601,5,12.89845461661555,80.10253872007087,0.05586994013298203,-0.17482251859279563,0.046969979203755535,-0.008994143749491614,0.04627034162637195,0,0
2025-11-27 16:41:43.058601,5,12.898455106884304,80.10253829658389,0.07134635131055546,-0.12422655402871619,0.2816186843548501,-0.12025007756133194,0.016148837766825495,0,0
2025-11-27 16:41:44.058601,5,12.898455527334923,80.1025378466211,0.06763611024902183,-0.06453635323459078,-0.07204415530819397,-0.19536940218018678,0.020112439864761966,0,0
2025-11-27 16:41:45.058601,5,12.898456578059502,80.1025367957118,0.16335625914512003,0.3410296757124476,-0.009478622192488169,-0.06595474640539294,0.022279738487061503,0,0
2025-11-27 16:41:46.058601,5,12.898457531950001,80.10253581501682,0.15033341626536162,-0.2993572514116034,0.10219874186780108,-0.0003885873838556063,0.02697856148921174,0,0
2025-11-27 16:41:47.058601,5,12.898458406915307,80.10253489985138,0.13909922710727737,0.18970753337900853,-0.15670856843360387,-0.04703208494048794,0.021961378001475733,0,0
2025-11-27 16:41:48.058601,5,12.898459926840879,80.1025332190042,0.2487857630353912,-0.13572432607529872,-0.18111608010179617,-0.0030270796739398226,0.029066899124579937,0,0
2025-11-27 16:41:49.058601,5,12.898460652550657,80.10253235764355,0.12354150719071175,-0.24087033560717436,0.15951446405534908,-0.014036143280130517,0.00039017727015062595,0,0
2025-11-27 16:41:50.058601,5,12.898461211088174,80.10253156434337,0.10618851457913482,-0.06688543870092238,0.3838861368361839,-0.07207125162980504,0.0012890768939918,0,0
2025-11-27 16:41:51.058601,5,12.898462185696498,80.10253029775501,0.17510078672946994,-0.25575476064054586,-0.07508545208047829,0.08257719166626659,0.01666874300625923,0,0
2025-11-27 16:41:52.058601,5,12.89846218928349,80.10253029343289,0.0006159565353468288,-0.08023179425764629,-0.30839802148461387,0.020908591331830557,0.016557369694801066,0,0
2025-11-27 16:41:53.058601,5,12.898462564554098,80.1025297972221,0.06814969475389213,-0.04379260793852985,0.11398341904644206,-0.0854703809217484,0.033578693423164115,0,0
2025-11-27 16:41:54.058601,5,12.89846387766139,80.1025280922478,0.23578674636461974,0.2654301666435611,-0.019138016374480257,0.0014953265334320329,0.02300682311240975,0,0
2025-11-27 16:41:55.058601,5,12.898465377552535,80.10252628201593,0.2578044876086019,-0.11914761468954109,-0.07641357302455025,0.039439883246553634,0.04364630843286951,0,0
2025-11-27 16:41:56.058601,5,12.898467178311886,80.10252440540792,0.2857460079836566,-0.005617693194467546,0.057334539628113454,-0.02013872431833067,0.017966445601877722,0,0
2025-11-27 16:41:57.058601,5,12.898467195908093,80.10252438744682,0.0027632329411866217,-0.23448740355937098,0.0027546535490771402,-0.015593881499229549,0.0076930496347537335,0,0
2025-11-27 16:41:58.058601,5,12.898468411292493,80.10252311571693,0.19325709537990704,0.4618367511465723,-0.041922545401436216,-0.029010354608298573,0.0030640368609369598,0,0
2025-11-27 16:41:59.058601,5,12.898469028172801,80.10252248795597,0.09672605269546806,-0.2907700162200939,0.2995076515994452,-0.03775805165217165,0.007366671169906699,0,0
2025-11-27 16:42:00.058601,5,12.898469134257775,80.10252237405345,0.0170945449204566,0.18637330323218776,0.20737573122237285,0.020723829699830332,0.0031778625425433293,0,0
2025-11-27 16:42:01.058601,5,12.898470508086804,80.10252072534554,0.23536218695884192,0.2159324883392558,0.22266317543511785,-0.02945805986075735,0.009800749270947843,0,0
2025-11-27 16:42:02.058601,5,12.89847108254681,80.10252011377546,0.09215963614794716,0.037598454043401355,0.08096113152737305,0.03044114815183749,0.012028549461882641,0,0
2025-11-27 16:42:03.058601,5,12.898471988608867,80.1025190917294,0.14990954956943928,0.09141822174275198,0.056779648042276525,-0.006723869205249531,0.009876268141037686,0,0
2025-11-27 16:42:04.058601,5,12.89847363518599,80.10251739782012,0.25958269501620096,0.14147091209064225,0.007256376117207357,0.08489070206036904,0.02036428780276244,0,0
2025-11-27 16:42:05.058601,5,12.898474753807509,80.10251634920826,0.1686823483595015,0.10816152367517463,0.09581352734777832,-0.033887326405348146,0.004181512216731861,0,0
2025-11-27 16:42:06.058601,5,12.898476188898982,80.1025148511863,0.2279136764758429,0.31110521235392496,0.30513653929801443,-0.1162600650753341,0.021792727766645745,0,0
2025-11-27 16:42:07.058601,5,12.898477314265826,80.10251345532244,0.1965609972599535,0.05959995874101204,-0.1252490550343384,-0.09518907405277716,0.01473554220681482,0,0
2025-11-27 16:42:08.058601,5,12.898477772589443,80.10251279811655,0.08768586283836775,-0.32344648224484873,-0.4153839556311711,-0.04618152347916065,0.009845434167364478,0,0
2025-11-27 16:42:09.058601,5,12.89847849174009,80.10251160420457,0.15229201559976846,-0.06123300500163725,-0.004318484423397193,-0.07488267404477468,0.01083402027272071,0,0
2025-11-27 16:42:10.058601,5,12.898479746517227,80.10250925013227,0.2911394469531682,0.039047663846436556,0.0032925491741752104,0.031684581564015976,0.010096750405851741,0,0
2025-11-27 16:42:11.058601,5,12.898479951444926,80.102508736993,0.06017327764451726,0.20595489145967935,-0.003168642127761911,-0.004649155981971562,0.031136601177336038,0,0
2025-11-27 16:42:12.058601,5,12.898480567728006,80.10250718732996,0.181612065083476,0.14426009988162108,0.33544818516234237,-0.05052132207571286,0.0010226432366907258,0,0
2025-11-27 16:42:13.058601,5,12.898481214318574,80.10250509229898,0.23845701666729113,-0.1780682958400019,-0.030807443453689506,-0.021756316535223856,0.0004241582374290016,0,0
2025-11-27 16:42:14.058601,5,12.898481822612256,80.10250302432787,0.23439237339344088,-0.27862511870529916,0.08278749858224486,0.017957182582265016,0.0036771189947100314,0,0
2025-11-27 16:42:15.058601,5,12.898481989382153,80.10250217879626,0.09360899302769254,-0.034085023090115886,-0.031157455673190487,-0.04470021617619148,0.005013440607223481,0,0
2025-11-27 16:42:16.058601,5,12.898482402364909,80.10250078145829,0.1584430832818283,0.01900330242641811,-0.08754184251780935,0.0231937972826088,0.010531675889907294,0,0
2025-11-27 16:42:17.058601,5,12.898483363992785,80.10249832735569,0.2870082248621998,-0.12914111211348817,-0.22843431243747564,0.04964255042603382,0.004342189627997271,0,0
2025-11-27 16:42:18.058601,5,12.89848381413131,80.10249711312123,0.14096495748467397,-0.1943772616597071,0.10450092909463922,0.009213085147863717,0.0035375896000312264,0,0
2025-11-27 16:42:19.058601,5,12.898484031900567,80.1024964213531,0.07888197381962858,0.21105108806195425,0.05416471685172343,-0.049094306865141414,0.00986537683845606,0,0
2025-11-27 16:42:20.058601,5,12.89848457988407,80.10249492864567,0.1730815313440659,-0.07954820096449738,-0.12296331556838506,-0.035073372154249105,0.01140773454185663,0,0
2025-11-27 16:42:21.058601,5,12.898484759801864,80.10249442082973,0.05863067177581834,-0.06815132897795072,-0.02460690926346401,-0.08306892900463878,0.009211762894134275,0,0
2025-11-27 16:42:22.058601,5,12.89848535314833,80.10249235019523,0.2341943560072614,0.07188445801003387,0.12063829128070101,-0.002502107116529262,0.0007693539556947018,0,0
2025-11-27 16:42:23.058601,5,12.898485633927002,80.10249115128371,0.1337973635180066,-0.0932902794220519,-0.06039183705381437,0.025212977686859928,0.019360562386524106,0,0
2025-11-27 16:42:24.058601,5,12.898485947495049,80.10248946782072,0.18597965634056532,0.09506517776024624,-0.2727106387443932,0.011297917045733297,0.005102537877485133,0,0
2025-11-27 16:42:25.058601,5,12.898486073895942,80.10248872485076,0.08183923747832314,-0.05583970084679338,-0.02314433703252972,0.017951235177625872,0.019571514273048565,0,0
2025-11-27 16:42:26.058601,5,12.89848657709443,80.10248621126188,0.2784451170655634,0.07267795515528651,0.043164750062867185,0.02787685999812887,0.03352859645092695,0,0
2025-11-27 16:42:27.058601,5,12.898487292435494,80.1024837596134,0.27769374725697404,0.06455976752810519,0.1599912426462479,0.04394522141070113,0.014194480423385556,0,0
2025-11-27 16:42:28.058601,5,12.898487732282014,80.10248105242295,0.29781301386211356,-0.44458682014726336,0.20563962492404983,-0.053928547880089966,0.05904130850886242,0,0
2025-11-27 16:42:29.058601,5,12.898487769292375,80.10248085764171,0.021533744582245138,-0.01934660108397898,-0.08927463821272098,0.1239591174358888,0.006105973625691806,0,0
2025-11-27 16:42:30.058601,5,12.898488122495658,80.10247854857752,0.25362545441717615,0.012545388316536746,-0.3570291431052474,-0.041695704862278894,0.05658481956658022,0,0
2025-11-27 16:42:31.058601,5,12.898488346536784,80.10247689249745,0.18142557868646272,0.06240982531243,-0.29605647710732125,0.03699572542605159,0.003588928015474136,0,0
2025-11-27 16:42:32.058601,5,12.89848863002888,80.10247537447096,0.16771860503108274,0.06613940598572557,0.16038289592132657,-0.041129588996367906,0.011427933339739458,0,0
2025-11-27 16:42:33.058601,5,12.898488957329874,80.10247332767656,0.22506873948705786,0.019915322273582222,0.3728393023961328,-0.03297945837686689,0.00022890241508234728,0,0
2025-11-27 16:42:34.058601,5,12.898489318086634,80.10247201451023,0.14804421750974597,-0.024681637461051106,-0.22504537526825186,-0.01608257632737875,0.005015027703765381,0,0
2025-11-27 16:42:35.058601,5,12.898489671599034,80.10247040576671,0.17894736821187918,0.11902979163606703,0.27843304599226953,0.0950735668444781,0.04503066049677006,0,0
2025-11-27 16:42:36.058601,5,12.898489831929572,80.10246966532455,0.08230472644981872,-0.039253957035309206,0.03631951748181246,0.042853322503121426,0.008746246119837597,0,0
2025-11-27 16:42:37.058601,5,12.89848991711963,80.10246929754427,0.041019548808833114,-0.030811231233642433,-0.01000750471853095,0.0030299896668254268,0.02272493045890112,0,0
2025-11-27 16:42:38.058601,5,12.89849055139215,80.10246664620365,0.2962375446397402,-0.08540186879844619,0.13013840750836292,-0.07214882767950027,0.0009051749465707119,0,0
2025-11-27 16:42:39.058601,5,12.898490956066833,80.10246517833518,0.16552796385767476,0.35218841133702594,-0.022984327269389242,-0.02496564922224811,0.0065040762148884145,0,0
2025-11-27 16:42:40.058601,5,12.898491473536552,80.10246318353065,0.22399241852723964,-0.3759516822865814,-0.08415571419387484,0.0665057846578979,0.03214413481955062,0,0
2025-11-27 16:42:41.058601,5,12.89849154691611,80.10246284994963,0.03710751770948837,-0.24863333209381894,-0.27507950521480623,-0.03397212880230842,0.0047589649890334065,0,0
2025-11-27 16:42:42.058601,5,12.898491902682313,80.1024610566746,0.1985796282871313,0.0647380628916433,-0.1719933820496065,-0.05621036780921636,0.010551079488918811,0,0
2025-11-27 16:42:43.058601,5,12.89849224593152,80.10245978268703,0.14342542887195778,0.18931760561569133,-0.05999631094513869,0.012115913782479254,0.00909062980957373,0,0
2025-11-27 16:42:44.058601,5,12.898492347039646,80.10245869405902,0.11866327818797229,0.1387375619280656,0.03271009263919556,-0.06825026815034166,0.0047968852777038554,0,0
2025-11-27 16:42:45.058601,5,12.898492692503343,80.10245644373413,0.24719511622868198,-0.05680856292292877,-0.021519508260457284,0.006335216755090554,0.03484946476237306,0,0
2025-11-27 16:42:46.058601,5,12.898492756743163,80.10245549484966,0.10321258153623243,-0.07132344395422115,0.2881419059157777,-0.07280972579524,0.002874692678606393,0,0
2025-11-27 16:42:47.058601,5,12.898492738268986,80.10245408658562,0.15282619045756543,-0.061779872892554495,0.15629925248353777,-0.03789339696335388,0.029371565705841284,0,0
2025-11-27 16:42:48.058601,5,12.898492720862395,80.10245364209935,0.048270625936472064,0.25538421452610593,0.008150765243513169,-0.015458134350878323,0.004877868951527771,0,0
2025-11-27 16:42:49.058601,5,12.898492678787381,80.10245109560626,0.2763625909978553,-0.10523375963842627,0.2106771356160007,0.09674415975568283,0.010221638630400447,0,0
2025-11-27 16:42:50.058601,5,12.898492695513458,80.10244872904846,0.25680466256087653,-0.007392480866857509,-0.12274957023479525,0.06255327999957734,0.02562336063394139,0,0
2025-11-27 16:42:51.058601,5,12.898492736694271,80.10244806087131,0.07264945098113496,-0.446769256378035,0.1737229416444459,-0.036355409541324574,0.007494082867688477,0,0
2025-11-27 16:42:52.058601,5,12.898492737073807,80.10244805330258,0.0008223778658308478,-0.07183240045608182,-0.1530871577984065,-0.08449457618873238,0.014152285235752118,0,0
2025-11-27 16:42:53.058601,5,12.898492735799243,80.10244749285201,0.06081530335724372,0.19948312275662572,0.09535446833098658,0.010407301994707872,0.0004674470767937066,0,0
2025-11-27 16:42:54.058601,5,12.89849274987363,80.10244539167812,0.2280061813382116,-0.013780295313440646,-0.006038426665888063,0.0027156430985160185,0.004193738117775113,0,0
2025-11-27 16:42:55.058601,5,12.898492831706196,80.10244356139343,0.19881510807638061,-0.058635639810403296,0.07903911968917382,0.05350280284484412,0.028359708336975084,0,0
2025-11-27 16:42:56.058601,5,12.898492868881087,80.10244281904902,0.0806588780301286,0.08420739552374655,-0.14882180083942342,0.0006210678468525008,0.014830752080001714,0,0
2025-11-27 16:42:57.058601,5,12.898492889397694,80.10244104681013,0.19232124453250646,0.13963412154923688,-0.1338345893104574,-0.02103660469969676,0.018678432977876438,0,0
2025-11-27 16:42:58.058601,5,12.898492840002188,80.10243986893045,0.12793130803548106,0.2714812449144514,0.0644594749165514,0.0015792025950005645,0.007338240538563359,0,0
2025-11-27 16:42:59.058601,5,12.898492649802371,80.10243821808469,0.18038211853281771,-0.07281292465735491,0.15361499995410346,-0.05539855272323596,0.004450329209522307,0,0
2025-11-27 16:43:00.058601,5,12.898492393349208,80.10243661529421,0.17624811536145968,-0.015621141907661729,-0.10284640789123697,-0.1237750624769062,0.008624607509967507,0,0
2025-11-27 16:43:01.058601,5,12.898491910915917,80.10243488708308,0.19506855007509383,-0.10634734920495156,0.09912625265095079,-0.035617742083956835,0.007606604995785557,0,0
2025-11-27 16:43:02.058601,5,12.898491708847398,80.10243406526084,0.09197014552259243,-0.08709985414254566,-0.058365024804930964,0.08169216341821661,0.016204405577149993,0,0
2025-11-27 16:43:03.058601,5,12.898491210084675,80.10243254474705,0.17408421513941455,-0.004562308566362104,0.11915724825310993,-0.021022661725140716,0.02056574043835608,0,0
2025-11-27 16:43:04.058601,5,12.898490764179824,80.1024312806698,0.14587181512854444,-0.12137524281835267,-0.07880602062965854,0.10132226588840011,0.028167470806885333,0,0
2025-11-27 16:43:05.058601,5,12.89849062185764,80.1024307438929,0.0603625672248333,0.028499000087031524,0.25135760837088955,0.07307694721976567,0.007164108175563009,0,0
2025-11-27 16:43:06.058601,5,12.898490107567344,80.10242837272726,0.2635903453708409,0.15343868449745693,-0.04364470350394372,0.07970885857543211,0.008770066427310744,0,0
2025-11-27 16:43:07.058601,5,12.898489787035535,80.10242637080589,0.2201417604303055,0.020231541053518695,-0.06623642698427593,0.029372088655529108,0.037836100792240805,0,0
2025-11-27 16:43:08.058601,5,12.89848957525945,80.10242522671419,0.1263652710863977,0.20161829549700763,0.04298724448356367,-0.00472341725729932,0.0056763071765783294,0,0
2025-11-27 16:43:09.058601,5,12.898489366813154,80.10242395995483,0.1394023160203943,-0.22425195544546234,0.0856301444319345,-0.005058803903832839,0.019065519398555088,0,0
2025-11-27 16:43:10.058601,5,12.898489311942127,80.10242361129623,0.038323266483835224,7.274641199473349,0.042821768600845994,-0.07973237682995646,0.00047119220521804167,0,0
2025-11-27 16:43:11.058601,5,12.898459724731222,80.10229590889115,14.243184727229607,5.524119553103807,0.17516093549526343,0.02805960044106172,0.08085560969497839,1,0
2025-11-27 16:43:12.058601,5,12.898439005970317,80.1021972060624,10.955879653601002,0.5334122432848555,-0.1408829870344339,0.09346296269934282,0.0565725443243784,1,0
2025-11-27 16:43:13.058601,5,12.89842238506346,80.10205644629859,15.385661720973047,0.023390976988816398,0.11473226864370016,0.03694003315992514,0.032583770126024876,1,0
2025-11-27 16:43:14.058601,5,12.898418151957058,80.10195791347853,10.702289104828614,-6.370849026668571,0.15927396498302873,0.004715314056329571,0.025030788309186865,1,0
2025-11-27 16:43:15.058601,5,12.89841690609384,80.10193628824663,2.3506737192814953,-0.24433879485064358,-0.05291881350038674,-0.016582720561480545,0.04135204242893257,1,0
2025-11-27 16:43:16.058601,5,12.898412156827577,80.1018440086845,10.027308774424517,5.271035752801204,-0.09193158693760231,-0.035306365743565146,0.041418036409090656,1,0
2025-11-27 16:43:17.058601,5,12.898401768188602,80.10172328591614,13.150714553274266,-0.05305712797739687,-0.06767270911282279,-0.08058835438322144,0.08714998440947294,1,0
2025-11-27 16:43:18.058601,5,12.898392232379564,80.10163082156136,10.08941163412521,-0.3245322778798606,0.19278169486639635,-0.07184878209818651,0.09474302577299205,1,0
2025-11-27 16:43:19.058601,5,12.898376346224524,80.10151835696614,12.331130876641849,-0.43427772929134395,0.33802446248162304,0.08805595720678577,0.09109684803667495,1,0
2025-11-27 16:43:20.058601,5,12.898372668144408,80.10143115344944,9.471408190151589,-1.2399296470011398,-0.2078374000731414,0.06435147530643517,0.05362403433345457,1,0
2025-11-27 16:43:21.058601,5,12.898371739886988,80.10133862581655,10.040811748669169,2.132525096103805,-0.2144474149308299,0.08598405857634052,0.010924742104452271,1,0
2025-11-27 16:43:22.058601,5,12.898364004821666,80.10121679137583,13.248407222616438,0.9816667235564072,-0.20553473202082365,-0.06787816821854711,0.12405061341286598,1,0
2025-11-27 16:43:23.058601,5,12.898351334634228,80.10110130228473,12.61097647950864,-0.7623377970777573,0.12218250357857295,-0.01152688455802137,0.041806781323610695,1,0
2025-11-27 16:43:24.058601,5,12.898339294822119,80.10099163997508,11.97482428934542,-0.5388521068939884,-0.0975672181799809,0.06884481111474666,0.07137506902232126,1,0
2025-11-27 16:43:25.058601,5,12.898323633236144,80.10089323766972,10.819145136180518,-2.337835628149208,-0.0759046871762616,0.04339519921727667,0.0051258947834094985,1,0
2025-11-27 16:43:26.058601,5,12.898318386017758,80.10082522555449,7.403152938994658,-1.329031981252274,-0.02381117397906701,-0.07370554620556999,0.01218263649720662,1,0
2025-11-27 16:43:27.058601,5,12.89830203781269,80.10075096499014,8.26104936286028,3.10518157428336,0.17966498130941835,-0.09393886675872862,0.09486222193677477,1,0
2025-11-27 16:43:28.058601,5,12.89826306274909,80.10063173187527,13.646221823612137,-0.26384334771182594,-0.08713827250735133,-0.10509026090607584,0.07028913570973444,1,0
2025-11-27 16:43:29.058601,5,12.898240609430804,80.10057216986893,6.929626291323748,-4.035815818700812,-0.14043509658541078,-0.04695734099633458,0.08344830016747336,1,0
2025-11-27 16:43:30.058601,5,12.898224189970593,80.10052186645447,5.756381222787181,1.8873292650535805,-0.025744685315315704,0.08708840708643874,0.0952197348161959,1,0
2025-11-27 16:43:31.058601,5,12.898197939701939,80.10042769891751,10.627855694009302,3.668691007261668,0.06125027501524344,-0.1376680165627418,0.030751898166554974,1,0
2025-11-27 16:43:32.058601,5,12.898153860115634,80.10031586503669,13.089755464625647,3.4301979003797767,-0.2214716973980877,-0.052480049615795714,0.07567247079280726,1,0
2025-11-27 16:43:33.058601,5,12.898090614206067,80.10016271103774,18.048754097519417,-2.753711204896677,-0.061730336429135835,0.0039382918387997345,0.10129536578799757,1,0
2025-11-27 16:43:34.058601,5,12.898058860292647,80.10010252975071,7.425663894585315,-5.616195053762276,-0.04388935512186445,0.020281574317817033,0.053076085509817,1,0
2025-11-27 16:43:35.058601,5,12.898029840417022,80.10004590973703,6.9414425688804045,4.324837317764221,-0.13441382978270078,-0.04369555151209589,0.10950333847435362,1,0
2025-11-27 16:43:36.058601,5,12.897961901138075,80.09992234945855,15.3936526425504,1.091423215675352,0.060768101054427114,-0.012858902963927495,0.029600999058973357,1,0
2025-11-27 16:43:37.058601,5,12.897922704737713,80.09984631758478,9.333076498113504,-0.27803997226672694,0.03914059018795615,0.10807600932149088,0.013657494078652731,1,0
2025-11-27 16:43:38.058601,5,12.897868437022455,80.09972001567952,14.97752402128225,0.5551472486754605,0.0750516646391428,-0.11617224503137384,0.10447185309151714,1,0
2025-11-27 16:43:39.058601,5,12.897820306610939,80.09963612457787,10.562842665897504,0.19636950212271653,-0.02940938427957679,-0.09216650253101094,0.006332854801323843,1,0
2025-11-27 16:43:40.058601,5,12.897756814122832,80.09951507488162,14.916131400038712,2.5233718620152676,0.20766131421316864,-0.02320332819700662,0.13031094216934028,1,0
2025-11-27 16:43:41.058601,5,12.897679638327972,80.09939688943922,15.436162171354034,-1.415313631222909,-0.0791328937335485,-0.05845557240545328,0.05161558125867874,1,0
2025-11-27 16:43:42.058601,5,12.897618985549464,80.09931074648362,11.53095539249691,0.2053389733609518,0.146537048567781,0.07879497574927305,0.0881547242966962,1,0
2025-11-27 16:43:43.058601,5,12.897547650406203,80.09918291513817,15.983368827635523,-0.9709243466966668,-0.21574458813110056,0.14461630895192001,0.07665436676764317,1,0
2025-11-27 16:43:44.058601,5,12.897506782784609,80.09910827900337,9.289150151931967,-3.5865051114276154,0.11595849183857668,-0.032339468941373344,0.02778700063275319,1,0
2025-11-27 16:43:45.058601,5,12.897462725406916,80.09904284302364,8.629679930892568,1.8706775057091536,0.01738208256492453,-0.07436282966370274,0.09416772546988429,1,0
2025-11-27 16:43:46.058601,5,12.897396950903858,80.09894108523794,13.248943137220243,1.7807423768895911,0.08511318175668722,-0.02459096877091589,0.09353958898888587,1,0
2025-11-27 16:43:47.058601,5,12.897339484514443,80.09884581793608,12.156844958113926,2.5734758377469626,0.019802004754882394,-0.053008100442190925,0.054099401797848834,1,0
2025-11-27 16:43:48.058601,5,12.897240670560672,80.09872037071666,17.501353238760153,-0.17427148801366663,-0.045231026110308985,-0.08529459740926039,0.10498932935684754,1,0
2025-11-27 16:43:49.058601,5,12.897169533403483,80.09863870010598,11.884799929442625,-2.6920787360402985,-0.11927617412802367,-0.013438186781145818,0.11626872733127452,1,0
2025-11-27 16:43:50.058601,5,12.897095082644809,80.0985523396271,12.510221619444978,0.5566517732442134,-0.3509259239723446,-0.04575915109347102,0.01867184154397606,1,0
2025-11-27 16:43:51.058601,5,12.89701686253534,80.09846487702504,12.879933144321305,1.0791697890113106,0.04351812930654663,-0.03727012343206476,0.09129410226319477,1,0
2025-11-27 16:43:52.058601,5,12.896928479264663,80.09836158895877,14.913741014458951,-1.7486728313775062,-0.2598583575652149,0.007251134842578458,0.10231181147718654,1,0
2025-11-27 16:43:53.058601,5,12.89687402100969,80.09829148734303,9.72701955500644,-1.2113882289621,0.13073577198846054,0.02455720211498562,0.09993692197401664,1,0
2025-11-27 16:43:54.058601,5,12.89680681057837,80.09820248103419,12.217147444490658,0.5780249409319272,0.10106523911666819,0.19800493752468515,0.06265874849958153,1,0
2025-11-27 16:43:55.058601,5,12.896764677841931,80.09811486281355,10.601495741086016,-1.7841415302711752,0.06353524246666575,0.04348876702414842,0.09608851819867385,1,0
2025-11-27 16:43:56.058601,5,12.896721767298295,80.09805006153802,8.500711244057655,1.9212666547487292,0.026606153291565477,-0.18329951149512924,0.04053101762567788,1,0
2025-11-27 16:43:57.058601,5,12.896632384385963,80.09793922860764,15.609097593986139,-0.654116628444235,-0.012969797867743332,-0.060806945757308786,0.07336751225709309,1,0
2025-11-27 16:43:58.058601,5,12.896594269278001,80.09789141199913,6.702593730167921,-1.6726770389034948,0.01295516139363801,0.025448215157676406,0.09303279584419091,1,0
2025-11-27 16:43:59.058601,5,12.896526584323823,80.0977992089334,12.52488652892511,4.414907978633312,-0.057775741667323126,0.06352686969747803,0.026908939935730673,1,0
2025-11-27 16:44:00.058601,5,12.896444303692896,80.09767794543916,16.032487379091673,-0.2958601238764447,-0.11038215466458302,-0.0342816882286679,0.09368132457027518,1,0
2025-11-27 16:44:01.058601,5,12.896377876887586,80.09759864503333,11.345758444333512,-2.7582088311074973,-0.20224190424139207,-0.05247420826229022,0.03147804265837556,1,0
2025-11-27 16:44:02.058601,5,12.896320728777951,80.09752356281534,10.336797845200671,1.5988489661709968,-0.04505295204030759,0.05465945999857283,0.02773521944000491,1,0
2025-11-27 16:44:03.058601,5,12.896245883750844,80.09742266615135,13.758117009685689,1.0399774093430354,0.16022398345174402,0.0113434177792291,0.029284584561416506,1,0
2025-11-27 16:44:04.058601,5,12.896174553948187,80.0973265903066,13.10486086134401,-2.180800126621407,-0.07979467095474262,-0.03577557611273315,0.06909491439275571,1,0
2025-11-27 16:44:05.058601,5,12.896113142963047,80.09726364305494,9.663852215950076,-0.963585628790381,-0.03162059637726317,-0.14773414492844658,0.008638162254738771,1,0
2025-11-27 16:44:06.058601,5,12.896040911481952,80.09720018227341,10.586519056408466,0.5428714550795191,-0.1836114002061782,-0.013179389881517962,0.03838420058349899,1,0
2025-11-27 16:44:07.058601,5,12.895964177545222,80.09714179899636,10.634912331088888,-0.5165332807299037,0.3484432689317322,0.025369306850039075,0.004592105353303261,1,0
2025-11-27 16:44:08.058601,5,12.895895625969661,80.09708242458541,9.987197403028869,0.5746028937973499,0.3248124325556638,-0.045988737033945834,0.09081654217032378,1,0
2025-11-27 16:44:09.058601,5,12.895812789350016,80.09700820545278,12.243130364093838,1.0029943355000646,0.0348950973945792,0.08076882855750395,0.08606271375294448,1,0
2025-11-27 16:44:10.058601,5,12.895738808920258,80.09692798845057,11.982935678831087,-0.022259912241476526,0.3676452235465777,0.014504982412770602,0.0234188407658803,1,0
2025-11-27 16:44:11.058601,5,12.895667139861414,80.0968462610013,11.928919375434695,-0.21702221990169648,0.02937443207802439,0.10157493890982762,0.04558097872918137,1,0
2025-11-27 16:44:12.058601,5,12.895614858839396,80.09675895233245,11.118790670437848,1.7407177561797749,0.14391951224886756,0.06456710959363263,0.03077197883972892,1,0
2025-11-27 16:44:13.058601,5,12.895536610443171,80.09664850069858,14.81622712687264,0.7347377206797341,-0.06818142851239808,-0.0426594927894986,0.12145029848234636,1,0
2025-11-27 16:44:14.058601,5,12.895461884415134,80.09656114964613,12.611131137686622,-2.8845728759984195,0.03999167796794748,-0.023539121563915195,0.06301021903905507,1,0
2025-11-27 16:44:15.058601,5,12.89540262949048,80.0964957222116,9.690976818563083,-3.3269147704126696,0.22210046069778147,-0.061138409580058804,0.10700675123065131,1,0
2025-11-27 16:44:16.058601,5,12.895364014895122,80.09645261021397,6.353163461234421,-0.3553641040335529,-0.30479568719254124,0.05838475798184303,0.09006660920448069,1,0
2025-11-27 16:44:17.058601,5,12.895303664032284,80.09638953912231,9.590317428586834,2.4277839806133854,0.09409437832867959,0.06616959475417339,0.10781929784115209,1,0
2025-11-27 16:44:18.058601,5,12.895240048723501,80.09630359348769,11.710048914232523,0.7814781056102791,-0.10855081156778862,0.05429943214666474,0.09711694090100587,1,0
2025-11-27 16:44:19.058601,5,12.895178240828786,80.0962192807214,11.44738308411206,-0.26784204705858433,0.12140943599858348,0.01250211719670069,0.034431020828605954,1,0
2025-11-27 16:44:20.058601,5,12.895124810571566,80.09613109277068,11.267206964485055,0.4278925257327577,-0.02891316058125395,0.01035851501544608,0.03420720072177491,1,0
2025-11-27 16:44:21.058601,5,12.895065733000969,80.09603835338557,12.021634786788637,2.4745665768905245,0.14966263104560537,0.017444873156233567,0.0978554169184356,1,0
2025-11-27 16:44:22.058601,5,12.894988190150341,80.09591281181557,16.12729083968106,-0.1131900030139211,0.10030389271356485,0.031048177543807405,0.061637114530267254,1,0
2025-11-27 16:44:23.058601,5,12.894936274574754,80.09581864391106,11.739362545838546,-3.9782670522749783,-0.13503952228932528,0.10366067919893619,0.09006404796846236,1,0
2025-11-27 16:44:24.058601,5,12.894910045996811,80.0957574350478,7.255282518490112,-0.15707179670005506,0.04034681275213629,0.11570389897187462,0.012189346202388884,1,0
2025-11-27 16:44:25.058601,5,12.894877862275465,80.09565430159526,11.750619785070342,1.450751215506609,0.13973282010032292,0.00018820400486518896,0.024722720495167362,1,0
2025-11-27 16:44:26.058601,5,12.894846973781771,80.09556836593353,9.938739306480192,0.9500582901516289,0.10492569934486479,0.012734019526820087,0.06584159134282862,1,0
2025-11-27 16:44:27.058601,5,12.894812216571104,80.09545099256553,13.311060355308408,1.381996257509731,0.05439830847728269,-0.014114575537996787,0.11511203016223455,1,0
2025-11-27 16:44:28.058601,5,12.894770050765603,80.09534604949643,12.31696703792154,-0.3361782768189437,-0.09279465553659419,-0.047023275104514234,0.03780015879274296,1,0
2025-11-27 16:44:29.058601,5,12.894723532474131,80.09523927160465,12.691142933543803,-0.9071268506584496,-0.23854364162159186,-0.03539750424307721,0.093739754968754,1,0
2025-11-27 16:44:30.058601,5,12.894688679972333,80.09514533732968,10.906339476173503,1.2043871414523224,0.3598492120839623,0.11526830978902415,0.07606579045788574,1,0
2025-11-27 16:44:31.058601,5,12.894648306528502,80.09500930493893,15.430081835747643,0.954129582205618,-0.08650040400969503,0.029889628865179062,0.09071544371461734,1,0
2025-11-27 16:44:32.058601,5,12.89462472153578,80.09489191187379,13.006207431929893,-2.9285584421020263,-0.00416601454400441,0.07718229655256531,0.0931928998273751,1,0
2025-11-27 16:44:33.058601,5,12.894600066322234,80.09480901536065,9.40459904398448,-0.07737670267693517,0.04526523589710588,-0.05777117488483371,0.02057226492493555,1,0
2025-11-27 16:44:34.058601,5,12.894571413360463,80.09469268637334,13.019746136520373,2.8456200129608566,0.22864428284187546,0.08129589696978559,0.11039520111209819,1,0
2025-11-27 16:44:35.058601,5,12.894538612946269,80.09455407291541,15.477957483708384,2.0408661592246204,-0.010612894862439236,-0.16447246176543728,0.02410350850561527,1,0
2025-11-27 16:44:36.058601,5,12.894498043402601,80.09440035074785,17.281130579052164,-1.366205595191079,-0.1062777534227178,-0.0067969852585818905,0.05602218270639947,1,0
2025-11-27 16:44:37.058601,5,12.894477380556026,80.09428561583405,12.660718955888436,-1.6202253379021476,0.048962088504753185,-0.0002935439289812568,0.0845729164297285,1,0
2025-11-27 16:44:38.058601,5,12.894446714865438,80.09415181886077,14.914394624033552,-1.4015881234149272,0.012155743341723549,0.0318550577538743,0.10297210939300204,1,0
2025-11-27 16:44:39.058601,5,12.894431227911452,80.09405891210979,10.227766260084445,-2.167537888611121,0.24568997372273804,0.040642546383244285,0.022974502513648846,1,0
2025-11-27 16:44:40.058601,5,12.894414617672764,80.09396444830581,10.415815091445827,-0.1670445123611786,-0.15667942397696155,-0.021925263345621882,0.09474956316279566,1,0
2025-11-27 16:44:41.058601,5,12.894394309990801,80.09387338012468,10.137196484368538,-0.1950939513055453,-0.20569791127044604,-0.032416170815958,0.046845038174263255,1,0
2025-11-27 16:44:42.058601,5,12.89437794592649,80.09378827593714,9.412707931463636,1.3373747371185274,-0.0869203887700489,0.08283829414856256,0.10210794675011776,1,0
2025-11-27 16:44:43.058601,5,12.894366231619818,80.09366334349608,13.61913777687116,-0.7252580534120465,-0.21288852587185716,0.05406974318558147,0.01971906737903392,1,0
2025-11-27 16:44:44.058601,5,12.894350883132315,80.09359808061468,7.284948955090081,-1.5303273633549495,0.15849525621505034,-0.10258738984720099,0.05714934512635941,1,0
2025-11-27 16:44:45.058601,5,12.894318345673637,80.09350227283257,11.00911579484625,3.32977995347893,0.004833466090913306,-0.04690743752219212,0.03247571371635768,1,0
2025-11-27 16:44:46.058601,5,12.89427212624065,80.093379645969,14.266476362610337,1.589844137479223,0.08301716455265559,0.030752772934233077,0.08068308114419365,1,0
2025-11-27 16:44:47.058601,5,12.894216612901586,80.0932622877289,14.154902532607169,-0.058551682886050435,0.056106939461551396,-0.13901636300443623,0.042159121654483094,1,0
2025-11-27 16:44:48.058601,5,12.894146555116754,80.09315361191786,14.13809495352939,3.160068233048098,-0.07418596784762702,-0.03450959844536536,0.07906395617877489,1,0
2025-11-27 16:44:49.058601,5,12.89404181555266,80.09299260682906,21.004213429135962,-6.880315121733504,0.04719491586203485,-0.008014761023924778,0.03547688761679002,1,0
2025-11-27 16:44:50.058601,5,12.894040467984363,80.09299036243529,0.28603492116467993,-10.692697738386734,0.012188860773556612,0.05630286093190877,0.018114443376138226,0,0
2025-11-27 16:44:51.058601,5,12.894039224382881,80.09298823535923,0.26914482639731135,-0.27956996804074,0.13833180809748893,-0.09217960507330057,0.015086415468492261,0,0
2025-11-27 16:44:52.058601,5,12.894038665115039,80.09298740119746,0.10985964017065564,0.21050280704346344,0.15766024955613778,-0.054827623185126205,0.0004906007400064306,0,0
2025-11-27 16:44:53.058601,5,12.894037235799571,80.0929854230989,0.2671876424837394,0.06125689047959286,0.0982774160556692,0.05534415881432379,0.03005867892698746,0,0
2025-11-27 16:44:54.058601,5,12.894037026817786,80.0929851403493,0.03850402943347847,-0.10013674142829732,0.25003076975141414,0.020043245284043013,0.019781540869592017,0,0
2025-11-27 16:44:55.058601,5,12.89403698202791,80.09298506528634,0.009550081285351463,-0.15612515316338338,-0.06722712378973833,0.02590346538927069,0.013273818959192144,0,0
2025-11-27 16:44:56.058601,5,12.894036771947647,80.09298470827996,0.045250800315906954,0.2978616687170407,0.12414147831888157,0.02978373453312777,0.013229914232264413,0,0
2025-11-27 16:44:57.058601,5,12.894035998305812,80.09298318028425,0.18683715561687655,-0.027941072178990427,0.11056971577702387,0.09669966796357847,0.008566719614098545,0,0
2025-11-27 16:44:58.058601,5,12.894035665578903,80.09298246637901,0.08586609227853302,-0.33355098552207124,0.09022333657768011,-0.1471690538888456,0.022121881776123176,0,0
2025-11-27 16:44:59.058601,5,12.894034248048287,80.09298012196673,0.2993617180580347,0.029172000805779384,-0.045201016035720805,-0.07585254239543499,0.007524860779896371,0,0
2025-11-27 16:45:00.058601,5,12.89403320596942,80.09297831866942,0.2274792453187438,0.1970414707987912,0.09533823461940526,-0.030223401911728634,0.012346669901150282,0,0
2025-11-27 16:45:01.058601,5,12.894032172937457,80.09297654731668,0.22398573219661322,-0.015210756469514418,0.26451495835417,-0.016657722841156224,0.00835215839622485,0,0
2025-11-27 16:45:02.058601,5,12.89403128468586,80.09297507254404,0.18811341679468688,-0.14316275840687193,0.05569761065096888,-0.014934050048750914,0.020735540433607626,0,0
2025-11-27 16:45:03.058601,5,12.894030909394292,80.09297446579272,0.07797542780854652,0.044933294872151024,-0.15390697091659375,0.05099581695366019,0.025144931937680064,0,0
2025-11-27 16:45:04.058601,5,12.894029855162788,80.09297290081011,0.20642396321297327,0.10593670681384654,-0.13369930362248325,-0.022237125861598164,0.022399166529660394,0,0
2025-11-27 16:45:05.058601,5,12.894029226211245,80.09297188425732,0.13065139795815642,-0.18363594205674355,-0.14431191804164348,0.12425721488836841,0.027105816636479464,0,0
2025-11-27 16:45:06.058601,5,12.894028845650197,80.09297105050244,0.09989915966978337,0.3455410347825527,0.10846977933111372,0.07687076508424115,0.004911897611897181,0,0
2025-11-27 16:45:07.058601,5,12.894027980899287,80.0929690807591,0.2344166843347426,-0.10829320529863465,0.14294618780852186,0.02917412144753695,0.010568389064745439,0,0
2025-11-27 16:45:08.058601,5,12.894026961745814,80.09296728623828,0.22536508707949077,-0.298829300269218,-0.14352515164703752,-0.08584081334687568,0.0008419851863655597,0,0
2025-11-27 16:45:09.058601,5,12.894026911659871,80.09296720140307,0.010762406577263184,0.1023117095450686,0.030529647286409334,0.10140135795591108,0.008366478715128241,0,0
2025-11-27 16:45:10.058601,5,12.894026683693806,80.0929667361092,0.05650839230382415,0.13177020523380178,0.25682022276601957,0.030230959519669046,1.016170760738397e-05,0,0
2025-11-27 16:45:11.058601,5,12.8940262059921,80.0929657491729,0.11956969323773423,0.04941220955392921,0.04000090450315592,-0.05919393334856743,0.0009812703359079289,0,0
2025-11-27 16:45:12.058601,5,12.89402558821783,80.0929647338619,0.12987453234663873,0.3425411084779679,0.03539651325037665,0.01785533101002696,0.019225574981512675,0,0
2025-11-27 16:45:13.058601,5,12.894024312308392,80.09296246635554,0.2841024341787246,0.18351005846380974,-0.10371121839458664,0.0796553679025726,7.40885602404643e-05,0,0
2025-11-27 16:45:14.058601,5,12.894023254330635,80.09296055948113,0.23808703727350364,-0.12372925327985636,0.03017275085737848,-0.13881532087895976,0.0270938376031598,0,0
2025-11-27 16:45:15.058601,5,12.894022399467694,80.09295926523629,0.16964508515096535,0.06889830720562003,-0.317805214875287,-0.1774594896605916,0.0219451234254476,0,0
2025-11-27 16:45:16.058601,5,12.894022206461088,80.0929590397081,0.032565642994178245,-0.005150014598275486,0.0429028425853594,-0.02584153735706283,0.002443169330118718,0,0
2025-11-27 16:45:17.058601,5,12.89402161683032,80.09295835769996,0.09891976413527957,-0.09066756216025124,0.1580416890423099,-0.009736962750976061,0.0029755779592777714,0,0
2025-11-27 16:45:18.058601,5,12.894020638855086,80.09295736855793,0.15288114887054655,0.12907582395675438,0.0266322868808048,-0.08293129168275162,0.004509089127634585,0,0
2025-11-27 16:45:19.058601,5,12.894020563213562,80.09295728630836,0.012270245866252971,-0.15980179844323217,-0.11870161022623672,-0.058817184827540656,0.006263381704499784,0,0
2025-11-27 16:45:20.058601,5,12.894020558500952,80.09295728186116,0.000712802532165624,-0.145116242154465,-0.023905488770510054,-0.10832046461658512,0.03997194530850831,0,0
2025-11-27 16:45:21.058601,5,12.89401900028309,80.09295597479304,0.22406431730372536,-0.013750668187614204,-0.13417136139253125,0.001340051049067495,0.01639281640288048,0,0
2025-11-27 16:45:22.058601,5,12.894018775872238,80.09295580791157,0.030854318146543467,0.021605191229929988,0.011177872223680241,-0.03560179512927815,0.002690853442719622,0,0
2025-11-27 16:45:23.058601,5,12.894018683726701,80.0929557487092,0.012103242154324378,0.009916077549615739,-0.02658836531798754,-0.026595624046224384,0.04214464308835437,0,0
2025-11-27 16:45:24.058601,5,12.894018475780834,80.09295563359146,0.026303871867113825,0.03486323601175654,0.03874097167779405,-0.001081651932330941,0.021844163890493897,0,0
2025-11-27 16:45:25.058601,5,12.894017623381,80.09295506623654,0.11311108762354155,-0.1095647750069984,-0.20046976777396203,-0.041899058371314295,0.027881467181032234,0,0
2025-11-27 16:45:26.058601,5,12.894016853860613,80.09295462143815,0.09832455423698645,-0.05055385565971898,0.15310386212823918,-0.0546850816639595,0.010924768188764533,0,0
2025-11-27 16:45:27.058601,5,12.894014899904896,80.09295343948021,0.2525113784681217,0.3023045287558218,-0.19836367477734798,-0.03086791447519155,0.03811456621002877,0,0
2025-11-27 16:45:28.058601,5,12.894013141014161,80.0929520585653,0.246558214600616,-0.05973386529982804,-0.1656622169289493,0.11730198487229862,0.0037482927895001353,0,0
2025-11-27 16:45:29.058601,5,12.894013034290282,80.09295197352458,0.015043266754418015,0.03650461647179076,-0.12495973031740276,-0.002397058144585955,0.0169812585312705,0,0
2025-11-27 16:45:30.058601,5,12.894012751354632,80.09295176656633,0.03868271364770215,0.025966520580977703,-0.2302152658364333,-0.10717217550596245,0.0011370436597393735,0,0
2025-11-27 16:45:31.058601,5,12.894010882839986,80.09295061311936,0.24275658577720516,0.3110065492411253,-0.1531388141994808,-0.06838769455592174,0.008364824393107545,0,0
2025-11-27 16:45:32.058601,5,12.894010070361198,80.09295023574569,0.09928325246849778,0.3102771452597974,0.1368519742492723,-0.119790450939139,0.002054121459984985,0,0
2025-11-27 16:45:33.058601,5,12.894008289144422,80.09294966383344,0.20776973633743054,-0.28139228910066416,0.13941690731334644,-0.18874587786193558,0.013735160659628128,0,0
2025-11-27 16:45:34.058601,5,12.89400717427771,80.09294934701751,0.12878039103081723,-0.0333431629112681,0.20037011834107246,-0.058454861148907473,0.022762850953761106,0,0
2025-11-27 16:45:35.058601,5,12.894004942091401,80.09294872983476,0.25735369112856876,-0.16443577282987742,0.022834785986829826,-0.035334678535751556,0.01647361062130218,0,0
2025-11-27 16:45:36.058601,5,12.894003504098178,80.09294845072871,0.16291723305637734,0.008728536872393673,0.29572622629771755,-0.11560821612084869,0.008225445529962792,0,0
2025-11-27 16:45:37.058601,5,12.894001251803628,80.09294823884412,0.25177741283514304,-0.17069312989816926,-0.029325819103587274,-0.03970976215140133,0.028907479158328458,0,0
2025-11-27 16:45:38.058601,5,12.893999677985,80.0929479725017,0.17756529849545802,-0.13647561962119242,0.08012921416179127,-0.020296296970541996,0.011605097878811272,0,0
2025-11-27 16:45:39.058601,5,12.893998152320925,80.09294780615349,0.1707934615950199,0.09536900436031052,0.11998814030327327,0.05309449678909799,0.03152163459401489,0,0
2025-11-27 16:45:40.058601,5,12.893995931446442,80.09294737265832,0.25166293396595674,-0.11474028723268657,0.12348465636169345,0.03400994088892613,0.015978194800637356,0,0
2025-11-27 16:45:41.058601,5,12.893993968888848,80.09294699457874,0.222290567475775,-0.2944905710406982,-0.22945341313929724,0.006441638191844479,0.004727021927409292,0,0
2025-11-27 16:45:42.058601,5,12.89399181384997,80.09294660776789,0.24354312323968275,0.3528608795033756,0.07336404748244085,-0.006283209178120197,0.00993477428791852,0,0
2025-11-27 16:45:43.058601,5,12.89398931186161,80.09294609975501,0.28392413004134676,-0.19804723134997892,0.16873069083985873,-0.049781042023372024,0.01088577084173897,0,0
2025-11-27 16:45:44.058601,5,12.893988136274961,80.09294586252676,0.13337404538589556,0.2330676003581138,-0.12245121761891566,-0.05178405072277397,0.01318146698305527,0,0
2025-11-27 16:45:45.058601,5,12.893986322291372,80.09294552100438,0.20530505320201206,-0.01727565172300166,-0.04549161326183709,-0.10198023181443663,0.004133625451907604,0,0
2025-11-27 16:45:46.058601,5,12.893984056631401,80.09294519362119,0.254702843959292,-0.35912522030231697,-0.19572965296823364,-0.00037277982565313283,0.03439636449655768,0,0
2025-11-27 16:45:47.058601,5,12.893984053087994,80.09294519321233,0.00039693917332713765,-0.5311065818115944,-0.18943911288829215,-0.1724204958886067,0.01179775382151746,0,0
2025-11-27 16:45:48.058601,5,12.893983612972308,80.09294517775487,0.049022381311095105,0.10695611726784929,0.13630647479646357,-0.012822546029702522,0.012319041565675242,0,0
2025-11-27 16:45:49.058601,5,12.893981363059522,80.09294513883358,0.2504958972447667,0.010209497969183481,-0.06951196210859174,-0.11138726662647938,0.027348285632983443,0,0
2025-11-27 16:45:50.058601,5,12.8939790151591,80.09294500550905,0.2617683613813905,0.2377995689860561,0.15606380028620914,0.08449628753746566,0.009152737342857218,0,0
2025-11-27 16:45:51.058601,5,12.893978875991518,80.09294498682306,0.015624262193050076,0.17333483502779967,0.17240304223663502,-0.012548593821191611,0.008474106948455023,0,0
2025-11-27 16:45:52.058601,5,12.893978183636392,80.09294493135613,0.07730762449621599,0.22003345496525198,0.346811817786741,-0.017221293434054635,0.03912599701787165,0,0
2025-11-27 16:45:53.058601,5,12.89397712813295,80.09294489268561,0.11757354769251603,-0.29886518171793897,-0.2989563776357077,-0.0196884930072483,0.037458889984259516,0,0
2025-11-27 16:45:54.058601,5,12.893977113186368,80.09294489216863,0.001664798837738135,-0.06336331165829612,0.07560207862438066,-0.010716368636043555,0.01372101293534722,0,0
2025-11-27 16:45:55.058601,5,12.89397571264052,80.09294480948526,0.15616670781466555,-0.04588304547717573,-0.11286727361876903,0.01649259387959115,0.030131692984066778,0,0
2025-11-27 16:45:56.058601,5,12.893973364252057,80.09294443355125,0.26458618480801593,0.2964631387190252,0.018147538359586362,-0.020278644084001762,0.005648313660790293,0,0
2025-11-27 16:45:57.058601,5,12.89397071771588,80.09294418013461,0.29589295307860075,0.13832405475308082,0.11228900248255057,0.02572034046643569,0.030318766202669364,0,0
2025-11-27 16:45:58.058601,5,12.89396948264785,80.09294393774243,0.13998105690473284,0.10530447401725895,-0.22552866487124698,0.05537903331294628,0.03207948376509828,0,0
2025-11-27 16:45:59.058601,5,12.893967500603406,80.09294351022993,0.2254651949118135,-0.39083844959626374,0.12525818678854053,-0.005923384980503809,0.02450013724360571,0,0
2025-11-27 16:46:00.058601,5,12.893966970309123,80.09294342264798,0.05979245969466089,0.016041450019610493,-0.059615216801010014,0.022145834577883924,0.022463629811211784,0,0
2025-11-27 16:46:01.058601,5,12.893966579947795,80.09294338061649,0.043693714464712596,-0.02734539949686881,0.17727523036703163,0.006606056878503533,0.030958957733813696,0,0
2025-11-27 16:46:02.058601,5,12.893966360444661,80.09294335282702,0.024620451190192492,-0.07827671829753123,0.0013323209491150451,0.05258150865641034,0.026946197580024145,0,0
2025-11-27 16:46:03.058601,5,12.893966170422814,80.09294332465163,0.021373033933034347,0.24609872148497836,-0.023339543575387107,-0.12846172358916005,0.027155128028880825,0,0
2025-11-27 16:46:04.058601,5,12.893963643008624,80.0929433486586,0.2813638073642987,0.03773647000651365,0.17981593320987788,-0.15484599539788207,0.03895619847050988,0,0
2025-11-27 16:46:05.058601,5,12.893962752261547,80.09294335963901,0.09916512293112602,-0.3853577588331336,0.15783732389555852,-0.04837762161857559,0.02089155116858873,0,0
2025-11-27 16:46:06.058601,5,12.893960323225564,80.0929436703738,0.2724944600779605,-0.21978242732033332,-0.04219544745256725,-0.1282755003768779,0.004716251877287941,0,0
2025-11-27 16:46:07.058601,5,12.893959795531602,80.09294375200126,0.05940692265917978,-0.2203702431903862,0.004241774551570331,-0.00899729307755396,0.017363598189871158,0,0
2025-11-27 16:46:08.058601,5,12.893958284254788,80.09294408286176,0.17202350255521653,-0.5330017677581989,0.15159915485818432,-0.0071427140047776935,0.00019493920373508545,0,0
2025-11-27 16:46:09.058601,5,12.893957737806975,80.0929441975458,0.062090448770093704,-0.13917963533043556,0.06945135681917305,0.06560588630203561,0.014588424936427083,0,0
2025-11-27 16:46:10.058601,5,12.893955142663561,80.09294489325563,0.2985922038842,0.08025434793261196,0.207628257199275,0.0702698662739224,0.008303219125527526,0,0
2025-11-27 16:46:11.058601,5,12.89395335214733,80.09294516556756,0.20149864796089348,-0.17825159783540906,0.04868425865196544,0.0967292923516387,0.02556493795926583,0,0
2025-11-27 16:46:12.058601,5,12.893952564568439,80.09294528979747,0.08870357237090908,0.10186632695427117,-0.0881343948471218,0.10981996156549304,0.023221013943961137,0,0
2025-11-27 16:46:13.058601,5,12.893950280278816,80.0929455181974,0.25549204191251335,0.10520793170976304,-0.060875398048441956,-0.030639401640581855,0.026841710747233214,0,0
2025-11-27 16:46:14.058601,5,12.893947945108092,80.09294585284344,0.2624752377323937,-0.08092022010601696,-0.147014997571409,0.07135300952081951,2.4066946391862375e-05,0,0
2025-11-27 16:46:15.058601,5,12.89394691490218,80.0929459379479,0.11505373560963121,-0.017078997362333266,-0.1523090781880839,0.08070225216036928,0.023876224193362338,0,0
2025-11-27 16:46:16.058601,5,12.89394452977979,80.0929459199593,0.2655189995986151,-0.17052179918481347,0.20412926951136345,0.05539823001653795,0.025378228031319255,0,0
2025-11-27 16:46:17.058601,5,12.89394265315377,80.09294584907876,0.20904754703692943,0.2956666386138813,-0.005746445703600762,0.06754934201605478,0.026039912293476023,0,0
2025-11-27 16:46:18.058601,5,12.893940117364705,80.092945791891,0.2823522390414218,0.16462583279814816,0.03509215551367469,0.10735213508375718,0.004665065845472076,0,0
2025-11-27 16:46:19.058601,5,12.89393885903137,80.09294578026177,0.14008335058259822,-0.07911090514345684,-0.14877839447643812,0.02979221814918364,0.02758736368058163,0,0
2025-11-27 16:46:20.058601,5,12.893937830782638,80.09294570352704,0.11476710198043955,-0.11001491530509638,0.03166987011776427,-0.03487343274316938,0.01673643133614786,0,0
2025-11-27 16:46:21.058601,5,12.893937791405747,80.0929457040045,0.0043837417238667626,0.13636426716865277,-0.09083046068140722,-0.08484793434732898,0.02244495186753714,0,0
2025-11-27 16:46:22.058601,5,12.893935516409991,80.09294582801282,0.25360976785307576,-0.08900304992925301,-0.02680174813208112,-0.02623241448417451,0.018702641520087382,0,0
2025-11-27 16:46:23.058601,5,12.893933748194021,80.09294580343972,0.19685586147975934,-0.3055690896746202,-0.04117691639467666,-0.032616805427304815,0.006584089468285952,0,0
2025-11-27 16:46:24.058601,5,12.893933741290422,80.09294580376977,0.0007693427542406983,0.1732528925978209,-0.07747272008634229,-0.004472575384781345,0.010885400641789222,0,0
2025-11-27 16:46:25.058601,5,12.893933013330443,80.09294584577634,0.08116459897451207,-0.033130756061105465,0.26240113400292975,0.043918862735518975,0.04122776378450049,0,0
2025-11-27 16:46:26.058601,5,12.89393071102198,80.09294598554132,0.25674130934971773,0.015270974467807487,0.15536979074833254,0.004342480154303272,0.020194086195637274,0,0
2025-11-27 16:46:27.058601,5,12.893930524344958,80.09294599416324,0.020801935798015456,-0.24802691299128451,0.07328670827245472,0.06817651767151783,0.005746823840792516,0,0
2025-11-27 16:46:28.058601,5,12.893928314121704,80.09294587668822,0.2463720491013089,-0.11230248825318917,0.09415759079786927,0.04212024462615999,0.02733567254928949,0,0
2025-11-27 16:46:29.058601,5,12.893927837865572,80.09294580481303,0.05358743311391954,0.2816816730973742,0.0898960949717743,0.07182107825423663,0.016409504746249668,0,0
2025-11-27 16:46:30.058601,5,12.893927381538823,80.0929457239072,0.05155134032332248,-0.14268135838663282,0.04877416108656567,-0.08133312805075926,0.011845770029663862,0,0
2025-11-27 16:46:31.058601,5,12.893927205584221,80.09294570101498,0.019744152626197463,0.08317314672688048,0.14016126354114533,0.04136754316288313,0.010977359349487917,0,0
2025-11-27 16:46:32.058601,5,12.893925409641277,80.09294542289156,0.20218940378445588,-0.21348837383843203,0.10469536032227807,-0.03460087463108398,0.02684835940599419,0,0
2025-11-27 16:46:33.058601,5,12.893922911299413,80.09294531757014,0.27835013298355865,-0.15293357923523432,0.05758171366955688,-0.18547395109087753,0.0012773273519451238,0,0
2025-11-27 16:46:34.058601,5,12.893922038750878,80.09294528161995,0.09721040674348477,-0.5235667133140787,0.05314961490330348,0.028093419774787035,0.004284146455098868,0,0
2025-11-27 16:46:35.058601,5,12.893919489537238,80.09294532746976,0.283822071871119,0.2937924155868053,0.22320193891750092,-0.061410435380002154,0.002218381932399429,0,0
2025-11-27 16:46:36.058601,5,12.893918892261485,80.0929452931375,0.06659302484269135,0.07840562836342695,-0.0469981905886503,0.0157815670656392,0.010684856766918016,0,0
2025-11-27 16:46:37.058601,5,12.893918167082923,80.09294525062722,0.08085856192962274,0.14382594120172543,-0.40149995152695245,-0.008028173381357575,0.005866671505356109,0,0
2025-11-27 16:46:38.058601,5,12.89391589590876,80.09294516271972,0.25300699168652535,0.10405179489392383,-0.06400285859308019,-0.015968462884028,0.014754579989717917,0,0
2025-11-27 16:46:39.058601,5,12.893915089623242,80.09294523421994,0.09009040915658181,-0.023563350920227696,0.08962525511436507,-0.08976516523702027,0.018599743012260077,0,0
2025-11-27 16:46:40.058601,5,12.893914712357317,80.09294523167846,0.04199814834132308,0.08444850281430791,-0.017086809609974166,0.06530801082914925,0.020142518587146538,0,0
2025-11-27 16:46:41.058601,5,12.89391414717983,80.09294521889886,0.0629308384968348,-0.1513570321623786,0.15448332287004998,0.0412395390276052,0.0375075166431156,0,0
2025-11-27 16:46:42.058601,5,12.893912816280434,80.09294524244282,0.14817774625561628,-0.02384499747968277,-0.013941081285857448,-0.020933064640963527,0.007812883598048492,0,0
2025-11-27 16:46:43.058601,5,12.8939121188042,80.09294524202635,0.07764306741620254,-0.2674031326469501,-0.06143414610174066,0.013933099081351152,0.029229017308182025,0,0
2025-11-27 16:46:44.058601,5,12.893911856391272,80.09294522183781,0.029293834958789233,0.5499810416528956,0.04678408821439315,0.010654293974371246,0.004683118771816894,0,0
2025-11-27 16:46:45.058601,5,12.89390971072932,80.09294507443995,0.23938999830663066,0.14941295896913398,-0.020356820792304626,0.009284676973206058,0.022105964428262403,0,0
2025-11-27 16:46:46.058601,5,12.89390862509604,80.09294496150427,0.12147244099792803,-0.1377340406240409,-0.10595124410838971,0.014837571903810947,0.02449763384872917,0,0
2025-11-27 16:46:47.058601,5,12.893907648864682,80.09294482848662,0.10962842668220067,0.15369555600040158,-0.03832338666051614,0.040513585111996826,0.016605378277925093,0,0
2025-11-27 16:46:48.058601,5,12.893906484221619,80.09294463789492,0.13128723550461488,-0.041106766947639345,0.0696584294977765,-0.031152813338830708,0.016676651540738364,0,0
2025-11-27 16:46:49.058601,5,12.893904216046835,80.09294430482625,0.25506674513578376,0.1162448555544359,-0.046347963881518996,-0.046585404380005885,0.016916466640212898,0,0
2025-11-27 16:46:50.058601,5,12.893903703779763,80.09294426220204,0.05721283232790916,-0.1454580701391198,0.2251650076491153,-0.052683296946047446,0.019487771190816496,0,0
2025-11-27 16:46:51.058601,5,12.893901211939598,80.09294434818118,0.2775484986307865,0.07696422774273272,-0.104513282565791,-0.12077538714910173,0.021504129861229113,0,0
2025-11-27 16:46:52.058601,5,12.893899533757113,80.09294453197687,0.18787683501538635,0.19119019320776634,-0.060061144623523,-0.05786357757524232,0.003301869375145068,0,0
2025-11-27 16:46:53.058601,5,12.893897297561805,80.09294494914694,0.25301566115506685,-0.08166519623316802,0.08367409359543447,-0.1528464023099927,0.02931486789643085,0,0
2025-11-27 16:46:54.058601,5,12.893896237471708,80.09294527966364,0.12333879537034032,-0.06993051125905939,0.05352882730098451,-0.11316696035962091,0.0004957088840169073,0,0
2025-11-27 16:46:55.058601,5,12.89389410907918,80.09294633782451,0.26328925855116386,-0.28623873646610065,-0.23679920842574936,-0.02434586889338476,0.011716328902653866,0,0
2025-11-27 16:46:56.058601,5,12.893893582062384,80.09294657955125,0.06426423631040132,0.008583325591997981,-0.18449599253813417,0.018489640993982745,0.009478410908835005,0,0
2025-11-27 16:46:57.058601,5,12.89389235907281,80.09294710234357,0.14748941354463405,0.10109182691269222,-0.24424535528668417,0.05228985019194264,0.026490138404614498,0,0
2025-11-27 16:46:58.058601,5,12.89389127102908,80.09294751893228,0.12928167698481546,0.10608044303688566,0.005959410298724408,0.0503058144836642,0.00844999372001878,0,0
2025-11-27 16:46:59.058601,5,12.893890323869261,80.0929478839129,0.11263059124654494,0.3737842343745268,0.027376882572737512,-0.027550367230859754,0.0046640487953544816,0,0
2025-11-27 16:47:00.058601,5,12.893888458127863,80.09294872520296,0.22687150943976597,0.21002441190818827,-0.24993807260999382,-0.09964091760083617,0.01863580698495246,0,0
2025-11-27 16:47:01.058601,5,12.893887526723226,80.0929492005457,0.11580526610751801,-0.23182052272037418,0.09852786041822151,-0.009593171798652558,0.007835140352771067,0,0
2025-11-27 16:47:02.058601,5,12.89388564707852,80.09294999472327,0.22629346293823976,0.09660466986282826,-0.29372600034722984,0.013341895912098181,0.029296390459318162,0,0
2025-11-27 16:47:03.058601,5,12.89388467470032,80.09295050459608,0.12156510501922711,0.21059943970844525,-0.07911552198414074,0.01651425330277701,0.010895160912476439,0,0
2025-11-27 16:47:04.058601,5,12.893884558265723,80.09295053935762,0.013499205926475744,-0.13531426452909995,-0.10506583235701092,0.13671285278082795,0.007267422310254416,0,0
2025-11-27 16:47:05.058601,5,12.893882934801896,80.09295095274767,0.18620781624601532,0.2365903849880307,0.028141348259854183,-0.017956982225819935,0.03364330843227915,0,0
2025-11-27 16:47:06.058601,5,12.893882706721715,80.09295102856427,0.026689491572314972,-0.37175010657138513,-0.022486047360532415,-0.11367539285586398,0.015177224005920165,0,0
2025-11-27 16:47:07.058601,5,12.893880250438187,80.09295175846596,0.2846733232522709,0.518758395400738,-0.14556383612069362,-0.09649899172277095,0.0164716703107476,0,0
2025-11-27 16:47:08.058601,5,12.893877986708228,80.09295274319147,0.2737168546508729,0.077583379949243,-0.11700475153680283,-0.012056554477695394,0.024489210350791935,0,0
2025-11-27 16:47:09.058601,5,12.893876390263179,80.09295349666965,0.1956218185296523,-0.4110668497238469,-0.3654481066380186,-0.10604757702577033,0.0049528490049653325,0,0
2025-11-27 16:47:10.058601,5,12.89387585223256,80.09295380799041,0.06876371033597302,-0.009087652095065527,-0.07441331057324851,-0.14086959664661772,0.007677468291517065,0,0
2025-11-27 16:47:11.058601,5,12.893874429236979,80.09295484698247,0.19443215206263567,-0.11344415282173481,0.09405899633858515,-0.049523382638053705,0.009992972474946241,0,0
2025-11-27 16:47:12.058601,5,12.893873275184951,80.09295569614906,0.15809752550959782,-0.08313890085985684,-0.13090692245699626,0.04467131719551688,0.0011552388528559422,0,0
2025-11-27 16:47:13.058601,5,12.893872905427234,80.09295594923803,0.04948210022004462,-0.11122705330292189,0.11741669364595994,0.1484541805792599,0.035328368988207605,0,0
2025-11-27 16:47:14.058601,5,12.8938710391266,80.0929569941696,0.23668407062537491,0.02273629272202958,-0.009573512379559194,0.08889242843069182,0.004868037465169441,0,0
2025-11-27 16:47:15.058601,5,12.893870244683395,80.09295747885056,0.10289427109780203,-0.022216492016093978,0.09095726733336172,-0.03139693168421366,0.011311533412062763,0,0
2025-11-27 16:47:16.058601,5,12.893869576621933,80.09295786160997,0.08518059792842592,-0.17477644220383126,0.17165295001030026,0.011337018945779716,0.039102159298623144,0,0
2025-11-27 16:49:43.058601,6,12.898012737360144,80.09787319838904,0.09281231562518946,-0.27299006174827367,-0.15219406933195403,-0.13826759776469455,0.012761518315299121,0,0
2025-11-27 16:49:44.058601,6,12.898013334582512,80.0978731291924,0.06690546477046977,0.1095516003955009,-0.31580336397790637,-0.012305294655789556,0.021231773779819357,0,0
2025-11-27 16:49:45.058601,6,12.89801556877743,80.09787278803203,0.2514506181071739,-0.41242098807756494,-0.1008641452875186,0.02373112507111428,0.003148083027731733,0,0
2025-11-27 16:49:46.058601,6,12.898017294983607,80.09787265089254,0.19273661789375982,0.2843296940166449,0.05265270519096527,-0.0194912257751763,0.02187456957368266,0,0
2025-11-27 16:49:47.058601,6,12.89801836595873,80.09787252018967,0.12006158880400232,-0.4025191071267423,-0.04683656825823646,0.06728949552003807,0.04149708037091087,0,0
2025-11-27 16:49:48.058601,6,12.898019653344392,80.09787235100244,0.14448289390111402,0.08328436746948287,0.007926157010659263,-0.006638432152449629,0.01401266017619628,0,0
2025-11-27 16:49:49.058601,6,12.89801992273686,80.09787232962114,0.03007838469166696,0.07590566909606894,0.018956417203751963,0.0963383344132266,0.03349277264339078,0,0
2025-11-27 16:49:50.058601,6,12.898022043202491,80.09787216672933,0.2367110892353461,0.17008592716820936,-0.10955071724051164,0.053322908585671035,0.007946682215157666,0,0
2025-11-27 16:49:51.058601,6,12.898023238313106,80.09787200642418,0.13417208563437427,-0.06882933743117985,-0.15379163623884132,0.011424631012812436,0.046475938921730756,0,0
2025-11-27 16:49:52.058601,6,12.898024966802126,80.09787171391841,0.1950157019226769,0.13804380556237744,-0.11491070150699868,0.02658632537865811,0.01999401259750938,0,0
2025-11-27 16:49:53.058601,6,12.898025992460413,80.097871582144,0.11506817428434382,-0.14101308468841178,0.1775286625451065,0.009491839453290477,0.011182935251846242,0,0
2025-11-27 16:49:54.058601,6,12.898026811986078,80.09787153454472,0.09137569254985706,0.10591727550627046,0.10961514886408534,0.07517797888899039,0.04006870843314544,0,0
2025-11-27 16:49:55.058601,6,12.898028955844323,80.09787173265971,0.23962058835753774,0.16276036583812958,-0.14325178766001487,0.2213054628495732,0.007321182342569576,0,0
2025-11-27 16:49:56.058601,6,12.898029938711863,80.09787187016255,0.11042548874995653,-0.03960983316294346,-0.15627052734942656,0.030825169466703377,0.02512587049631535,0,0
2025-11-27 16:49:57.058601,6,12.898030313278745,80.09787194136538,0.042406577218217355,0.04667863735656168,-0.056749043313637865,0.0030205226378771308,0.04081838906000495,0,0
2025-11-27 16:49:58.058601,6,12.898030939708338,80.09787205616543,0.07083805415762609,-0.17140939765767604,0.03309758788312328,0.0007657968134359427,0.011905779058907438,0,0
2025-11-27 16:49:59.058601,6,12.898031108588214,80.09787208449063,0.01904930588350705,-0.16948952750595891,-0.0503419388290161,-0.06188191743165727,0.031175858471334996,0,0
2025-11-27 16:50:00.058601,6,12.898031227219834,80.0978721000985,0.013314229850272407,0.07756464908803806,-0.19940522295388755,0.013677780560403448,0.036915271761395696,0,0
2025-11-27 16:50:01.058601,6,12.898032890728413,80.09787242964447,0.18860283240613138,0.0656047965337343,0.15937021521549347,0.060786502110054444,0.022182101814365085,0,0
2025-11-27 16:50:02.058601,6,12.898035482128481,80.09787300866026,0.29523753741750813,-0.22378908403613929,-0.13850210362192256,0.06918392949949376,0.030705032192693906,0,0
2025-11-27 16:50:03.058601,6,12.898037534832412,80.09787355727977,0.23613436393746534,0.05343391314869629,0.4291959506337142,0.030812546054803144,0.033158197166388396,0,0
2025-11-27 16:50:04.058601,6,12.89803968565943,80.09787418439694,0.24891255654694427,0.10984342118308393,-0.33467662387367314,0.11881080043024304,0.01818720414415047,0,0
2025-11-27 16:50:05.058601,6,12.898041699181626,80.09787470850911,0.23124779977425686,0.04832381194610286,-0.15994554502061745,-0.09684607289946598,0.0076109108026232355,0,0
2025-11-27 16:50:06.058601,6,12.89804359158516,80.09787491428467,0.2118424258666851,0.13037809209549944,-0.15137580864729897,-0.025981731178137173,0.00932502377960047,0,0
2025-11-27 16:50:07.058601,6,12.898044423502752,80.09787506280848,0.09400096264102856,-0.20147918246898372,-0.07061799574536444,0.10879045581076677,0.002101626364554078,0,0
2025-11-27 16:50:08.058601,6,12.898045635762303,80.09787532829729,0.13798946347880928,0.09891821571262954,0.04807873914261814,0.021147820919585197,0.00855541829024824,0,0
2025-11-27 16:50:09.058601,6,12.898047492441528,80.09787591053085,0.21612608171154343,0.3268220926461698,0.16110995528183986,0.025565624832100738,0.00868311446032093,0,0
2025-11-27 16:50:10.058601,6,12.89804824101401,80.09787610516119,0.08596573322323668,0.16790232543935243,-0.0024730123328605353,-0.09259785776305199,0.011112136513469659,0,0
2025-11-27 16:50:11.058601,6,12.898049594503263,80.09787652930633,0.15754311813622243,0.15541671324683026,0.1938074761406775,0.016649990863961996,0.01723932293175843,0,0
2025-11-27 16:50:12.058601,6,12.898050133411049,80.09787673989693,0.0641960655302352,0.14158729609707177,-0.02531393111074184,-0.010839101602984631,0.015015181571014492,0,0
2025-11-27 16:50:13.058601,6,12.898051558728758,80.09787726927782,0.16874479538270032,-0.011758068411955105,-0.06664213070941466,-0.08160299154427444,0.01872758066226311,0,0
2025-11-27 16:50:14.058601,6,12.89805323212917,80.09787790498285,0.19864474000648918,-0.192705710988153,0.06703916173099916,0.04418067344388006,0.026242877882715763,0,0
2025-11-27 16:50:15.058601,6,12.89805468896552,80.0978785155118,0.17518477233627427,0.2911219741422953,0.07672325191640708,-0.014039333823471063,0.009457285016976692,0,0
2025-11-27 16:50:16.058601,6,12.898055415939803,80.09787883558573,0.08806491679874094,0.2315268881266759,-0.11591356772063688,-0.024988757671654135,0.01954448946628735,0,0
2025-11-27 16:50:17.058601,6,12.898057697803539,80.09787995135596,0.28139563288117825,0.2837346532235305,-0.018192816026825633,0.07928525648648076,0.005348143654449346,0,0
2025-11-27 16:50:18.058601,6,12.898058672487581,80.09788041392828,0.11954963695360324,-0.41230083797540684,0.049743569076791457,-0.009916090499767952,0.011369009112656288,0,0
2025-11-27 16:50:19.058601,6,12.898059499559178,80.09788084258871,0.10315236785204607,-0.13010130994818053,-0.04850128845231761,0.06922274969303249,0.012260101866280987,0,0
2025-11-27 16:50:20.058601,6,12.898061902232678,80.09788209157932,0.2998434898874555,-0.11659668638464449,-0.13067601935727272,-0.036164668627002475,0.005390903033772737,0,0
2025-11-27 16:50:21.058601,6,12.898062475893694,80.09788235675038,0.07004311853143257,0.0004141464533162151,0.28648593229450725,-0.008477073466038598,0.01853782803901902,0,0
2025-11-27 16:50:22.058601,6,12.898064214132201,80.09788289212786,0.20203340175109905,0.3309114782602488,-0.0098282697530193,-0.03453926119373676,0.011308635620428225,0,0
2025-11-27 16:50:23.058601,6,12.898065146926744,80.09788315173522,0.10759200974145369,0.1652100163991535,-0.10714974435939413,0.05885809957065559,0.0019998844404545742,0,0
2025-11-27 16:50:24.058601,6,12.898067730435892,80.09788390383305,0.29895144687246544,-0.20496306812524484,0.19561671959145563,-0.08977078366038745,0.0071678260089274365,0,0
2025-11-27 16:50:25.058601,6,12.898068359691697,80.09788404175879,0.07162977276717804,-0.11940737566551377,-0.09158976653708292,-0.011226065576064643,0.0016911387957341015,0,0
2025-11-27 16:50:26.058601,6,12.898069034493727,80.0978842047697,0.07717345579832349,0.17627925327267452,-0.0253155535552919,0.01799156222505026,0.009877415631490683,0,0
2025-11-27 16:50:27.058601,6,12.898071119012343,80.09788457974636,0.23558898386124316,-0.13225294060446818,0.022897386644653878,0.13021803565780798,0.0009051499211741459,0,0
2025-11-27 16:50:28.058601,6,12.898072319608572,80.0978849067457,0.1382804162587971,-0.07316047953072566,-0.1300302497294586,0.10214022398053155,0.019921691497462406,0,0
2025-11-27 16:50:29.058601,6,12.89807380000824,80.09788534851214,0.1716284715425653,0.06565682427237922,0.10436202033233945,0.06212603221086552,0.01493817982886505,0,0
2025-11-27 16:50:30.058601,6,12.898074487930119,80.09788558333194,0.0807073420690114,0.12821715343430473,-0.07850631513445207,-0.01840998461168758,0.029070723098640977,0,0
2025-11-27 16:50:31.058601,6,12.898075786404075,80.09788611749813,0.1557347003127839,-0.10458694980936425,0.03415503033220539,0.08543235903180754,0.019105094661447174,0,0
2025-11-27 16:50:32.058601,6,12.898076179238165,80.09788628753931,0.04746358557913387,-0.005585000655808137,0.23663860002141246,0.030252889555926345,0.03034920375800872,0,0
2025-11-27 16:50:33.058601,6,12.898078627226209,80.09788729596222,0.29365899140064033,0.2219442643462106,0.18773795479297226,-0.040418093542120975,0.015476797246068935,0,0
2025-11-27 16:50:34.058601,6,12.898080560484916,80.09788808344592,0.23155420228783186,-0.017695464393767596,0.20231896352935255,-0.007976085381245366,0.030810122311519965,0,0
2025-11-27 16:50:35.058601,6,12.898080885334815,80.09788819004903,0.03796737500505517,0.30400347181245907,-0.1667780523275245,0.07658125306530898,0.028235779029540692,0,0
2025-11-27 16:50:36.058601,6,12.89808206377986,80.09788859919291,0.13849347598748785,-0.024725425946744914,-0.046344483198729615,0.0069283130077753274,0.03310813326453954,0,0
2025-11-27 16:50:37.058601,6,12.898084396073436,80.09788929196847,0.2702949123778606,-0.488019898822305,-0.15158659465490995,0.09414313553385954,0.026930861654334906,0,0
2025-11-27 16:50:38.058601,6,12.898084908300232,80.09788949894062,0.06128460319285384,0.021985634406724033,-0.06770988207186542,-0.010896181613669585,0.02440234476249858,0,0
2025-11-27 16:50:39.058601,6,12.898085347304383,80.09788966047587,0.05191835854096941,0.4838143874563192,-0.02001977430955995,-0.06487935532279537,0.015595429096180136,0,0
2025-11-27 16:50:40.058601,6,12.898087728122803,80.09789022651051,0.2720567813139659,-0.4405402973113582,0.18155917460766638,-0.06141928691699065,0.025435681527354547,0,0
2025-11-27 16:50:41.058601,6,12.898087794865967,80.0978902435749,0.0076571121232702705,-0.2077687910212529,0.09757088386834875,-0.07000820826155717,0.053853259570907794,0,0
2025-11-27 16:50:42.058601,6,12.89808941898175,80.09789055157506,0.1838597167138709,0.028327564617525405,-0.019091031627436406,-0.014753302660686422,0.01115931796087964,0,0
2025-11-27 16:50:43.058601,6,12.898091063697537,80.09789084150792,0.1857731258711673,-0.058061398142072264,-0.16072967172053987,0.0062863745320168845,0.019332568721277824,0,0
2025-11-27 16:50:44.058601,6,12.898092701619802,80.09789117173202,0.18582118898663838,0.10978706700575035,0.05448284411094511,0.0022887314023851413,0.019457463698343044,0,0
2025-11-27 16:50:45.058601,6,12.898094866788298,80.09789173338505,0.24861250629748044,-0.058417637049303556,0.1268670961278998,-0.08168305578599534,0.0007082285949937421,0,0
2025-11-27 16:50:46.058601,6,12.898096963717633,80.09789206738292,0.23622694002556535,0.04814296916361786,0.4710592556267293,-0.007879431605236725,0.006430750149373458,0,0
2025-11-27 16:50:47.058601,6,12.898097136547063,80.09789209782315,0.01952085999506201,-0.052930867446649876,-0.08014064392517672,0.016154255495141365,0.0037474310720759674,0,0
2025-11-27 16:50:48.058601,6,12.898098473412308,80.09789236197308,0.15155502715509103,0.06926093227763525,-0.0674243840073014,-0.0428012678454637,0.011690652821432192,0,0
2025-11-27 16:50:49.058601,6,12.898099842849497,80.09789262626396,0.155119840069835,0.22261262585157415,-0.060749384647171056,-0.003767150367458295,0.011267096750302899,0,0
2025-11-27 16:50:50.058601,6,12.898102325943695,80.09789303276673,0.27991541643576096,0.14975598028379133,0.06932036849016487,-0.09250024388062626,0.010994855728339248,0,0
2025-11-27 16:50:51.058601,6,12.898104995363719,80.0978933908781,0.29968983985652836,-0.0746900186191837,-0.11545024350696015,0.05384234626758706,0.018029280839086552,0,0
2025-11-27 16:50:52.058601,6,12.89810615257341,80.09789354417767,0.12989017244637038,-0.27089165332999754,0.051484072850101384,-0.06059695498709464,0.016130755342191428,0,0
2025-11-27 16:50:53.058601,6,12.898108740066121,80.09789369914743,0.28853013526755716,0.010898668958818022,-0.13171244802777876,0.02714684768383273,0.01532912151829286,0,0
2025-11-27 16:50:54.058601,6,12.898109779572861,80.09789382713097,0.11654826106912149,-0.24013762342348988,-0.20628021508519676,-0.0822553736050709,0.03065452841342093,0,0
2025-11-27 16:50:55.058601,6,12.898110374701593,80.0978938383135,0.06626084208176967,0.1686903044320557,0.03223424363982215,-0.02567189373832761,0.003347463330769039,0,0
2025-11-27 16:50:56.058601,6,12.89811163250881,80.0978939814115,0.14087746132003123,-0.1326776494283534,0.039231515746264135,-0.017708625892548693,0.013500623609654655,0,0
2025-11-27 16:50:57.058601,6,12.898111751916373,80.09789399056952,0.013329544537793947,0.12863138492724185,0.1741837280240079,-0.07644611613351561,0.01234720315502076,0,0
2025-11-27 16:50:58.058601,6,12.898113216850124,80.09789398241234,0.1630788273316352,0.2347687702977961,-0.21520989688360226,-0.13887056601365733,0.01513370637490573,0,0
2025-11-27 16:50:59.058601,6,12.898115603966065,80.09789406255518,0.26587600773424863,-0.090072162845508,0.1414856728964124,0.02238248312346365,0.019957522741921405,0,0
2025-11-27 16:51:00.058601,6,12.898115883170398,80.09789404574892,0.03113448186646619,-0.24257211063142955,0.004497495436137959,-0.06098199340604714,0.0025218678108761133,0,0
2025-11-27 16:51:01.058601,6,12.898116696893815,80.09789399203662,0.09077100404461881,-0.21246344335829204,-0.11453339679081256,-0.008401227522208031,0.01098193578911033,0,0
2025-11-27 16:51:02.058601,6,12.89811891069323,80.09789390058006,0.24663988946049237,0.36966491339723695,-0.13687046396881591,0.07318414790859429,0.014517391362076856,0,0
2025-11-27 16:51:03.058601,6,12.898119878283707,80.09789382352507,0.10803621577602958,-0.08805096882114552,0.05887930769442382,0.05204870161049254,0.03077588127134231,0,0
2025-11-27 16:51:04.058601,6,12.898122296051445,80.09789349826367,0.27145021973337824,0.22745818980888258,-0.07775754989992613,-0.11508325278025802,0.0074557419433921995,0,0
2025-11-27 16:51:05.058601,6,12.898124765441645,80.0978928859428,0.28280852878141854,-0.2058932918594581,0.030003163470039125,-0.06971619928818532,0.015728755305841606,0,0
2025-11-27 16:51:06.058601,6,12.898124814201916,80.09789287678123,0.005518279671088466,-0.24970407689135277,-0.1366726334613499,-0.06575599646051898,0.0032290163175301735,0,0
2025-11-27 16:51:07.058601,6,12.898125156396311,80.09789282579419,0.03849276790270279,0.1337420044148423,-0.05523165650974971,-0.019738174920986534,0.003098111703207766,0,0
2025-11-27 16:51:08.058601,6,12.898127159796903,80.09789271793095,0.22332547516951667,0.062350660926585116,-0.10592745925588125,0.03872822467011597,0.001538122110332743,0,0
2025-11-27 16:51:09.058601,6,12.898128200481539,80.09789265712917,0.11603673258649251,0.06200526760471881,-0.06447537614460576,0.04612168053656872,0.00467807443189881,0,0
2025-11-27 16:51:10.058601,6,12.898130700086792,80.09789266531752,0.27825747538750584,0.2204490323480458,-0.16839543773362067,0.01932709206591507,0.003940210096718414,0,0
2025-11-27 16:51:11.058601,6,12.898131078779373,80.09789267850194,0.04218032745992529,-0.08106398009886091,0.09957338146507261,0.13232692735458104,0.002475815002254884,0,0
2025-11-27 16:51:12.058601,6,12.898133726136079,80.09789301517377,0.2969594869879672,0.2768799259645547,0.38483426528126546,0.00720220759541838,0.00029835962113945166,0,0
2025-11-27 16:51:13.058601,6,12.898135788337363,80.097893216205,0.23059835397790596,-0.0956927077076242,0.015737185024179607,-0.06288544031887397,0.017922320437095032,0,0
2025-11-27 16:51:14.058601,6,12.8981381132956,80.09789355632968,0.26143263332810757,-0.12118939647098637,-0.1565475288996311,0.05105533327806286,0.025208501163550334,0,0
2025-11-27 16:51:15.058601,6,12.898139525077417,80.09789371463836,0.15809559750645877,0.00649633728986021,-0.10816611563010213,-0.07298324103781803,0.0011591957506224373,0,0
2025-11-27 16:51:16.058601,6,12.898140835013193,80.09789373420668,0.1458375095906606,0.14782488508957142,0.08256626880357412,-0.07830942179925614,0.009176084637141197,0,0
2025-11-27 16:51:17.058601,6,12.898142723090755,80.09789356244278,0.2110055765315146,0.07166612342444847,0.09224226306088408,-0.05327451856270871,0.020652250930673306,0,0
2025-11-27 16:51:18.058601,6,12.89814285667254,80.09789355286625,0.014906588981029577,-0.30633431294635366,-0.22101917294213594,0.052805771246961564,0.03728964935323877,0,0
2025-11-27 16:51:19.058601,6,12.898145460036512,80.09789335439602,0.29060558290834876,0.2058050408964856,0.10374645001934274,-0.0024976743718715215,0.005146036804518659,0,0
2025-11-27 16:51:20.058601,6,12.898147177900668,80.09789326950364,0.19145437757569336,-0.1019664657713773,0.08248671555906595,0.10913768715917285,0.011851819661082442,0,0
2025-11-27 16:51:21.058601,6,12.898149232687457,80.0978932642556,0.22873957411616738,0.17623034524682002,-0.1627495219112395,-0.13308814003869268,0.03423516575352559,0,0
2025-11-27 16:51:22.058601,6,12.898151588181657,80.09789297304572,0.26411079397790865,-0.13750038312337431,0.1367173490554935,-0.09598139913032404,0.018386375637312238,0,0
2025-11-27 16:51:23.058601,6,12.898151773092692,80.09789296815963,0.02059112352944944,-0.30120800822842103,-0.10555984802479544,0.05093798213972999,0.01089335407529816,0,0
2025-11-27 16:51:24.058601,6,12.898153355832772,80.09789292630497,0.17624915210973727,-0.1278196490990771,0.11801036368531281,-0.011789131828157362,0.022176330759621294,0,0
2025-11-27 16:51:25.058601,6,12.898153737437182,80.09789290725196,0.042530483773623375,0.12092397516489188,-0.1567401844733073,-0.02173214540082033,0.04307445135496248,0,0
2025-11-27 16:51:26.058601,6,12.898154986239446,80.09789282130467,0.13932915321463374,-0.0919191091007036,0.21163342712061586,0.02564110110425645,0.009594193365036778,0,0
2025-11-27 16:51:27.058601,6,12.898155724989723,80.09789277224537,0.08240980309807565,-0.2391324464197725,0.029856268317000938,0.037777144336715494,0.019045271502684265,0,0
2025-11-27 16:51:28.058601,6,12.898156942552015,80.09789269251345,0.1358148875797652,-0.10919372077241332,0.1941216367933559,-0.0019064025279078578,0.007802135313196154,0,0
2025-11-27 16:51:29.058601,6,12.898159037473247,80.09789238621548,0.23556319080365798,-0.097985987498037,0.009371496473925576,-0.05800741932189844,0.018576596024231486,0,0
2025-11-27 16:51:30.058601,6,12.898159587327978,80.09789229209511,0.062056030817625646,-0.12193209994611616,-0.18917880339449586,0.020672634075409337,0.21978979406587418,0,1
2025-11-27 16:51:31.058601,6,12.898160382665756,80.09789216346535,0.08963046508844394,-0.35135124648448707,0.010434309569276943,0.022607309363598824,0.2128327414954729,0,1
2025-11-27 16:51:32.058601,6,12.898161302790875,80.09789221691986,0.1025924328956409,-0.0010207770874933395,-0.04885220914466463,0.24099302588735644,0.20352437616717467,0,1
2025-11-27 16:51:33.058601,6,12.89816241890396,80.09789239767107,0.12578428874302805,-0.15974895939180545,0.04622376178614471,0.11023889515416742,0.20497749602242923,0,1
2025-11-27 16:51:34.058601,6,12.898163814893628,80.09789267175209,0.15822189477426987,-0.20520401861068968,-0.05449037145517679,-0.04018811768631283,0.20175912916571465,0,1
2025-11-27 16:51:35.058601,6,12.898164110825618,80.09789269545267,0.03304338259857876,-0.39115479067276926,-0.05592353396342371,-0.18699241871313196,0.22785234878280217,0,1
2025-11-27 16:51:36.058601,6,12.898164362293118,80.09789270340299,0.028006652154228772,0.5071529925586165,0.10748793515639306,0.0046793937762381,0.22144318254558967,0,1
2025-11-27 16:51:37.058601,6,12.898166484212533,80.09789294536456,0.2376667751658789,0.0973598791502312,-0.22971182549374294,0.07606323435009452,0.23657589573186663,0,1
2025-11-27 16:51:38.058601,6,12.898168944800194,80.09789330046176,0.276609546972292,-0.1376981689294594,-0.0072988428371959305,0.010979803302084704,0.20697070857180838,0,1
2025-11-27 16:51:39.058601,6,12.898171347407137,80.09789348407756,0.2681993149257056,-0.12845238502116404,-0.03685350180578082,-0.032305030283160875,0.23080224427644935,0,1
2025-11-27 16:51:40.058601,6,12.898172491518839,80.09789366069761,0.1287964191937039,0.14131258764976073,0.016850603198058423,0.026719840555016534,0.21909555962022623,0,1
2025-11-27 16:51:41.058601,6,12.898173640869375,80.0978938473159,0.12953830619161494,-0.11523479859708569,0.08256293404680624,-0.03793771461133698,0.22055311559618956,0,1
2025-11-27 16:51:42.058601,6,12.89817481968774,80.09789393983267,0.13160950845365293,-0.014442216038127016,0.09674579233740908,0.0771134581951115,0.24338906917160036,0,1
2025-11-27 16:51:43.058601,6,12.898176456080343,80.09789410279551,0.18301950607760029,0.140897375795507,0.05963229060205504,-0.026954459036999952,0.2076778336285557,0,1
2025-11-27 16:51:44.058601,6,12.898177187136156,80.09789413390435,0.08145111354313199,-0.20297903660603905,0.03716178586936977,-0.15106174281542656,0.20211285657232575,0,1
2025-11-27 16:51:45.058601,6,12.89817967682043,80.09789403143355,0.2773746137459964,-0.2699632223413021,-0.016709063184979465,-0.04102019106658408,0.21423723956010352,0,1
2025-11-27 16:51:46.058601,6,12.898180367407456,80.09789401818445,0.0768895896228708,0.06722278406019994,0.053473680992679025,-0.02920225010517258,0.20508628063457202,0,1
2025-11-27 16:51:47.058601,6,12.898181180869287,80.09789398853907,0.09061169085126565,0.42036268068290145,0.17808326712187317,0.059748358342729325,0.21262448103202064,0,1
2025-11-27 16:51:48.058601,6,12.898181899656258,80.097893999566,0.08002431167132396,-0.09820169233148082,0.14158103003128603,0.07217974298841945,0.22512488561991223,0,1
2025-11-27 16:51:49.058601,6,12.89818318962681,80.0978940647135,0.14377342177344077,-0.06862690357137016,0.20033086838111244,-0.011320470961191896,0.23057792345764955,0,1
2025-11-27 16:51:50.058601,6,12.898185543598387,80.09789429416217,0.26322427258780384,0.008839918596278275,0.12349646626792522,-0.010145443008857113,0.22692596282900715,0,1
2025-11-27 16:51:51.058601,6,12.89818686670102,80.09789435553591,0.14743827114237665,-0.07954303020023276,-0.0984715019547563,0.0449428949882429,0.20054245482211286,0,1
2025-11-27 16:51:52.058601,6,12.898189000039212,80.09789442499225,0.2376027717518081,-0.003014859792814767,0.19810256194605663,-0.05854756993092118,0.20919822360435456,0,1
2025-11-27 16:51:53.058601,6,12.898189460970976,80.09789443952852,0.05133516293340298,-0.09048852357829495,0.30834142353537347,-0.011116335497376138,0.2114042247682226,0,1
2025-11-27 16:51:54.058601,6,12.898190357008184,80.09789445014113,0.09975350941440578,-0.0661100127688662,0.04558609272855665,-0.004648964189996304,0.20216137819666175,0,1
2025-11-27 16:51:55.058601,6,12.898191552138709,80.09789444230302,0.13304464863212234,0.04423929461206485,-0.3331975504299077,-0.03640472417366079,0.2185197410827806,0,1
2025-11-27 16:51:56.058601,6,12.898192380473056,80.0978944695906,0.09225770859266419,0.09445694256978679,-0.2243669250503351,0.1611527283347318,0.2080778520316845,0,1
2025-11-27 16:51:57.058601,6,12.89819292676459,80.0978945660699,0.06170773027456739,0.12286926965914485,0.287042400272274,0.0024999888268731063,0.20051497120592132,0,1
2025-11-27 16:51:58.058601,6,12.898194920735294,80.09789484316065,0.22399600303338968,-0.08773560822083255,-0.11281090218105327,-0.08671679231587621,0.21936011445495918,0,1
2025-11-27 16:51:59.058601,6,12.89819511204278,80.09789485453794,0.021332103569558256,0.040331231754499014,0.2302549792439011,-0.019060476756401854,0.21639759469737732,0,1
2025-11-27 16:52:00.058601,6,12.898195113583263,80.09789485467567,0.0001721366750122022,-0.005328055331734749,0.3182288750204201,0.03688591341897535,0.20500407877353058,0,1
2025-11-27 16:52:01.058601,6,12.898195721775776,80.09789492360932,0.06811594457584799,-0.09992909205554042,-0.020719088600712702,0.02674520149858129,0.21236690978736456,0,1
2025-11-27 16:52:02.058601,6,12.898197380910869,80.09789505483283,0.1852429988100204,-0.036554519631882,-0.0871308638086084,-0.07727485752954898,0.2075371445548314,0,1
2025-11-27 16:52:03.058601,6,12.898199045192573,80.0978951507092,0.18555971697958157,-0.092002128985646,-0.05709179262975412,0.12369806603579839,0.23420460837655857,0,1
2025-11-27 16:52:04.058601,6,12.898201163283725,80.09789545693421,0.238115836299954,0.23340801789736654,-0.12850033485778442,0.027658606449412867,0.21554052260770112,0,1
2025-11-27 16:52:05.058601,6,12.898202753579163,80.09789557239775,0.17747449627440445,-0.1419324483456215,0.015014041104659703,-0.048709601376695985,0.21109999597673706,0,1
2025-11-27 16:52:06.058601,6,12.898203923915592,80.0978956634453,0.13065591829009707,0.13337831687503582,-0.021003423393514787,-0.022138712087301463,0.2131612010915382,0,1
2025-11-27 16:52:07.058601,6,12.89820530072624,80.09789573489748,0.15346254757642816,0.1554401583235684,0.0037287226545916594,-0.15301078385856978,0.22192517160779104,0,1
2025-11-27 16:52:08.058601,6,12.898207578021,80.09789579239524,0.2535852176248689,-0.18576312448686627,0.18962136034534216,-0.07166522961515641,0.2314697566379191,0,1
2025-11-27 16:52:09.058601,6,12.898208769823336,80.09789570464112,0.13301272262311495,0.09324186469458141,-0.10212702273649747,-0.08002899767600548,0.2083890261329901,0,1
2025-11-27 16:52:10.058601,6,12.898210459702296,80.09789559390978,0.18850067077375313,-0.09765251672393582,-0.048443081798299245,-0.010953019480843183,0.20005300978838655,0,1
2025-11-27 16:52:11.058601,6,12.89821075873047,80.09789557683946,0.03333931323174023,-0.06929345813244654,-0.15388305744438932,-0.027973884134105037,0.2210142477378014,0,1
2025-11-27 16:52:12.058601,6,12.898212981183304,80.09789542989253,0.2479167655675807,-0.3257204539268497,0.16387494236379685,0.048794779795541476,0.20313264858305988,0,1
2025-11-27 16:52:13.058601,6,12.898214411882496,80.09789522517906,0.16080711366481149,-0.3451422199517453,0.1559737305782903,-0.05209616893435223,0.20110990344717608,0,1
2025-11-27 16:52:14.058601,6,12.898215086379164,80.09789515215756,0.07550189990740425,-0.23604913548612919,-0.0755646521368046,0.05394662721896461,0.21745426154338288,0,1
2025-11-27 16:52:15.058601,6,12.89821673058959,80.09789483435054,0.1862539222455259,0.19134491129794268,0.20704574870551876,-0.12336659432996724,1.836986388076232e-05,0,0
2025-11-27 16:52:16.058601,6,12.89821802232329,80.09789465770551,0.14506771568068935,-0.2633868626887683,0.07597369934658448,0.02890628313462914,0.002699771341955739,0,0
2025-11-27 16:52:17.058601,6,12.898218298816964,80.09789459532695,0.031514760874404135,-0.23852175289113461,-0.03117089240933911,0.08266366463654551,0.0038688097160334825,0,0
2025-11-27 16:52:18.058601,6,12.898219194152018,80.09789452637878,0.09994910968473517,-0.19027747203461165,0.17774131164144136,0.014059952020651342,0.011089759686283203,0,0
2025-11-27 16:52:19.058601,6,12.898220326655728,80.09789443004226,0.12650297061392407,0.2991619055719106,0.02224492633077345,-0.03708163031877436,0.0018502559343300073,0,0
2025-11-27 16:52:20.058601,6,12.898221465208081,80.09789443059164,0.12674366203404616,-0.5098974472741317,0.02999475518269209,0.09485327582997208,0.019855873461248248,0,0
2025-11-27 16:52:21.058601,6,12.898221489121363,80.09789442878305,0.0026692509911598883,0.3093837959309963,-0.040487515180243246,-0.17464865150566947,0.00042714938419375514,0,0
2025-11-27 16:52:22.058601,6,12.898223421915013,80.09789415435948,0.21720946312375705,-0.24653045517455052,-0.21205473084876225,-0.0663733011124916,0.037640035158950265,0,0
2025-11-27 16:52:23.058601,6,12.898223948980835,80.09789407373621,0.059321614567835586,-0.3572261555211909,-0.05470135688048845,0.021235456814374803,0.0071496317013349745,0,0
2025-11-27 16:52:24.058601,6,12.898225398080623,80.0978936942097,0.16648774766020474,0.024964653219865792,-0.29666994557834536,0.04120838562590323,0.002097537213597067,0,0
2025-11-27 16:52:25.058601,6,12.898225962301831,80.09789354703292,0.0648076803672583,-0.22363754409527858,0.3307830361751734,0.046592931014501945,0.014052986577938005,0,0
2025-11-27 16:52:26.058601,6,12.898226788655318,80.0978933669952,0.09404126514994161,-0.23688273408998187,0.0995793048125483,-0.031769559574683054,0.027909469850196735,0,0
2025-11-27 16:52:27.058601,6,12.898228046845615,80.09789311639582,0.14267706058820837,0.19444994400684987,-0.033914511405474655,-0.05888473109687058,0.012040526154939587,0,0
2025-11-27 16:52:28.058601,6,12.898229271790555,80.09789284940004,0.13940468757181057,-0.08128501261747424,-0.008904227391005496,0.027130109528358093,0.022100529357586746,0,0
2025-11-27 16:52:29.058601,6,12.898231556246852,80.09789224933833,0.2625093128463352,0.5509869648494686,0.007278087991598209,0.048022104509945165,0.023156862689344797,0,0
2025-11-27 16:52:30.058601,6,12.89823264392898,80.09789201868278,0.1236405723018636,-0.036359683345209205,-0.02146313712452094,-0.03848768949860154,0.023832685655126085,0,0
2025-11-27 16:52:31.058601,6,12.898233583186277,80.09789181018482,0.10697786479240701,0.05616051146848266,-0.3348310135541321,0.0634691660389963,0.026980264910553907,0,0
2025-11-27 16:52:32.058601,6,12.898234777854311,80.09789163667669,0.13431655405497697,0.10276317687769915,0.1576734198274787,-0.01880868306903996,0.09311221206117036,0,0
2025-11-27 16:52:33.058601,6,12.898236753352895,80.09789139659921,0.22145015070803312,0.012161736411024332,-0.234537031165578,0.01421463056001596,0.04067178760075741,0,0
2025-11-27 16:52:34.058601,6,12.898238946220202,80.09789106057079,0.24681820760432446,6.834585679749454,-0.15173500931514503,-0.10399519598448534,0.01696289907521327,0,0
2025-11-27 16:52:35.058601,6,12.898359425252302,80.09785221489375,14.058529487216097,7.374753545030467,-0.0017959911541230648,-0.09566455140307265,0.04106519618614951,1,0
2025-11-27 16:52:36.058601,6,12.898484559565022,80.09781341671949,14.552250221720158,-0.6144426183588206,0.11614480492369911,-0.01385366901404237,0.024717597331562577,1,0
2025-11-27 16:52:37.058601,6,12.898595175837759,80.0977813665711,12.795501820634646,-0.6271641121238827,0.17397172762735597,0.029045890510303554,0.016863341743986317,1,0
2025-11-27 16:52:38.058601,6,12.898703412451335,80.09773882704248,12.902852972754253,0.6178462230871606,-0.08047507248837339,-0.03648663530669179,0.0810986859484426,1,0
2025-11-27 16:52:39.058601,6,12.89881638374862,80.09769116206935,13.598029670814816,-1.865539473655646,-0.13312358902619367,-0.010155072817106724,0.01612267319037673,1,0
2025-11-27 16:52:40.058601,6,12.898891495373913,80.09765877774906,9.069845233819086,-0.3310609303733027,-0.1444519381638271,-0.008503405795973959,0.09882886615323772,1,0
2025-11-27 16:52:41.058601,6,12.899001320005437,80.09761135561675,13.26449517151462,2.0959183138719744,0.07347426232691273,0.06145305574355784,0.0980711732098216,1,0
2025-11-27 16:52:42.058601,6,12.899110782699024,80.09757999113583,12.6517504125575,-0.805017879752714,0.11966401673420843,-0.07235888864173783,0.11281830323439285,1,0
2025-11-27 16:52:43.058601,6,12.899211389249432,80.09754411798994,11.85672501843312,0.7388852153024397,0.0761931576894179,-0.02661430575739111,0.10693753739318045,1,0
2025-11-27 16:52:44.058601,6,12.899336550550233,80.09749971611267,14.742502960376932,1.7607760374798493,-0.0606555941471914,0.023502758792280448,0.02828334274435497,1,0
2025-11-27 16:52:45.058601,6,12.899463285817284,80.09746269962834,14.668823606501762,-2.08641314459883,-0.2144129643944185,-0.028806793952344152,0.08882163038174712,1,0
2025-11-27 16:52:46.058601,6,12.899557058254834,80.09742886651168,11.065519087844878,-3.479709110541864,-0.13835644893878646,0.000421134304102907,0.0788663040987488,1,0
2025-11-27 16:52:47.058601,6,12.899620627370913,80.09740975690114,7.374069544251202,-0.8034758920478673,0.0894941248729461,0.08362695368769363,0.06290285503874687,1,0
2025-11-27 16:52:48.058601,6,12.899704153836117,80.0973816829967,9.784480129460604,3.4317489100330603,0.049837702780821246,-0.002502712635159339,0.052453953832384,1,0
2025-11-27 16:52:49.058601,6,12.899824557552131,80.09733298850487,14.407261479368376,0.02302495807188154,0.049877285393662374,-0.016615203352918433,0.06606862265594457,1,0
2025-11-27 16:52:50.058601,6,12.899909561842582,80.09729624340758,10.268421969023745,-0.7872545390591149,0.019793666049760867,0.057568272291405084,0.06026837820630325,1,0
2025-11-27 16:52:51.058601,6,12.900020671735279,80.09725695388431,13.082899707097791,0.6566953719580015,0.3679772388524787,0.14372727130808768,0.07238858065417739,1,0
2025-11-27 16:52:52.058601,6,12.900121048745138,80.09722696128847,11.63828057780645,0.07847668392884521,-0.010114629788196147,-0.044144380227773256,0.023363808147803807,1,0
2025-11-27 16:52:53.058601,6,12.90024115017319,80.09719321926204,13.861977362709025,6.158229244566824,-0.014034082758064826,-0.013569206997744374,0.06948204487821197,1,0
2025-11-27 16:52:54.058601,6,12.900444484463176,80.09714028007045,23.352737241764775,-1.0623537149784488,-0.09999270626750807,0.02087197064240277,0.06416956700496466,1,0
2025-11-27 16:52:55.058601,6,12.900547200508695,80.0971194889006,11.654794935229232,-7.661291046598579,0.07496175983064064,-0.031061183735215478,0.07488134784974639,1,0
2025-11-27 16:52:56.058601,6,12.900611606567066,80.09710489920224,7.34239060626916,-1.1927568663476116,-0.14403311941631858,-0.011411408560436851,0.11206241439160677,1,0
2025-11-27 16:52:57.058601,6,12.900696656464843,80.09708543609621,9.700452571383925,0.34994862390264786,0.056942660448426594,-0.08441813957286338,0.027031699989887012,1,0
2025-11-27 16:52:58.058601,6,12.900764503338248,80.09706591198763,7.844226826534842,-2.088836380696927,0.06568951093938423,0.07681605869291228,0.043592137204716705,1,0
2025-11-27 16:52:59.058601,6,12.900811671854509,80.09705506470294,5.381110077938294,1.1507209099701352,0.11188585589627909,-0.02804797703639113,0.0921669989871758,1,0
2025-11-27 16:53:00.058601,6,12.90090306347268,80.09702892459158,10.561732347985444,5.002534276896988,0.05148231721937113,0.021028522187852713,0.09224453751716238,1,0
2025-11-27 16:53:01.058601,6,12.90103927813315,80.09700689779343,15.35063616567224,-0.04876764494122199,0.195910875534002,0.123515522522441,0.0688270313893231,1,0
2025-11-27 16:53:02.058601,6,12.901136724455124,80.0969890445222,11.019355105268971,-2.568509847053408,0.042864636131390604,-0.0846086274830212,0.05079473699900021,1,0
2025-11-27 16:53:03.058601,6,12.90122702920756,80.09697047151447,10.252757704590751,1.864324437802202,0.0028835955933563507,-0.04710734992854493,0.05135477200659522,1,0
2025-11-27 16:53:04.058601,6,12.901355388587788,80.09694246156627,14.608643979572243,0.3233123618966752,0.01830021838854584,0.06312437721078007,0.11342885346734709,1,0
2025-11-27 16:53:05.058601,6,12.901444855421701,80.0969200881545,10.251080847874224,-0.9156088882881874,-0.10841518103001198,-0.025617062794453464,0.04393753935247814,1,0
2025-11-27 16:53:06.058601,6,12.901550765792992,80.09688136124304,12.516474190640421,-0.5303329093214755,-0.04460723418038697,-0.09289997933199785,0.03432576571804888,1,0
2025-11-27 16:53:07.058601,6,12.90162851053214,80.09684647001056,9.446461373127484,-1.9587167359945719,-0.03559418882553001,-0.042483242060211444,0.03734050932755275,1,0
2025-11-27 16:53:08.058601,6,12.901693041786796,80.09681588409819,7.9132542068121925,-0.027600389508976225,0.01871043116402279,-0.104267436760897,0.065940283061779,1,0
2025-11-27 16:53:09.058601,6,12.901769248122337,80.09677618425073,9.514412078654129,2.6936583385185218,0.06025344992176831,0.03200009701384787,0.09071615090235784,1,0
2025-11-27 16:53:10.058601,6,12.901878998597462,80.09671708343508,13.798309256726867,1.8605401308603964,0.00612199913702979,-0.03585190856284052,0.02719362062502153,1,0
2025-11-27 16:53:11.058601,6,12.901978757336938,80.09665691284982,12.88233218959013,0.26794968695943755,0.06109731174903694,0.02126848232943284,0.05052526301113963,1,0
2025-11-27 16:53:12.058601,6,12.90209526786597,80.09659786496796,14.466303393471673,-2.161166317629489,0.21677516755662737,0.0009256525243416663,0.1630265486744198,1,0
2025-11-27 16:53:13.058601,6,12.90216684499549,80.09656605317019,8.683568668027128,-0.3560459905746376,0.2175703392462909,0.1416343946573106,0.022472209434121662,1,0
2025-11-27 16:53:14.058601,6,12.902283740686931,80.09652713923212,13.680791743366186,1.4228354367156537,-0.06523617348432363,-0.0038390178988082224,0.01922696575433404,1,0
2025-11-27 16:53:15.058601,6,12.902388368887495,80.09649659074064,12.109739885123656,1.5718205283524103,0.11612656008673496,-0.015465137334760667,0.09249537884130658,1,0
2025-11-27 16:53:16.058601,6,12.902524971840979,80.09644570450142,16.178115943713543,-1.2050189587852254,0.2229637706476198,-0.0665963351935267,0.01723559247611294,1,0
2025-11-27 16:53:17.058601,6,12.902605570622976,80.09641834946486,9.45052210116525,-5.139319171064475,-0.14702580195075818,0.03157091222568745,0.10375001801233039,1,0
2025-11-27 16:53:18.058601,6,12.90265969035493,80.09640194372754,6.282121229282509,2.5841198412278317,-0.09561732416633624,-0.13856149089943082,0.05716667013661447,1,0
2025-11-27 16:53:19.058601,6,12.902778672116979,80.09634219445655,14.746752964640859,0.3280178747111111,0.13618950225390017,-0.056074810493888405,0.10322032560457627,1,0
2025-11-27 16:53:20.058601,6,12.902833382505712,80.09631266485721,6.881859803981445,-0.012916422951616477,0.09192514859267069,0.0015065456627015236,0.0595625465665332,1,0
2025-11-27 16:53:21.058601,6,12.902956490687997,80.09625954450888,14.867284961981841,2.434449435977314,-0.0009695109448827903,-0.03476863242333428,0.06678896972250353,1,0
2025-11-27 16:53:22.058601,6,12.903055867494789,80.09620990942585,12.304077774261195,-2.2792216022832044,-0.2270010774145847,0.007499958171719768,0.07898456772322407,1,0
2025-11-27 16:53:23.058601,6,12.903140554467663,80.0961751640552,10.153319409521451,-0.9996634960275718,-0.005939304410582199,0.062391314787118554,0.07746449155433935,1,0
2025-11-27 16:53:24.058601,6,12.903224927340624,80.0961421288438,10.053207468878032,-1.2738660533980732,0.03431086786769036,0.008605173684566703,0.03799775395197564,1,0
2025-11-27 16:53:25.058601,6,12.903289617285623,80.09611408768123,7.817737886558,1.4560837416610464,0.03603331356643515,0.049911864021064116,0.07829841971163115,1,0
2025-11-27 16:53:26.058601,6,12.903400495549041,80.09607438236047,13.073324892852963,4.224591219559121,-0.15779233044651267,0.05055840295946444,0.05479573067832423,1,0
2025-11-27 16:53:27.058601,6,12.903533664092118,80.09602564364803,15.739468751759977,2.3698564664211066,-0.05931616296864684,-0.06074002916559908,0.07103051125868856,1,0
2025-11-27 16:53:28.058601,6,12.903692371385718,80.0959699107911,18.673707119588116,-1.1005376975058028,-0.04584242533774514,-0.037403251481091075,0.09040802639551476,1,0
2025-11-27 16:53:29.058601,6,12.90381310262294,80.09592440045611,14.318376385630016,-3.040093317323805,0.19386945291477112,0.030717428355697747,0.10455692681683301,1,0
2025-11-27 16:53:30.058601,6,12.903916733509849,80.09588426865692,12.33075664658848,-3.3697380979708917,-0.16832709398095122,-0.019262725949055468,0.06920730548177774,1,0
2025-11-27 16:53:31.058601,6,12.90398231462711,80.09586085302006,7.730014673960859,2.5949847997352222,0.12403481673254356,-0.008278115756863214,0.09967175188536494,1,0
2025-11-27 16:53:32.058601,6,12.904128506142898,80.09581822891596,16.918534245552465,-0.04414997745834892,-0.07340300661544451,0.08807441647022174,0.08941622880008993,1,0
2025-11-27 16:53:33.058601,6,12.904196830671255,80.0958003277272,7.850015371313222,-3.0292384288844554,-0.023551093801065195,0.05254342811606197,0.08514771438270911,1,0
2025-11-27 16:53:34.058601,6,12.904293588272958,80.09577759081033,11.050012974290228,1.733632470978899,0.232182503175389,-0.022217731136363918,0.05661235077455989,1,0
2025-11-27 16:53:35.058601,6,12.904390227835613,80.09575085628063,11.142196751395703,-2.3495322252617057,-0.0018971318852653745,0.060426331497140384,0.014880270714331692,1,0
2025-11-27 16:53:36.058601,6,12.904450075886663,80.09573904923872,6.784357617238392,-1.4815097522035892,-0.05306302935436116,0.11209072757214023,0.06998523370064894,1,0
2025-11-27 16:53:37.058601,6,12.904516721783127,80.09573498344696,7.4321274903615375,3.0948941706787445,-0.06072697694186949,-0.013074857987407422,0.033211444843723445,1,0
2025-11-27 16:53:38.058601,6,12.904635449895585,80.09572601209307,13.252616621073242,3.389663695065699,-0.16442432779950095,0.02376756561080112,0.020480659768465873,1,0
2025-11-27 16:53:39.058601,6,12.904761635318467,80.09571490088445,14.098610319384525,-0.8633172080367633,0.21915053740978102,-0.03306736083124445,0.012605281397510968,1,0
2025-11-27 16:53:40.058601,6,12.904866305649417,80.09570562286994,11.695314736420482,2.042554748147243,0.18136745775744384,-0.06183976139986241,0.08490778589997802,1,0
2025-11-27 16:53:41.058601,6,12.905028151181131,80.09568640404096,18.136940878671616,0.9836985599627599,0.08982283336350551,-0.0619477078395015,0.07022381065683608,1,0
2025-11-27 16:53:42.058601,6,12.905155519207405,80.09567135430271,14.272345633568339,-2.0638112507550206,-0.0866824749629247,-0.009681987839976041,0.08195218636368451,1,0
2025-11-27 16:53:43.058601,6,12.905274448360437,80.09565216490023,13.401942911044356,-1.2755090390488775,-0.22867729498939474,0.020851044240323108,0.04960896818222918,1,0
2025-11-27 16:53:44.058601,6,12.90537825267286,80.0956331594951,11.738082201273011,1.9106183513892003,0.27446481234243963,0.020594925933076075,0.06401566350109811,1,0
2025-11-27 16:53:45.058601,6,12.905530894293857,80.09561332525817,17.12782565204874,0.0478856244978437,0.04767301228486714,0.02335678258143696,0.08029685905773312,1,0
2025-11-27 16:53:46.058601,6,12.90563284049668,80.0955970139798,11.48584504585913,-3.6167860172914863,0.06620587703537927,-0.03120482031554308,0.04797846983529645,1,0
2025-11-27 16:53:47.058601,6,12.905721030788976,80.09558193458686,9.952771282912625,2.3818566285884977,-0.10435661598765197,-0.020478354265166754,0.06708915614521777,1,0
2025-11-27 16:53:48.058601,6,12.905862204788702,80.09554861541193,16.126019360396754,2.554363071954241,0.050044862696599905,0.0016871548778832936,0.07892995601059678,1,0
2025-11-27 16:53:49.058601,6,12.905998591943826,80.09552216306663,15.451568247561148,-2.2863696871931563,0.17012467979666743,-0.06084870672970487,0.06082426095156172,1,0
2025-11-27 16:53:50.058601,6,12.906098092626358,80.09548947076692,11.630633180429605,-0.3286229377926477,0.03357273859321435,-0.1049114387990508,0.057978933141650625,1,0
2025-11-27 16:53:51.058601,6,12.90622082066428,80.09544665319208,14.430511109234377,1.0866946748700625,-0.1339660669538208,0.030846864084516493,0.08244009690245187,1,0
2025-11-27 16:53:52.058601,6,12.906344868147572,80.0954032865102,14.588757562781398,-0.6690517170716539,-0.17972617657485482,0.052768865632461276,0.11721523614188768,1,0
2025-11-27 16:53:53.058601,6,12.906463719511308,80.09537053462512,13.699546626547804,-2.0385868087489203,-0.022784760183512606,0.077615301597404,0.05515401833999254,1,0
2025-11-27 16:53:54.058601,6,12.906554591217823,80.09534430834093,10.508521997099336,-4.168663261579691,-0.049813385415008585,-0.004643190280721213,0.03635883162389037,1,0
2025-11-27 16:53:55.058601,6,12.906605301953993,80.0953299311069,5.856727532715034,2.147828032034405,0.1430883726817269,0.05699288059011637,0.007401881568398536,1,0
2025-11-27 16:53:56.058601,6,12.906727714690799,80.09528430161158,14.49862967466175,5.765524749438135,0.107258380328678,-0.00970956749770912,0.10589402102832138,1,0
2025-11-27 16:53:57.058601,6,12.906879466457967,80.09522423906247,18.106656583708553,1.3710696618146359,-0.019257711652129094,0.05313163244541458,0.11719674143461783,1,0
2025-11-27 16:53:58.058601,6,12.907024473561915,80.09516211289471,17.493331915332114,-2.9156300485957996,-0.07300831297710807,0.05583902654068821,0.0009463316618180859,1,0
2025-11-27 16:53:59.058601,6,12.90711984638146,80.09512477363268,11.363764267084928,-1.970883434617697,-0.03744594317506247,-0.03412834370323848,0.032509072631477925,1,0
2025-11-27 16:54:00.058601,6,12.907231050098918,80.0950838490437,13.151618189370804,-1.3108730706811584,0.2899645595630459,0.0020240395268863905,0.06491113931345642,1,0
2025-11-27 16:54:01.058601,6,12.907305713656852,80.09505920511629,8.731143365228993,1.4792790375064016,0.007838645533277502,0.05570128839839654,0.0946712967313676,1,0
2025-11-27 16:54:02.058601,6,12.90744340886905,80.095016206089,16.022643255310467,3.9024133924808004,-0.19941190512077536,0.14385020008219482,0.002050698264015642,1,0
2025-11-27 16:54:03.058601,6,12.907591659373248,80.09498267124116,16.89966842555418,0.19125450050076806,0.1966010148485237,-0.03561375379538931,0.04146117629928747,1,0
2025-11-27 16:54:04.058601,6,12.907731943966944,80.09493868772238,16.329519833195786,-4.286607572762705,0.1163432038910075,-0.0575252694177239,0.13278905717391826,1,0
2025-11-27 16:54:05.058601,6,12.90780608303745,80.09491572123693,8.621214961449216,-1.7495036007738802,0.024004338548114224,-0.0767220733851717,0.05077599995137546,1,0
2025-11-27 16:54:06.058601,6,12.907914729804743,80.0948739644766,12.915456526177648,0.7976707142063224,0.03297150283901947,-0.050247040108753624,0.12898869381073505,1,0
2025-11-27 16:54:07.058601,6,12.908002418021814,80.09483903956449,10.471300428376324,0.4263715391857041,0.006149318956578245,0.0124509676937419,0.0843541742082026,1,0
2025-11-27 16:54:08.058601,6,12.908120330034045,80.09479293299296,14.047127891746428,-0.09706031336011513,-0.16717853118898593,-0.03415787728130699,0.1445182812445771,1,0
2025-11-27 16:54:09.058601,6,12.90820809722427,80.09475917144049,10.434508135141924,-1.6213749399250683,0.09261623118388215,0.033727490883510194,0.11893865579145224,1,0
2025-11-27 16:54:10.058601,6,12.908295196803797,80.09472349037837,10.440391870349991,1.1395754714695383,-0.05188379101336188,0.050299435660728545,0.05930299375401863,1,0
2025-11-27 16:54:11.058601,6,12.908395159371183,80.09468543977485,11.869146747840963,-0.2458972565988441,-0.06974864168098621,0.14005784452463002,0.06041890492038319,1,0
2025-11-27 16:54:12.058601,6,12.90847704284943,80.09466088018526,9.496857904142148,1.6973832639582342,-0.15428086873740585,-0.06754714760821418,0.07389097979967149,1,0
2025-11-27 16:54:13.058601,6,12.908601122813298,80.09460588281473,15.04667617859655,-0.6960654809280373,-0.2144086017232934,0.06872796174610318,0.07347633774434481,1,0
2025-11-27 16:54:14.058601,6,12.908674401772545,80.09458149028009,8.576088495616908,-0.19699855638309482,-0.12690862619648488,0.037606164285191056,0.09353113186328617,1,0
2025-11-27 16:54:15.058601,6,12.908803378017174,80.09453320524715,15.28377411485337,1.4735370872401672,0.03707992680057867,-0.058291349783409496,0.08298425753590338,1,0
2025-11-27 16:54:16.058601,6,12.908901642675879,80.09448348117232,12.197154139690044,-1.0483371245091055,0.08621349889554893,-0.10774786716973023,0.0692410780672731,1,0
2025-11-27 16:54:17.058601,6,12.90900428739683,80.09441954361823,13.367795025354244,0.630273001535492,0.03186442129519542,-0.054248563842307924,0.04649221933175422,1,0
2025-11-27 16:54:18.058601,6,12.909106183903905,80.09435423842062,13.374704304836783,-4.148700714698359,0.12053606719328146,-0.04674874262613855,0.02751193428436783,1,0
2025-11-27 16:54:19.058601,6,12.909144856033405,80.09433040087812,5.022308554822295,-1.9330634611411552,-0.0703515600422283,0.1750497711971477,0.043446160288357676,1,0
2025-11-27 16:54:20.058601,6,12.909218638084068,80.09428606066673,9.518924749709749,6.631437548040484,-0.4756192509477783,-0.07566968591650636,0.06700551160617231,1,0
2025-11-27 16:54:21.058601,6,12.909343167543708,80.0941901201904,17.336473223417418,2.3781838629095193,0.007359476812176792,-0.05893114788151744,0.049256035836013165,1,0
2025-11-27 16:54:22.058601,6,12.909442769526736,80.0941167709671,13.648665910365839,-4.612076657696966,0.12611104882824714,0.08469248026148381,0.08864572349581097,1,0
2025-11-27 16:54:23.058601,6,12.90950537056267,80.0940705912917,8.583339474834661,0.9256891813652365,-0.0662293946400893,-0.05558943412519772,0.07484342982272894,1,0
2025-11-27 16:54:24.058601,6,12.90961670787004,80.09398660443995,15.384056874617407,2.9714262630301786,-0.13537497205299628,-0.005390228318661289,0.08559639246175865,1,0
2025-11-27 16:54:25.058601,6,12.909724872954941,80.09390925679818,14.677470973442073,-0.6150019837302539,0.06534156088544552,0.07077601814052958,0.0682586995301285,1,0
2025-11-27 16:54:26.058601,6,12.909826258755563,80.09382915592562,14.245281771837595,-0.3107469304384585,-0.11594744828734539,-0.05017354949200474,0.10608386467153452,1,0
2025-11-27 16:54:27.058601,6,12.909922819845777,80.09375437081796,13.468428114929987,2.117823082256677,-0.1522374203092102,0.013882097816153051,0.027136691366301497,1,0
2025-11-27 16:54:28.058601,6,12.910051003393052,80.09364888393056,18.29312200180211,-0.6769785886042792,0.11611043403318158,-0.06534639757007532,0.004133197903120899,1,0
2025-11-27 16:54:29.058601,6,12.910137485245002,80.09357781848256,12.33482609920369,-2.2041875495355443,0.1439466300049442,-0.06252420921324402,0.09512041614783735,1,0
2025-11-27 16:54:30.058601,6,12.91022709223493,80.09348860102942,13.900551048634076,-0.6110097792238376,0.06846505290274661,-0.06823343248413655,0.07621116231851838,1,0
2025-11-27 16:54:31.058601,6,12.910294225089812,80.09340848044035,11.464491996329338,-0.33716328520314653,-0.1061970673603899,-0.06806709087152477,0.10032252842702684,1,0
2025-11-27 16:54:32.058601,6,12.910369645413256,80.09330870932648,13.700287408136866,1.361435581841924,-0.07293759869712126,-0.026577148450495545,0.1144064574816879,1,0
2025-11-27 16:54:33.058601,6,12.910446958025714,80.0932048475508,14.180537093204798,-1.813251821215863,-0.23786283287899246,0.04802786754986242,0.0538473863040544,1,0
2025-11-27 16:54:34.058601,6,12.910501539609243,80.0931280769939,10.310906508990584,-1.0162433087029612,-0.2438461539941049,-0.04545227265993621,0.019625194115695424,1,0
2025-11-27 16:54:35.058601,6,12.91056157083751,80.09302993086348,12.57298113337134,1.4555301060038826,-0.28328848693352515,0.05821703817033679,0.009023723005201493,1,0
2025-11-27 16:54:36.058601,6,12.910629159108565,80.09293636948387,12.636534753374379,0.5508074882071259,0.017750732006634518,0.06419004876860707,0.04704652554479144,1,0
2025-11-27 16:54:37.058601,6,12.91071547174794,80.09283396199,14.690289128397907,-0.15260876450032487,0.09363894855558758,0.09208215960221225,0.031796837261478084,1,0
2025-11-27 16:54:38.058601,6,12.910791694065288,80.0927560652273,11.976816702756686,0.6280009871059256,0.028615685906015813,0.23870855942605035,0.008390619911525274,1,0
2025-11-27 16:54:39.058601,6,12.91091649249618,80.0926715990094,16.64362741135259,0.9548079445869351,0.08878428290169181,0.14710557625789275,0.03413128746425609,1,0
2025-11-27 16:54:40.058601,6,12.911021964467675,80.09259817381091,14.18925009210298,-2.3451454527523516,-0.026129060743970933,-0.026998584838444896,0.020780259063356156,1,0
2025-11-27 16:54:41.058601,6,12.91111016775532,80.0925404428601,11.646977567488188,-1.0129659059996907,0.16849579063254932,0.007405781485419517,0.12633527926612378,1,0
2025-11-27 16:54:42.058601,6,12.91121065469765,80.09248550086662,12.675747808829161,-1.7831745684150158,-0.22290775704402138,0.048002362644575435,0.11138313826663757,1,0
2025-11-27 16:54:43.058601,6,12.9112791930251,80.09244770614694,8.66207691445902,-0.2820445412164527,0.255618094085547,0.019602798688587615,0.020587038977815237,1,0
2025-11-27 16:54:44.058601,6,12.911377151489944,80.09240687162897,11.770602606786337,3.636059364700955,0.050022867756402925,0.06338645790265812,0.08824918376078551,1,0
2025-11-27 16:54:45.058601,6,12.91151675831949,80.09235687428345,16.460780723732437,0.3719663077158635,0.046220014729132924,-0.013316745831737708,0.030598590585563294,1,0
2025-11-27 16:54:46.058601,6,12.91161791174776,80.092310404125,12.337899826381127,1.1644112118399992,0.11414697498659046,-0.02594959878373146,0.0329028925016418,1,0
2025-11-27 16:54:47.058601,6,12.911772213451453,80.09223641398003,18.9606377599473,-0.082684592555471,-0.008169294975808674,0.04479013119470031,0.09390673660934096,1,0
2025-11-27 16:54:48.058601,6,12.911871864737993,80.09219601232151,11.928052551962743,-6.390968294703724,-0.16633552509098243,0.09021874878730173,0.09893047459500721,1,0
2025-11-27 16:54:49.058601,6,12.911924912522503,80.09217364193594,6.384730627120369,0.6865962524062833,-0.22048961998155095,-0.018523125059964934,0.050609359161083126,1,0
2025-11-27 16:54:50.058601,6,12.912036696411475,80.09211616876509,13.919105441910052,2.975713516631037,-0.12939870216984037,-0.009477095849510866,0.10412209166919216,1,0
2025-11-27 16:54:51.058601,6,12.91213917719633,80.09207682107473,12.180977095353786,0.3659036503648945,-0.2683358840850802,0.007121490636579634,0.038440059522103595,1,0
2025-11-27 16:54:52.058601,6,12.91226777039404,80.09201978353731,15.595687575113256,-0.7201803464980747,0.09881502760376633,-0.03023266160659971,0.015313393040395857,1,0
2025-11-27 16:54:53.058601,6,12.91235526578557,80.09197188142805,11.040186113027234,-1.7619883168815151,-0.3549586205643401,-0.04275324354360475,0.05948143355873542,1,0
2025-11-27 16:54:54.058601,6,12.912453849685106,80.0919206013995,12.304462679838384,-0.4766547395259094,0.04662798366439988,-0.046037096865657205,0.03971780145771399,1,0
2025-11-27 16:54:55.058601,6,12.912530386152145,80.09186702061945,10.314797724849033,1.912248817579257,0.1760957040245825,-0.09353585944581112,0.053938851243098655,1,0
2025-11-27 16:54:56.058601,6,12.912645810665975,80.09177934329325,15.98793463217676,2.1774085984469016,0.04529468978611401,0.011314918969665013,0.042934658824229616,1,0
2025-11-27 16:54:57.058601,6,12.912761886129003,80.091706197251,15.164576129991254,0.5492422702869375,0.11523701970474595,0.046428612609670634,0.02238383187984944,1,0
2025-11-27 16:54:58.058601,6,12.912883308059454,80.09161415308702,16.806475987338615,-3.5404174086185836,0.1145174366681139,-0.039313295741493164,0.07001850878264171,1,0
2025-11-27 16:54:59.058601,6,12.912939920952956,80.09157862001976,7.388083672198353,-3.286223223598674,0.042236696337246846,0.0927896452899869,0.06785517124477851,1,0
2025-11-27 16:55:00.058601,6,12.91302152526362,80.09153395755035,10.296113673199592,0.911023035755947,0.08330495760856932,-0.08332823071955826,0.01602381110720842,1,0
2025-11-27 16:55:01.058601,6,12.913091981440264,80.09148699096258,9.353546698148179,1.3589999854425039,-0.20715026061124142,-0.04063805041840948,0.05774464053609266,1,0
2025-11-27 16:55:02.058601,6,12.913186199797957,80.09141873834636,12.839694532683794,0.006299145433585729,0.36753743145448,-0.05176070587492528,0.06998828773099441,1,0
2025-11-27 16:55:03.058601,6,12.913254035149361,80.09137081653418,9.168680856646764,0.834366863259651,-0.12739534343936965,-0.1198533559621916,0.015646735920457164,1,0
2025-11-27 16:55:04.058601,6,12.913345541082773,80.09127484934321,14.567258560461626,1.8391396687685504,-0.010184824961168298,-0.12692697453027232,0.0904939170358434,1,0
2025-11-27 16:55:05.058601,6,12.913427673006963,80.09118640378375,13.25526463709469,-2.065981457160544,-0.05245692453913168,0.09865577024401363,0.050445912297973405,1,0
2025-11-27 16:55:06.058601,6,12.913493169476506,80.09111749169945,10.443956555823735,-2.140877748363684,-0.08758898569216776,-0.05887504636347661,0.07519724929627802,1,0
2025-11-27 16:55:07.058601,6,12.91354383526402,80.09104757503431,9.453551070361923,1.3607875734713584,0.33326102181304845,0.02023027171303248,0.11985104021710279,1,0
2025-11-27 16:55:08.058601,6,12.913621532213913,80.0909520989496,13.496054622157441,-1.3005310115862474,-0.0012391927362619551,0.038371476634999735,0.023701815101536773,1,0
2025-11-27 16:55:09.058601,6,12.913658069444008,80.09090567090942,6.474892231472094,-0.7534860135205326,-0.12944887978473982,0.05040680509028525,0.10742608068337911,1,0
2025-11-27 16:55:10.058601,6,12.913729571213727,80.09082550240609,11.791128712182681,4.644282120729419,0.10430929071149432,0.02278369700476507,0.07577043506461344,1,0
2025-11-27 16:55:11.058601,6,12.91383116124003,80.09072110389953,16.007077027462493,3.608850089318748,-0.15538812604786126,0.03422284776685787,0.088128211301552,1,0
2025-11-27 16:55:12.058601,6,12.91395548268527,80.09060527953739,18.6946955342692,-1.6174820377544035,-0.2607167510870508,0.01238562741676429,0.09136175176728595,1,0
2025-11-27 16:55:13.058601,6,12.914037465510999,80.09052294422847,12.771521197863086,-5.582258335653751,0.06792649601813118,0.041607887446880265,0.0731393698928845,1,0
2025-11-27 16:55:14.058601,6,12.91408584383461,80.09047695312205,7.342272632485614,0.16142548132321446,0.07356884868260434,-0.03525288972685452,0.08045815244753851,1,0
2025-11-27 16:55:15.058601,6,12.914172776010053,80.0904008729974,12.720222830023436,-0.8201799328244739,-0.06444339771571353,0.030875629851561906,0.0858393886071624,1,0
2025-11-27 16:55:16.058601,6,12.91421143743584,80.09036608234668,5.7249084194397035,0.3527849886434525,0.2345795431303329,-0.008769245317656552,0.06249273056246919,1,0
2025-11-27 16:55:17.058601,6,12.91430930075329,80.09028481091208,14.016233577070683,4.076923697896603,-0.09817321898148886,-0.009877187382035302,0.059361174290546076,1,0
2025-11-27 16:55:18.058601,6,12.914414128560713,80.09020374683266,14.613408295939108,0.670107688134432,0.23536800206002678,-0.07247323328167267,0.0391426956035492,1,0
2025-11-27 16:55:19.058601,6,12.914514989385294,80.09010431290515,15.571826489022776,-3.6628078175553993,-0.0744518917581959,-0.03799447786037695,0.08485249167898354,1,0
2025-11-27 16:55:20.058601,6,12.914563981047177,80.09005866964344,7.367070134154093,-1.686127806808035,0.24763519374057225,0.0005164094453481641,0.1009510858707656,1,0
2025-11-27 16:55:21.058601,6,12.914646426922694,80.08997725581833,12.738860439510397,0.7070203220833864,-0.1577302534584806,-0.025219914301782925,0.05580314823168033,1,0
2025-11-27 16:55:22.058601,6,12.914702458200027,80.08992147430685,8.69155102402015,0.8332185586813237,-0.14583644369635637,-0.023112585970890012,0.08644899857572447,1,0
2025-11-27 16:55:23.058601,6,12.914797822849547,80.08982815084701,14.67134283154159,-1.1303988418645832,-0.07529755208806557,0.046244805105946474,0.09231324199708021,1,0
2025-11-27 16:55:24.058601,6,12.91483621763352,80.08978092114256,6.673317276776439,-1.747235226788957,0.03219720397781994,-0.10557489287406399,0.026248455737666748,1,0
2025-11-27 16:55:25.058601,6,12.914901154739884,80.08970553538624,10.916559914422555,2.035612331367595,-0.11512015077856678,0.09405008922036,0.01626356857692276,1,0
2025-11-27 16:55:26.058601,6,12.914959266224608,80.08962975745858,10.462378192121259,-2.822698629609493,-0.03883171492289103,0.032841292727122405,0.1060858740471583,1,0
2025-11-27 16:55:27.058601,6,12.91498665444632,80.08959647409581,4.726449908661902,2.0715349857678214,0.04339260769076005,-0.08098671837092994,0.031035951196495708,1,0
2025-11-27 16:55:28.058601,6,12.915066393853476,80.0894890124618,14.654968557789715,3.150880781280903,-0.0639133788050181,0.0030799218208734346,0.06047824342598256,1,0
2025-11-27 16:55:29.058601,6,12.915123465739677,80.08941182723524,10.512475722758152,-0.9866425802978788,-0.0338342660177647,0.047883120186224565,0.09577734879157712,1,0
2025-11-27 16:55:30.058601,6,12.915195986916235,80.08931438496177,13.303193919654948,3.2024502993961903,0.2519344645149543,-0.0024541263364600066,0.05408534822849574,1,0
2025-11-27 16:55:31.058601,6,12.915282294613524,80.08918402164336,17.10016115445959,-2.817474665639455,-0.20987147837601514,0.03283944862315524,0.04145587161612547,1,0
2025-11-27 16:55:32.058601,6,12.915328095402955,80.08912792867773,7.939981274642429,-1.6683880570102503,-0.2861384309573822,0.024254943427539033,0.12209130107453696,1,0
2025-11-27 16:55:33.058601,6,12.915406724279855,80.08903716363523,13.176411912368287,-0.9861522193090686,0.13223047074756022,0.06932508428949648,0.10270745764509992,1,0
2025-11-27 16:55:34.058601,6,12.915443223760532,80.088989412868,6.584593442544966,-0.8418668425490912,-0.021782966239269112,-0.07964054417039852,0.035455806551419916,1,0
2025-11-27 16:55:35.058601,6,12.915500046603539,80.08890457651944,11.169472360837737,3.8105476194542423,-0.07227792150453898,-0.025810442199266197,0.04333982262938518,1,0
2025-11-27 16:55:36.058601,6,12.91557030882918,80.08879784974683,13.974913275718686,-0.25734656546439244,-0.18868407217078215,0.015496196403877687,0.0614131055768294,1,0
2025-11-27 16:55:37.058601,6,12.915628825315414,80.08872050557213,10.624056897746666,2.0952420953952564,0.12108726980204496,0.05829431796788956,0.0862793203759928,1,0
2025-11-27 16:55:38.058601,6,12.915727025050192,80.08858142168235,18.635272262259413,-0.027872198836184914,0.18693541746447803,-0.04564214788944567,0.07841604095723939,1,0
2025-11-27 16:55:39.058601,6,12.915775765580147,80.0885057571514,9.841281959404826,-3.2709631334179043,0.07299455049372783,-0.08423456782230207,0.08676829050925107,1,0
2025-11-27 16:55:40.058601,6,12.915837104298632,80.08840766659246,12.64586726372346,-0.8147059770249092,0.046103465512125,-0.03338055315696397,0.11310295332544501,1,0
2025-11-27 16:55:41.058601,6,12.91586993292744,80.0883435924925,7.854689793150402,1.671620914109555,-0.2533780298080787,0.07968636492132408,0.05471998249774534,1,0
2025-11-27 16:55:42.058601,6,12.915943393697912,80.08822329938673,15.403212612616212,-3.0142818684778923,-0.13744475117322552,-0.022452042591851244,0.07349794830775297,1,0
2025-11-27 16:55:43.058601,6,12.915949079357617,80.08821185310521,1.3940183562804123,-1.392746118585278,0.054218555764940064,-0.03687213156208092,0.03612565995656834,1,0
2025-11-27 16:55:44.058601,6,12.91598983134679,80.08810793662477,12.15444754286527,7.052725161567549,-0.008583073178596589,0.03408373515399796,0.06192154197145392,1,0
2025-11-27 16:55:45.058601,6,12.916043135065912,80.08797672256848,15.425177685792953,1.0599189508806783,-0.05644431358452858,-0.04561104651756168,0.12791750953426956,1,0
2025-11-27 16:55:46.058601,6,12.916094937268157,80.08785441722259,14.470206674429262,-2.76925114877278,-0.128607186887762,-0.12636540665212959,0.09993656923850254,1,0
2025-11-27 16:55:47.058601,6,12.91612171414632,80.08776991248526,9.642037740935063,-1.4492790536582623,-0.15284583671993676,-0.06943239214305484,0.05689935858364341,1,0
2025-11-27 16:55:48.058601,6,12.916152233534161,80.08767200368615,11.154203962543274,3.9571280826378126,0.04199798283230396,0.02889768673104775,0.11036256358990944,1,0
2025-11-27 16:55:49.058601,6,12.916202271475997,80.08752199213394,17.20461837854026,2.7787913870941043,0.21631439000637606,0.0016309775148769662,0.08632377619139756,1,0
2025-11-27 16:55:50.058601,6,12.916251197435676,80.08738215331688,16.121930864134214,-2.7336371116459466,-0.13926223931146975,-0.030100955274331827,0.025332165987230492,1,0
2025-11-27 16:55:51.058601,6,12.91628339723406,80.08728286705748,11.354323629372418,-0.5368872422796273,0.008978580347659307,0.014272884298163563,0.05195204736464652,1,0
2025-11-27 16:55:52.058601,6,12.91633259232552,80.08714906761384,15.517248219807913,-0.26818977558023915,-0.03506588360750335,0.0239753095039667,0.08680204211206691,1,0
2025-11-27 16:55:53.058601,6,12.916363229028754,80.08706181597523,10.063316852235143,-0.9537009706408879,-0.018132355641634044,-0.036414725059174306,0.07713761887370421,1,0
2025-11-27 16:55:54.058601,6,12.91639909114523,80.08694156025383,13.646116345763895,-2.269659484807107,-0.07342115688080911,0.012159648776557126,0.06212341793327163,1,0
2025-11-27 16:55:55.058601,6,12.916411945615673,80.08689888682892,4.846609036354991,-0.22554530069207201,-0.18991256937057774,-0.12880427783731213,0.050288329310025234,1,0
2025-11-27 16:55:56.058601,6,12.916443395179058,80.08677842862626,13.53180408295625,3.695300924209811,0.4232099365880884,-0.006130400312832268,0.05859648277289627,1,0
2025-11-27 16:55:57.058601,6,12.916477884553286,80.08667394612539,11.969972557481514,0.7859919407479845,0.016091257089641594,0.08861296032070572,0.07117240565828306,1,0
2025-11-27 16:55:58.058601,6,12.916521945857538,80.08653983881524,15.35653998327061,1.701890778148325,0.054852152203178545,0.0043496611845424415,0.055920332096460176,1,0
2025-11-27 16:55:59.058601,6,12.916553833027754,80.08640399903783,15.161536381521152,-3.179952354125526,-0.15411085900654461,-0.08622629311304132,0.09337373800445262,1,0
2025-11-27 16:56:00.058601,6,12.916569876282995,80.08632303884818,8.964788613622533,0.275966169583063,-0.10571550944793058,-0.01027262713918944,0.05445312962802939,1,0
2025-11-27 16:56:01.058601,6,12.916607478097552,80.08618246680187,15.817557267189894,2.194945897068828,-0.14303620595260746,0.010717416868478921,0.029677553699745163,1,0
2025-11-27 16:56:02.058601,6,12.91664459274624,80.08606668108402,13.225946075958491,-1.5487799896961063,-0.11327632361532258,0.05165956728407223,0.044262937741716704,1,0
2025-11-27 16:56:03.058601,6,12.916682547622203,80.08595296855923,13.042429122134466,0.5909747922534326,-0.033997890942555675,-0.0326606506134398,0.017758694448159196,1,0
2025-11-27 16:56:04.058601,6,12.916738855476613,80.08582901622563,14.839096786062907,0.9269643138283241,-0.2431709991479548,0.05327077691661315,0.08500706956753905,1,0
2025-11-27 16:56:05.058601,6,12.916805112377123,80.08569971984852,15.850720770867822,-0.4719430715609513,-0.16702843742997076,0.0075764001033764815,0.09195939759105606,1,0
2025-11-27 16:56:06.058601,6,12.916863390960353,80.08558664788998,13.879166019871498,-1.8616780307650695,0.048790820889447244,-0.088708102577232,0.09617489213705323,1,0
2025-11-27 16:56:07.058601,6,12.91690847466581,80.08548100035686,12.51437790436503,-1.7878612661016862,-0.04062119062861816,-0.061706905100117254,0.07006055288760572,1,0
2025-11-27 16:56:08.058601,6,12.916950435202281,80.08539688054091,10.253688483106675,-2.857570036897819,0.04394582170772721,-0.03373358054446377,0.09035914625782616,1,0
2025-11-27 16:56:09.058601,6,12.916976630562038,80.08534291390818,6.54186886277264,2.987835571772409,0.1765395136962821,0.05932619823451085,0.07155936004464608,1,0
2025-11-27 16:56:10.058601,6,12.917050649310621,80.08520934667084,16.672036485787906,-0.7418853453030219,-0.008676584846516556,-0.00012924002387143616,0.061144045326732496,1,0
2025-11-27 16:56:11.058601,6,12.917073086742608,80.08516443302038,5.476406061666309,-4.186736898880976,-0.0576307024407729,-0.09865399896971462,0.09006287068987781,1,0
2025-11-27 16:56:12.058601,6,12.91710084335101,80.08508875165091,8.774328887187307,6.77716261207113,0.2313721706188696,-0.0654612491680562,0.11196301474017134,1,0
2025-11-27 16:56:13.058601,6,12.917164520538295,80.08492643188328,18.9864093863077,1.1457658649973226,0.0021075064815814486,0.018656913517872718,0.07555872212945386,1,0
2025-11-27 16:56:14.058601,6,12.91720558552592,80.08483695965248,10.731124468912078,-2.059888144741515,-0.36815739109240286,0.09823643206814998,0.047272964456235106,1,0
2025-11-27 16:56:15.058601,6,12.917263230561352,80.08471381927774,14.823113942077253,-0.5337146722257593,0.11936179782475,0.15908091886296816,0.09010813290159733,1,0
2025-11-27 16:56:16.058601,6,12.917300107631402,80.08463557305933,9.430935336969315,-5.807667161723935,0.1773744441736266,-0.02212274837855963,0.1380146712982261,1,0
2025-11-27 16:56:17.058601,6,12.917312819042941,80.08460538141992,3.568665307132667,-0.3561291289096066,-0.08646748362889069,-0.053139247129110265,0.025195874480993374,1,0
2025-11-27 16:56:18.058601,6,12.917343639175375,80.08452894181023,8.976122575607498,6.5705205961510424,-0.11556108108861214,0.022740225537495544,0.10860719346882124,1,0
2025-11-27 16:56:19.058601,6,12.917413224971195,80.08438962753267,16.986284442122958,2.756034222191208,-0.05891156580037017,0.060752876266231534,0.0931207792565963,1,0
2025-11-27 16:56:20.058601,6,12.91747815194398,80.08427945789062,13.969711775172478,-2.7917970198108373,0.03463114191452172,0.006521982976480146,0.029363875813893263,1,0
2025-11-27 16:56:21.058601,6,12.917522407919696,80.0841847904825,11.39276166726121,2.291012462991695,-0.06901783323278879,-0.09034174284403519,0.037545770723899106,1,0
2025-11-27 16:56:22.058601,6,12.917594845666825,80.08403574419432,18.07199184119058,-1.427090036554884,-0.06692466968952028,0.06196140490537715,0.058832707735669273,1,0
2025-11-27 16:56:23.058601,6,12.917629373298942,80.08396253439366,8.825074199057958,-4.1037633785754695,0.1963401930399856,-0.00343325428734248,0.013129684671734155,1,0
2025-11-27 16:56:24.058601,6,12.917664726797243,80.08387991965368,9.790463442640462,0.8713872866940707,0.02220145325574874,-0.016651696131293026,0.04210098478178321,1,0
2025-11-27 16:56:25.058601,6,12.91770579016131,80.08379239142897,10.540579907666153,0.7807003804661429,-0.17776456416908024,0.11475655675852886,0.10811189148332274,1,0
2025-11-27 16:56:26.058601,6,12.917760972497469,80.0837034344448,11.441697223706564,1.1820471388305223,0.21109634808068295,0.11445646795482353,0.03144954151136547,1,0
2025-11-27 16:56:27.058601,6,12.917831495492326,80.08359969803068,13.723797540470203,-5.953521907336044,0.083757519210639,0.034686620693018505,0.10449675366920427,1,0
2025-11-27 16:56:28.058601,6,12.917832833238469,80.08359809223008,0.22921327242480313,-6.93603000407481,0.2713025069293473,0.14661840825540354,0.005609536477323051,0,0
2025-11-27 16:56:29.058601,6,12.917834318854537,80.08359645929659,0.242377886297696,-0.13379668647547954,-0.09110050431013506,-0.06390906431551042,0.025522596649676665,0,0
2025-11-27 16:56:30.058601,6,12.917835278824004,80.08359500185826,0.19086859068971662,0.12779477801132794,0.03780348135172966,0.012510250512304234,0.02828407028641272,0,0
2025-11-27 16:56:31.058601,6,12.917835602444924,80.08359461579573,0.055252026858919376,-0.07884328177382124,0.314502563145074,0.05608110936912826,0.009190315846994881,0,0
2025-11-27 16:56:32.058601,6,12.917837180026575,80.08359247431228,0.2912718763533343,-0.038261173939432847,-0.16167444044953397,-0.02916201139368538,0.03445363481262521,0,0
2025-11-27 16:56:33.058601,6,12.917838835400307,80.08359036101642,0.29418318602691174,0.2887383335728794,-0.09416291488415486,-0.011119880980605998,0.008102393625244396,0,0
2025-11-27 16:56:34.058601,6,12.917839802118609,80.08358904432998,0.17886968793330457,0.1378701617057664,-0.1335200881761551,0.022208498675597932,0.017793180130932243,0,0
2025-11-27 16:56:35.058601,6,12.917840577982547,80.08358802977872,0.13992675972731466,-0.15695264549099766,0.277045461975699,0.011019658559811856,0.0016544893217031009,0,0
2025-11-27 16:56:36.058601,6,12.917841240164801,80.0835871913435,0.1170942973738414,0.11975380656448696,0.07358488519940912,-0.03573661153161695,0.0029347446338635584,0,0
2025-11-27 16:56:37.058601,6,12.9178419519825,80.08358616864435,0.13636063031593507,-0.16242406367820109,-0.2001103133578635,-0.07539942037635686,0.05704937877844893,0,0
2025-11-27 16:56:38.058601,6,12.917841996234527,80.08358610462514,0.008516157052456074,-0.33720473220038516,0.1392748489445638,0.10661822165723049,0.015403219954149228,0,0
2025-11-27 16:56:39.058601,6,12.917842075196068,80.08358600980871,0.01353219969587136,-0.256665168902947,0.2754917548779223,0.08735187720234128,0.02746126642697516,0,0
2025-11-27 16:56:40.058601,6,12.91784253787795,80.08358542113741,0.08205591918135048,-0.08918215306678104,0.16198050789280774,0.05806460536746864,0.015639243855552102,0,0
2025-11-27 16:56:41.058601,6,12.917842839310648,80.08358506987538,0.05078180741224184,0.11051316796772648,0.26292546201609873,-0.08191341903882735,0.018148025402610016,0,0
2025-11-27 16:56:42.058601,6,12.9178433468489,80.08358426608547,0.10392078992462263,-0.1126413388258371,-0.003033602218004102,-0.09383386921616818,0.011011196602922662,0,0
2025-11-27 16:56:43.058601,6,12.917844015222602,80.08358308413835,0.14827373524345458,-0.3425665848799771,-0.030630112882236406,-0.004414635292124934,0.014489533445213018,0,0
2025-11-27 16:56:44.058601,6,12.917845145631787,80.08358116999625,0.24285133984177354,0.19652339194307067,-0.15023091935714178,0.007465359244109043,0.01322275020237233,0,0
2025-11-27 16:56:45.058601,6,12.917846060034341,80.08357953315829,0.20471612123657945,-0.025194889991776284,-0.3254783145809899,0.0379495193760816,0.006333878259365376,0,0
2025-11-27 16:56:46.058601,6,12.91784625862361,80.08357920233168,0.042159387999995114,-0.14299367440452831,-0.017043738321806945,0.10591526767783649,0.0028580899714572595,0,0
2025-11-27 16:56:47.058601,6,12.91784746568257,80.08357753837339,0.22507003817123727,-0.16320392023283423,-0.024986517162402955,0.06447708552460932,0.005273976441232909,0,0
2025-11-27 16:56:48.058601,6,12.917847841050147,80.08357704581952,0.0678433067495031,0.07148251948031983,-0.08021479576534822,0.01860324639403457,0.0073573771119014785,0,0
2025-11-27 16:56:49.058601,6,12.917848167269366,80.08357663813385,0.057234634595080165,-0.15792472714667424,0.03390740242207636,-0.03528073632738998,0.0029111444961353043,0,0
2025-11-27 16:56:50.058601,6,12.917849390693494,80.08357506604037,0.21828662275352007,-0.22685801625811006,0.0258501385821378,0.029312999494252055,0.019892793982578736,0,0
2025-11-27 16:56:51.058601,6,12.917849677260984,80.08357473516111,0.04802874983104914,0.4675467343598281,0.13848437023322582,0.14329665500056138,0.013700672209170294,0,0
2025-11-27 16:56:52.058601,6,12.917851490505951,80.08357323890024,0.2590458417203923,0.3812464937152197,0.03525846295445093,0.132665788704709,0.03809328347197554,0,0
2025-11-27 16:56:53.058601,6,12.917853440556307,80.08357180441718,0.2671195250236155,-0.15449451640862252,0.09493712169672261,0.07427516331943174,0.005540276198127188,0,0
2025-11-27 16:56:54.058601,6,12.917855113704237,80.08357063320611,0.22548310251480413,-0.188367691522454,-0.0728297672214797,0.19443515041610976,0.021173796030707393,0,0
2025-11-27 16:56:55.058601,6,12.917857279354044,80.08356947572409,0.2718362660048736,-0.22028887934591082,0.0811019719556587,0.15675044832544266,0.025662428561139712,0,0
2025-11-27 16:56:56.058601,6,12.917857866974307,80.08356924277054,0.07012815736170845,0.11461983558677413,0.05961495866388937,0.0425664459439069,0.010868775007793761,0,0
2025-11-27 16:56:57.058601,6,12.917859482046001,80.08356849155511,0.19740596981734854,0.13887792378371638,-0.12188767734921638,0.029152717049392596,0.005325348906685405,0,0
2025-11-27 16:56:58.058601,6,12.91786118896411,80.08356779639304,0.2044394614904668,0.04329976350477767,-0.32616048063134523,-0.00486474638397723,0.010781636682378621,0,0
2025-11-27 16:56:59.058601,6,12.917861764537813,80.08356750734688,0.07133779240638612,-0.7688139198406414,0.06844216962225219,-0.12309405975327041,0.002871324964825849,0,0
2025-11-27 16:57:00.058601,6,12.91786176480383,80.08356750720512,3.336992666381766e-05,0.3176357351917331,-0.03058925558535578,-0.06662205281150504,0.015469472275819303,0,0
2025-11-27 16:57:01.058601,6,12.917862458979197,80.08356713642138,0.08712238999477502,-0.20129178124274458,0.03955714787847983,0.004645912946081333,0.020600992247321207,0,0
2025-11-27 16:57:02.058601,6,12.917863130103074,80.08356675744852,0.0852795284231906,-0.4778662683689174,0.1726935084836473,-0.06334427993757985,0.0012333610682938268,0,0
2025-11-27 16:57:03.058601,6,12.917863905671933,80.08356625634072,0.10203280844040152,-0.11439810307882498,-0.037533332338553285,0.05190807674402763,0.021230283103036332,0,0
2025-11-27 16:57:04.058601,6,12.917865237226323,80.08356560163655,0.16437398074009854,-0.14354813513079254,0.09983302381939577,0.10527644381703355,0.0025233562578895474,0,0
2025-11-27 16:57:05.058601,6,12.917867461864011,80.08356456920956,0.2718079958411827,-0.16899993037602626,-0.041654889798649744,-0.015845224491796935,0.004311060616945314,0,0
2025-11-27 16:57:06.058601,6,12.917867485725996,80.08356455807767,0.0029180686283912347,-0.20414251553436302,0.13952317564786984,0.04000920968584704,0.017597918765514767,0,0
2025-11-27 16:57:07.058601,6,12.9178684434774,80.08356420388925,0.1133326500050526,0.09712489330015353,-0.11823507795790372,0.03560405095471422,0.006358972495645305,0,0
2025-11-27 16:57:08.058601,6,12.917868603533613,80.0835641592568,0.018463955634154528,0.3528897328296086,-0.2833972202756322,0.03598074152434903,0.015136786673982055,0,0
2025-11-27 16:57:09.058601,6,12.91786882444031,80.08356408210011,0.025977495635648374,0.18687247551331615,0.18827586645506691,0.027841150045667305,0.009964813771783028,0,0
2025-11-27 16:57:10.058601,6,12.91787127139675,80.08356329794631,0.2853758366400879,-0.01585469965672784,-0.05660449442916903,-0.01583714003702171,0.018234176670520134,0,0
2025-11-27 16:57:11.058601,6,12.917873660522385,80.08356231706232,0.2864650124226068,-0.5024008583600204,-0.1586194953702694,-0.07596173424784967,0.025075095102891107,0,0
2025-11-27 16:57:12.058601,6,12.917873706531116,80.08356229561007,0.005625871561040385,-0.04053793114056717,0.035712348238899266,-0.09245246433657914,0.029051076203723786,0,0
2025-11-27 16:57:13.058601,6,12.917874870120338,80.08356168800222,0.14534539730553694,0.23987412880741446,-0.006141749075043516,-0.07389881820747726,0.008528588959326918,0,0
2025-11-27 16:57:14.058601,6,12.917876072024928,80.08356101958712,0.1521908644377139,-0.04940973963415521,0.3420276545942256,-0.01923041330175567,0.002690013055854486,0,0
2025-11-27 16:57:15.058601,6,12.91787744408562,80.08356035704065,0.1688121670629514,0.0462831573906539,0.05205382580971838,-0.04498289990556761,0.0297823023481662,0,0
2025-11-27 16:57:16.058601,6,12.917879121641377,80.0835592220339,0.22370186479453977,-0.22958614686631765,-0.1494815863494379,-0.09788433828256349,0.0020826090910672107,0,0
2025-11-27 16:57:17.058601,6,12.917880790293282,80.08355771652556,0.2473715314151468,-0.11393773479832683,-0.06419512287892251,-0.051701778345827204,0.006890481501331563,0,0
2025-11-27 16:57:18.058601,6,12.91788208531445,80.08355637125682,0.20516297724191687,-0.23400882426238728,-0.04888717670312478,-0.038011889868519486,0.001998436837875042,0,0
2025-11-27 16:57:19.058601,6,12.917882274356895,80.08355618776957,0.028970398845981016,-0.003227518967145765,-0.12724632819210557,-0.008141400373800095,0.0052864241488757005,0,0
2025-11-27 16:57:20.058601,6,12.917882681082537,80.08355585384366,0.05799081695421212,0.38879205205889433,-0.167993135924707,0.033876749145099805,0.009567882046107713,0,0
2025-11-27 16:57:21.058601,6,12.917884677015465,80.08355429598925,0.279183293453907,0.2807607454679451,0.11154476334077373,0.010566401964990056,0.028280904467225258,0,0
2025-11-27 16:57:22.058601,6,12.91788643336321,80.08355287475537,0.249019139327487,0.05972661433912094,-0.36197051957150367,-0.10978308477195356,0.028871253156431187,0,0
2025-11-27 16:57:23.058601,6,12.917886546938023,80.08355276298452,0.01751990966714001,-0.14574543928925146,0.0026419273086823896,-0.07203846612993273,0.01546694905565454,0,0
2025-11-27 16:57:24.058601,6,12.917886745477432,80.0835525411943,0.03267537703226877,0.1928990844875601,-0.1213959609721211,-0.06481183831080485,0.031643346205192054,0,0
2025-11-27 16:57:25.058601,6,12.917887483460463,80.08355160988425,0.13023687236358122,-0.00548924178490566,-0.20013217614026949,0.030733890847830125,0.02653683122640163,0,0
2025-11-27 16:57:26.058601,6,12.91788875647275,80.08355001774807,0.22344991953453008,-0.17973004561650813,-0.0427791316425859,0.04731103789786187,0.014195751335428908,0,0
2025-11-27 16:57:27.058601,6,12.917889664522319,80.08354891373226,0.15674690207847977,0.005717774198447229,0.027348590918067444,0.035048454579578926,0.011199096592998206,0,0
2025-11-27 16:57:28.058601,6,12.917891308111399,80.0835471107528,0.26786632578431185,-0.22246038816204378,-0.15675396948328332,0.07588900303845686,0.017205278869790574,0,0
2025-11-27 16:57:29.058601,6,12.917892862991435,80.08354547577525,0.24786173245663126,-0.22574029529992234,-0.04226105178146038,0.06616459455549745,0.006317875971549564,0,0
2025-11-27 16:57:30.058601,6,12.917894070281196,80.08354429458464,0.18571575006619978,-0.28474720563364203,-0.04500938437688166,-0.08626301550518556,0.001982264239854994,0,0
2025-11-27 16:57:31.058601,6,12.917894894759073,80.08354332266404,0.13980864652340427,-0.45360311971313116,0.042641025006862,-0.053289940753057,0.005655906946356202,0,0
2025-11-27 16:57:32.058601,6,12.91789553820746,80.0835424968754,0.11471769588447778,0.0719999813681608,-0.17152261636237204,-0.017426644742186442,0.04999211088577152,0,0
2025-11-27 16:57:33.058601,6,12.91789638602819,80.08354160947312,0.13483265002563535,0.1476317599917611,-0.25771276978635527,0.027327151206487536,0.011027468557817556,0,0
2025-11-27 16:57:34.058601,6,12.917896690071025,80.0835412903731,0.04842015458985022,0.09750953068310313,0.07767778946384475,-0.019250967022835287,0.009557885339068912,0,0
2025-11-27 16:57:35.058601,6,12.917897668346155,80.08354029540011,0.1533498221070719,-0.27614336068089373,0.04509339962578236,-0.020494485466480156,0.01776434828069071,0,0
2025-11-27 16:57:36.058601,6,12.917897888570304,80.08354007359985,0.03435495508661104,-0.007674607517427122,0.07736667004251169,0.045821719718926845,0.01602247617195087,0,0
2025-11-27 16:57:37.058601,6,12.91789859037892,80.08353942775501,0.10495226230823078,0.251067922242338,0.1298787346976081,-0.009023410540788385,0.028265240084272718,0,0
2025-11-27 16:57:38.058601,6,12.917899323872149,80.08353866385187,0.11635388515107253,-0.023971409037395704,0.015906741731741843,-0.07956707928967009,0.032384363644135924,0,0
2025-11-27 16:57:39.058601,6,12.91789950378467,80.08353844570934,0.03100690155925474,0.3408128929752089,0.05985274094384107,0.17173018952743666,0.03733396669670722,0,0
2025-11-27 16:57:40.058601,6,12.917901411403719,80.08353674535674,0.2813149993823385,-0.2385717686205197,-0.28872662193417487,0.05543129390850854,0.015798046465256038,0,0
2025-11-27 16:57:41.058601,6,12.917902385724494,80.08353571519508,0.15575484188523556,-0.6391628235645749,-0.2885272254077638,-0.06551952997362662,0.012133833521640583,0,0
2025-11-27 16:57:42.058601,6,12.917903367796486,80.08353462710238,0.16091114090150763,0.13193477259925224,-0.013394678420465529,-0.08153964838338525,0.011838252937869624,0,0
2025-11-27 16:57:43.058601,6,12.917903711690437,80.08353416664653,0.06294441241453558,-0.10236655057733858,0.10023176532526117,0.017759063226289548,0.025653612468194777,0,0
2025-11-27 16:57:44.058601,6,12.917904741460179,80.08353277424946,0.18965593061330585,0.17784069487786114,0.041982775700840656,-0.12514055463437432,0.0116393382118453,0,0
2025-11-27 16:57:45.058601,6,12.91790483288188,80.0835326309492,0.018584015511266015,-0.4041812688612396,0.09887706942634923,-0.01200340753783155,0.0027483133318787125,0,0
2025-11-27 16:57:46.058601,6,12.917905937322974,80.08353080741118,0.23295945351193884,0.14320658550241153,-0.0012502399915639397,-0.09691722830357816,0.018280907010417038,0,0
2025-11-27 16:57:47.058601,6,12.917907158050546,80.08352857442966,0.27780846447648033,0.3066142823787713,0.11398434827692867,-0.04264982939544257,0.015365283570610825,0,0
2025-11-27 16:57:48.058601,6,12.91790777484495,80.08352742717328,0.14216973197688718,0.2561887217563946,-0.23844742199395394,-0.004181880627265662,0.004304860828285321,0,0
2025-11-27 16:57:49.058601,6,12.917908577060848,80.08352555081649,0.22232930381013144,0.07364264959136749,0.010578928012096448,-0.02982161752901994,0.013796624952837932,0,0
2025-11-27 16:57:50.058601,6,12.917909162795544,80.08352436751746,0.14400851122452435,-0.05574035661515339,-0.08650515197055915,0.003997488220271482,0.023865336708436175,0,0
2025-11-27 16:57:51.058601,6,12.917910256089572,80.08352225812742,0.2592374457149225,0.4051228961218132,-0.03994906385906611,0.13103707864184985,0.03423600741389572,0,0
2025-11-27 16:57:52.058601,6,12.917911123127558,80.08352085256298,0.18049398788915158,0.09999377563437095,-0.2645823067360106,0.05343652444322905,0.0002821379011739406,0,0
2025-11-27 16:57:53.058601,6,12.917911836219274,80.08351985096155,0.13458767496901158,0.2043699685125165,-0.007688959913583786,0.030456418195842383,0.01503362452230044,0,0
2025-11-27 16:57:54.058601,6,12.917913343362983,80.08351812302081,0.25160520097491645,-0.14354174333507003,-0.04962035317367435,0.06351623765440184,0.025199494011880864,0,0
2025-11-27 16:57:55.058601,6,12.917914281558915,80.08351708751967,0.15340559102173076,0.3777541213511439,-0.006191673988404024,0.0004164955459093067,0.004744739822795308,0,0
2025-11-27 16:57:56.058601,6,12.917914396872582,80.08351694008643,0.02051152666784498,-0.11924076136512392,-0.028544608758534772,0.006588604255123445,0.029153782384963745,0,0
2025-11-27 16:57:57.058601,6,12.917916058752134,80.08351509684175,0.2724523697675035,-0.23886744665375603,0.027491312949642355,-0.0059566221348994995,0.02258238444324492,0,0
2025-11-27 16:57:58.058601,6,12.917917272854856,80.08351361131346,0.21035901719930197,-0.1554138636949756,0.2284475899095037,-0.012938807962121289,0.00896551444564345,0,0
2025-11-27 16:57:59.058601,6,12.917917388064788,80.08351347368153,0.019685724731870913,-0.06780016801778332,0.25486160735494895,-0.04221860210506225,0.02658403598532394,0,0
2025-11-27 16:58:00.058601,6,12.917918477192776,80.08351209212755,0.1928051362858252,0.07593402122803758,-0.005926725050467544,0.03723138834587788,0.005412878897211945,0,0
2025-11-27 16:58:01.058601,6,12.917919359932064,80.0835110559335,0.14932777013742074,-0.09018070893212543,0.07614015423639427,0.04442358651489551,0.003583488695655981,0,0
2025-11-27 16:58:02.058601,6,12.9179199349666,80.0835103591894,0.09906411333537023,-0.12348481234367166,0.08354349824856143,-0.060359063112598914,0.000651912283712878,0,0
2025-11-27 16:58:03.058601,6,12.917920159351752,80.0835100852396,0.038827845163451724,-0.09892223254398766,0.03846814127750601,-0.033018939064370256,0.016239161608614078,0,0
2025-11-27 16:58:04.058601,6,12.91792115674821,80.08350861633012,0.19425217079371035,0.28186109151173416,-0.014219543946700539,-0.022003550154988286,0.017802278012266835,0,0
2025-11-27 16:58:05.058601,6,12.917922479678415,80.08350687199285,0.23982296956583005,-0.1534316813158238,0.1740663672331132,0.030216099171085496,0.020619217420760068,0,0
2025-11-27 16:58:06.058601,6,12.917922843087753,80.08350637920448,0.06705189787166096,-0.029052293912496252,0.12302450893458607,-0.10534246017344451,0.0024510859041787848,0,0
2025-11-27 16:58:07.058601,6,12.917924282482925,80.08350410327381,0.29439098904577515,0.253837434326952,-0.031203082562767544,0.01922647397433533,0.025241963707110723,0,0
2025-11-27 16:58:08.058601,6,12.917925238442036,80.08350253645463,0.20057573123576755,0.09836575063343762,0.18436093937308778,-0.07791104210179947,0.03704992730570651,0,0
2025-11-27 16:58:09.058601,6,12.917926521829502,80.08350037661937,0.2744786712487394,0.46148811765570974,0.11511970932932855,-0.10401228680732723,0.029972097337205964,0,0
2025-11-27 16:58:10.058601,6,12.91792679053573,80.08349985851595,0.06368238375091917,0.06957604328057401,-0.23531161576580664,0.020752665706464054,0.0074323346454797335,0,0
2025-11-27 16:58:11.058601,6,12.917928054356688,80.08349798458025,0.2472684935544048,-0.292177490519346,0.31010587157383007,0.03188290385454139,0.02974422701294432,0,0
2025-11-27 16:58:12.058601,6,12.917928878927425,80.08349679329473,0.1585428041542918,-0.4576316783765116,0.06354392600515227,0.017213156807146114,0.03847087673855667,0,0
2025-11-27 16:58:13.058601,6,12.917928935929616,80.08349670429016,0.011556042959910294,-0.16618851298798723,-0.04077581563254182,-0.021462164244664975,0.015683638015001354,0,0
2025-11-27 16:58:14.058601,6,12.917929779525048,80.08349488727711,0.21838841767999975,0.05837090604113683,-0.16803878412858106,-0.11684997038460596,0.0014296723748723455,0,0
2025-11-27 16:58:15.058601,6,12.917929835686587,80.08349476471227,0.014695830247679386,-0.12349183543705977,0.07230387467402319,0.030206875716165118,0.015501959457449045,0,0
2025-11-27 16:58:16.058601,6,12.9179308281986,80.08349282801566,0.23742728286950585,0.3161009126164253,-0.02954517770662573,0.004514506463797379,0.03591751060569391,0,0
2025-11-27 16:58:17.058601,6,12.917931742707777,80.08349095696902,0.22712315550209908,-0.006160215818484597,0.015919851484317925,-0.037963589242799994,0.0023066445933583803,0,0
2025-11-27 16:58:18.058601,6,12.917932517715737,80.0834889776132,0.23146203864079426,-0.2179928508357113,0.0387610840765722,-0.13938639713466844,0.03262272668489601,0,0
2025-11-27 16:58:19.058601,6,12.917932538552536,80.08348892307193,0.006356659146708987,0.3722780423033586,-0.18200063975184996,-0.058021783432718854,0.0030129627009547267,0,0
2025-11-27 16:58:20.058601,6,12.917933172669827,80.08348722513541,0.1973049803407261,-0.04794523784945333,0.2101195458515856,-0.06986289760284312,0.022484086240558504,0,0
2025-11-27 16:58:21.058601,6,12.91793391511252,80.08348516437326,0.23840070871766028,-0.2893228872355423,0.17154960802545252,-0.11029214167491684,0.004441707561321046,0,0
2025-11-27 16:58:22.058601,6,12.91793397942418,80.08348500223767,0.018994379226563284,-0.14834526319151098,0.17623518891539453,0.0009085158623011506,0.04359062456287406,0,0
2025-11-27 16:58:23.058601,6,12.917934110783417,80.0834846348089,0.042467158160157635,0.04497867575049036,-0.04121677201319856,-0.04981129878934686,0.004724185457758367,0,0
2025-11-27 16:58:24.058601,6,12.91793497076183,80.08348261389376,0.23927763412067896,0.12579131616688594,0.1074034397938392,0.00920318344393882,0.0030832378106107334,0,0
2025-11-27 16:58:25.058601,6,12.917935135637107,80.08348227610068,0.04099278348925597,-0.010635800945508603,-0.0820713044037324,-0.018639692416773657,0.018896310158253687,0,0
2025-11-27 16:58:26.058601,6,12.917935158935833,80.08348222716592,0.005909540165314219,-0.17948448091534458,-0.09769015839453576,-0.0510670942348838,0.028088406288020475,0,0
2025-11-27 16:58:27.058601,6,12.917935201766358,80.08348212458937,0.012108904287789235,0.11059909203710422,0.06076836261894257,-0.05210891681166012,0.017549919394078746,0,0
2025-11-27 16:58:28.058601,6,12.917935952566571,80.0834802735189,0.21755692166443644,0.14755395342523517,0.241056214756789,-0.003606160439706803,0.013641426521411527,0,0
2025-11-27 16:58:29.058601,6,12.917936446051035,80.08347900287917,0.14841956588330044,-0.06102555850820477,-0.048226866690167125,0.012885818405404158,0.004890034398225241,0,0
2025-11-27 16:58:30.058601,6,12.917936516376814,80.08347881996613,0.021336264291625672,-0.12353884042447316,-0.10040371417158234,0.04442126396111237,0.010697189956590776,0,0
2025-11-27 16:58:31.058601,6,12.917937212002482,80.08347727552167,0.18461523444999348,0.5982258014346447,0.13170127693722586,0.033584866232755646,0.004216550593583878,0,0
2025-11-27 16:58:32.058601,6,12.917938051028523,80.08347488123532,0.27608575762255,-0.13378479706037055,-0.08682595184853567,0.017441673582429915,0.004185056973046637,0,0
2025-11-27 16:58:33.058601,6,12.917938161069467,80.08347453907655,0.03909669093447826,-0.21050925602664222,0.24213323169331968,0.036403477574212445,0.03865163806432386,0,0
2025-11-27 16:58:34.058601,6,12.917938589464757,80.0834734139537,0.13107190301994667,0.04940902628621541,0.331048547925281,0.05340153648012021,0.007915348786129517,0,0
2025-11-27 16:58:35.058601,6,12.917939587250736,80.08347094015713,0.2905074641342221,-0.13375786735661477,0.022914375298330025,-0.06603112021855918,0.0016658399265409205,0,0
2025-11-27 16:58:36.058601,6,12.917939891789008,80.08347019774624,0.08740250427316167,0.059113807179591464,-0.16696411522152074,-0.08878733552940823,0.003292827593685588,0,0
2025-11-27 16:58:37.058601,6,12.917940892165666,80.0834677540226,0.28760640287467876,0.006372828565409924,-0.17778015787596496,-0.059534600757763456,0.015841251720089246,0,0
2025-11-27 16:58:38.058601,6,12.917941722905532,80.08346573388145,0.23791671651786744,-0.22435678879956217,0.030808277740059814,-0.03326328214799763,0.006886892030248543,0,0
2025-11-27 16:58:39.058601,6,12.917942172659044,80.08346450209878,0.14273147576808806,0.12152088637548764,-0.05877029785359544,-0.06683814888251696,0.011661583272187416,0,0
2025-11-27 16:58:40.058601,6,12.917942292559431,80.0834641798138,0.03743207698181761,0.14211669200731686,0.03663442025179408,-0.013237323585611218,0.012026572251495067,0,0
2025-11-27 16:58:41.058601,6,12.91794320110264,80.08346158431236,0.29925049226400596,0.11651983097142046,-0.11504359459734106,0.010227998574649923,0.04111690762544125,0,0
2025-11-27 16:58:42.058601,6,12.91794363880021,80.0834603479086,0.14273748151473273,-0.18861982422774481,-0.15044021211170575,-0.01835603734068538,0.012223377761540208,0,0
2025-11-27 16:58:43.058601,6,12.917943768447131,80.08345994106776,0.046446019950287444,-0.24921619223665115,0.014244855460843581,-0.04036303942912077,0.016567920970802858,0,0
2025-11-27 16:58:44.058601,6,12.917944201830384,80.08345848300998,0.16540772916982246,-0.33038201719275373,-0.23202426510960494,0.05648174768256521,0.000619838253761148,0,0
2025-11-27 16:58:45.058601,6,12.91794461549425,80.08345723404064,0.14313683748811243,0.19992415532414826,0.002301871073465831,0.09422247070192408,0.007192589726584303,0,0
2025-11-27 16:58:46.058601,6,12.91794528805007,80.08345580503511,0.17219162368987373,-0.17340776492385357,0.26134664362326676,0.1444096128636242,0.012359136504011976,0,0
2025-11-27 16:58:47.058601,6,12.917946607872704,80.08345363432566,0.2776119587893036,0.023931918873760498,0.016338942984094343,0.06931224288707614,0.015089944333122702,0,0
2025-11-27 16:58:48.058601,6,12.91794726746454,80.08345255635354,0.13810801115804697,-0.3261361691485961,0.09246289704176998,-0.03774237482411803,0.012919754263740563,0,0
2025-11-27 16:58:49.058601,6,12.917947646174838,80.08345200267921,0.07339547004484775,0.11667481326599331,-0.1842347127738726,0.14217115068979763,0.0040498132560913645,0,0
2025-11-27 16:58:50.058601,6,12.917949343218302,80.08345015732296,0.27529198263385163,0.03447009836376209,0.07302498533489232,0.10927247430980995,0.02955837041890523,0,0
2025-11-27 16:58:51.058601,6,12.9179503766001,80.08344910033716,0.16244448521443214,0.0011839324934021633,-0.25468594065015515,-0.048971725590343324,0.006596108605203289,0,0
2025-11-27 16:58:52.058601,6,12.917952136632952,80.08344708523742,0.2935983439975167,-0.0061159230122802,-0.26230698347140985,-0.027447157648521583,0.009631873492167813,0,0
2025-11-27 16:58:53.058601,6,12.917952239144558,80.08344698001143,0.016143105943618053,-0.04734844226088844,-0.3146241771392985,-0.026534731706686458,0.012911874904296577,0,0
2025-11-27 16:58:54.058601,6,12.917952482631069,80.08344671130872,0.039809838407778804,-0.2597990075421972,0.07854103015234462,-0.05240004847301399,0.019140642394310185,0,0
2025-11-27 16:58:55.058601,6,12.917953192774338,80.0834457942325,0.12709154190227645,0.15019580748202027,0.11683982780109534,-0.03362916820430448,0.005084418077763727,0,0
2025-11-27 16:58:56.058601,6,12.917954262536096,80.0834441095115,0.21817743237488355,-0.11462115085140873,-0.11855829293717278,-0.11295317385582382,0.012542328664311805,0,0
2025-11-27 16:58:57.058601,6,12.917954599992633,80.08344352865866,0.07337468554701533,-0.1086710279100235,0.11989807643531428,-0.16827453124521802,0.007455156090713672,0,0
2025-11-27 16:58:58.058601,6,12.917955037591367,80.08344271390902,0.10094180661598288,0.09277646549839724,-0.25653627038715654,0.08748690868512185,0.0069961747555440336,0,0
2025-11-27 16:58:59.058601,6,12.917956175962559,80.08344104751414,0.22080685425982727,0.02557152853556107,-0.3173203784879121,0.12479052956626258,0.024057634865487003,0,0
2025-11-27 16:59:00.058601,6,12.91795620847013,80.08344099440068,0.006805306061489568,-0.014049780490151494,-0.02399723253156202,0.02389474240814675,0.007766189757906914,0,0
2025-11-27 16:59:01.058601,6,12.917957247942788,80.08343915626466,0.23059366943117762,-0.0689688587378727,0.05827128017149848,-0.04609221499939742,0.015328276751313137,0,0
2025-11-27 16:59:02.058601,6,12.917958313528915,80.08343670722475,0.29102094811412993,-0.09501319761371838,-0.08686989249719683,-0.020348261853310144,0.01417817281583697,0,0
2025-11-27 16:59:03.058601,6,12.917959250180035,80.08343459474526,0.2518277654216747,-0.23926077360694503,0.013049369007632419,0.08832520302103844,0.03155747682243053,0,0
2025-11-27 16:59:04.058601,6,12.9179596211501,80.08343379582854,0.09602501423304959,0.1865658954920814,0.12135589391904171,0.0775340117096194,0.005085810917144748,0,0
2025-11-27 16:59:05.058601,6,12.91796073232716,80.08343160343378,0.26813607920937393,-0.05150952810890633,0.11408325564049776,0.05729564906156474,0.0028287376480946812,0,0
2025-11-27 16:59:06.058601,6,12.917961798143967,80.08342980143281,0.22871801719681462,-0.08166148486315188,0.05048763941960511,0.0890156692036192,0.024918852206469264,0,0
2025-11-27 16:59:07.058601,6,12.91796272153478,80.0834282513422,0.19712479841614425,-0.00469742060909778,0.06917788491881807,-0.005642299826536232,0.017832592272593963,0,0
2025-11-27 16:59:08.058601,6,12.917963546795075,80.0834268752479,0.17531888229461712,-0.4196426671928662,-0.09977857121092965,0.09385155475951451,0.012653547529665125,0,0
2025-11-27 16:59:09.058601,6,12.917963922402095,80.08342627384702,0.0775048335260883,0.049299804213466795,0.028158563954172988,0.03664443000023772,0.0015704436177890187,0,0
2025-11-27 16:59:10.058601,6,12.91796442693798,80.08342541364502,0.10893648502850235,0.1235378269575089,-0.13212281789721297,0.03377690732792073,0.0010275804054527748,0,0
2025-11-27 16:59:11.058601,6,12.917965496537958,80.08342364312779,0.2260258160561956,0.20854426116117947,-0.07917631505558088,0.031871605868056374,0.00012354148612347062,0,0
2025-11-27 16:59:43.058601,7,12.897913681843587,80.09835828861756,0.16332263736753536,0.29086797635038814,0.12236628133836785,0.0649649786168078,0.013302917090266674,0,0
2025-11-27 16:59:44.058601,7,12.897915490154556,80.09835828083489,0.2013029485546741,-0.09555805882385195,0.10615370366359013,-0.03910446410649304,0.0364525372597868,0,0
2025-11-27 16:59:45.058601,7,12.897916994313652,80.0983582975451,0.16745280809237964,-0.17222881770552476,-0.15689788067971677,-0.03092646310847462,0.02883166820524046,0,0
2025-11-27 16:59:46.058601,7,12.897918955463357,80.09835826281109,0.21834771728717037,0.11654285747934794,0.1194725927050343,-0.08808811635860272,0.004676160694193959,0,0
2025-11-27 16:59:47.058601,7,12.897920503466993,80.09835818562956,0.17252716210325725,0.07490412157001161,0.043330663857704274,0.0504881251899732,0.006792386679050502,0,0
2025-11-27 16:59:48.058601,7,12.897921680944568,80.09835819270303,0.13107905082201127,0.11142786663737952,-0.029269748358507378,-0.034448023703242014,0.004624274258547745,0,0
2025-11-27 16:59:49.058601,7,12.897922583070926,80.09835808948158,0.10104740066074312,0.06314759913294299,-0.3558279790066928,-0.14524572192164692,0.00019851645249026637,0,0
2025-11-27 16:59:50.058601,7,12.897923475247511,80.09835785684915,0.10247491228115078,-0.06748930124371935,0.06431890962069477,-0.08527124420175237,0.036076955701089784,0,0
2025-11-27 16:59:51.058601,7,12.897925384197983,80.09835731076184,0.2206115523046263,-0.12166681324270034,0.26392241466278205,0.13277685976967596,0.027356879724673502,0,0
2025-11-27 16:59:52.058601,7,12.897927929940503,80.09835686605324,0.2874712016215184,0.14573051360682368,-0.16094892019778864,0.07843687421252474,0.005227243292745371,0,0
2025-11-27 16:59:53.058601,7,12.89792894363374,80.09835670398354,0.11420649913658558,-0.07166878967678449,-0.020778097222226847,0.13710162762287384,0.00895211696373326,0,0
2025-11-27 16:59:54.058601,7,12.897929869108973,80.09835658658322,0.10380854200046279,-0.05725499520699757,0.09516050668640927,-0.05855622783442725,0.011396846037469311,0,0
2025-11-27 16:59:55.058601,7,12.897931918901278,80.09835625130536,0.23106500353996598,-0.2103248525823313,-0.08506376055074177,0.06669100075506769,0.020180400480379487,0,0
2025-11-27 16:59:56.058601,7,12.897933028999852,80.09835613963529,0.12416885121339014,-0.11804556841541422,-0.1628703082473017,0.04497196330487201,0.022579052071742992,0,0
2025-11-27 16:59:57.058601,7,12.897933302727152,80.09835609948806,0.030781163197603843,0.15155655076374475,0.14573075073299052,0.02798705763844561,0.02119089218507139,0,0
2025-11-27 16:59:58.058601,7,12.897934862084442,80.09835593996651,0.17444857657861068,0.08055331539970438,-0.07483465214103745,0.023388292959912807,0.020608821425584435,0,0
2025-11-27 16:59:59.058601,7,12.897935533376897,80.098355959971,0.0747597969238707,-0.07159645816998947,0.15172199315721518,0.08673655373748707,0.0028473259679838736,0,0
2025-11-27 17:00:00.058601,7,12.897937041735444,80.09835613037485,0.16892553045751302,0.1801403642850627,-0.3549775164996721,-0.013886913457285217,0.011857583762556374,0,0
2025-11-27 17:00:01.058601,7,12.897937139306292,80.09835612690232,0.010868120994857887,-0.08779511185149466,-0.07205077180102926,-0.08300545599363872,0.020212744920922364,0,0
2025-11-27 17:00:02.058601,7,12.897938474187827,80.09835599326995,0.1493048380243579,0.05601053289087218,0.14035141754143626,0.08744490311181641,0.03694729283521127,0,0
2025-11-27 17:00:03.058601,7,12.897938956379322,80.09835599760918,0.05367962231927359,-0.01032199058641153,-0.2004322137785072,0.044725429327545016,0.004600080748988157,0,0
2025-11-27 17:00:04.058601,7,12.89793956609265,80.09835594668361,0.06809786963186522,0.13769207054890498,-0.11277089403650696,-0.0021973938873612424,0.007537885846201114,0,0
2025-11-27 17:00:05.058601,7,12.897940178222543,80.09835594983474,0.06814315760932446,0.20830537486630585,0.22548394353734919,0.041943027865922314,0.009400327482663982,0,0
2025-11-27 17:00:06.058601,7,12.897941745651154,80.09835601619928,0.17463469418274521,0.2593740963883009,-0.04790680228789274,0.02848146205512585,0.004369859777366066,0,0
2025-11-27 17:00:07.058601,7,12.897944130728852,80.09835615680112,0.2659448434975925,-0.24055951229187353,0.025369744694763177,-0.023552464055549817,0.006918401595740552,0,0
2025-11-27 17:00:08.058601,7,12.897944233794476,80.09835616817226,0.011539424452974822,-0.17241176078152637,-0.09337538472257566,-0.049309889932079125,0.00418685325986436,0,0
2025-11-27 17:00:09.058601,7,12.89794589289207,80.09835623269683,0.18482341303656388,0.594261972576256,0.18203530747455882,-0.0059209090406952825,0.008137644974344597,0,0
2025-11-27 17:00:10.058601,7,12.897948419200215,80.09835629122884,0.28130033492403234,-0.031373233347849944,0.08154230241953168,-0.04448242401843461,0.020383096154421798,0,0
2025-11-27 17:00:11.058601,7,12.897949512539757,80.09835634926483,0.12187337358642544,0.10042556230485888,0.026414748051409313,0.0014871428096092064,0.02091381720087146,0,0
2025-11-27 17:00:12.058601,7,12.897950465619674,80.09835633049201,0.10611641036706837,-0.24339479515571313,0.1803743558781162,-0.024274489334730254,0.03241496245535398,0,0
2025-11-27 17:00:13.058601,7,12.897951751292478,80.09835632758264,0.14312144470415658,-0.10181824457807413,-0.22013462427670671,0.03311425838688415,0.036585310535802384,0,0
2025-11-27 17:00:14.058601,7,12.8979529725014,80.09835635013404,0.13596699978601676,0.10360532347447268,-0.09004176321605657,0.00040147799477454477,0.024703188882641537,0,0
2025-11-27 17:00:15.058601,7,12.897953650776357,80.0983563993808,0.07569443410274083,-0.06729447345394235,0.16004607482815633,0.07374139782261178,0.044689797094660685,0,0
2025-11-27 17:00:16.058601,7,12.897955313135288,80.09835664720431,0.18699750975150306,0.02054244645982896,-0.19014014454552544,-0.020725822298612466,0.0063370441993015995,0,0
2025-11-27 17:00:17.058601,7,12.897957629921164,80.09835694647799,0.2599411147378325,0.2490952179348907,-0.19405625597662393,-0.08134841506736709,0.02591619955775526,0,0
2025-11-27 17:00:18.058601,7,12.897959711944898,80.09835713218693,0.23264527864064483,0.07539543592210303,0.17489201221475467,-0.02135761248940877,0.0034521988192990224,0,0
2025-11-27 17:00:19.058601,7,12.897961561753839,80.09835752324464,0.21024749234837256,0.1261005423089055,0.12317224223986437,0.022706475024311376,0.0025271497657282506,0,0
2025-11-27 17:00:20.058601,7,12.89796219339733,80.09835757344737,0.07052526052921429,-0.27708650866980183,0.20307435562079285,-0.10843428092539661,0.00034749929505106943,0,0
2025-11-27 17:00:21.058601,7,12.897964579004466,80.09835768574361,0.2658452014844427,-0.2945373653939529,0.20208041764644727,0.12369779524841476,0.026027664866044926,0,0
2025-11-27 17:00:22.058601,7,12.897965065605383,80.09835777686781,0.05506350687150802,-0.026778895909868525,0.09522707547520005,-0.09769541365854555,0.012385358271486221,0,0
2025-11-27 17:00:23.058601,7,12.897965083103232,80.09835777782678,0.001950638021133444,0.13936622961376488,-0.2617869027500011,-0.06381336278939992,0.0044939124871190075,0,0
2025-11-27 17:00:24.058601,7,12.897966631498107,80.0983578222502,0.17243470889267423,-0.2660453044964705,0.1405098902113803,-0.01971721791953767,0.007531031652527573,0,0
2025-11-27 17:00:25.058601,7,12.897967518605213,80.09835778962685,0.09881619222257683,0.1380737356630265,0.1119831675334399,-0.023395727118083784,0.022399984045776478,0,0
2025-11-27 17:00:26.058601,7,12.897969925224746,80.09835770273425,0.26807075752766907,-0.10487550663027455,0.07762486961776546,0.04846264869188621,0.007924350712278037,0,0
2025-11-27 17:00:27.058601,7,12.89797053060131,80.09835771458275,0.06740278240659879,-0.042954373247723554,0.11829691103133945,0.04880802598835372,0.012794574462453282,0,0
2025-11-27 17:00:28.058601,7,12.897972291100874,80.0983578363754,0.1964239142914768,-0.16117642490899076,-0.1156166884208997,0.022690571339810922,0.03102292546323261,0,0
2025-11-27 17:00:29.058601,7,12.897973327699669,80.09835796348077,0.11621551427168142,0.10255453970309684,0.13170329123528024,0.044049698135564766,0.03455276974038053,0,0
2025-11-27 17:00:30.058601,7,12.897975098407995,80.09835817076593,0.19839442441305466,-0.045648667543100985,-0.028045112108841145,-0.11184958698109797,0.003355719405018248,0,0
2025-11-27 17:00:31.058601,7,12.897975783672948,80.09835816450433,0.07628672039324569,-0.24660458430614868,0.22044604541701643,-0.044955498162815896,0.02624341897384297,0,0
2025-11-27 17:00:32.058601,7,12.897977427182942,80.09835829058848,0.18346637815496344,-0.08849136340650143,-0.05502431341215947,0.046837957646440394,0.03328954336708289,0,0
2025-11-27 17:00:33.058601,7,12.897977449321967,80.0983582919335,0.002468833934130232,0.3104110968030138,0.08394082203468144,0.021171405491676617,0.001715051931318549,0,0
2025-11-27 17:00:34.058601,7,12.89797860930695,80.09835844267941,0.1301614668130622,0.0709209199255797,-0.09232667889694346,0.006322342926127846,0.0073394862687847845,0,0
2025-11-27 17:00:35.058601,7,12.897978720983888,80.09835845523868,0.012506352248077767,0.06781410414087229,-0.3388468717853211,-0.013825003502178154,0.023395284484607242,0,0
2025-11-27 17:00:36.058601,7,12.89797942432391,80.09835853984177,0.07883218683632454,0.04032329110802671,0.06495040564054864,0.08138425516943007,0.014827698768693996,0,0
2025-11-27 17:00:37.058601,7,12.89798076515022,80.09835869764449,0.15023978185773362,-0.10547770727523287,0.15469748893648302,0.082316028268608,0.01120338369789794,0,0
2025-11-27 17:00:38.058601,7,12.897981795283188,80.09835875791481,0.11486074299545569,0.12287708828381531,0.18651322901960374,-0.06046950880665326,0.0059208406324344764,0,0
2025-11-27 17:00:39.058601,7,12.897983577391754,80.09835871557488,0.19843751852383287,-0.16438451343107918,0.29585146965819237,0.020025643738997224,0.0037409138810213845,0,0
2025-11-27 17:00:40.058601,7,12.897984354137554,80.09835876754136,0.08665101889256054,-0.00834137127704877,0.006063209144058069,0.05107928464119605,0.00022905953543885413,0,0
2025-11-27 17:00:41.058601,7,12.897986504368397,80.09835874500968,0.239376183967772,-0.08556137753313886,-0.03300430966006994,-0.006923576722692483,0.005862619751560387,0,0
2025-11-27 17:00:42.058601,7,12.897988234534925,80.09835870464218,0.19265194207503872,0.04333318320371171,-0.05774286821658357,-0.005329966294186359,0.026887404280921214,0,0
2025-11-27 17:00:43.058601,7,12.897989345987025,80.09835867028913,0.1237829898608871,-0.0346170470088732,-0.09572438106910815,-0.028661170685851847,0.01688978318701164,0,0
2025-11-27 17:00:44.058601,7,12.897989810005203,80.09835864300877,0.051739256864293426,-0.2252820594311778,-0.22947043532856023,0.07691464753713381,0.017345873130303672,0,0
2025-11-27 17:00:45.058601,7,12.89798996550396,80.09835864912723,0.017322849140617557,0.4036958084279998,-0.14399600704051063,0.1042862155811119,0.004223712180088635,0,0
2025-11-27 17:00:46.058601,7,12.897991747462527,80.09835878191195,0.19889023293922556,0.01875788215314964,-0.04947473810222782,0.006402260976424039,0.010891053910117259,0,0
2025-11-27 17:00:47.058601,7,12.8979917756705,80.09835878504069,0.003158411431838137,0.2216420717592799,-0.08634008255331556,-0.029444557389381364,0.006107473996809545,0,0
2025-11-27 17:00:48.058601,7,12.897993286855849,80.09835877933595,0.16822629199223404,-0.07627478626544612,0.02802985347377646,-0.028593735446670487,0.0327318685363523,0,0
2025-11-27 17:00:49.058601,7,12.897993565300544,80.09835878614417,0.031005265986839003,-0.18964696537988326,0.25679701552473894,-0.13378359446738514,0.013902282853572409,0,0
2025-11-27 17:00:50.058601,7,12.897993891004866,80.09835876895458,0.03630535293097668,-0.05639424690681481,-0.11096790508593864,-0.09403395366500586,0.00028651601433387746,0,0
2025-11-27 17:00:51.058601,7,12.89799433438085,80.0983587601551,0.049365849879615675,-0.06933767170964139,0.12817724841852646,-0.000633258762401518,0.018648739182159594,0,0
2025-11-27 17:00:52.058601,7,12.897995673637627,80.09835875316578,0.14908799338350923,0.04092858453816413,-0.09716375512179481,0.020935407450830685,0.002592644484411026,0,0
2025-11-27 17:00:53.058601,7,12.897996074754223,80.09835874331188,0.04466510013084649,0.11506277559928858,0.09881443701645141,0.024385789561473747,0.0025289043568166246,0,0
2025-11-27 17:00:54.058601,7,12.89799634555748,80.09835875834428,0.03018991792795528,0.044503104897441303,0.0917184257627191,0.08596391783358033,0.042106695213352925,0,0
2025-11-27 17:00:55.058601,7,12.897996357069136,80.09835875863395,0.001281862883482865,-0.08026600176913878,-0.11093611869369967,0.03709246647646211,0.030527409810219255,0,0
2025-11-27 17:00:56.058601,7,12.897996970537763,80.0983587328734,0.06834851276545038,-0.46158676422709183,0.1861564630178926,-0.001785502590826972,0.025817781458640745,0,0
2025-11-27 17:00:57.058601,7,12.89799918535942,80.09835862685152,0.24682221132769921,0.1416770165472016,0.08573897685641631,-0.0782911450625744,0.018739886106711883,0,0
2025-11-27 17:00:58.058601,7,12.89800015636018,80.09835860839439,0.10811035758759295,-0.20658650567614592,0.00556268618566486,0.023342755083650364,0.011904857611838507,0,0
2025-11-27 17:00:59.058601,7,12.898002584328038,80.09835874881996,0.27071057414789695,-0.36383172951805187,0.1531814494452956,-0.041709542177079416,0.02974135518017415,0,0
2025-11-27 17:01:00.058601,7,12.898002873989572,80.09835877466601,0.03236685980241973,0.035255095862075744,-0.23074121235475895,0.05820364392910391,0.029778871375667437,0,0
2025-11-27 17:01:01.058601,7,12.898004733957485,80.09835898912493,0.20835528877851642,-0.17536496903403695,0.07000778502911804,0.053617916167263815,0.01333177262508664,0,0
2025-11-27 17:01:02.058601,7,12.898005158302821,80.0983590475774,0.047662047704315556,0.1921535689704853,0.007398719909589891,0.057487495212313895,0.023818336211194873,0,0
2025-11-27 17:01:03.058601,7,12.898005428296928,80.09835911170077,0.030850657467653052,0.35324155307192395,-0.02241793759521481,-0.03688150614347834,0.0036175452213174156,0,0
2025-11-27 17:01:04.058601,7,12.89800727603864,80.09835942647784,0.20850735753546262,0.21519931643064272,-0.01820718412600551,-0.09850253150554521,0.022685614022469994,0,0
2025-11-27 17:01:05.058601,7,12.898008975064547,80.09835972089448,0.19181477199906766,0.07666703196774706,0.09635947453288872,0.012719675411923963,0.0025663970665689016,0,0
2025-11-27 17:01:06.058601,7,12.898010465729973,80.09835992165318,0.16736469926619346,0.20165116710439882,0.010162657924274062,0.0262029725596052,0.0144541710851205,0,0
2025-11-27 17:01:07.058601,7,12.898010877012286,80.09835996036452,0.04597624384149646,-0.2815119539747647,0.18053172786698396,0.05249108588946411,0.033500315646044,0,0
2025-11-27 17:01:08.058601,7,12.898011170709886,80.09836000746255,0.033091446444801484,-0.03323168533856759,-0.01588110281178022,-0.009729536013744863,0.01464461769980467,0,0
2025-11-27 17:01:09.058601,7,12.898013254022855,80.09836043330283,0.23647307135497445,0.11395730287962966,0.04775804887282632,0.061274997380346086,0.03843587553990155,0,0
2025-11-27 17:01:10.058601,7,12.898014444534628,80.09836068244843,0.13525719061218536,-0.22584128912030632,0.06985766459794952,-0.02528877703330646,0.015585479149046658,0,0
2025-11-27 17:01:11.058601,7,12.89801563585265,80.09836094593545,0.1356645533149948,0.29661570833379625,0.018519667815314993,0.05732638358845233,0.004678848800434546,0,0
2025-11-27 17:01:12.058601,7,12.89801632682656,80.09836109908106,0.07869386710986928,-0.2750941255245162,0.16474110551722407,-0.0636396606578871,0.0396957650024989,0,0
2025-11-27 17:01:13.058601,7,12.898016459508439,80.09836111670992,0.014893506474488293,-0.47926348197383906,0.16943765345379946,-0.05421874732863148,0.024736929269667404,0,0
2025-11-27 17:01:14.058601,7,12.898017125552935,80.09836111226025,0.07414564543621846,0.21815767344583276,0.13319435268554577,-0.07746182844304648,0.006964277055135787,0,0
2025-11-27 17:01:15.058601,7,12.898019791921916,80.09836102888228,0.29695805179595103,-0.35616302494264046,-0.056442966266719616,-0.09224837690374763,0.015528845251318717,0,0
2025-11-27 17:01:16.058601,7,12.898019975422612,80.0983610154553,0.020479191134255826,-0.17949107958816357,0.32280168487177646,0.009912064344648577,0.026788712172512774,0,0
2025-11-27 17:01:17.058601,7,12.898020191152236,80.0983610115944,0.024018675957384373,-0.15559279427734818,-0.0988083393553797,0.1143465472043264,0.008842141886545092,0,0
2025-11-27 17:01:18.058601,7,12.898021287891897,80.0983610480273,0.12215304974703145,0.02551999339851519,-0.09695664130261901,-0.018278131522797947,0.009211836488126728,0,0
2025-11-27 17:01:19.058601,7,12.898021478278917,80.09836105652928,0.021213952849767268,0.051748855600134744,0.06381214328821457,0.0922216386214973,0.01860073595437056,0,0
2025-11-27 17:01:20.058601,7,12.898023556319783,80.09836112511947,0.23144721204906554,0.02932275290524622,0.1278187376385147,-0.09844227532338044,0.006624287591531367,0,0
2025-11-27 17:01:21.058601,7,12.898024892476363,80.09836103717204,0.149046787043005,-0.05301652274063613,-0.0038355441687722056,-0.08173347776986117,0.0023362346303424106,0,0
2025-11-27 17:01:22.058601,7,12.898025507204125,80.09836095952495,0.06894824117795569,-0.05704262516250247,-0.0876397851863361,-0.04292802599211882,0.013819885825566655,0,0
2025-11-27 17:01:23.058601,7,12.898027961772407,80.09836067983389,0.2749228751713412,-0.17081630859689534,0.1571375399982202,0.04185282084282495,0.019827626126392113,0,0
2025-11-27 17:01:24.058601,7,12.898029227855261,80.0983605340979,0.14182476187344945,-0.24368120159672804,0.12162876067513258,0.03152585747329005,0.010354078493817014,0,0
2025-11-27 17:01:25.058601,7,12.898029521606501,80.09836051203972,0.0327878715897119,0.20964913093904847,-0.1740789669578582,0.08967167131798462,0.003020676052381984,0,0
2025-11-27 17:01:26.058601,7,12.898031820564617,80.09836046447911,0.25597204891072006,0.08334222461343024,-0.07022806274248737,0.02950630572258422,0.02073418462223899,0,0
2025-11-27 17:01:27.058601,7,12.898032972053095,80.09836044500437,0.12820111542002752,0.18003993489738607,-0.16555345938931115,0.06031733463451112,0.007768732330201248,0,0
2025-11-27 17:01:28.058601,7,12.898035132533712,80.09836042611525,0.24051343628204022,0.19123118749165877,-0.12097327087235749,0.013588843190135647,0.018087126208367756,0,0
2025-11-27 17:01:29.058601,7,12.898035879267782,80.0983603180668,0.08394919834168958,-0.1486933657283611,-0.001585975304680199,-0.08526854157199092,0.0015477551700890577,0,0
2025-11-27 17:01:30.058601,7,12.898036818239367,80.09836010683424,0.10700994734014037,0.05490091019916518,-0.06837448625876474,-0.022110761294905024,0.012686365109253375,0,0
2025-11-27 17:01:31.058601,7,12.898037264190428,80.09835996502778,0.05197338638213987,0.01852471956824856,0.056072511133290155,-0.0008494191634971643,0.02541092574830318,0,0
2025-11-27 17:01:32.058601,7,12.898037968621505,80.0983597363174,0.08225074063249284,-0.18018450781597367,0.10339616604715472,-0.0001565542156231009,0.014998310248661257,0,0
2025-11-27 17:01:33.058601,7,12.898040502133796,80.09835892321267,0.2955096852822229,0.243485668737052,0.17090211629419855,-0.05534342610441483,0.05598419550840644,0,0
2025-11-27 17:01:34.058601,7,12.898040938259285,80.09835870808598,0.053870032623230375,-0.3600559881668628,0.05736061659191913,-0.09965685872445629,0.00588110622984031,0,0
2025-11-27 17:01:35.058601,7,12.89804291397028,80.09835734278289,0.26518028049049785,0.15458157535187803,0.0028045780816242905,0.007454446514203766,0.0044777629876591365,0,0
2025-11-27 17:01:36.058601,7,12.89804507003203,80.09835624545116,0.267926296767111,0.056923762083295706,0.04038385628360624,0.008803019854640354,0.017185502491413773,0,0
2025-11-27 17:01:37.058601,7,12.898046240124907,80.0983556214374,0.14680356706636333,-0.27483933431977076,-0.14643041068074586,-0.11370288612927158,0.025276736060994755,0,0
2025-11-27 17:01:38.058601,7,12.898047363506892,80.09835493231785,0.14570643158110352,-0.051157765450977714,-0.09279025894534985,-0.0646887914010448,0.011477457276980298,0,0
2025-11-27 17:01:39.058601,7,12.898048074868449,80.09835449923513,0.09208329175428899,-0.02542680306848248,0.17407155746408456,0.14857627296128562,0.04017621032616634,0,0
2025-11-27 17:01:40.058601,7,12.898048448990497,80.09835431201604,0.046337996348929565,-0.04098382634199897,0.20144681163775996,0.10613800744758445,0.015055931651665822,0,0
2025-11-27 17:01:41.058601,7,12.898049166632072,80.09835404643913,0.08492675200396058,-0.1667856171964698,-0.27325103857326644,0.08329617355023919,0.0033240899418221434,0,0
2025-11-27 17:01:42.058601,7,12.898049229071516,80.09835403010034,0.007173310041883196,0.16304986597567359,-0.027367673946890398,0.11779970642893788,0.013506603145369512,0,0
2025-11-27 17:01:43.058601,7,12.89805186658995,80.09835361672869,0.2970151481024009,-0.16942298006745982,-0.1095178147737288,-0.023045330409793313,0.003318027099771412,0,0
2025-11-27 17:01:44.058601,7,12.898053057027381,80.09835344681619,0.1337959464289736,-0.12879741578316087,0.23345129907679857,0.039697711812145334,0.006126975574181499,0,0
2025-11-27 17:01:45.058601,7,12.898053523106775,80.09835339774126,0.05215652120366878,-0.10019449221358297,0.27083538454324135,0.010609577250803713,0.030196454949441898,0,0
2025-11-27 17:01:46.058601,7,12.89805444710373,80.09835323152532,0.10442869622518561,-0.11887953179380768,-0.04065772747442671,-0.02368092260104404,0.014220855427446989,0,0
2025-11-27 17:01:47.058601,7,12.898055172836191,80.0983531801971,0.0809803019262636,0.21399528175717997,-0.024331779221286664,0.16462820557633115,0.007943520610927967,0,0
2025-11-27 17:01:48.058601,7,12.898057296165973,80.09835298183154,0.23734712883687498,-0.07203741464160567,-0.07385838934856515,-0.059420091100756085,0.005049865045543297,0,0
2025-11-27 17:01:49.058601,7,12.898059110674549,80.09835285340706,0.20247123425502087,-0.33319763680857006,0.4255769290956968,0.03793542318986289,0.01924319599423143,0,0
2025-11-27 17:01:50.058601,7,12.898059765528059,80.09835278873173,0.07323532940719392,0.08478425490629925,0.38749635951614775,0.17501821006857765,0.006089811869800684,0,0
2025-11-27 17:01:51.058601,7,12.89806148304762,80.09835285706494,0.19133800697220646,-0.22649622905261396,-0.17101269627016386,0.03186280124365387,0.02219163035288629,0,0
2025-11-27 17:01:52.058601,7,12.898062177162178,80.09835295369054,0.07797696526171573,0.10801661937117145,-0.012710964076897785,-0.011007959554257572,0.01638730163225138,0,0
2025-11-27 17:01:53.058601,7,12.898064655285214,80.09835318874882,0.27704131360729495,0.4718276567271603,0.07287073531636465,-0.045310490698901924,0.03148828591948371,0,0
2025-11-27 17:01:54.058601,7,12.898067168729128,80.0983533706224,0.28049172541541423,-0.24970877421576848,-0.02373246226579178,0.09013460074742652,0.018125767377921362,0,0
2025-11-27 17:01:55.058601,7,12.89806877732883,80.09835359501199,0.18071714221778176,-0.29996063674197737,-0.2515338703408476,0.03208189899721566,0.009007650664729836,0,0
2025-11-27 17:01:56.058601,7,12.898069310197311,80.09835360280435,0.05932494552524312,0.15122828680679917,0.0044041668809471435,-0.013715345570406441,0.006152456271947967,0,0
2025-11-27 17:01:57.058601,7,12.898071942723023,80.09835391906039,0.2950552536810321,0.05866677129504159,0.19441680239624531,0.08034722941051883,0.025564673061300225,0,0
2025-11-27 17:01:58.058601,7,12.898073918443442,80.09835438380549,0.22564477863247012,0.2351964485883994,-0.10557862944869587,0.021742723899160495,0.005960255011981942,0,0
2025-11-27 17:01:59.058601,7,12.898075717844986,80.09835485349444,0.20669165146510074,-0.1374508455834236,0.18931240934626356,-0.04506388910869857,0.0046196551745483405,0,0
2025-11-27 17:02:00.058601,7,12.898076645448967,80.09835509059343,0.10641773564889152,0.16947344851107823,0.10388810017768753,-0.015608274601724016,0.017622096588810233,0,0
2025-11-27 17:02:01.058601,7,12.898078500550051,80.09835539908372,0.20920533939753458,0.12433529110534525,-0.09471012932091995,-0.03507016295512615,0.010622284741051013,0,0
2025-11-27 17:02:02.058601,7,12.898078854282256,80.09835544114915,0.039641145442893995,0.017086008835070984,0.1677648377511015,0.03263329990998498,0.030534655561297246,0,0
2025-11-27 17:02:03.058601,7,12.898079079803006,80.09835547231602,0.025331742177271188,0.2954562334740402,0.032691024613775675,0.13767100294973933,0.009235651436007226,0,0
2025-11-27 17:02:04.058601,7,12.898080345169777,80.09835564510425,0.14210298992472803,-0.21309912925442281,0.017369933988027626,0.026943684521479126,0.02984175362003981,0,0
2025-11-27 17:02:05.058601,7,12.898082508566038,80.0983560528909,0.2448606819449175,-0.23073079655673318,0.05507143530429906,0.026367415135846173,0.012127104310548871,0,0
2025-11-27 17:02:06.058601,7,12.898082574988168,80.09835606638431,0.007537687194615061,-0.23919953231009886,-0.11229862720140808,0.012424227587178014,0.0010952581112489695,0,0
2025-11-27 17:02:07.058601,7,12.898083991027278,80.09835630173984,0.15968888274100457,0.26338908463686667,0.1681612763289519,-0.032282204498772275,0.007025622763349332,0,0
2025-11-27 17:02:08.058601,7,12.89808472574662,80.09835636081826,0.08203980900866605,-0.06805338020451013,-0.0012229246007626133,-0.027098905064044526,0.04720195344250757,0,0
2025-11-27 17:02:09.058601,7,12.898085785566318,80.09835641503427,0.11812571749021049,0.1757052924627155,-0.06336169017306194,0.07166752739802287,0.013920241536008744,0,0
2025-11-27 17:02:10.058601,7,12.898088397481443,80.09835657217565,0.29125796138904436,-0.17924912404499055,0.018162427648428712,-0.0699659069026938,0.015229314624223438,0,0
2025-11-27 17:02:11.058601,7,12.898090706208722,80.09835662455035,0.2570703502768007,-0.036035344831929175,-0.2534212566517093,0.006343374996215498,0.007947068143790769,0,0
2025-11-27 17:02:12.058601,7,12.8980911576244,80.09835663982253,0.05027891172443909,-0.2731855127587571,0.12043970100761676,-0.0818689492274232,0.008988081735828664,0,0
2025-11-27 17:02:13.058601,7,12.898093209585797,80.09835661026759,0.22844685483647112,0.1345080722231929,-0.02968343062702452,-0.017207978644348233,0.01469813048788946,0,0
2025-11-27 17:02:14.058601,7,12.89809563975213,80.0983566376607,0.27054244589831694,-0.16931217212508415,0.27528224175350213,-0.0034118675380961742,0.008540670503872156,0,0
2025-11-27 17:02:15.058601,7,12.898097881493682,80.09835667866516,0.2495903328871566,-0.11577526464777997,-0.15130728181407904,-0.029122804732012838,0.01215294999992052,0,0
2025-11-27 17:02:16.058601,7,12.898099589453752,80.09835678862585,0.19050415436885512,-0.020339037816488797,0.12677940160175571,-0.0595599327604142,0.00011123021704924294,0,0
2025-11-27 17:02:17.058601,7,12.898100190662419,80.09835680578874,0.06695245577760052,-0.042298726221649395,-0.14260155810981417,-0.05468854286513308,0.0021173143162904993,0,0
2025-11-27 17:02:18.058601,7,12.898101816217187,80.09835682885188,0.18097406138510788,0.116158908796546,-0.14793009205619326,0.04621364499017369,0.0005339850174394564,0,0
2025-11-27 17:02:19.058601,7,12.898102469019522,80.09835686311916,0.07276502528639905,0.18899806811733488,-0.15603393263105786,-0.06079353908443997,0.029628585487078085,0,0
2025-11-27 17:02:20.058601,7,12.898104371588916,80.09835681693082,0.21185331891298365,0.10935198204962887,0.18767561495353713,0.03842724497923983,0.024814137531267155,0,0
2025-11-27 17:02:21.058601,7,12.898104655766721,80.09835684705305,0.03180308661438481,-0.22185710283033133,-0.0065845517066370155,0.18949074297075447,0.0053092552971786946,0,0
2025-11-27 17:02:22.058601,7,12.898104906117112,80.09835692080816,0.028995408378484633,0.34711623033517114,0.10310823943285213,0.06545901789164685,0.012268870843490955,0,0
2025-11-27 17:02:23.058601,7,12.898106073427925,80.09835735959365,0.13839338710507093,-0.0977745895613317,0.3561168479032382,0.1440065526277413,0.0017014468776989891,0,0
2025-11-27 17:02:24.058601,7,12.898106800262461,80.098357708026,0.08930921101179395,-0.16010343350522363,-0.26622758340031283,-0.013537292922625885,0.006265140477718378,0,0
2025-11-27 17:02:25.058601,7,12.898107811251897,80.09835818744742,0.12398532369288735,-0.392769127719952,0.11109513688167617,0.04196924507025951,0.02095184719118303,0,0
2025-11-27 17:02:26.058601,7,12.898107922390173,80.0983582471467,0.013965290412988584,-0.04977714009474752,-0.24655453812754732,-0.024223381060187774,0.004280191301903275,0,0
2025-11-27 17:02:27.058601,7,12.89810930605024,80.09835895799455,0.17226363168842923,0.5892521398125168,0.29702902875359166,-0.03659949600439024,0.042615556359409695,0,0
2025-11-27 17:02:28.058601,7,12.898110066954743,80.0983593433336,0.09446232149226984,-0.12266949370420357,0.18889288335176468,-0.042520683513392624,0.04074457488666074,0,0
2025-11-27 17:02:29.058601,7,12.898111008555414,80.09835975753539,0.11404878550466259,-0.027862254891179765,-0.22236593715890263,-0.044483340237047704,0.00972823249126904,0,0
2025-11-27 17:02:30.058601,7,12.898111228982069,80.09835983523475,0.025945990775320758,0.08067649214916431,0.14954191859493376,-0.012911289072137871,0.004718254354873583,0,0
2025-11-27 17:02:31.058601,7,12.898112440790259,80.09836018340603,0.14008915049855386,0.30113488274191813,-0.18378062741508233,0.04019853942102173,0.009779479046224667,0,0
2025-11-27 17:02:32.058601,7,12.898113427593895,80.09836051405077,0.11556175335467923,0.18974174090070356,-0.07127454667775955,0.03271500728388717,0.016888529046160682,0,0
2025-11-27 17:02:33.058601,7,12.898115269827835,80.09836113842258,0.21597922884056162,-0.4490395883640152,0.002271896239087135,-0.04956815193217449,0.0009762679221697243,0,0
2025-11-27 17:02:34.058601,7,12.898116436688563,80.09836141660152,0.13335615000304618,0.11324156558100137,-0.028143923836193685,-0.13274491353411938,0.029692496095860818,0,0
2025-11-27 17:02:35.058601,7,12.898116603096739,80.09836143163321,0.0185962300834279,0.09395748302506372,-0.08627476287948631,-0.06586503551186947,0.001974622534157607,0,0
2025-11-27 17:02:36.058601,7,12.898118067981223,80.0983616513464,0.16480455857441415,0.2073548336560304,-0.16269584067001666,-0.04024744298100862,0.01274515408845258,0,0
2025-11-27 17:02:37.058601,7,12.898119620392512,80.09836179845367,0.17355009801069377,-0.030183409805655183,0.051897364995470104,0.03918753614203435,0.03350097655346691,0,0
2025-11-27 17:02:38.058601,7,12.898120042786159,80.09836181852711,0.047071285188015885,0.012743045108485857,-0.10474052798006275,0.06679315225554425,0.028426895581974747,0,0
2025-11-27 17:02:39.058601,7,12.898121468249592,80.09836196388218,0.15946454550538244,0.15545362346506408,-0.10711349765416697,-0.01872468919725611,0.003938443145500552,0,0
2025-11-27 17:02:40.058601,7,12.89812275424013,80.09836204927544,0.14345603935761123,0.07294447838337434,0.040689363009729175,-0.03743819885653442,0.014781605099281565,0,0
2025-11-27 17:02:41.058601,7,12.898125310615997,80.09836247337827,0.28827278864036915,-0.1494372925225545,0.12451309639238543,0.004499548991539815,0.015160503513669732,0,0
2025-11-27 17:02:42.058601,7,12.89812570980168,80.09836256398543,0.045512024912731604,-0.41005985802515366,0.18829361316363066,0.10228038191772398,0.008752728819274712,0,0
2025-11-27 17:02:43.058601,7,12.898128201189206,80.09836340480608,0.2919634372421107,0.35546999852411953,0.1631352492727928,-0.048695396485797474,0.011460231734994462,0,0
2025-11-27 17:02:44.058601,7,12.898130807566265,80.09836394039067,0.2959052272190143,-0.2715504794611803,0.12740928651688016,0.012100173219880848,0.01113835304395353,0,0
2025-11-27 17:02:45.058601,7,12.89813232686411,80.09836431569718,0.17396231305647678,-0.27929038598787936,0.08662571792823139,-0.058170132078700226,0.005412966807126825,0,0
2025-11-27 17:02:46.058601,7,12.898134163449733,80.09836480217712,0.21115375905672684,-0.2659169283259555,0.11001326321867928,0.02272587618278547,0.011399454254170887,0,0
2025-11-27 17:02:47.058601,7,12.89813457997344,80.09836491867699,0.04805982193392955,-0.2910138516601539,0.005440193812130631,0.020570480206261774,0.02543995500918324,0,0
2025-11-27 17:02:48.058601,7,12.898135533386158,80.09836518626057,0.11003402187538933,-0.2591533540106384,0.16851848975462017,0.04269541275247157,0.058420049141041874,0,0
2025-11-27 17:02:49.058601,7,12.89813620068165,80.09836539265501,0.07758608459505215,0.03427582757008245,0.0023697702855989544,0.04324874254448345,0.0004926305034156786,0,0
2025-11-27 17:02:50.058601,7,12.89813690539979,80.09836562759088,0.08248747759754962,-0.3624080393948474,-0.259652653655938,-0.03690864359055976,0.005184633792652328,0,0
2025-11-27 17:02:51.058601,7,12.89813701999268,80.09836567551044,0.013775553338251966,0.07053868132880944,-0.09185696829458256,0.08621342402056167,0.04601676271968149,0,0
2025-11-27 17:02:52.058601,7,12.898137238193375,80.09836576382116,0.02611201692755902,7.8412066590581775,0.1633245307322657,0.07393406383697923,0.02416951164336438,0,0
2025-11-27 17:02:53.058601,7,12.8982579162519,80.0984220823445,14.75858749047267,5.696815589604892,-0.04482883371069275,-0.03384516567865022,0.11384712867516059,1,0
2025-11-27 17:02:54.058601,7,12.898350915066347,80.0984615024351,11.201523851176974,-0.4651195031935155,0.0611930521498056,-0.029588838358748308,0.06499873879158886,1,0
2025-11-27 17:02:55.058601,7,12.89845773867576,80.09851580354383,13.271370443113037,0.0733906617145677,0.14210371668954594,-0.049615226030270757,0.05717615564685635,1,0
2025-11-27 17:02:56.058601,7,12.898554433298159,80.09856209458555,11.878393292700894,-0.8168495687315859,-0.05045473075933165,-0.0678613269004871,0.05004796653453196,1,0
2025-11-27 17:02:57.058601,7,12.898649328569837,80.09860830286175,11.693333478357756,-0.13459710936302152,0.028132743775537608,-0.015456305002974676,0.0748912100802717,1,0
2025-11-27 17:02:58.058601,7,12.898746425615794,80.09864808873152,11.639134653255105,-1.4688845442215428,0.22047762624018255,-0.02103816960500497,0.07432441465352022,1,0
2025-11-27 17:02:59.058601,7,12.898815988608971,80.09867584522127,8.30886291267348,-1.4779916954424115,-0.02030371882213034,0.039489884827819385,0.02600286670744482,1,0
2025-11-27 17:03:00.058601,7,12.89888727271241,80.09869786390092,8.28724093334587,1.112948005642364,-0.11812747726511753,-0.10280527746380277,0.07724806018264944,1,0
2025-11-27 17:03:01.058601,7,12.89897814888435,80.0987202762641,10.404558784093176,1.8811245353079917,-0.07613022495986597,-0.05731743409324159,0.0988155482109812,1,0
2025-11-27 17:03:02.058601,7,12.899088492456642,80.0987425887588,12.519786919563538,1.9829660087950267,-0.07236788991638518,0.028558618957569046,0.041681208898507384,1,0
2025-11-27 17:03:03.058601,7,12.899215350159112,80.09877100960674,14.45462469923864,-0.9427258805485789,0.0037948593941525663,0.029315997181683626,0.10318070640820681,1,0
2025-11-27 17:03:04.058601,7,12.899316774481633,80.0987976100958,11.653680245822924,-2.1684958147956155,-0.230847472571736,0.006822876156814553,0.1241414463565463,1,0
2025-11-27 17:03:05.058601,7,12.899405916439129,80.09881509997557,10.103136848297304,0.5504491723775499,0.21570968538576046,-0.004615680173455594,0.08058070751378729,1,0
2025-11-27 17:03:06.058601,7,12.8995232066488,80.0988370676468,13.272559702258208,0.6434480922956951,0.05817507844298417,0.05883110390838403,0.11612718810974064,1,0
2025-11-27 17:03:07.058601,7,12.899628453978826,80.0988562672784,11.899925572169007,-0.09665273171845318,0.05459018093090267,-0.04066826429557915,0.035988131440376554,1,0
2025-11-27 17:03:08.058601,7,12.899748393175757,80.09887759903205,13.550795821999554,-1.210139025951654,-0.063239150952594,0.006724381041201384,0.04454520895989164,1,0
2025-11-27 17:03:09.058601,7,12.899830503660008,80.09888955972724,9.232222043951388,-2.321760867940974,-0.31144954057951174,-0.04674976651908856,0.06052596139480837,1,0
2025-11-27 17:03:10.058601,7,12.89990947800938,80.0988991658844,8.85300488016256,-0.9634999196660353,-0.06390467291035923,-0.14984279295047176,0.06972097306702522,1,0
2025-11-27 17:03:11.058601,7,12.89997394611425,80.09890198735746,7.183117076367724,1.1214663562390559,0.19267994462246726,-0.09329567375972042,0.053583364709176004,1,0
2025-11-27 17:03:12.058601,7,12.900072308417213,80.09890662583851,10.961253768171435,1.5371837319725727,-0.01110866262793833,-0.022600861363861392,0.055880848660408086,1,0
2025-11-27 17:03:13.058601,7,12.90016578305368,80.09891020088111,10.412825306989323,-0.4616358284858828,0.07752509552427729,0.0007737139208237286,0.14367606410666567,1,0
2025-11-27 17:03:14.058601,7,12.900257828077324,80.09891979667597,10.299222580168902,0.7471803909204502,0.12004353787691467,0.05645530354598656,0.028196847209936236,1,0
2025-11-27 17:03:15.058601,7,12.900369673426056,80.09892915179684,12.491939226999206,-0.7345378569050056,-0.14915421074112228,0.06440389868749333,0.08442141434849865,1,0
2025-11-27 17:03:16.058601,7,12.900447754978236,80.09894242558049,8.810570706780263,1.0526283933963438,-0.11795961405442651,0.035393094118951335,0.10349279287010038,1,0
2025-11-27 17:03:17.058601,7,12.9005709992662,80.0989595086084,13.844218162234231,-2.038598563347484,0.18443743214622296,0.07178135172208627,0.04775470004959009,1,0
2025-11-27 17:03:18.058601,7,12.900616770496766,80.09896455388193,5.124580929530413,-3.8465352881389454,-0.14920202829924797,0.019391851707286946,0.07323135220552393,1,0
2025-11-27 17:03:19.058601,7,12.900671009931523,80.09897038943497,6.071047487248686,3.580419355816192,-0.24475068682069617,-0.05022375952484982,0.08299133616837943,1,0
2025-11-27 17:03:20.058601,7,12.900785902162676,80.09898450301296,12.881168632137074,3.5314409115527194,0.0605802129852048,-0.029471579559719054,0.11178016145873419,1,0
2025-11-27 17:03:21.058601,7,12.90090952914557,80.09900163815028,13.887193261082325,-2.189652245645988,0.038497832872986165,-0.002125824360815015,0.04818735917707953,1,0
2025-11-27 17:03:22.058601,7,12.900985473255892,80.09900730210022,8.476409355475731,0.1636791017938729,0.07616355641554468,-0.08684767002805259,0.057205650900455984,1,0
2025-11-27 17:03:23.058601,7,12.901109616169519,80.09901319016755,13.834350921326322,1.27375759197069,-0.24288569134543062,-0.04602665248079008,0.021771369598179532,1,0
2025-11-27 17:03:24.058601,7,12.90120567460121,80.09901983903615,10.717536213551067,-0.11187696958185697,-0.24514668806242762,0.07056203488264638,0.0655141387464656,1,0
2025-11-27 17:03:25.058601,7,12.901327142645595,80.09903984159607,13.694917949512444,1.2002270544281546,-0.00022516574322114572,0.00459246188932981,0.0707077853679435,1,0
2025-11-27 17:03:26.058601,7,12.901445720068267,80.0990533078251,13.2806716261664,-1.1852849001996075,-0.06992408487223017,-0.0176284572892595,0.05444053310963909,1,0
2025-11-27 17:03:27.058601,7,12.901548277743004,80.09906379236823,11.473266571573529,-3.5600122245671493,0.08053197111229857,-0.09053757558951034,0.03330748169549521,1,0
2025-11-27 17:03:28.058601,7,12.901604248120815,80.0990699247387,6.266055813469469,0.032612764519868276,-0.01380817703946189,-0.015773066434475458,0.09377396258392537,1,0
2025-11-27 17:03:29.058601,7,12.901695859462484,80.09907680131856,10.22543685783986,3.4295282727406105,0.2055057685511481,-0.02476114078469482,0.11400706696718144,1,0
2025-11-27 17:03:30.058601,7,12.9018059413824,80.09909023190569,12.340675493266989,-2.093795007697025,0.04898802528953792,-0.023544548486065152,0.05848810399471323,1,0
2025-11-27 17:03:31.058601,7,12.901856907673162,80.09909501942737,5.697301870191804,-3.028376060059662,-0.07822642434899056,0.048800927650464274,0.08731201793723467,1,0
2025-11-27 17:03:32.058601,7,12.90191270873187,80.09910451382422,6.296629936165862,4.550172145862699,-0.1729074747232833,0.014117911286078533,0.01526630162843826,1,0
2025-11-27 17:03:33.058601,7,12.902040351995515,80.09913911459833,14.696923846826397,1.5524679262835883,-0.48747226418497575,0.2696269712350483,0.07021444500577695,1,0
2025-11-27 17:03:34.058601,7,12.902118593241497,80.09917523246905,9.550968431815745,-3.4178393579146364,-0.10059263277144052,0.07864958291925558,0.0787657213007563,1,0
2025-11-27 17:03:35.058601,7,12.902186649802394,80.09921130882553,8.527687377858538,1.0362937948670636,-0.27637939670410877,-0.00171579754121573,0.08163263446015817,1,0
2025-11-27 17:03:36.058601,7,12.902278308710834,80.09926523376487,11.762246925166034,3.257008937035913,0.05153583540891541,-0.07782698799760233,0.08083408337741299,1,0
2025-11-27 17:03:37.058601,7,12.902406676176343,80.09931633884658,15.328164448207167,-0.21741284698657923,-0.19827901750778645,-0.1037419647676769,0.05475348533573228,1,0
2025-11-27 17:03:38.058601,7,12.90250574271038,80.09935158733357,11.672542419319043,-1.6376917684118037,0.16010581239206267,-0.009737016061412657,0.11525801094488086,1,0
2025-11-27 17:03:39.058601,7,12.90260143041714,80.0993883829183,11.375680600485607,0.42434784328238984,-0.12138068215003847,-0.0050998842941246516,0.11018630506896943,1,0
2025-11-27 17:03:40.058601,7,12.902707689557344,80.09942520593086,12.485410226343726,-0.06893489571593384,0.11901451774945686,0.034519051834607926,0.09199519448102526,1,0
2025-11-27 17:03:41.058601,7,12.902806219738682,80.09945773969481,11.522510319279247,-2.3786435892187514,0.09255074554757133,-0.003974895202991973,0.0369187183456805,1,0
2025-11-27 17:03:42.058601,7,12.902880392617568,80.09947900995518,8.57344552063321,-0.7168234924736315,-0.2039677978756725,0.004546659746658504,0.07570083265592732,1,0
2025-11-27 17:03:43.058601,7,12.90296972149809,80.09951184024195,10.562956541543,3.4168655693947447,-0.10877317360701186,0.1319584114800149,0.03705095516669993,1,0
2025-11-27 17:03:44.058601,7,12.903091932294078,80.099575374917,15.25165586294799,-2.323390995489457,-0.08796462806472231,0.0038250364482320456,0.09925286816419285,1,0
2025-11-27 17:03:45.058601,7,12.903142207762308,80.09959892808483,6.152617271125566,-1.9244268365662178,-0.20371939755103155,-0.13529842462658082,0.053781448408426,1,0
2025-11-27 17:03:46.058601,7,12.903235716134528,80.09963384648943,11.077520022096378,4.477693591256181,-0.14758668192987784,-0.0370678395567308,0.023149120435409322,1,0
2025-11-27 17:03:47.058601,7,12.903362878933489,80.09968177818759,15.081027577265143,1.7618708477973435,0.027936799156928743,-0.0849052454679728,0.03484540578317245,1,0
2025-11-27 17:03:48.058601,7,12.903489736564953,80.09972708977507,14.953264431982854,-3.040655616282961,-0.13662937800650257,0.033169778153614826,0.04399492047563442,1,0
2025-11-27 17:03:49.058601,7,12.903565482064346,80.09975391086023,8.920135445375116,-2.474492260419742,0.012999420968351888,0.05772273746238704,0.06140001048956326,1,0
2025-11-27 17:03:50.058601,7,12.903648337285688,80.0997896107701,10.003928002615092,-1.3836402192984345,0.13558605448741856,0.017246287514815568,0.1073317578536267,1,0
2025-11-27 17:03:51.058601,7,12.90369959170115,80.0998095092869,6.1005370124084095,0.7745431042786265,-0.12630437278945575,0.0025831527866658627,0.09466681194087126,1,0
2025-11-27 17:03:52.058601,7,12.903796026138378,80.09985134330996,11.655415882009985,2.7311005593689095,0.0795079140039487,0.039838486696685924,0.029491168698246136,1,0
2025-11-27 17:03:53.058601,7,12.90388357009088,80.09989214070171,10.703776091240565,1.9711516171090018,0.14772452707171102,-0.047385012836024434,0.0941127160147992,1,0
2025-11-27 17:03:54.058601,7,12.90401240124973,80.09995334224391,15.804488637535405,-2.0749827824346814,-0.15293654799753476,-0.002659628674150377,0.08289606892347536,1,0
2025-11-27 17:03:55.058601,7,12.904067752070432,80.09997780377923,6.709065858845644,0.54328011279717,0.1544296279589108,-0.05112439383935536,0.046465224315695705,1,0
2025-11-27 17:03:56.058601,7,12.90420983889513,80.1000357456596,17.020916269379804,-1.4984550111459152,0.3313051048931398,-0.05141189907099339,0.03421855706645493,1,0
2025-11-27 17:03:57.058601,7,12.904238261953738,80.10004789032305,3.427525109865792,-0.6379245948020366,0.09961072230359272,0.22751774037057385,0.053020371831800556,1,0
2025-11-27 17:03:58.058601,7,12.90436053309906,80.10011994082743,15.696851884606824,7.033566834926183,0.06103230101980115,0.1602599424823995,0.07667984942976278,1,0
2025-11-27 17:03:59.058601,7,12.904494541163647,80.10020930474793,17.792465963547112,0.24511524287053782,-0.035064038345946034,-0.01975259196397116,0.031189005275089506,1,0
2025-11-27 17:04:00.058601,7,12.904622822352005,80.10029140387537,16.831237149305608,-1.7647275976127523,-0.21602197125335917,-0.03363766767599526,0.05244965884026197,1,0
2025-11-27 17:04:01.058601,7,12.904737826985555,80.10035685486272,14.640360403149398,-3.34590614315679,-0.03441516684899053,-0.08667366030434934,0.04935379883344924,1,0
2025-11-27 17:04:02.058601,7,12.904822756964649,80.10040342520594,10.720201782099828,-1.978925523726956,-0.007354762118531103,0.06908999559460946,0.10044467197961793,1,0
2025-11-27 17:04:03.058601,7,12.904922483468976,80.10044522691052,11.992473811602249,0.3748177940015996,-0.01747772436388201,0.07436359802109425,0.08278404562146702,1,0
2025-11-27 17:04:04.058601,7,12.905016725718383,80.10050020556798,12.0686752211028,-0.5903672893527505,0.2753251017718016,0.13225349093297728,0.027433759945757856,1,0
2025-11-27 17:04:05.058601,7,12.905101019844375,80.10054742540059,10.69142534021929,1.008717902232347,0.022191131526953758,0.017767947980231708,0.05383464170458182,1,0
2025-11-27 17:04:06.058601,7,12.905208169449242,80.100620524287,14.324530691818293,0.5729267368055395,0.17236853969998547,0.06905454416837051,0.0551346073618307,1,0
2025-11-27 17:04:07.058601,7,12.905293257548674,80.10068643943131,11.86919292067307,-1.808810014988898,-0.11898627837722581,0.005212227705534015,0.06928727139199632,1,0
2025-11-27 17:04:08.058601,7,12.905376398080206,80.10074714313238,11.35992432106328,-1.9546244749926276,0.31546894179678525,-0.006603757060792928,0.0020527365005610426,1,0
2025-11-27 17:04:09.058601,7,12.905435463928182,80.10079652560474,8.482188725678899,2.5900768961603946,0.15218710336240357,-0.04639220970268615,0.01977512872637517,1,0
2025-11-27 17:04:10.058601,7,12.905555599874257,80.1008875451698,16.62527226875199,4.760697662290348,-0.11889325950016535,0.024780961719629777,0.03864278260105352,1,0
2025-11-27 17:04:11.058601,7,12.905680845497093,80.10099061038957,17.87358474769949,-0.990040955343378,-0.0875996060489491,0.04266223627681625,0.04265483818449636,1,0
2025-11-27 17:04:12.058601,7,12.905777876650925,80.10109011516313,15.272730680195547,-2.2363187771883557,0.06026083410158453,0.1114322755313224,0.046609194371443896,1,0
2025-11-27 17:04:13.058601,7,12.905858903893312,80.10117624749364,12.988975525828732,-2.919090708941308,-0.15860829830937617,0.01552465054804824,0.09509400369885129,1,0
2025-11-27 17:04:14.058601,7,12.905927451141146,80.1012347839252,9.928417151014662,-0.6978422146291289,-0.0183883708698057,-0.02859245356583684,0.057168896864965735,1,0
2025-11-27 17:04:15.058601,7,12.906008857387253,80.10130151249072,11.599642044828673,0.016518308040222585,-0.043796443815016746,-0.063802138991456,0.040562378529401893,1,0
2025-11-27 17:04:16.058601,7,12.90607765899062,80.1013579154656,9.804030760457522,-1.2322184961979523,-0.07056563103917664,0.04310008446833276,0.05019871827983394,1,0
2025-11-27 17:04:17.058601,7,12.906142719330646,80.10141425924309,9.47809515436391,0.2290104060680379,-0.07013414366647296,-0.03536580376185555,0.01853459357876875,1,0
2025-11-27 17:04:18.058601,7,12.906213413242302,80.10147588114994,10.326807255868392,1.9322035576357637,0.07075175999114093,0.008659713961988051,0.08340710183223378,1,0
2025-11-27 17:04:19.058601,7,12.906296349625777,80.1015599218003,12.97695715418616,-0.25546740837256526,-0.288552477977703,0.04346843945153407,0.06048854302019001,1,0
2025-11-27 17:04:20.058601,7,12.90635426367341,80.10162172440138,9.302575974600709,0.3051943025778623,-0.1178058373202189,0.09813723254278728,0.010650359408938635,1,0
2025-11-27 17:04:21.058601,7,12.90643221965385,80.10171835009733,13.610421248101341,2.727668011388285,0.07369473148768715,-0.12448050223729706,0.05918663890644036,1,0
2025-11-27 17:04:22.058601,7,12.906517142458236,80.10181983857801,14.513756156985513,-2.384695790644087,0.03417964055865358,0.04140109129701862,0.047121643218807636,1,0
2025-11-27 17:04:23.058601,7,12.906563047125323,80.10188174739497,8.440505720692922,-3.1040592624589847,0.008061191048724575,0.007937166176054632,0.031952955162711794,1,0
2025-11-27 17:04:24.058601,7,12.906604452238192,80.1019386569367,7.70581455358482,0.4314215360768411,0.20724185658185101,-0.005696894167500865,0.050386531101580104,1,0
2025-11-27 17:04:25.058601,7,12.906653977851827,80.10200873464362,9.392524126060133,2.5279567800628184,-0.13290076481349056,0.05133102592298009,0.10717353819409374,1,0
2025-11-27 17:04:26.058601,7,12.906722670327081,80.10210051718477,12.556464449388617,1.2712403209692027,-0.11631107755981712,-0.04233882438640284,0.1006148689856008,1,0
2025-11-27 17:04:27.058601,7,12.906789832094859,80.10218604683875,11.917761649888277,-1.3408534920149806,0.292940366536438,0.09078124191540016,0.08087055555955883,1,0
2025-11-27 17:04:28.058601,7,12.906838783280897,80.1022631636848,9.985917939013651,1.5751628663414277,0.30470383659505273,0.08393481481459064,0.1017612675712804,1,0
2025-11-27 17:04:29.058601,7,12.906915940975816,80.10238567115908,15.826876510295854,0.8364286210894015,-0.05105279145881498,-0.07927047500449169,0.09710430627744598,1,0
2025-11-27 17:04:30.058601,7,12.906978840436317,80.10247602155506,12.047687392287147,-1.0964252177271503,0.08359744342081585,-0.1477534753559403,0.0969176302237286,1,0
2025-11-27 17:04:31.058601,7,12.907058303673912,80.10256991464769,13.49273169954291,-0.9548536780126199,-0.024503302287867634,-0.15729883320456925,0.03941493669525673,1,0
2025-11-27 17:04:32.058601,7,12.907120347765973,80.10263577064086,9.93832054085281,-1.1559684382715185,-0.034774389546127625,-0.22320926543630937,0.03818738525280644,1,0
2025-11-27 17:04:33.058601,7,12.907191785640675,80.10270563932568,10.987332963258364,1.7075406067735457,0.3038467810323103,-0.03856676157833756,0.08888492738489966,1,0
2025-11-27 17:04:34.058601,7,12.907282688478727,80.10278802474642,13.502572239334677,-1.0045741583845589,-0.15761014549275107,-0.03960610243775541,0.11161222051513744,1,0
2025-11-27 17:04:35.058601,7,12.907348753799257,80.10283958195939,9.24045270928596,3.4198963195647027,0.09777802592101263,-0.06840049483165873,0.10451319835753115,1,0
2025-11-27 17:04:36.058601,7,12.90750196440276,80.10293928515078,20.197424512973186,-0.9171358246339654,0.07094894175825547,-0.027745454474066452,0.10278732106891028,1,0
2025-11-27 17:04:37.058601,7,12.907553352932368,80.10297522087045,6.923186190558139,-3.618167372566197,0.12318034666287091,0.09400097039083927,0.036795941439484,1,0
2025-11-27 17:04:38.058601,7,12.907643520048392,80.10305507113021,13.259930241182278,2.293398327994592,-0.2778890139534878,0.012620652231250834,0.06279636002845992,1,0
2025-11-27 17:04:39.058601,7,12.907724910706788,80.10311706894161,11.284935633514607,-0.12821404736234948,0.0460267627848766,-0.08612325417617397,0.12338435595902433,1,0
2025-11-27 17:04:40.058601,7,12.907824524574961,80.1031919876241,13.749743691861202,0.019424937238381568,-0.22660977025523496,0.01905704689235887,0.01774720384324379,1,0
2025-11-27 17:04:41.058601,7,12.907898331245336,80.10325563897094,10.733611443107716,-0.8393570651644254,-0.18393971932586953,0.1474499738136038,0.031313141119899496,1,0
2025-11-27 17:04:42.058601,7,12.907971986409398,80.1033338575972,11.801180744322773,3.7937096065918383,0.08407687777642034,0.1473065612765392,0.11901614603248764,1,0
2025-11-27 17:04:43.058601,7,12.908070899807782,80.1034660814677,18.08596081890424,0.9342170422940737,3.022423496240249e-05,-0.004434681401069118,0.041991839356042775,1,0
2025-11-27 17:04:44.058601,7,12.908146646123976,80.10356755305874,13.868599399660512,-2.815922570025102,0.050598608177827305,0.0829509819824524,0.010522877501640701,1,0
2025-11-27 17:04:45.058601,7,12.908208487434818,80.10365966682933,12.13670554524151,-1.0489308026927178,0.015933073583851102,0.04676574958104711,0.0660868084884101,1,0
2025-11-27 17:04:46.058601,7,12.9082650768152,80.10374898718138,11.559591774960014,0.4707681709271284,0.2209316563324217,0.008663364048663766,0.03310584761211204,1,0
2025-11-27 17:04:47.058601,7,12.908328045890357,80.10384792771119,12.821912229769389,0.32672853518119993,-0.24573903203113023,0.07611331974469943,0.024351119848138456,1,0
2025-11-27 17:04:48.058601,7,12.908391657364772,80.1039418209124,12.407612087891629,-1.1438042880641797,-0.18740549519372623,-0.032929584716199146,0.09065811699301704,1,0
2025-11-27 17:04:49.058601,7,12.908448190261128,80.10401469960445,10.106628494354771,0.04697220417102735,0.08790686960864502,-0.1496573176123484,0.005732151872518337,1,0
2025-11-27 17:04:50.058601,7,12.908528220966977,80.10409955513316,12.812256590660173,1.4648389803137438,-0.16318696841524238,-0.10028129896325998,0.10215369671850047,1,0
2025-11-27 17:04:51.058601,7,12.908615520192265,80.10417791842721,12.913118256912586,0.08612924711467806,0.03229089397584796,0.04242793770616435,0.011674453325681088,1,0
2025-11-27 17:04:52.058601,7,12.908698626101108,80.10426634677057,13.328939907646381,-1.9368549669478614,-0.018334525616172142,0.17986616219867813,0.09668605840034832,1,0
2025-11-27 17:04:53.058601,7,12.908755733345863,80.10433060870932,9.4360219078099,-0.867771373367994,0.12848201935901024,0.0656846428087987,0.10305007692092927,1,0
2025-11-27 17:04:54.058601,7,12.908818232072836,80.10441229660786,11.268381675897285,-0.9602503047307989,0.08673755851455026,0.145352350770441,0.033023132205856766,1,0
2025-11-27 17:04:55.058601,7,12.908863364533753,80.10446963974093,7.997502135893574,0.6867220647425115,-0.062499778493835104,0.10998965720509868,0.09338219439081266,1,0
2025-11-27 17:04:56.058601,7,12.908928057025001,80.10456448966458,12.561601310188442,3.090953098768188,0.14483619944615844,0.026086419081208866,0.02740992343711821,1,0
2025-11-27 17:04:57.058601,7,12.90900384982986,80.10467849466222,14.97413700741681,0.8743113598926555,-0.08973111804885439,-0.013018386335884494,0.08030832640022885,1,0
2025-11-27 17:04:58.058601,7,12.909079727684095,80.10477942579054,13.831021439944337,-1.5034510357508795,-0.28810039250607333,0.004379933008136248,0.11157677590333205,1,0
2025-11-27 17:04:59.058601,7,12.909140304117303,80.1048744766548,12.322888127388488,-1.8709961814598237,-0.05920628884758201,0.10008192681236677,0.08085081237821178,1,0
2025-11-27 17:05:00.058601,7,12.9091846085404,80.10494722612817,9.308156717371439,-1.409613642247683,-0.13680308405773597,-0.024659983125834326,0.014799894602342663,1,0
2025-11-27 17:05:01.058601,7,12.909225515894382,80.10502379316486,9.474518684131834,1.0357608735336237,-0.05100353813040882,-0.009394356830589007,0.06009786438720249,1,0
2025-11-27 17:05:02.058601,7,12.909284849354616,80.10511114800069,11.553235952109649,0.5681060695061698,-0.16633376279643178,-0.09884949355147397,0.024361374513787948,1,0
2025-11-27 17:05:03.058601,7,12.909339158687148,80.10518896291299,10.385008856708687,-2.0277178266340634,-0.03240436131102724,-0.08273715007020706,0.07875480104851734,1,0
2025-11-27 17:05:04.058601,7,12.909386857897765,80.10524335404341,7.939081745075283,-0.0588387603177251,-0.18762121346327884,-0.0408465844992717,0.10636296113949045,1,0
2025-11-27 17:05:05.058601,7,12.909449412887096,80.10531220260991,10.213011625606313,0.3854670840783566,0.04618264792585868,-0.055834617914725646,0.09663673156332464,1,0
2025-11-27 17:05:06.058601,7,12.909507907920188,80.10536773341774,8.871929078339097,-0.7457177964352955,0.05453651613917531,0.01778614819263514,0.05631677169667801,1,0
2025-11-27 17:05:07.058601,7,12.909565224315855,80.10543224604947,9.471810666690754,2.1688328126881093,0.10993728270743236,0.040197631535648565,0.05955443169440615,1,0
2025-11-27 17:05:08.058601,7,12.909645817794997,80.10551923763809,13.022915029278783,-0.024870966125492194,0.05815880042822289,0.12006014291997008,0.049649197322537794,1,0
2025-11-27 17:05:09.058601,7,12.909695704826985,80.1055863930727,9.162025551904495,-0.2240350248034888,-0.08662039813234926,0.050084736034320856,0.06202266630915035,1,0
2025-11-27 17:05:10.058601,7,12.90976189636408,80.10568434590995,12.933267265153788,1.0022587765169317,-0.09491316440400235,0.008649816573798787,0.0935765902506818,1,0
2025-11-27 17:05:11.058601,7,12.909822511641728,80.10577311346766,11.760623718891276,-0.06785465710124144,-0.13531122521935227,-0.05883659405914542,0.06868510802897464,1,0
2025-11-27 17:05:12.058601,7,12.909886772594827,80.10586979832422,12.69812927202961,-0.19351495486261552,0.05811393228900379,0.0011072916841833036,0.0733143806369546,1,0
2025-11-27 17:05:13.058601,7,12.909941459949648,80.10596174121652,11.687544414105965,0.19151070037710208,-0.1936988076576405,0.09164104564820855,0.02986532644898958,1,0
2025-11-27 17:05:14.058601,7,12.910002253833634,80.10606582353466,13.166510190203121,0.2383957530423228,-0.16229609250268576,0.0007976533937891044,0.01860197601201342,1,0
2025-11-27 17:05:15.058601,7,12.910065187910769,80.10616401012298,12.751346784182774,1.3826069207309537,-0.2377051175159997,0.06882489533237945,0.031038096476058395,1,0
2025-11-27 17:05:16.058601,7,12.910142196371874,80.1062783544543,15.08108248811661,2.6519625010822625,-0.07053126746375887,-0.10000914834946686,0.09845498861536449,1,0
2025-11-27 17:05:17.058601,7,12.910246878161002,80.10640786048609,18.255949728543058,-0.4328501868030264,-0.14976138941734748,-0.1018134894934039,0.049555899273681175,1,0
2025-11-27 17:05:18.058601,7,12.910335168513658,80.10650432769005,14.358744928160572,-4.3108538141512085,0.031229641117743106,0.005532624945133818,0.03866855493308556,1,0
2025-11-27 17:05:19.058601,7,12.910393846014196,80.10656663945095,9.401333014628593,-1.129681775044563,0.06900958265848184,0.0827602809473931,0.10257817167808046,1,0
2025-11-27 17:05:20.058601,7,12.910464715940709,80.1066507195055,12.061545413642254,0.6871710428956604,-0.03467082479994561,-0.045708280941005534,0.05794975619476582,1,0
2025-11-27 17:05:21.058601,7,12.910531791528586,80.10672104648528,10.67662166432449,-2.0180652862777184,0.10208989813549937,-0.06812859930950083,0.09315361513054841,1,0
2025-11-27 17:05:22.058601,7,12.910580148064836,80.1067760356691,8.036274215802527,1.503605875129695,0.005175504193463838,-0.05292894525478823,0.02651519605027909,1,0
2025-11-27 17:05:23.058601,7,12.910669783646487,80.10686986624162,14.255936577355776,1.1344674971600768,-0.25115590989610176,0.007315151080736524,0.0816516828086053,1,0
2025-11-27 17:05:24.058601,7,12.910731792018977,80.10694776586112,10.913354755978538,-3.1401543521630075,0.5556968878195833,0.07709176528098154,0.03099675429662185,1,0
2025-11-27 17:05:25.058601,7,12.910776781545183,80.10700458426744,7.943240070074783,-1.73788957757275,0.08160345491053729,-0.07273401204946944,0.026808458806056965,1,0
2025-11-27 17:05:26.058601,7,12.910818949858799,80.10706146791966,7.754695404200861,0.36672830428372416,-0.002838920468941292,-0.02485688363074029,0.022886082090525325,1,0
2025-11-27 17:05:27.058601,7,12.910869085360758,80.10712740232896,9.073986324785515,2.3424200421952266,-0.08362672851597182,-0.005680707419320155,0.08797813378465234,1,0
2025-11-27 17:05:28.058601,7,12.91093195582297,80.10722105593379,12.33929842700472,3.4070441536231595,-0.21283152459846627,0.11515419494464967,0.03067083567957935,1,0
2025-11-27 17:05:29.058601,7,12.910994093578875,80.1073485656282,15.468968810595946,2.3852904722820565,-0.026769026916486877,0.017772341588041363,0.04676770112001602,1,0
2025-11-27 17:05:30.058601,7,12.911077831393012,80.10748782409978,17.75499755918858,-3.3695951064771976,-0.08934640690451846,0.05299658949946154,0.018644747080816433,1,0
2025-11-27 17:05:31.058601,7,12.911119539375171,80.1075593300563,9.042239633066188,-3.349342555869059,-0.1243844929992485,-0.023769508367809458,0.0258341199150335,1,0
2025-11-27 17:05:32.058601,7,12.911171361110334,80.10764351044247,10.803635844944674,0.822036066147938,0.18977592538151952,0.03225624905941992,0.0874073569551262,1,0
2025-11-27 17:05:33.058601,7,12.911214205619002,80.1077334436997,10.861923387499111,0.26648620769881637,-0.0946524183889317,0.13425699961043933,0.07605915622030118,1,0
2025-11-27 17:05:34.058601,7,12.911248155086499,80.10783666443368,11.821024250064205,0.5013825313521568,0.13206538368310522,0.06403603596924434,0.02088376337664334,1,0
2025-11-27 17:05:35.058601,7,12.911276016120054,80.10794254859279,11.900875550375703,-0.9692473396793092,0.13387139782756288,0.056141082722901844,0.034748653490986034,1,0
2025-11-27 17:05:36.058601,7,12.911299477937307,80.10803351544124,10.210614873653281,0.42266896084511985,-0.1650095469995574,-0.0027614566281948943,0.006682542997548493,1,0
2025-11-27 17:05:37.058601,7,12.911318550746003,80.10814685493158,12.480541458469338,-2.4794822093967173,-0.10043664446851214,0.024385816545053597,0.06878319162029367,1,0
2025-11-27 17:05:38.058601,7,12.911325748538273,80.1081978058242,5.586508441921043,-1.0536754282502425,-0.0662929742319608,0.06795956615608897,0.06902145083356752,1,0
2025-11-27 17:05:39.058601,7,12.911339265698972,80.10829031066925,10.149980425432371,5.05240767637282,-0.05045047202661353,0.09936090247273915,0.019087027326506443,1,0
2025-11-27 17:05:40.058601,7,12.911356935017661,80.10843483944593,15.805873644969513,2.221305881931162,0.1499119636569241,0.15596184473048874,0.036944700092739535,1,0
2025-11-27 17:05:41.058601,7,12.911361371990125,80.10856779262042,14.435377168930856,-1.6255509781504525,0.23535115728204867,-0.05833326039677039,0.07546653637606676,1,0
2025-11-27 17:05:42.058601,7,12.911366521483265,80.10868236338918,12.445434342468984,-2.645513393016452,0.39105827356993,0.07887919065514404,0.03424143086752195,1,0
2025-11-27 17:05:43.058601,7,12.911368803052339,80.10876686818222,9.173243494186924,-0.5495336229435202,0.0211304926514688,-0.10283959613664646,0.0863627559045566,1,0
2025-11-27 17:05:44.058601,7,12.911371179180295,80.10886418785465,10.563598383982663,0.8647901665872169,-0.17862619714387493,-0.07646658557860296,0.026256817419496117,1,0
2025-11-27 17:05:45.058601,7,12.91137104099699,80.10896432053586,10.865540404163692,2.5259164040938327,-0.08111258729770575,-0.034089586051074774,0.04932613409717089,1,0
2025-11-27 17:05:46.058601,7,12.911368619676864,80.1091092337915,15.727038768754344,0.4391349379930195,-0.14344530181676013,0.03815769343368001,0.023918843709614397,1,0
2025-11-27 17:05:47.058601,7,12.911369134546362,80.10922131420087,12.162128333289727,-2.3338919062939745,-0.13610637585535737,0.023229853958297027,0.0011228279193827655,1,0
2025-11-27 17:05:48.058601,7,12.911364449561356,80.10931810434215,10.515766833875999,-1.7858338440450565,-0.14669519770209624,0.10743813055477021,0.07077672450407355,1,0
2025-11-27 17:05:49.058601,7,12.911353179053734,80.1093935390006,8.281108040013175,1.3106313599263282,-0.3009820530837956,0.023397974748466246,0.04075523799334358,1,0
2025-11-27 17:05:50.058601,7,12.91134671436313,80.10951831266789,13.558467523188334,3.2383432732526325,0.001578254474558774,-0.06122308375781452,0.08950922085437464,1,0
2025-11-27 17:05:51.058601,7,12.911337126341973,80.10964923093026,14.24615298764397,0.08688496876156004,-0.15977398760151493,0.03659531044469144,0.10740767986123133,1,0
2025-11-27 17:05:52.058601,7,12.911330630757194,80.10977517683646,13.685672357329503,1.4169626475628696,0.03477923264553375,-0.13514996972236723,0.07483621537264883,1,0
2025-11-27 17:05:53.058601,7,12.911338910791125,80.10993322660592,17.174940593292646,-1.470519856758492,-0.07241816869020136,-0.1254377218473279,0.006095558460902275,1,0
2025-11-27 17:05:54.058601,7,12.911347531677224,80.11003460188249,11.042147168794003,-4.552723205851026,-0.06516391868589456,0.03772541892228885,0.03313573487811863,1,0
2025-11-27 17:05:55.058601,7,12.911352133457145,80.11010791213272,7.971469121438399,-0.01690189268955633,0.06240907664183347,-0.032522228650347734,0.11142271906964937,1,0
2025-11-27 17:05:56.058601,7,12.911357827987194,80.1102040152664,10.44752746676571,1.8765615498827017,0.07687025456775831,0.08209438759593789,0.02787130474319672,1,0
2025-11-27 17:05:57.058601,7,12.911362877013163,80.11030823542347,11.323025360449721,0.9784620717837661,0.17518605400717016,0.03250458484983548,0.05647436935933695,1,0
2025-11-27 17:05:58.058601,7,12.911360907423855,80.11042604364937,12.785406336564128,0.655743360280851,0.03734977934027263,0.05455762055763353,0.0933019433357519,1,0
2025-11-27 17:05:59.058601,7,12.911356619465051,80.11053836461438,12.19743991397194,-2.5730207674055183,-0.01798485907087558,0.035656631036838374,0.08452114518635456,1,0
2025-11-27 17:06:00.058601,7,12.911356487428513,80.1106109989773,7.881664375690919,0.25429785543380373,-0.11384445185275345,-0.012271004954892072,0.03213036672282757,1,0
2025-11-27 17:06:01.058601,7,12.911358085489427,80.11073011586257,12.926754725030392,0.3772812181286759,-0.1464229999767228,0.10322678664705048,0.07387705295728336,1,0
2025-11-27 17:06:02.058601,7,12.911354604412738,80.11081256578704,8.95513853687227,-0.7568896102313113,-0.0817802179581147,0.06774919704082136,0.09085914955734928,1,0
2025-11-27 17:06:03.058601,7,12.911353305093336,80.11092003544309,11.662571300544883,1.4809637154574289,-0.05475909981053654,-0.050963079921100704,0.08528206031316615,1,0
2025-11-27 17:06:04.058601,7,12.911344476175731,80.11102941215702,11.909236287223969,0.1737195578113091,-0.16386457763517606,-0.028964014621822715,0.06534337055004098,1,0
2025-11-27 17:06:05.058601,7,12.911338448149781,80.11113941822722,11.95575056277694,0.47892461327551616,0.37909105210913435,0.049284006731908414,0.052669680475603074,1,0
2025-11-27 17:06:06.058601,7,12.911333246412399,80.1112599668025,13.093695573723513,0.04301966776674605,0.13042414442229866,-0.04431485204659111,0.07673327170889067,1,0
2025-11-27 17:06:07.058601,7,12.911332554850038,80.11137039534879,11.982994730005395,-0.8813470346790594,0.2571371334036025,-0.0718272359428648,0.03423919951833054,1,0
2025-11-27 17:06:08.058601,7,12.911331766694119,80.11147584709985,11.443045172775498,-0.3765104894879856,-0.00836785435343273,0.05779019879986712,0.058061601665923265,1,0
2025-11-27 17:06:09.058601,7,12.911325025028216,80.1115805952659,11.39111082434762,-1.1467479128124882,-0.44967226047358455,0.08546695268858576,0.028414039090013932,1,0
2025-11-27 17:06:10.058601,7,12.911314977679378,80.1116642200671,9.142907960363617,-2.97894993758696,0.10578217337545685,0.022870129467169483,0.10223935726170273,1,0
2025-11-27 17:06:11.058601,7,12.911310123255387,80.11171886904752,5.954604795092193,0.23156948483937784,0.003042356858157881,0.001016206503646231,0.13370498383972498,1,0
2025-11-27 17:06:12.058601,7,12.911293988025271,80.11180692437385,9.722358829560546,5.39092850828686,-0.2608855975438122,0.03776674192066316,0.06437471095144447,1,0
2025-11-27 17:06:13.058601,7,12.911260947462594,80.11195395904322,16.373390278409858,0.9915310233963862,-0.024016050565605154,0.04534936513234449,0.06575668916549555,1,0
2025-11-27 17:06:14.058601,7,12.911244171919344,80.11206107309285,11.772150798925423,-1.7005004098372207,-0.26800184075757877,-0.051698731881202026,0.0921281377510165,1,0
2025-11-27 17:06:15.058601,7,12.911223782039054,80.11217723537533,12.80765691297313,0.9006990680645198,0.1101965131372714,-0.011686171760111275,0.05941532444618136,1,0
2025-11-27 17:06:16.058601,7,12.91120626259735,80.11230582309513,14.08885986441907,1.1432215762857603,-0.02617855002163299,-0.04170891312004628,0.10109696239375347,1,0
2025-11-27 17:06:17.058601,7,12.911186748474991,80.11244285003937,15.026821004547074,1.2431523237150472,-0.052567712324379214,-0.04448465652237508,0.05932950993730393,1,0
2025-11-27 17:06:18.058601,7,12.911161654120331,80.11259089073201,16.30517358669408,0.31933153448480883,-0.18748066858776757,0.04898796209604128,0.04080575102502565,1,0
2025-11-27 17:06:19.058601,7,12.911129278275258,80.11273079943957,15.60361347557971,-3.3379278979949163,0.23807429489214502,-0.001897638599921453,0.046225422510405345,1,0
2025-11-27 17:06:20.058601,7,12.91110782044733,80.11282050528493,10.022899607275345,-2.5657871654945428,0.11269987146490462,0.08325113618314689,0.0704462384331006,1,0
2025-11-27 17:06:21.058601,7,12.91108731259459,80.11291783410964,10.80520290193493,0.39703305340877487,0.10812867173858322,-0.027321875407243425,0.04396314396664687,1,0
2025-11-27 17:06:22.058601,7,12.91107341661594,80.11301477501664,10.632317350159559,-0.41761199841996366,-0.12595641834456703,-0.0870634698703758,0.06769263254969214,1,0
2025-11-27 17:06:23.058601,7,12.911058689311922,80.11310595679524,10.02916057500163,0.24418362391126297,-0.15280875787082204,-0.03038760579666147,0.05801332899510303,1,0
2025-11-27 17:06:24.058601,7,12.9110456290683,80.11320167178339,10.487423075481049,0.7200286393879153,0.17700803147157848,-0.03949818123578118,0.10654645562616308,1,0
2025-11-27 17:06:25.058601,7,12.911031633832335,80.11330224528567,11.024006170496458,2.061575849281086,0.1808420442059662,0.08041604069907539,0.01780630156633858,1,0
2025-11-27 17:06:26.058601,7,12.911009996840837,80.11344035721149,15.179028303043497,-0.551464622473078,-0.1610115885368936,0.027552405246035284,0.10737538875952911,1,0
2025-11-27 17:06:27.058601,7,12.911000296144598,80.11353080756216,9.874115231924524,-2.450580892331943,0.03831262370937439,-0.06028391710292006,0.029055060210859053,1,0
2025-11-27 17:06:28.058601,7,12.91099707863041,80.11362734551963,10.481582785150277,2.8625471647211254,-0.2698690420528076,-0.017529496470860065,0.0325247909742881,1,0
2025-11-27 17:06:29.058601,7,12.910981612622493,80.11376719827895,15.272957674151137,1.3603028247990558,-0.12542689023693795,0.10447873769609778,0.030181015036390587,1,0
2025-11-27 17:06:30.058601,7,12.910967871105099,80.11388359248663,12.722387890480153,-0.7853532729733372,0.0314144994917078,0.008931051748311776,0.009559537530964706,1,0
2025-11-27 17:06:31.058601,7,12.910961830379838,80.11400435124165,13.120935126345739,0.43365568343398664,-0.01938242010022369,0.024720692370346214,0.07908850308865883,1,0
2025-11-27 17:06:32.058601,7,12.910943816127741,80.11412880089674,13.652279558298961,-1.9965938720288814,0.017008480017944343,0.12843385609896557,0.0790222553178017,1,0
2025-11-27 17:06:33.058601,7,12.91093702416325,80.11421459642153,9.340437333952096,-1.2605263225520735,-0.2134799164432737,-0.05317916244546851,0.10336256082441461,1,0
2025-11-27 17:06:34.058601,7,12.910923281231662,80.11431666455866,11.180708985749535,1.1519088038489689,0.11164869582767084,0.028758102339174155,0.04137216465251673,1,0
2025-11-27 17:06:35.058601,7,12.910910449381422,80.11442331579022,11.66068923065691,0.8030172576057434,0.006577467446589449,0.042526497503623216,0.04448829207543907,1,0
2025-11-27 17:06:36.058601,7,12.910892317747216,80.11454231220613,13.06926058030218,0.3559861477130002,-0.04899350356904244,-0.08708699231268781,0.11072037699119651,1,0
2025-11-27 17:06:37.058601,7,12.910887266846931,80.1146647982831,13.303013723426668,1.5664949953228269,0.0002267338548079065,-0.08536868878794866,0.02693349497251404,1,0
2025-11-27 17:06:38.058601,7,12.910886438479304,80.11482014322935,16.8569375552995,0.893900616719754,-0.057810597138984475,0.051044221426737355,0.004923384862426999,1,0
2025-11-27 17:06:39.058601,7,12.910873445270113,80.11495770113136,14.996505046735653,-6.090254301464082,-0.014527191215577958,-0.0014075615783297815,0.10723677129542881,1,0
2025-11-27 17:06:40.058601,7,12.910870967843579,80.11499871568068,4.459079601924955,-5.152146829502119,0.08438780457551717,-0.04526755493445591,0.045482760365192304,1,0
2025-11-27 17:06:41.058601,7,12.910866974414462,80.11504244237105,4.7656205151074325,3.3827117041002674,0.08167854725513725,-0.03919353834397607,0.10466883388286047,1,0
2025-11-27 17:06:42.058601,7,12.910859246011016,80.11514736718055,11.417987863585571,5.210939595806006,-0.29370240158953326,-0.06716164474372066,0.09033044543407043,1,0
2025-11-27 17:06:43.058601,7,12.910855407187293,80.11528418904085,14.852869630619264,-1.673993655484444,0.13836922968625998,0.06275084525974786,0.04748182180178506,1,0
2025-11-27 17:06:44.058601,7,12.91084688143507,80.11536395194122,8.70705842548557,-2.8224914305103392,0.131037654564637,0.07232162222866312,0.015002807885666387,1,0
2025-11-27 17:06:45.058601,7,12.91084136650025,80.11544648374326,8.976652868539317,0.07896263701494753,-0.012491319294860508,-0.004735692867595655,0.017031130044406192,1,0
2025-11-27 17:06:46.058601,7,12.910836562697446,80.11552985001376,9.061976332177217,0.7116944403084171,-0.1164996524374732,0.060180492566082745,0.02072300737452923,1,0
2025-11-27 17:06:47.058601,7,12.910822081724639,80.1156288240399,10.860109047683695,1.8372516601860063,-0.05774261377631287,0.078994803006387,0.03634033555984533,1,0
2025-11-27 17:06:48.058601,7,12.910802888682332,80.11574839682494,13.149736744737481,-0.7392447336290637,0.05022775496405881,0.06349625021871774,0.03926231362776372,1,0
2025-11-27 17:06:49.058601,7,12.910786091920558,80.11582875862797,8.91837960481801,-1.0383729958819625,-0.1489631101656279,-0.006564060997789278,0.10402096076559036,1,0
2025-11-27 17:06:50.058601,7,12.910762726921158,80.11593319034965,11.62669031293251,4.315643644948081,-0.1424387880671698,0.034846993609427966,0.09194217137868185,1,0
2025-11-27 17:06:51.058601,7,12.910719179526508,80.11608516370656,17.188589847885613,0.42743752235302657,-0.03342131096456745,-0.06043352991763573,0.03223989558041424,1,0
2025-11-27 17:06:52.058601,7,12.91069853887362,80.11620118572367,12.797660360695934,-2.5998946502828506,0.15980879528114553,-0.010253847520736964,0.08585697388013586,1,0
2025-11-27 17:06:53.058601,7,12.910685023073327,80.11631641966031,12.594381382437891,-0.338116098233559,-0.17294226403415539,0.07980253989399663,0.007255680687054483,1,0
2025-11-27 17:06:54.058601,7,12.910664259701646,80.11642619790756,12.134354769808802,-1.162945648846263,-0.0834916485095622,-0.01633248380556493,0.09787943437167107,1,0
2025-11-27 17:06:55.058601,7,12.910648619735873,80.11652249599331,10.593482110145974,0.8172819345534058,0.17297892690679656,0.017478721030376388,0.08341094699881449,1,0
2025-11-27 17:06:56.058601,7,12.910623099119187,80.1166478242418,13.893104234836528,-5.20572893839289,0.09070424133299508,-0.09007916348318039,0.07102288456522463,1,0
2025-11-27 17:06:57.058601,7,12.910622687151873,80.1166501243078,0.25376156511436315,-6.6631036270810755,0.1073273477640756,-0.049784966038811954,0.030050714968606326,0,0
2025-11-27 17:06:58.058601,7,12.910622444210514,80.11665136197345,0.13699663474891002,-0.2518140889914082,-0.21040292737648628,0.08663868285049876,0.011027065815827589,0,0
2025-11-27 17:06:59.058601,7,12.910621772278208,80.11665325598483,0.2187101396453076,-0.23363377279694691,0.1539255375429557,0.14954775322896638,0.01699038028458556,0,0
2025-11-27 17:07:00.058601,7,12.910621345166032,80.11665426571477,0.11943864665301035,-0.13799159824323823,-0.17224612610671128,0.01614477006902955,0.03518373932488885,0,0
2025-11-27 17:07:01.058601,7,12.910620531025236,80.1166562009722,0.22871971401468727,-0.1800245335869885,0.1971520346224177,0.05918133689071824,0.02162418859726523,0,0
2025-11-27 17:07:02.058601,7,12.910620233135408,80.11665670645512,0.06409562169445052,0.24817728419876525,0.07630681906521392,0.013116533695516658,0.01991500959749456,0,0
2025-11-27 17:07:03.058601,7,12.91061910174836,80.11665873123086,0.25324959954994253,-0.10121626580660689,0.020062333707145247,0.07231490122348039,0.007083116694169738,0,0
2025-11-27 17:07:04.058601,7,12.910618661223205,80.11665942408956,0.08976265681565052,-0.4090913314204966,-0.1033361585598521,0.038182190670903025,0.001967579287321078,0,0
2025-11-27 17:07:05.058601,7,12.910618487269733,80.11665967145599,0.03309803599088801,0.014332757965324766,0.20436663259222,-0.018781027829315136,0.0025557740032028414,0,0
2025-11-27 17:07:06.058601,7,12.910617060613113,80.11666137977666,0.24410072425953766,-0.15913630640599663,0.005956988963921153,0.08920145250871023,0.004569524164523005,0,0
2025-11-27 17:07:07.058601,7,12.910615923859398,80.11666297853586,0.21473181752491877,-0.014497472132632944,0.19936646191155294,0.04588767105282779,0.017253691898687577,0,0
2025-11-27 17:07:08.058601,7,12.910615857805931,80.11666305287052,0.01091469138758514,-0.007159148201802995,-0.18567613638007557,0.08409395881436951,0.012268259183905542,0,0
2025-11-27 17:07:09.058601,7,12.91061431228975,80.11666454369855,0.23615717476051706,0.3585515530235205,-0.12781836197305246,0.10631444951393128,0.01999762618037065,0,0
2025-11-27 17:07:10.058601,7,12.910612348154736,80.11666617129896,0.28106744766460334,-0.11602283569186964,0.1944252993161342,0.06158486270820875,0.012625265181619771,0,0
2025-11-27 17:07:11.058601,7,12.910612312903382,80.11666619790046,0.004871493056806553,-0.21806286357164217,0.042398265277120505,0.047914985238144164,0.0038219099180291727,0,0
2025-11-27 17:07:12.058601,7,12.910610846522179,80.11666744154078,0.21179647536356677,-0.28935245961488887,0.23570369402293964,-0.005733553635623239,0.01234067248475371,0,0
2025-11-27 17:07:13.058601,7,12.910610277227338,80.11666790799887,0.08110628294377281,-0.0010938885958923991,-0.1406231032574367,-0.0278996180407394,0.005381053473998399,0,0
2025-11-27 17:07:14.058601,7,12.910609334667036,80.11666866610955,0.13332938382127738,-0.16606918920764602,-0.1747502152343575,0.07269149848465484,0.042399791407755315,0,0
2025-11-27 17:07:15.058601,7,12.910608244611627,80.11666950321019,0.15157697632024927,-0.015274358739622493,0.29075261425359217,-0.051516217809773904,0.001175709824154651,0,0
2025-11-27 17:07:16.058601,7,12.91060717588009,80.1166705202203,0.16227395682743567,-0.09805282062136723,0.03732828726062949,-0.017410711801487788,0.013451291069501832,0,0
2025-11-27 17:07:17.058601,7,12.910605798775158,80.11667205761592,0.22656391056101371,-0.09107132082100441,-0.021076564554784155,0.010283452425770057,0.00868914811804459,0,0
2025-11-27 17:07:18.058601,7,12.910604192427645,80.11667377251396,0.2580775816894046,0.33448976712843254,-0.07556795066077285,-0.05839818495055809,0.014150749269727208,0,0
2025-11-27 17:07:19.058601,7,12.910602892363428,80.1166752314535,0.21449313990121274,0.047654267838004694,0.1390711980998315,-0.043759049697433196,0.01625807521710652,0,0
2025-11-27 17:07:20.058601,7,12.910602720033966,80.1166754099846,0.027263791292820583,-0.02031122082853604,-0.0022953859164121728,0.08503626891264793,0.016441341187735343,0,0
2025-11-27 17:07:21.058601,7,12.910601685179836,80.11667644142396,0.16061679656751915,-0.184229679227971,-0.004856424056935379,-0.04638475885169439,0.008274707313474879,0,0
2025-11-27 17:07:22.058601,7,12.910600758125005,80.1166776401506,0.16604155953844377,-0.11093402019387749,-0.012224235566227733,0.004593100529124677,0.00210327075124776,0,0
2025-11-27 17:07:23.058601,7,12.910600514771819,80.11667792021015,0.04071120174326531,-0.02243180357036295,0.04538613026883064,-0.0191335061409807,0.011968569870298394,0,0
2025-11-27 17:07:24.058601,7,12.91059932697759,80.11667934515029,0.2034490669910803,0.26953622002566296,0.1001193669492199,0.06089420555818533,0.02375566308481878,0,0
2025-11-27 17:07:25.058601,7,12.910598339044032,80.11668036553509,0.15605940599294923,-0.30318431180290273,0.021612714325756285,-0.0168959463014979,0.009800040224277334,0,0
2025-11-27 17:07:26.058601,7,12.910598181947996,80.11668054811314,0.026426020001217677,0.0248160215515124,0.05020228941835981,-0.029081327235105682,0.014585146160967526,0,0
2025-11-27 17:07:27.058601,7,12.910598165246041,80.11668056585326,0.0026762842046826993,-0.031525354701034985,0.2387834675457169,0.050193590530175254,0.024429145884208185,0,0
2025-11-27 17:07:28.058601,7,12.91059667373069,80.11668218725022,0.2419145328635231,0.35300964937472595,0.05141804878194537,0.05118337421985926,0.022684488000905233,0,0
2025-11-27 17:07:29.058601,7,12.910595105955437,80.11668365665238,0.2363940726917355,-0.12042430807722121,0.03313194778819434,0.06646159892816267,0.028230742906461898,0,0
2025-11-27 17:07:30.058601,7,12.910593490150143,80.11668527391035,0.25129814389033356,-0.31075186443705216,0.07005142803995389,-0.020802177146281485,0.003511690877789227,0,0
2025-11-27 17:07:31.058601,7,12.910591958851038,80.11668663086769,0.22525365215151855,0.096302251347238,-0.0005651978415457022,-0.008654709994164282,0.016428880704661017,0,0
2025-11-27 17:07:32.058601,7,12.910590901393443,80.11668759452469,0.15745317217660854,-0.1776245498609172,-0.03704925060522475,0.027687308744768397,0.019492955314762257,0,0
2025-11-27 17:07:33.058601,7,12.910590094797195,80.11668820988928,0.11189757489656393,0.06500266356161707,-0.12444928326202892,0.06897886907101072,0.025805400798653996,0,0
2025-11-27 17:07:34.058601,7,12.910588417239557,80.11668956191943,0.23748253878537282,-0.19572927690046427,0.11953336755547227,-0.19127606491105997,0.01214065377448316,0,0
2025-11-27 17:07:35.058601,7,12.910587636176157,80.11669022558125,0.11289856231540091,-0.2659848867382197,0.14990040023005147,-0.062246868504403204,0.011421785125427783,0,0
2025-11-27 17:07:36.058601,7,12.91058746037529,80.11669040580327,0.027666461009886654,0.1304042881362526,0.1589946318161606,-0.07870747560222596,5.055250641935959e-05,0,0
2025-11-27 17:07:37.058601,7,12.910585766917269,80.11669241182034,0.28795978358036806,0.3278550859529028,0.01664039136773989,-0.15152308567308043,0.02177062786808671,0,0
2025-11-27 17:07:38.058601,7,12.910584842719352,80.11669364750173,0.16900753463938048,0.03357835976685515,-0.20017289005081562,-0.0400657072582125,0.0025468650421755063,0,0
2025-11-27 17:07:39.058601,7,12.910584364384748,80.1166943916488,0.09672472690118963,-0.08335991354249604,-0.1225898126391622,-0.009127222230023789,0.02207295280117843,0,0
2025-11-27 17:07:40.058601,7,12.910582829891041,80.11669662443884,0.29644639930990335,-0.07609503948678714,0.09259662763827453,-0.021923009840965207,0.016194926475585514,0,0
2025-11-27 17:07:41.058601,7,12.910582182809577,80.11669769772111,0.1369396339135166,0.1515909397631906,-0.15961222507365536,-0.03301140520019691,0.011695147339565873,0,0
2025-11-27 17:07:42.058601,7,12.910581198724767,80.11669950400801,0.22453918468691528,-0.1167480931376312,-0.2824758556025855,-0.042986149627664984,0.013464910140452088,0,0
2025-11-27 17:07:43.058601,7,12.910580521421846,80.11670090258595,0.1694589234587526,-0.009631659494020247,-0.1373986295748438,-0.01385450056806746,0.007840576479086406,0,0
2025-11-27 17:07:44.058601,7,12.910579629973595,80.11670252707619,0.20228907083287997,-0.021950989029484343,-0.1608174008044182,0.009206702193627375,0.013907921915385422,0,0
2025-11-27 17:07:45.058601,7,12.910579302561553,80.11670334938424,0.09638654583200497,-0.18098891581245719,-0.10979058022368342,-0.07983824457897944,0.01331027098812094,0,0
2025-11-27 17:07:46.058601,7,12.910578561490123,80.11670554551543,0.2521803339415256,-0.26507128130615865,0.273637743486084,0.0671814540169346,0.013256690674206945,0,0
2025-11-27 17:07:47.058601,7,12.910578284272232,80.11670628574154,0.08604710045191707,-0.12419480274213875,-0.08371187320377102,0.02728736361592261,0.009911401258769695,0,0
2025-11-27 17:07:48.058601,7,12.910577683673882,80.11670779284773,0.17667704455825556,0.1039381011548621,0.055365576351340005,-0.05153867958579024,0.029677576437426384,0,0
2025-11-27 17:07:49.058601,7,12.910576964456489,80.11671001930014,0.2545160391501586,0.3255159222621221,0.002314556701405057,-0.1306826274381305,0.050511291253236515,0,0
2025-11-27 17:07:50.058601,7,12.910576651675376,80.11671131888703,0.14525480178067798,-0.08431055084781058,-0.046560762224480315,-0.07234025228505289,0.011890883380976361,0,0
2025-11-27 17:07:51.058601,7,12.91057663362863,80.11671140504902,0.009562951144764308,-0.016653297589953937,-0.13854924698835996,-0.03471986830235152,0.01955150605520656,0,0
2025-11-27 17:07:52.058601,7,12.910576330537173,80.11671346800672,0.22638270629738785,0.05279077974248124,-0.15375320154223776,-0.013049123897972414,0.008920659933408258,0,0
2025-11-27 17:07:53.058601,7,12.910576065590632,80.11671487244104,0.15522480377094638,0.14519021997279713,0.11150223225965146,-0.007092574893668064,0.00882033161698819,0,0
2025-11-27 17:07:54.058601,7,12.910575716297359,80.11671678545808,0.21119430081012533,0.1727529248569305,0.28077104230710614,-0.08238092693346272,0.022282453022077903,0,0
2025-11-27 17:07:55.058601,7,12.910575656293203,80.11671723574787,0.049316001138936846,-0.10764298820964681,-0.3458476513834355,0.1032017774104794,0.010595379318959118,0,0
2025-11-27 17:07:56.058601,7,12.910575471510482,80.11671809796782,0.09579517844169533,0.2060852227029994,0.40124092767314185,0.06559385405563264,0.0009083562613755988,0,0
2025-11-27 17:09:43.058601,8,12.896879295782632,80.09993804479305,0.17981896626736654,-0.08845591055629098,0.05922204566397858,-0.008393597206848798,0.01241856847760936,0,0
2025-11-27 17:09:44.058601,8,12.896880073695037,80.09993801578841,0.08665438449661302,0.054900768861283825,-0.19311075000759145,0.03493950048794038,0.02929160970403217,0,0
2025-11-27 17:09:45.058601,8,12.896880290516998,80.09993801635137,0.024136697951035645,0.49980397905567053,-0.07952617404879635,0.04359690712470175,0.028238922435737432,0,0
2025-11-27 17:09:46.058601,8,12.89688251634495,80.09993785208587,0.24841947841990303,0.5710909607301492,-0.2522972898301819,0.02657994710190674,0.009534642869559016,0,0
2025-11-27 17:09:47.058601,8,12.89688400691263,80.09993769131309,0.16684458869899138,-0.020037724842466326,-0.3652746148119114,0.030389567662985874,0.015609384277932986,0,0
2025-11-27 17:09:48.058601,8,12.896884363603835,80.09993762819215,0.040293286226763536,-0.027050176358567005,0.01498061564462757,0.03794319612729048,0.021405354702927096,0,0
2025-11-27 17:09:49.058601,8,12.896884957639113,80.09993747793177,0.06810849404195216,0.22963876847930392,-0.29899393524528056,-0.12969484938930542,0.02564585191779034,0,0
2025-11-27 17:09:50.058601,8,12.896886708333145,80.09993694058184,0.20342310399365945,0.2628161278298863,-0.142679827362987,0.023834911628160323,0.026549578020563895,0,0
2025-11-27 17:09:51.058601,8,12.89688871645404,80.09993626660976,0.23520309460184372,0.25228334823445586,0.2669401258770838,-0.0032954406318217826,0.0025267527917490515,0,0
2025-11-27 17:09:52.058601,8,12.896889280247985,80.09993611155618,0.06497766103597018,0.28943679284066975,-0.17054936924198427,0.06191983460133046,0.017243874309084063,0,0
2025-11-27 17:09:53.058601,8,12.896890301376803,80.0999358657281,0.1167600344092939,0.04630410320191871,0.32224878568921306,-0.07255050338749339,0.013934739278194972,0,0
2025-11-27 17:09:54.058601,8,12.896891924767544,80.0999353343908,0.1896904737285333,-0.2673341255571834,-0.12537812255183112,-0.04100970701440501,0.006691303697907373,0,0
2025-11-27 17:09:55.058601,8,12.896892087765908,80.0999352861714,0.018884330603213116,0.1085685069068903,-0.16218687904940443,0.048881205396981875,0.019950521285710683,0,0
2025-11-27 17:09:56.058601,8,12.896893221104351,80.09993496880827,0.13077886963178428,0.13685299922976077,0.01969066086300432,-0.009167541207862895,0.0319781658778936,0,0
2025-11-27 17:09:57.058601,8,12.896895015086605,80.099934644593,0.20278126899961726,-0.1518042277297843,-0.12239730953478152,-0.05740243658299975,0.0662815069102416,0,0
2025-11-27 17:09:58.058601,8,12.896896880362041,80.09993415052806,0.21445191443012118,-0.33997578938733786,0.07960626382914986,0.013358985968038778,0.01975540922070748,0,0
2025-11-27 17:09:59.058601,8,12.89689728554874,80.09993402084262,0.0472496343824802,0.33617146113678537,-0.14293234785973857,0.049150523221701,0.002477325149877727,0,0
2025-11-27 17:10:00.058601,8,12.89689755701566,80.0999339803153,0.030538006143026875,0.005617919474903921,-0.0808262062722476,0.026441377559941803,0.014855707859117906,0,0
2025-11-27 17:10:01.058601,8,12.896899388586785,80.09993378328718,0.2050083751753858,0.3699821887740323,0.06459076241240642,-0.0708864541852767,0.007879117014425115,0,0
2025-11-27 17:10:02.058601,8,12.896900941887717,80.09993360790556,0.17395758775922357,-0.18237340593840906,-0.03435931034297735,0.005045790576384617,0.002962316355381924,0,0
2025-11-27 17:10:03.058601,8,12.89690105329136,80.09993359798865,0.012448053778119672,0.15255590534739916,0.025507429175000793,0.04897411074491377,0.00824468905594684,0,0
2025-11-27 17:10:04.058601,8,12.896902081475465,80.0999335285462,0.11470523083065154,-0.08576374396851852,-0.062081465409351916,0.121666083814422,0.003214301220217622,0,0
2025-11-27 17:10:05.058601,8,12.89690371931402,80.09993350555845,0.18234125070644594,-0.20922826025877722,0.20415723950525425,0.009489278812748872,0.002790629495310389,0,0
2025-11-27 17:10:06.058601,8,12.896905462291798,80.09993337502141,0.19454464163523502,0.09539965049691496,0.07646041220843461,-0.049668757454723274,0.005709387373291448,0,0
2025-11-27 17:10:07.058601,8,12.896905548579623,80.09993336202524,0.009708530571032959,-0.022663505038021975,0.346374313262594,-0.05120162594908634,0.005625239852150977,0,0
2025-11-27 17:10:08.058601,8,12.896906261883238,80.09993320656591,0.08117706719546812,-0.21470286022192378,-0.1197854943405803,0.10605091399528306,0.034218146321542076,0,0
2025-11-27 17:10:09.058601,8,12.896906407773457,80.09993317964344,0.016501164037558424,-0.12266109613119192,-0.20576284066435369,0.05554689500717949,0.0029953327795357193,0,0
2025-11-27 17:10:10.058601,8,12.896907589903925,80.09993285833616,0.1361352027231286,0.3029986910411303,-0.08263284438492806,-0.017585289264395253,0.013806134362354297,0,0
2025-11-27 17:10:11.058601,8,12.896909931211935,80.09993227621925,0.268179614637303,-0.2134651094172503,-0.0707707907525687,0.054153882873156985,0.021904190247195296,0,0
2025-11-27 17:10:12.058601,8,12.896911269522652,80.09993202657786,0.151423508960726,-0.10753098476603684,0.16572795329634235,0.06748568442430641,0.026768174064342138,0,0
2025-11-27 17:10:13.058601,8,12.89691355760359,80.09993168023645,0.2574668461753758,0.043387289238456986,0.07789556976195296,-0.1247594876245109,0.027379633365783293,0,0
2025-11-27 17:10:14.058601,8,12.896914597788227,80.0999314480183,0.11850341896326894,-0.03480024920847515,0.1822101362713677,-0.07529047004961194,0.009728552550396594,0,0
2025-11-27 17:10:15.058601,8,12.896916288871527,80.0999312640489,0.1893068992279606,0.03540022652954271,-0.14769200947800215,0.06316751364401603,0.015070433591577052,0,0
2025-11-27 17:10:16.058601,8,12.89691649491109,80.09993125400717,0.022962192802364088,-0.2966205227946309,-0.13363852984869543,0.0662910889803643,0.007269291871344473,0,0
2025-11-27 17:10:17.058601,8,12.896917395316862,80.09993122884411,0.1002703545858799,-0.23535384034074555,0.15290071979755826,0.08592535323181125,0.00629420961883828,0,0
2025-11-27 17:10:18.058601,8,12.896917503490986,80.09993122872825,0.012041950063474671,0.15030945125189693,-0.22049848826439702,-0.04609458521928753,0.027465623379332282,0,0
2025-11-27 17:10:19.058601,8,12.896919120800566,80.09993121668086,0.18004364857812702,0.2358620719414676,-0.20111323696917374,0.07510179870123583,0.012488343277131712,0,0
2025-11-27 17:10:20.058601,8,12.896920669119462,80.09993119868354,0.17236992288276867,0.3525854064662566,-0.01174614782196239,0.12449950398167631,0.007515079949042438,0,0
2025-11-27 17:10:21.058601,8,12.896923068229684,80.09993134098283,0.26751495876368836,-0.10435013765533796,0.07591798098822283,0.0501144001581742,0.00400832630405301,0,0
2025-11-27 17:10:22.058601,8,12.89692436779311,80.09993131393722,0.14469716520629267,-0.1542228456450096,-0.12006816611734113,-0.09766693337752874,0.014860761205177916,0,0
2025-11-27 17:10:23.058601,8,12.896924608216008,80.09993131023145,0.026766897602591877,-0.0074635640554503585,-0.04715886270992471,-0.11664268438633438,0.0171472391446963,0,0
2025-11-27 17:10:24.058601,8,12.896927084949459,80.09993121374458,0.275908692227144,-0.5651999204683567,0.08971721675448119,-0.0005380871703630635,0.030123785723993168,0,0
2025-11-27 17:10:25.058601,8,12.89692768791998,80.09993127689384,0.06747154860546066,-0.07026279678710487,-0.06943498505551826,0.01099252819854473,0.03332704341585704,0,0
2025-11-27 17:10:26.058601,8,12.896929620396163,80.09993139189028,0.21548485851606297,-0.11325239122818723,0.037017122214093624,0.05795536855767061,0.004379896050299596,0,0
2025-11-27 17:10:27.058601,8,12.896931810943602,80.0999316173408,0.24507582615592868,0.03952127977828131,0.4298597942505787,-0.01387565393135299,0.007177168583175502,0,0
2025-11-27 17:10:28.058601,8,12.896933681723315,80.09993178231062,0.20902315446135294,0.08077616525800432,-0.024895337907570363,0.10040898105150553,0.007570553872842925,0,0
2025-11-27 17:10:29.058601,8,12.896936061942537,80.09993213007687,0.2676397653005905,-0.040835510743869735,-0.051587692102749355,0.027750552043415776,0.013684307316523233,0,0
2025-11-27 17:10:30.058601,8,12.896936660997751,80.09993218520682,0.06695461240337998,-0.03264058374289576,0.05459769347233046,0.037897069040743483,0.0233571213467351,0,0
2025-11-27 17:10:31.058601,8,12.896937227918997,80.09993230321061,0.06439560320702387,0.035969974731827004,-0.3978826591429571,-0.08611255804059095,0.015864332373136437,0,0
2025-11-27 17:10:32.058601,8,12.896938043164427,80.09993240899533,0.091476192946455,0.16635266144641997,0.08669864314692623,-0.05995590131366103,0.0007767079254726556,0,0
2025-11-27 17:10:33.058601,8,12.896938763879671,80.09993247526151,0.08055160983382822,-0.04731185996006959,-0.027904456250877435,-0.06798834306959509,0.054105099858247935,0,0
2025-11-27 17:10:34.058601,8,12.896941072560843,80.0999327196013,0.2583664180963844,-0.07894678546830342,-0.11083257597690113,0.09707321880649988,0.029827770145115166,0,0
2025-11-27 17:10:35.058601,8,12.896942103381045,80.09993291165489,0.11662795077753765,-0.10990111737067562,-0.001607381317823389,0.001410954348835869,0.0019195586411367047,0,0
2025-11-27 17:10:36.058601,8,12.89694315409915,80.09993305986886,0.11806647531514769,0.038120793537618734,0.0026178150194790858,0.07349199665968446,0.010493734157989749,0,0
2025-11-27 17:10:37.058601,8,12.896944120937883,80.09993328493545,0.11036459447613502,0.4451410878337807,0.11543702909389426,0.12341566228746392,0.016313310028084053,0,0
2025-11-27 17:10:38.058601,8,12.896946582118744,80.09993406820334,0.2868592793989773,-0.2950403996750831,0.07828272751220973,0.07290616683824658,0.001030116076974077,0,0
2025-11-27 17:10:39.058601,8,12.896946764633611,80.09993413386704,0.021530739093006256,-0.26295974373512365,0.022868618343729292,-0.023344154182251553,0.0032911071916319062,0,0
2025-11-27 17:10:40.058601,8,12.896947381311046,80.09993429236029,0.07077008797544322,0.26237445594285685,0.22835111440181874,0.047407310098923176,0.005563988328163051,0,0
2025-11-27 17:10:41.058601,8,12.89694743863019,80.09993431416032,0.00680515007677972,-0.1504974993537688,0.19715774301719916,-0.04583382371518503,0.0017422940371961716,0,0
2025-11-27 17:10:42.058601,8,12.896949726232704,80.09993492304218,0.2630874196756099,-0.14126545924028333,-0.007793249490043044,-0.10471212109473627,0.0006853673835446224,0,0
2025-11-27 17:10:43.058601,8,12.896951198405494,80.09993519054402,0.1664330870678829,-0.10023895430948437,-0.24705965193355867,-0.06049536201740656,0.01493137832556154,0,0
2025-11-27 17:10:44.058601,8,12.896951629592497,80.09993525534146,0.04851199581805338,-0.023418895903693154,0.008500313224216452,0.005367254257229392,0.018872751675816864,0,0
2025-11-27 17:10:45.058601,8,12.896952737904163,80.09993558892444,0.12857767650752486,0.2239204331401659,0.06975274340454247,0.07963924422437747,0.004915533329887549,0,0
2025-11-27 17:10:46.058601,8,12.896954086056216,80.09993590520207,0.15395045842683003,0.05769279554788965,-0.2004109921476147,-0.0039796929638257345,0.022162419170698545,0,0
2025-11-27 17:10:47.058601,8,12.896955225686776,80.09993611925348,0.12897243825278965,0.13028382314563586,-0.19391357964438324,-0.0605363830343979,0.0007801578102570128,0,0
2025-11-27 17:10:48.058601,8,12.89695523190853,80.09993612078797,0.000712339683124763,0.214826634408221,0.19251444434453432,0.038069003664377724,0.004265333731719021,0,0
2025-11-27 17:10:49.058601,8,12.896957719992397,80.09993694608987,0.29109175520377284,0.3421981043334578,0.033689024146132646,0.04142453124091236,0.017819092274991205,0,0
2025-11-27 17:10:50.058601,8,12.896960274895905,80.0999376479385,0.2944321209082302,-0.3551780377834761,-0.0977931258963819,-0.010769988737987908,0.005412926758749162,0,0
2025-11-27 17:10:51.058601,8,12.896961449799878,80.09993797948084,0.13564805778611,0.15260380224251935,-0.010312485277909062,-0.07390925405799173,0.004444874366149936,0,0
2025-11-27 17:10:52.058601,8,12.896963018891697,80.0999383069929,0.17825004271368042,0.28517670162469433,0.1917912959603805,-0.06620022303032155,0.005036271942199669,0,0
2025-11-27 17:10:53.058601,8,12.896963094524644,80.099938308693,0.008421480445862838,0.13569467167159677,-0.1438787372524764,-0.1341065162241695,0.014158521746119241,0,0
2025-11-27 17:10:54.058601,8,12.89696479588147,80.09993830741122,0.18939509303101815,0.17610075024321506,0.21666282726950456,0.06897269175062716,0.009879796630138455,0,0
2025-11-27 17:10:55.058601,8,12.89696708215812,80.0999384156762,0.25477931501875684,0.06254613077712831,-0.17396567635895308,0.13507791352130438,0.029420033379430516,0,0
2025-11-27 17:10:56.058601,8,12.896969316513761,80.09993893520783,0.25503730260278085,-0.027503573178486472,-0.12393077931767332,0.11622396433235214,0.011652389381531408,0,0
2025-11-27 17:10:57.058601,8,12.896971779814173,80.09993971391118,0.2869383918429389,-0.10847177726718085,-0.19429229903065987,-0.067095180851476,0.04131638985060343,0,0
2025-11-27 17:10:58.058601,8,12.896972431010491,80.09993986074961,0.07422164836937852,-0.36167326529988786,0.15746387835660972,0.042231681658237305,0.021756677739142458,0,0
2025-11-27 17:10:59.058601,8,12.896974744664558,80.09994061706209,0.27031530993916025,0.3578172412673102,-0.04565667287620744,0.13060815612851578,0.016103780799556,0,0
2025-11-27 17:11:00.058601,8,12.89697691516097,80.09994154286224,0.26167215119599657,-0.053297746953062226,-0.0895555877253202,-0.011187150589235011,0.03175769678649543,0,0
2025-11-27 17:11:01.058601,8,12.89697852371986,80.09994209958299,0.18898056239823174,0.13031571765628908,0.17445637977818218,0.04334382326099655,0.024617709993228737,0,0
2025-11-27 17:11:02.058601,8,12.89697929413229,80.09994233240216,0.08940595450028126,-0.22980581876607106,0.07653795485046884,0.015779123277940274,0.04746906757246887,0,0
2025-11-27 17:11:03.058601,8,12.896980475384249,80.09994266565002,0.1363784924340638,0.12641731542984716,-0.10262550232274262,-0.00596469681222515,0.0006222194024030254,0,0
2025-11-27 17:11:04.058601,8,12.896982284851436,80.09994310090488,0.2068929636304324,0.1173247865759712,-0.08345647273192834,0.0407555734236605,0.07619780755703126,0,0
2025-11-27 17:11:05.058601,8,12.896984754678865,80.09994373600395,0.28344670496707913,-0.025790331955602028,-0.0904094240535701,0.08604761842862571,0.0039809938327959584,0,0
2025-11-27 17:11:06.058601,8,12.896987314410634,80.09994443209192,0.2947905564244862,-0.15251983249512316,0.11243128447154783,0.10527006447806601,0.007008614844653954,0,0
2025-11-27 17:11:07.058601,8,12.896987938276437,80.0999446099927,0.0720817921768979,-0.3409320649875821,-0.11847205470927247,0.03381113212256025,0.0010510156957800896,0,0
2025-11-27 17:11:08.058601,8,12.896989577374454,80.09994509916989,0.1900286759758458,-0.3041526890865814,0.10361439244259373,-0.04332580416024285,0.012685621665012707,0,0
2025-11-27 17:11:09.058601,8,12.896990420675188,80.09994531650653,0.09679325111770484,0.21222092614240914,-0.009596715053829868,-0.025528588412168114,0.007258622114357353,0,0
2025-11-27 17:11:10.058601,8,12.896991318712923,80.09994554905288,0.1031051334382256,-0.012354294513244476,-0.049743597618100134,-0.10051261697420535,0.05141839521859352,0,0
2025-11-27 17:11:11.058601,8,12.896992630515486,80.09994566525049,0.14657319817677225,0.27321136483162123,0.0556036802462736,-0.21530390312106507,0.0027502947951321645,0,0
2025-11-27 17:11:12.058601,8,12.896994744423836,80.09994574270205,0.23547031030646776,-0.07485281692648038,-0.07735524698553886,0.04669245460734577,0.014385923748539918,0,0
2025-11-27 17:11:13.058601,8,12.89699484032032,80.09994575336106,0.010737672446904222,0.025613412902855043,0.2578350453067075,0.10252223238020164,0.014570457708455345,0,0
2025-11-27 17:11:14.058601,8,12.896995937694538,80.09994601910338,0.1255169968313779,0.5059261550277159,0.1153121631086574,0.18535877917925664,0.03243490970489884,0,0
2025-11-27 17:11:15.058601,8,12.896996411882911,80.09994620842204,0.05664324924175974,0.031231969109740937,-0.11816965513309093,-0.03835904087717679,0.030433244995427256,0,0
2025-11-27 17:11:16.058601,8,12.89699730861456,80.09994655534499,0.10668658371836126,0.2652910120398486,-0.08766720638165144,-0.031302782631459414,0.026135468593310784,0,0
2025-11-27 17:11:17.058601,8,12.896999631315973,80.09994725951027,0.26961715366857253,0.19387868709148906,-0.07909717130877413,-0.092315213290498,0.017795366045378222,0,0
2025-11-27 17:11:18.058601,8,12.897002197103124,80.09994770226453,0.28963592968011076,0.04052305146517497,0.05113803261032044,-0.10775056555420223,0.00010535481914091221,0,0
2025-11-27 17:11:19.058601,8,12.897003351910707,80.09994790927918,0.13050107319840226,-0.1688164504031137,0.2218497762962499,0.11816467882116516,0.01732849740336862,0,0
2025-11-27 17:11:20.058601,8,12.897005431841876,80.09994850755663,0.2404671326146431,-0.13340175437953233,0.03311984406019299,0.04040238705630239,0.01071071160652388,0,0
2025-11-27 17:11:21.058601,8,12.897007448764684,80.09994898558033,0.2304377983482224,-0.09607511019481259,0.29264242557059966,0.025784909767307213,0.005162978354110372,0,0
2025-11-27 17:11:22.058601,8,12.897007921954893,80.09994912962793,0.05494575210705475,-0.004560107668752714,0.17680961514126717,0.08336964275242084,0.0009431231604572905,0,0
2025-11-27 17:11:23.058601,8,12.897007981291704,80.09994914546253,0.006825197248958847,0.013260678533363247,-0.2629319354957169,0.11397914792548387,0.00854130295965211,0,0
2025-11-27 17:11:24.058601,8,12.897009598011403,80.09994966401202,0.18856440549236342,0.06773027020865965,-0.060413848771645046,-0.05440718529188133,0.0024246593158146223,0,0
2025-11-27 17:11:25.058601,8,12.89701056422848,80.09994990335399,0.11065041589719211,-0.13718262904720696,-0.2632570248154461,-0.03463675085308081,0.0033714909212818112,0,0
2025-11-27 17:11:26.058601,8,12.897010604496806,80.09994991961574,0.0048174797102569,0.2155230895257235,0.30157466014727646,0.13429552369979048,0.003917978637065418,0,0
2025-11-27 17:11:27.058601,8,12.897012370606683,80.09995053177592,0.2075219721800193,-0.06771660773179669,0.0026452426996956637,-0.05219651438783367,0.00386686234526625,0,0
2025-11-27 17:11:28.058601,8,12.897013845292797,80.09995108184793,0.17467682269618975,-0.13470479365848004,-0.06777925632776344,0.05685557275860126,0.005932602011655293,0,0
2025-11-27 17:11:29.058601,8,12.89701438423951,80.09995135524244,0.06692957680636695,0.08118136173992263,-0.018772046832501336,0.05754203703419362,0.015204908546572748,0,0
2025-11-27 17:11:30.058601,8,12.897016264087013,80.09995243860872,0.24002409155204246,-0.07448690095437323,-0.04969973253804926,-0.009467714961771193,0.048894315647583675,0,0
2025-11-27 17:11:31.058601,8,12.897016541860022,80.0999525875709,0.03489169952818317,-0.001003453188059375,-0.09375439381524754,-0.019003402994011508,0.010610746015591728,0,0
2025-11-27 17:11:32.058601,8,12.89701769940666,80.09995315933793,0.14301677470619875,0.23477116995861586,-0.06970203698382856,-0.02534665551209687,0.016846912000834793,0,0
2025-11-27 17:11:33.058601,8,12.897018706473423,80.09995364609424,0.12392631011780128,-0.0711896307811833,0.1311861133330429,-0.06762783543377071,0.003295720927989694,0,0
2025-11-27 17:11:34.058601,8,12.897019513777623,80.09995408387415,0.1016519148714414,0.037298264159456716,-0.09689542193229533,-0.021022080862032215,0.02568203453069502,0,0
2025-11-27 17:11:35.058601,8,12.897020547793751,80.09995462935399,0.12943384086793283,0.16326853969508864,0.005142086216785145,0.013886758256839701,0.004003429671898679,0,0
2025-11-27 17:11:36.058601,8,12.897023055703416,80.09995561969176,0.2991489854778449,-0.022613499202937162,0.10973761975302226,-0.05400077931303046,0.01697018158880014,0,0
2025-11-27 17:11:37.058601,8,12.89702525105377,80.09995669527414,0.27082599402034685,-0.42830692069338583,-0.1751456547018382,-0.029537202681339747,0.03419690862412108,0,0
2025-11-27 17:11:38.058601,8,12.897025879863595,80.09995698991432,0.0769550484038959,-0.20362068508671205,-0.11577529657207555,0.03237567004892461,0.031673381408569824,0,0
2025-11-27 17:11:39.058601,8,12.8970282154807,80.09995808348107,0.2858003079113108,-0.4116167895281413,0.020326878206138575,0.06235661306771704,0.022009794955036074,0,0
2025-11-27 17:11:40.058601,8,12.897028986623818,80.09995854508968,0.09938881890476073,-0.035851354094608684,-0.04837995571714444,0.10070602929495143,0.02314515081768047,0,0
2025-11-27 17:11:41.058601,8,12.89702906308069,80.09995859019618,0.009818205002774926,0.07114582753577961,-0.08559250661563426,-0.018941484366080136,0.03616089721032323,0,0
2025-11-27 17:11:42.058601,8,12.897030108860172,80.09995918643678,0.13318671663268888,0.16192987451533603,0.021397852329598847,-0.0750217962342136,0.022223572221495486,0,0
2025-11-27 17:11:43.058601,8,12.89703034303969,80.09995928865656,0.028330535630069875,0.16267319709242176,-0.07975690658179148,-0.1557392720499016,0.017408306957933363,0,0
2025-11-27 17:11:44.058601,8,12.89703283018736,80.09996024407268,0.29564315260651425,0.0009087542048222541,-0.19776233007093066,-0.0236183005027589,0.014979456639252615,0,0
2025-11-27 17:11:45.058601,8,12.897033313266846,80.09996037086958,0.05550865690489618,0.2188395169556507,-0.08970462083604204,-0.14298836969574819,0.014190651356984964,0,0
2025-11-27 17:11:46.058601,8,12.897034266114716,80.09996061987898,0.10945851776823344,-0.06956928627507451,0.279358508556645,-0.018998066521921327,0.006322988542400188,0,0
2025-11-27 17:11:47.058601,8,12.897035524701106,80.09996091130265,0.14363026539486212,-0.1431796602957859,0.02539072591844506,-0.033210301658883265,0.015564284903293455,0,0
2025-11-27 17:11:48.058601,8,12.897036924363038,80.09996120440421,0.15902335132190348,-0.5351211267795143,-0.11742408087881628,0.14675974317313678,0.010719231851614712,0,0
2025-11-27 17:11:49.058601,8,12.89703744398814,80.09996135334269,0.06005998706364965,-0.056337209483408146,0.1867800018989776,0.04901856419541269,0.02347664441949214,0,0
2025-11-27 17:11:50.058601,8,12.897039566563192,80.09996192487876,0.24428857491432995,-0.17812619365872337,0.16766688694323695,-0.006617999778440981,0.018695924079886676,0,0
2025-11-27 17:11:51.058601,8,12.897040326696263,80.09996210134506,0.08675759207986312,0.04453160698449732,0.11498671297507536,-0.07689301610841794,0.02200079295916023,0,0
2025-11-27 17:11:52.058601,8,12.897041266379215,80.0999623132038,0.10710188509077444,-0.28587775146007904,0.02744493248081714,-0.00853463866662147,0.0005598762558872165,0,0
2025-11-27 17:11:53.058601,8,12.897043506816573,80.09996290797207,0.25762070050496044,0.10107596110862715,0.14648419418119596,-0.044312174284889164,0.012812441699860906,0,0
2025-11-27 17:11:54.058601,8,12.897043855963457,80.09996297572789,0.03955632024486244,-0.07723854205565366,0.08117254237621707,-0.07263574549772737,0.008484612870625177,0,0
2025-11-27 17:11:55.058601,8,12.89704437726373,80.09996304147033,0.058467986792941296,0.034906237185537196,-0.22084868710413796,-0.04945398275832959,0.023257255461227873,0,0
2025-11-27 17:11:56.058601,8,12.897044796076205,80.09996310319919,0.04710092664330679,-0.031003762718878405,0.10852641868411626,0.013522538009326946,0.0492874453089135,0,0
2025-11-27 17:11:57.058601,8,12.897046468743277,80.09996343819414,0.1897163965771589,0.3600817544701618,0.024711739892249812,0.04130845837122382,0.002732986425511377,0,0
2025-11-27 17:11:58.058601,8,12.89704675562074,80.09996348167851,0.032281911562300224,-0.09848921167356588,-0.0814632165321848,-0.006755179673546156,0.03151905764864819,0,0
2025-11-27 17:11:59.058601,8,12.897047777255294,80.09996372894011,0.11685046432299397,0.09953227453055918,-0.16161067689003547,0.04692152067861028,0.02765455272083499,0,0
2025-11-27 17:12:00.058601,8,12.897049657935407,80.09996405537531,0.2123327711181471,0.44178328906866404,0.10521400633004972,-0.004800982188534669,0.003186079817472871,0,0
2025-11-27 17:12:01.058601,8,12.897051912883118,80.09996475205156,0.26215725170109755,-0.15852038449432493,0.1798901674053942,0.0885166610468279,0.01567918866325603,0,0
2025-11-27 17:12:02.058601,8,12.897052930607552,80.09996504066025,0.11754192818356532,-0.1290193544095597,-0.046769932679951574,-0.07166677837237442,0.024321346095946682,0,0
2025-11-27 17:12:03.058601,8,12.897053889878,80.09996533561934,0.11147943769342414,0.30812651870033825,-0.1277260068863836,0.034453888996304416,0.010517645493961727,0,0
2025-11-27 17:12:04.058601,8,12.897055252321028,80.09996576297206,0.15859811871467625,0.14770786756184653,0.0322470885907937,-0.01313645553354316,0.003239391110931515,0,0
2025-11-27 17:12:05.058601,8,12.897055345429035,80.09996579290173,0.010861695478156375,0.04613385549063315,-0.05074681305629591,0.03215819238700664,0.01846735128579288,0,0
2025-11-27 17:12:06.058601,8,12.897057628807119,80.09996656450866,0.26762061668316883,-0.3027483503672049,0.2442130185710069,-0.042415920199165486,0.025254661556332225,0,0
2025-11-27 17:12:07.058601,8,12.8970595178346,80.09996729397764,0.22469111297943112,0.17498379431287858,-0.03662657063380516,0.03256159835405217,0.03270009659279149,0,0
2025-11-27 17:12:08.058601,8,12.897061742261481,80.09996826778975,0.2692274392784907,7.151332448513317,-0.12250908135960999,0.024388724736979072,0.006644265973728251,0,0
2025-11-27 17:12:09.058601,8,12.89717557262282,80.10002701547381,14.184766794460844,4.315066659568321,0.004387608221105433,0.012830996638043254,0.10079767110321175,1,0
2025-11-27 17:12:10.058601,8,12.897253920262484,80.10005845569016,9.365179296071116,-0.044238979485839686,-0.18480223452264624,-0.01844554965011501,0.0821124400593265,1,0
2025-11-27 17:12:11.058601,8,12.897371586201617,80.10010347644617,13.979934789700692,1.0517877992142728,-0.21123828903902034,-0.015316674959327342,0.10052229674644052,1,0
2025-11-27 17:12:12.058601,8,12.897468583686818,80.10013480927759,11.320401620225464,-0.3116326871468372,-0.327367154406904,0.06841019897437282,0.02787425369989681,1,0
2025-11-27 17:12:13.058601,8,12.897583177870661,80.10017572377879,13.507125883487722,1.1507108017673524,0.07775874200692721,0.0742524181265234,0.04566951030037232,1,0
2025-11-27 17:12:14.058601,8,12.897692233490538,80.10022923619928,13.45731853560147,-3.3051193858660275,-0.11551239036425173,0.003823217213518762,0.013393357227901559,1,0
2025-11-27 17:12:15.058601,8,12.897751192589547,80.10026044837076,7.385680068381262,0.6418002454228472,0.04839576105668907,0.08027104724874753,0.0377448028748161,1,0
2025-11-27 17:12:16.058601,8,12.897866333326945,80.10032963681546,14.854424464298758,4.015055648408959,0.056259205064626505,0.0060275873099937625,0.05701216513321766,1,0
2025-11-27 17:12:17.058601,8,12.897987059497966,80.1003921145237,15.052429210824211,-0.7539901809055274,-0.17394164315527857,-0.09545191259117994,0.10124904884794139,1,0
2025-11-27 17:12:18.058601,8,12.898092404879852,80.10044531895107,13.071140784110032,-1.8503595813158251,0.050073337544922374,-0.0486591039591989,0.02241044469311266,1,0
2025-11-27 17:12:19.058601,8,12.898189102726068,80.10049272460923,11.930376100800068,0.6305409052421286,-0.02799116166598199,-0.14949689434395505,0.06146069363031937,1,0
2025-11-27 17:12:20.058601,8,12.898316132421273,80.10053748174629,14.951710524729846,2.6333379808965267,0.06251489587116234,0.0015372520359087857,0.08694274390667801,1,0
2025-11-27 17:12:21.058601,8,12.89845619948025,80.1005959290271,16.8327791966112,-1.8322699105621636,-0.15222383766061806,0.011764489802661687,0.01838334297811805,1,0
2025-11-27 17:12:22.058601,8,12.898546058124069,80.10062646511076,10.537586935928417,-4.176540418575242,-0.035265762723804495,-0.12000269116127678,0.01259215998511004,1,0
2025-11-27 17:12:23.058601,8,12.89861442629714,80.10064660349431,7.918255146425316,-0.7098707669419477,-0.023102168958335553,0.025381505806230956,0.06478714535443997,1,0
2025-11-27 17:12:24.058601,8,12.898693411773865,80.10067251994596,9.231447413549422,-0.5602745241381153,0.1713339143007531,0.031910802165560956,0.09571665592015764,1,0
2025-11-27 17:12:25.058601,8,12.898756590134749,80.10069503251576,7.44519701787813,2.310618912495604,0.2122504793082303,0.05902063057063483,0.10971611860497332,1,0
2025-11-27 17:12:26.058601,8,12.89887579030886,80.10073661728103,14.01563724715131,1.1814249479583685,-0.2607975155397684,-0.041639475415672283,0.11585376815337337,1,0
2025-11-27 17:12:27.058601,8,12.898955607998586,80.10076585241748,9.434643285520089,-0.861258211697539,0.01335422554012053,-0.011439920311751608,0.05427410163613892,1,0
2025-11-27 17:12:28.058601,8,12.89905900611538,80.10080212919617,12.164793677411522,0.45095165844515217,-0.16710493223251782,-0.002565369925416318,0.003294731338660774,1,0
2025-11-27 17:12:29.058601,8,12.899149031575826,80.1008273569158,10.38879608356811,-1.1411981287434079,0.03863165144919693,-0.06976524378174136,0.09393088237823932,1,0
2025-11-27 17:12:30.058601,8,12.899242768917436,80.10084396320725,10.58928840451249,1.467002994310624,0.037553486704613066,-0.11128777517098837,0.06707814019624475,1,0
2025-11-27 17:12:31.058601,8,12.899362289936416,80.10085235450951,13.336201103350893,-0.9914955144912142,-0.029817849280561224,-0.06255185136377345,0.1033594172634206,1,0
2025-11-27 17:12:32.058601,8,12.899451373014923,80.1008526641808,9.916785231268822,-1.976264050206594,0.22211669065127784,-0.0706754880848613,0.1202846417987839,1,0
2025-11-27 17:12:33.058601,8,12.899534405399907,80.10085444218713,9.24517846035932,2.5451600509687524,0.03323958249535684,-0.03282537023825364,0.11198107386237635,1,0
2025-11-27 17:12:34.058601,8,12.89966962934187,80.10085409464558,15.053176459322383,-0.42261464955735856,-0.0726294468016308,-0.06272474171547789,0.10560151431889123,1,0
2025-11-27 17:12:35.058601,8,12.899742824002265,80.10085625162867,8.151390645530501,-1.7738175618863634,-0.10215462061476621,0.033172855452766915,0.038564949950218176,1,0
2025-11-27 17:12:36.058601,8,12.899843627879248,80.10085942134697,11.226757610167938,1.5169457765604129,-0.22316751856168968,0.045135645702449226,0.07720684476120726,1,0
2025-11-27 17:12:37.058601,8,12.89993975263849,80.10086678651118,10.73041227797778,-2.771037460640123,-0.2359578211518544,0.005426615777147661,0.1315201670290151,1,0
2025-11-27 17:12:38.058601,8,12.899991913265334,80.10087473915618,5.870296264270736,1.371464644892506,-0.08070268843496127,0.04232347173545614,0.07785782423877759,1,0
2025-11-27 17:12:39.058601,8,12.90011749214676,80.10088326748912,14.010038666071823,5.412575028212615,0.23837712461169835,0.0021245186545377284,0.12433468293672933,1,0
2025-11-27 17:12:40.058601,8,12.900258404984642,80.10089487546426,15.736908173058517,-2.959219912817678,0.20707742794709552,-0.023259015382645166,0.05010552728928154,1,0
2025-11-27 17:12:41.058601,8,12.900330528906185,80.10090094844486,8.055833801810085,2.4302507934805098,-0.10183168727605697,0.04844424165624515,0.11907804247187159,1,0
2025-11-27 17:12:42.058601,8,12.90051305505788,80.10093312565708,20.61662928253208,0.5056985347949159,0.09269434168859363,0.08155680471424301,0.11314572932296241,1,0
2025-11-27 17:12:43.058601,8,12.900587301366047,80.10095063945677,8.480777382203518,-3.1444791607921707,-0.17893884616800595,-0.02872146829222954,0.053206583960317314,1,0
2025-11-27 17:12:44.058601,8,12.900709606792297,80.10097930028053,13.965731054072991,1.8775688557685657,-0.05463423137443287,0.005620499039219344,0.043081591593020274,1,0
2025-11-27 17:12:45.058601,8,12.900813508718528,80.10101425116633,12.172280870522311,-3.3819173102219153,-0.20530635658051083,0.027780641825207838,0.042527319411117724,1,0
2025-11-27 17:12:46.058601,8,12.900878393476063,80.10103519426835,7.572047371603376,1.344901516668639,-0.046227260491629826,0.006474681459584984,0.087724827477733,1,0
2025-11-27 17:12:47.058601,8,12.90100725074675,80.10106959859269,14.822243402203647,2.52649006572754,-0.02151459498540557,-0.08105113475505989,0.0321456100061242,1,0
2025-11-27 17:12:48.058601,8,12.901119814907155,80.10110306335292,13.046205764962693,0.21567054851443238,-0.17718654970525635,0.07778783827713834,0.09768567830327121,1,0
2025-11-27 17:12:49.058601,8,12.901245580152306,80.101154607047,15.076073019878525,-0.29620903395925696,-0.0041251460357791024,0.09226427288220618,0.13898526467898137,1,0
2025-11-27 17:12:50.058601,8,12.901351348888006,80.10119854032597,12.702682806670191,-2.2002065705443603,-0.14644162061113783,0.0693244505449263,0.0035329933745381252,1,0
2025-11-27 17:12:51.058601,8,12.901437407575369,80.10124917095038,11.043625214883468,1.1491833318522295,0.19096795520790524,0.11156415072564485,0.060327980906394,1,0
2025-11-27 17:12:52.058601,8,12.90154598102936,80.10132704492646,14.74746065897537,1.6107503150174163,0.12375131946349838,0.03712876627114283,0.09802909971873097,1,0
2025-11-27 17:12:53.058601,8,12.901654601005832,80.10140486388875,14.74828656234874,-5.065077930483924,-0.017334837829335693,-0.04051518903993757,0.07750210507182606,1,0
2025-11-27 17:12:54.058601,8,12.901689396155003,80.10142894352063,4.672319088009701,-0.7368445528689624,0.02445680964547252,0.02534886874749938,0.05082853696648248,1,0
2025-11-27 17:12:55.058601,8,12.901799067802564,80.10149043397507,13.91303383314908,4.707209641976613,-0.12758869052262362,0.005205352533603491,0.09203750704558616,1,0
2025-11-27 17:12:56.058601,8,12.901908784540751,80.10153704526017,13.21952148821083,-5.128281176749089,-0.19988240565346266,-0.07293643588072748,0.06141869347115629,1,0
2025-11-27 17:12:57.058601,8,12.901936859089213,80.10154779819571,3.3359723052198262,0.5487031754799561,0.06690216144913619,0.039315030588624886,0.03669914736486358,1,0
2025-11-27 17:12:58.058601,8,12.902051681034635,80.1016030633621,14.118854335759007,3.565812372551798,0.03725883844240989,-0.06880629679373432,0.12261728577357708,1,0
2025-11-27 17:12:59.058601,8,12.902141443588357,80.10164125841159,10.817819553249963,0.4379206845687619,0.029647672052088965,-0.04658638194517516,0.03965085969420289,1,0
2025-11-27 17:13:00.058601,8,12.90226484752216,80.10169679356447,15.00098073845401,0.2495546729589147,-0.2678933318824385,-0.008693638789936578,0.0729132625261171,1,0
2025-11-27 17:13:01.058601,8,12.902358389915328,80.10174053768037,11.443999181030579,0.9228936212808395,0.10512734186470685,0.06292328569789717,0.07321000938916047,1,0
2025-11-27 17:13:02.058601,8,12.902492936788295,80.10181406751428,16.970424780157117,1.3214522029376394,0.33225636804783726,0.007293888636422722,0.06764452943747755,1,0
2025-11-27 17:13:03.058601,8,12.90260287331189,80.10186838128344,13.583350867090296,-1.3913468346710791,-0.09101028400123796,-0.029254380541731215,0.04594281688128108,1,0
2025-11-27 17:13:04.058601,8,12.90271154625123,80.10192363195685,13.501593277827984,1.2296774645351956,0.018024995468106333,0.029228484067825994,0.08057818950656033,1,0
2025-11-27 17:13:05.058601,8,12.90284355548238,80.10198752507009,16.248677651148988,-2.212759700360855,0.03150618515291648,-0.03511143043382933,0.1061035457205209,1,0
2025-11-27 17:13:06.058601,8,12.902920330796043,80.10202958956702,9.689140575515388,-6.331894526941341,-0.18412579743057125,0.05909512084711732,0.020642142416036655,1,0
2025-11-27 17:13:07.058601,8,12.902950005316972,80.10204482477516,3.6939553604283972,2.1332902306833854,-0.11722891356172854,-0.013855460800681754,0.0614420560177635,1,0
2025-11-27 17:13:08.058601,8,12.903055195009804,80.10210526472495,13.421276976938232,6.581889454496212,0.18868538426788145,0.12214508691639957,0.0656887107377696,1,0
2025-11-27 17:13:09.058601,8,12.903176103007972,80.10218507623311,16.00504950773515,-1.0237173179639363,0.2559139442736026,0.07313660213276678,0.06843392537389408,1,0
2025-11-27 17:13:10.058601,8,12.903254091287755,80.10225024514284,11.19725754567265,-4.987062156727859,-0.1171086592705813,0.0781753544913878,0.034472091237141345,1,0
2025-11-27 17:13:11.058601,8,12.903295887125646,80.10228476825137,5.97339743654989,1.5452051281302865,0.04494514121502329,0.05741629305344123,0.0395815166571128,1,0
2025-11-27 17:13:12.058601,8,12.903400376752783,80.10237197398595,14.994796842015406,2.0787806109584617,-0.049643986795823804,-0.033326443475205546,0.061857858185993604,1,0
2025-11-27 17:13:13.058601,8,12.903478064779536,80.10242703298428,10.511286393546422,-1.6572398203056693,-0.19812909863901404,-0.05567842622245593,0.061820582179962856,1,0
2025-11-27 17:13:14.058601,8,12.903572212413728,80.10248183125795,12.049861703783227,1.4818864573789445,-0.3830098684958941,0.011643173099365023,0.012446315994210127,1,0
2025-11-27 17:13:15.058601,8,12.903675959554013,80.10254895770017,13.654275140018791,-2.5076656066449163,-0.13004504937427364,-0.04837295605084607,0.10433312826224714,1,0
2025-11-27 17:13:16.058601,8,12.90372884518425,80.10258537726895,7.090654498484442,-0.4178452180701407,-0.12011005830272745,0.10201148354281028,0.02352367420211571,1,0
2025-11-27 17:13:17.058601,8,12.903814805852836,80.10265619076267,12.272482474836723,3.5279214479097325,0.10389181434124548,0.08535455457069625,0.0033038424522790627,1,0
2025-11-27 17:13:18.058601,8,12.903907737788424,80.10274213831232,13.928498506152032,-1.8523537207763474,-0.07593597779205138,0.02241441327168054,0.06437943267483913,1,0
2025-11-27 17:13:19.058601,8,12.903964450310772,80.10279147326672,8.2774460976446,0.8839579382597204,0.119488971194637,-0.047795101908580606,0.11563194261930862,1,0
2025-11-27 17:13:20.058601,8,12.904068544830611,80.10289153089336,15.879576284743976,1.3862349456979846,0.18917702476617704,-0.0339614185995035,0.007626946344053639,1,0
2025-11-27 17:13:21.058601,8,12.904146549282112,80.1029532648213,10.967091477704287,-2.7024999691210314,-0.33560896285792746,0.05683757897175748,0.05808671629118177,1,0
2025-11-27 17:13:22.058601,8,12.90421946225641,80.10301222762328,10.335221080845752,1.0960677277503221,0.13162701726579265,-0.014311099119847296,0.0469645702218667,1,0
2025-11-27 17:13:23.058601,8,12.90431852044358,80.10307801520257,13.136194972338313,1.27877509072911,-0.11985452406979,0.03146763106752711,0.06312475478995722,1,0
2025-11-27 17:13:24.058601,8,12.904411765361575,80.10315214015075,13.131704335436027,-0.9119110760036291,0.0944483851268658,0.07686769296128038,0.053717175466737724,1,0
2025-11-27 17:13:25.058601,8,12.904484501744633,80.103223151593,11.177547102820542,-0.3930261193050939,0.19899850214683973,-0.005828094264091976,0.1217561566698996,1,0
2025-11-27 17:13:26.058601,8,12.904571557723347,80.10329417801017,12.382157880773137,-0.942642782907289,0.14516212894864494,-0.051956338465207606,0.08263498363096586,1,0
2025-11-27 17:13:27.058601,8,12.904640617688065,80.10333672514565,8.967553914335134,0.46873821339172994,0.024087637114141726,-0.04613404241110112,0.033992112225546205,1,0
2025-11-27 17:13:28.058601,8,12.904740680619147,80.10340164014059,13.179376180155973,-0.0749826916204156,-0.2157575081979257,-0.04853963791188261,0.12090355019644534,1,0
2025-11-27 17:13:29.058601,8,12.904810351943615,80.10343843554581,8.723218806476432,-0.22093055700545436,0.10995835450516747,-0.0630345188175016,0.0443632303439131,1,0
2025-11-27 17:13:30.058601,8,12.904909676672307,80.10349613629556,12.70654239062225,0.9993444996420601,-0.19356210261005602,-0.06974384699558553,0.040311795497627013,1,0
2025-11-27 17:13:31.058601,8,12.904995396949204,80.1035413487773,10.729712167775252,0.6024509008319424,0.03521065711471062,0.046266433863611206,0.060170680391145405,1,0
2025-11-27 17:13:32.058601,8,12.905093510874883,80.10361107113098,13.286487932847594,1.5517990519029814,0.02249597850264536,0.17920377183279845,0.07316061536407525,1,0
2025-11-27 17:13:33.058601,8,12.905178569387857,80.10370223209074,13.693390218194182,-0.2273520992230849,0.2110783661944374,0.05328265326311092,0.07672659449789167,1,0
2025-11-27 17:13:34.058601,8,12.905257696063257,80.1037850344828,12.58246487402574,-1.3556860821985328,-0.07038297115720271,0.0643862130739836,0.07267159464130932,1,0
2025-11-27 17:13:35.058601,8,12.905324417922008,80.10385968339531,10.990088535117197,-1.0902668353942488,-0.25627162265336634,-0.1262814744320302,0.04020479717251745,1,0
2025-11-27 17:13:36.058601,8,12.905396644164664,80.10392063756538,10.411217913275205,0.577806447332119,0.1513246237830407,0.02213107015043178,0.031534954208370526,1,0
2025-11-27 17:13:37.058601,8,12.905480336720707,80.10398859421626,11.881808155741663,3.1830952013189173,0.17804790857432493,-0.041418735686736076,0.0688456539665467,1,0
2025-11-27 17:13:38.058601,8,12.905602236610603,80.10407264644124,16.3501813549027,-1.327635797393592,0.1677881558670991,0.006534145411711164,0.05779281384707842,1,0
2025-11-27 17:13:39.058601,8,12.90566543804836,80.10412505930503,9.046883719018807,-0.28253916466014456,0.240664021188858,0.012217969552946753,0.048601967714884765,1,0
2025-11-27 17:13:40.058601,8,12.905768296427437,80.10422401795391,15.69762494995868,3.6021861151030925,-0.2782077789316065,0.036820563072247965,0.02617046221271189,1,0
2025-11-27 17:13:41.058601,8,12.905860450802619,80.10433554232714,15.864762915184103,-0.5015961796696744,-0.2026143059681493,0.19561961356994256,0.135826953546041,1,0
2025-11-27 17:13:42.058601,8,12.905934997373338,80.10444342923299,14.349889615915954,-3.6896796936435408,0.14644791609272986,0.06315183132107352,0.07988166222839116,1,0
2025-11-27 17:13:43.058601,8,12.905973896905511,80.10450647922,8.096903841630134,-0.9301543858155078,-0.1834319465476411,-0.08147280673011992,0.12013186695132408,1,0
2025-11-27 17:13:44.058601,8,12.906037850507126,80.10460356868325,12.7152755949506,3.2451379066367974,-0.13302486316256543,-0.002784142504389618,0.07685087678626211,1,0
2025-11-27 17:13:45.058601,8,12.90611209251136,80.10472118350437,15.204857983412879,1.1185146371976569,-0.1833790822361714,-0.10375729929117015,0.024407079682857276,1,0
2025-11-27 17:13:46.058601,8,12.906192569673427,80.10482927876697,14.759482771857614,-1.07966518293687,0.006705906443666129,-0.11252885279901813,0.05071911640180033,1,0
2025-11-27 17:13:47.058601,8,12.906271956325607,80.10491832182426,13.094149537620087,-1.485503480013199,-0.13000903661979876,-0.06603065635504098,0.05777815753642154,1,0
2025-11-27 17:13:48.058601,8,12.90634735563286,80.1049972517168,11.991922239133496,-0.9604481524388436,0.10944826241896805,-0.016903520839425413,0.053736521572622174,1,0
2025-11-27 17:13:49.058601,8,12.906421852265826,80.1050679547181,11.297544396179397,-0.3739409316731489,0.08500644652201719,-0.021985916752230168,0.07972580124152281,1,0
2025-11-27 17:13:50.058601,8,12.906496861975032,80.10513754377877,11.258106249837567,-0.8859348329237966,0.13393662712285365,-0.17952982111026267,0.05567848010423167,1,0
2025-11-27 17:13:51.058601,8,12.906570074029222,80.1051898009109,9.928578519380865,-0.5310729792371147,0.0848494369354704,-0.07441558926237485,0.01750999042151464,1,0
2025-11-27 17:13:52.058601,8,12.90665359161192,80.10523650910181,10.588959691111814,-0.07202033628366017,-0.03810906421724739,0.03297963287403066,0.052666376813504015,1,0
2025-11-27 17:13:53.058601,8,12.906728467626825,80.10529230984775,10.302378693434795,-0.5514092756902902,-0.22808284255559674,-0.0508599673658839,0.01789468118118959,1,0
2025-11-27 17:13:54.058601,8,12.906800546144348,80.10533724070096,9.38891965211603,-0.9184508522302487,-0.2108855928222765,0.05396394144262187,0.08116277507689759,1,0
2025-11-27 17:13:55.058601,8,12.906865572739585,80.10538484388354,8.892811852853404,3.0441266720806652,0.14810428092472286,0.09696205876252459,0.07322015191454768,1,0
2025-11-27 17:13:56.058601,8,12.906982080817226,80.1054703070827,15.944129275752402,1.5604044923534575,0.16815422413133882,-0.13153580986756275,0.058265943006115914,1,0
2025-11-27 17:13:57.058601,8,12.907077091287153,80.10552034867865,11.889059978679883,-1.580885325566726,0.17420629596619908,-0.14916440065842385,0.034147086479418505,1,0
2025-11-27 17:13:58.058601,8,12.907181841344386,80.10556445483003,12.604755106410325,-1.247844802578975,-0.02781978624094719,0.026582751829623455,0.02908045953440485,1,0
2025-11-27 17:13:59.058601,8,12.907260354483478,80.1055985905131,9.492606312569341,-1.4488962702850001,0.06959473128307077,0.017956858662131866,0.06717052535939132,1,0
2025-11-27 17:14:00.058601,8,12.907339665315604,80.10563188730922,9.539580944708092,0.7221534139588232,0.03396920790045006,-0.19374892735206115,0.1007625617878735,1,0
2025-11-27 17:14:01.058601,8,12.907429477461818,80.10565972818706,10.44435675239514,-0.11424837153385475,-0.014235182406582971,0.027244500566576055,0.07281328840339338,1,0
2025-11-27 17:14:02.058601,8,12.90751335975447,80.10568773031922,9.819721397223853,2.933465347638005,0.08813889074109982,0.021534230922740337,0.06382651340972569,1,0
2025-11-27 17:14:03.058601,8,12.907650567034164,80.10572177694117,15.714372055549235,1.0641037011526349,0.18810922233048075,-0.07677089762250766,0.05753581552602978,1,0
2025-11-27 17:14:04.058601,8,12.907758092158355,80.10574541106229,12.241352630636857,0.08034488739960641,0.15437481006899542,-0.019444077670802924,0.03112599719889586,1,0
2025-11-27 17:14:05.058601,8,12.907897814881267,80.10578397580312,16.107041890948054,-1.4251492071903242,-0.11619177524799662,-0.03656461412774162,0.06181553117473716,1,0
2025-11-27 17:14:06.058601,8,12.907973724489082,80.10579831661562,8.59234809762976,-2.4968532800946615,-0.025054602138658014,0.03755561034100037,0.12286717437884331,1,0
2025-11-27 17:14:07.058601,8,12.90806946062891,80.10582968404009,11.187692213396502,3.573841625143907,0.06729034574497132,0.04831220538298126,0.03483633129853372,1,0
2025-11-27 17:14:08.058601,8,12.908199107564592,80.10587810468124,15.358968397551843,0.9094411333986523,-0.09931713319205573,-0.021878957051956995,0.09809238433456172,1,0
2025-11-27 17:14:09.058601,8,12.90830597907397,80.1059138857578,12.51447987635469,-3.011148278826632,-0.05522927401587028,0.14121630437943505,0.03223096945694948,1,0
2025-11-27 17:14:10.058601,8,12.908388199225929,80.10594473130128,9.74555755272219,0.635549276030179,-0.06707458813941536,0.005606463186732657,0.03292176990278099,1,0
2025-11-27 17:14:11.058601,8,12.908507628423138,80.1059855386268,14.012890657261766,4.430636614810639,0.04517470309816856,-0.0021735039490433684,0.015199545511375973,1,0
2025-11-27 17:14:12.058601,8,12.908666510587581,80.10603762598117,18.567921315673562,-1.2817400406660704,0.1048006942474867,-0.1158804452212615,0.10667141586960954,1,0
2025-11-27 17:14:13.058601,8,12.908763646572053,80.10606489117428,11.210624179195982,-2.774615707164494,-0.04686674683192522,0.01767640192799136,0.014945020755015574,1,0
2025-11-27 17:14:14.058601,8,12.908868130087738,80.10610267806055,12.332689989782386,-1.4805531898117243,0.054712744118342545,-0.009695339055853631,0.10839386055375394,1,0
2025-11-27 17:14:15.058601,8,12.908933885280309,80.10612578297527,7.737331270370229,0.6745719470735213,0.007080104532833167,-0.02147451317419463,0.018773756923012502,1,0
2025-11-27 17:14:16.058601,8,12.909048342556886,80.10616690168304,13.500040556667834,3.113885170167089,0.33640206454687605,0.074248953034254,0.09794381930751445,1,0
2025-11-27 17:14:17.058601,8,12.909167838466807,80.1062170959751,14.374178514967877,1.0909418298182327,-0.11486789923024501,0.026334997566371265,0.05770205107999599,1,0
2025-11-27 17:14:18.058601,8,12.909293923049683,80.10626511553254,14.97174469106946,-2.0504633887614276,-0.21212713040942807,-0.032136744281818286,0.07491901965780345,1,0
2025-11-27 17:14:19.058601,8,12.909377794548304,80.10630017315196,10.08183034680596,-0.9134728267947667,-0.04940760847781106,0.008573721183716097,0.034520897704998985,1,0
2025-11-27 17:14:20.058601,8,12.909491300043749,80.10633729478238,13.2619756274608,0.3483863454773135,-0.013150412114743161,-0.02018418811393267,0.04958732470137758,1,0
2025-11-27 17:14:21.058601,8,12.909580402896287,80.10636449375775,10.34871866890976,-0.39977227616303795,-0.10019321610445074,0.1311263219205709,0.08607139485630007,1,0
2025-11-27 17:14:22.058601,8,12.9096892711039,80.10639642844541,12.604898046997599,2.645678654104656,-0.13072072646723043,-0.1418926895389177,0.1056182330180349,1,0
2025-11-27 17:14:23.058601,8,12.909829509272521,80.1064197056765,15.814329815501509,0.12647152361426817,0.1715784675258283,0.0035027187679407545,0.0741694143855931,1,0
2025-11-27 17:14:24.058601,8,12.909946565302816,80.10644205596887,13.254451485508108,-0.7407982497772935,-0.1436422380066775,0.06794299079300609,0.04906880770432834,1,0
2025-11-27 17:14:25.058601,8,12.9100706673847,80.10647004596156,14.144973767142671,2.850109985926747,0.034110030970457735,0.024130025625060014,0.11379008337284281,1,0
2025-11-27 17:14:26.058601,8,12.910235598479145,80.10650630925686,18.777074674015257,-1.6322351524189622,0.07290936200131269,0.1268419720656292,0.03531866186691554,1,0
2025-11-27 17:14:27.058601,8,12.910334200715717,80.10653356270586,11.367810687470211,-4.930064971240481,0.05407697874303189,-0.029674758551321803,0.057630370368555534,1,0
2025-11-27 17:14:28.058601,8,12.910406407729855,80.10655106880989,8.25950102977159,1.9626325474073678,-0.15478793488003947,-0.10037937702654155,0.07511086737947582,1,0
2025-11-27 17:14:29.058601,8,12.91053554154009,80.1065785179869,14.680513967449448,4.28880526582508,-0.1209391606211569,-0.038232512051970535,0.06667138208744497,1,0
2025-11-27 17:14:30.058601,8,12.91068556286973,80.1066077303221,16.99854872316252,0.1801298320118781,-0.011701184333641501,-0.09100840928551392,0.07587026248362941,1,0
2025-11-27 17:14:31.058601,8,12.910812349965168,80.10663802427325,14.491697670981484,-2.387425367068877,-0.1573613533835799,0.03329704938508831,0.08835018824969615,1,0
2025-11-27 17:14:32.058601,8,12.910918340870305,80.10665798919008,11.996150709967006,-2.171349103000021,0.23786970325907766,-0.026412871344568545,0.09487537820086558,1,0
2025-11-27 17:14:33.058601,8,12.91101078119891,80.1066702894786,10.376656821159726,-0.16106405392505196,-0.05568990962351887,-0.04584086994604521,0.06061099600942765,1,0
2025-11-27 17:14:34.058601,8,12.911113653237418,80.10668898342395,11.62998922110011,-0.8777054014989901,-0.3414726271080731,0.09501262161652428,0.04919186016667104,1,0
2025-11-27 17:14:35.058601,8,12.911194129397298,80.10670450493318,9.115556866704665,2.2193309181587453,-0.02184486247931679,0.10253507326986079,0.0884975909728582,1,0
2025-11-27 17:14:36.058601,8,12.911331419107775,80.1067416788278,15.806468323712789,3.250709911327397,-0.21544144974015533,0.11560679041012129,0.055914421277783094,1,0
2025-11-27 17:14:37.058601,8,12.911466448117496,80.10678714389213,15.82034252112969,-0.702715523527005,0.2184694053797089,-0.014633452853266421,0.07511890737851104,1,0
2025-11-27 17:14:38.058601,8,12.91160226883564,80.10680778574961,15.284575491580934,-1.930712679013444,0.09223655441231919,-0.0974054453118196,0.061604330085764526,1,0
2025-11-27 17:14:39.058601,8,12.911711913341962,80.10682358208726,12.325397212662933,-1.190389593365189,-0.2359856730319331,-0.003307337921689704,0.07415437785431783,1,0
2025-11-27 17:14:40.058601,8,12.911826549035235,80.10684790673196,13.031362086875099,-1.0516169468468597,0.022743597626634575,0.029263306625268486,0.09266684919068435,1,0
2025-11-27 17:14:41.058601,8,12.911911584642292,80.10686550294541,9.656813694938593,1.022332685150388,-0.03227123473763391,-0.03831021772596012,0.10253893647610414,1,0
2025-11-27 17:14:42.058601,8,12.912048884017391,80.10689940651437,15.72069704809188,-4.696922227601086,0.06592488331378425,0.05117769514500824,0.0931358204524115,1,0
2025-11-27 17:14:43.058601,8,12.912051014543884,80.10690009522557,0.24866598058770095,-7.766522882865898,0.01732434586557501,0.0004440715874291755,0.022957933722132295,0,0
2025-11-27 17:14:44.058601,8,12.91205276107824,80.10690062538572,0.20275678271282357,0.11172886127559958,-0.077780964390109,-0.03148063965955459,0.005982802680305805,0,0
2025-11-27 17:14:45.058601,8,12.912053713515549,80.1069008726167,0.10936673178536423,-0.3873136321188173,0.021055297127220377,0.08284117446302838,0.02196141353329526,0,0
2025-11-27 17:14:46.058601,8,12.912055229602887,80.10690150710292,0.1822740040711097,-0.25107982274141827,0.012856700470211974,0.1210619320592142,0.0010621483522442392,0,0
2025-11-27 17:14:47.058601,8,12.91205585253822,80.10690175674006,0.07444825010788338,0.0603858883104208,0.11574102114123977,0.07018518623758888,0.016609686926274857,0,0
2025-11-27 17:14:48.058601,8,12.91205593840915,80.10690180447608,0.010872394623616033,0.04514312926137614,-0.09300123912098218,0.019314549794194124,0.01148105170171955,0,0
2025-11-27 17:14:49.058601,8,12.912055978914061,80.106901824883,0.0050234120396584255,0.1319204456293879,0.15138764128836663,-0.08014001190481722,0.01640275408154958,0,0
2025-11-27 17:14:50.058601,8,12.912056696914819,80.10690211119312,0.0857536125507411,-0.0992660838985413,-0.1776912946657715,-0.035151150842926984,0.02558880672885943,0,0
2025-11-27 17:14:51.058601,8,12.912057045602673,80.10690224608197,0.0414839624406829,0.051071591248825696,0.21955492597775192,-0.02729334772614571,0.04014990321189357,0,0
2025-11-27 17:14:52.058601,8,12.912057384160214,80.10690238171728,0.04046013687116024,0.22994912773541595,0.003422950996498097,0.10249105004289968,0.014502831668390241,0,0
2025-11-27 17:14:53.058601,8,12.912057471025761,80.10690242796369,0.010894474392349595,0.07648713896306898,-0.25197690844193965,0.0318292729463338,0.023394844034862132,0,0
2025-11-27 17:14:54.058601,8,12.912057791897013,80.10690259818463,0.04021258026025952,-0.24955536594740807,0.03229261299675654,-0.04252953846514797,0.016296837662155887,0,0
2025-11-27 17:14:55.058601,8,12.912058490705599,80.10690292738043,0.08560100215191804,0.4994613646510463,0.1778320317667713,0.004299352910408616,0.023196454848865677,0,0
2025-11-27 17:14:56.058601,8,12.912060504613915,80.10690386872633,0.2463623632123922,0.0510357742868109,-0.057863892721049026,-0.09396739361594304,0.03202095242121173,0,0
2025-11-27 17:14:57.058601,8,12.912060707279178,80.10690394596574,0.024067252797449534,-0.28643624179877364,0.08627735114912029,-0.006837513265952819,0.0029845793372178624,0,0
2025-11-27 17:14:58.058601,8,12.912060803373876,80.10690399596429,0.011994444812423165,-0.22196100333254695,-0.009728787065526054,0.04182677350176931,0.03769763186391548,0,0
2025-11-27 17:14:59.058601,8,12.912061524157021,80.10690435282548,0.08909315021972296,0.4360187038751677,-0.007114610355896284,0.013256302353387456,0.02062810572487391,0,0
2025-11-27 17:15:00.058601,8,12.91206320655708,80.10690517146372,0.20728408174750482,0.16824786102484468,0.1325256094473535,0.03132133740501138,0.035758637096641545,0,0
2025-11-27 17:15:01.058601,8,12.91206425580804,80.10690568769124,0.12954045286321728,0.28237472765811117,-0.06298155045528414,0.07983175755342678,0.0023077144775062414,0,0
2025-11-27 17:15:02.058601,8,12.912066421688985,80.10690682417311,0.27081408848336624,-0.035486158663057106,-0.1404688656396072,-0.08925356574204976,0.011816022349065163,0,0
2025-11-27 17:15:03.058601,8,12.912067124111147,80.10690711039601,0.0841360700209149,-0.4177205495583445,-0.09821446180807811,-0.0538055193883691,0.00592058319255591,0,0
2025-11-27 17:15:04.058601,8,12.912068757949754,80.1069078304738,0.19795281443815127,-0.14247029569680178,-0.05850130152797614,0.04636038038187332,0.005147681328217417,0,0
2025-11-27 17:15:05.058601,8,12.912070009295148,80.10690835677603,0.1505522372482392,0.10156925866538785,0.03445821133711887,0.049597563199025835,0.03647220545697159,0,0
2025-11-27 17:15:06.058601,8,12.912071833296917,80.10690927180354,0.22602476344985997,-0.2506610222373185,0.11061544588870793,0.03064333382842198,0.00473413048053892,0,0
2025-11-27 17:15:07.058601,8,12.912073303412441,80.10691000401661,0.18192109761085154,-0.1274811446432138,-0.010263901253454824,-0.11980969073882994,0.018249881576187402,0,0
2025-11-27 17:15:08.058601,8,12.9120746803894,80.10691073194934,0.1724401892755665,-0.18596463328795812,0.2257754414151369,0.08376827776934882,0.011837808932494896,0,0
2025-11-27 17:15:09.058601,8,12.912076252551762,80.10691157592967,0.1975267477810542,-0.0370159950228654,0.08961536420007003,0.03729354018569391,0.005173152166295665,0,0
2025-11-27 17:15:10.058601,8,12.912078198047881,80.10691254999935,0.24098916047428826,-0.0406321607154222,-0.2093657724880882,-0.04099817987803823,0.0028683960176695807,0,0
2025-11-27 17:15:11.058601,8,12.912080035497643,80.10691358007996,0.2330932522230712,-0.23686181654640084,0.09961750671882574,0.01511984340575779,0.024241751199361547,0,0
2025-11-27 17:15:12.058601,8,12.912080467185927,80.10691385429506,0.056521929825582407,0.09393229680808898,-0.1397458683290615,0.07004898774503716,0.016296647910107917,0,0
2025-11-27 17:15:13.058601,8,12.91208127132185,80.10691448813739,0.1128883842201594,0.3632345671925621,0.06106618117736543,-0.01893608994217852,0.02871525147814193,0,0
2025-11-27 17:15:14.058601,8,12.912082510031324,80.106915372038,0.16797005752998306,-0.2864756180042524,0.022999967159683745,0.0011448905125384119,0.009330600408593496,0,0
2025-11-27 17:15:15.058601,8,12.912082534298717,80.10691539192455,0.0034575207948489115,0.21203837962605365,0.2776814928335956,0.03784896546700243,0.0048401488484227225,0,0
2025-11-27 17:15:16.058601,8,12.912083517941646,80.10691616975286,0.13825344491775882,-0.14515610911240073,-0.009528303551297359,-0.07112084083963588,0.020978082814881904,0,0
2025-11-27 17:15:17.058601,8,12.912084207448464,80.10691664774399,0.09263758639063947,-0.1150467959713164,0.027377002572664472,-0.018853493573108428,0.007709946373950622,0,0
2025-11-27 17:15:18.058601,8,12.912086131466253,80.10691826443112,0.27685613904222817,0.28719317209219075,0.11321214956965488,0.041057374704501735,0.01150331019369442,0,0
2025-11-27 17:15:19.058601,8,12.91208625667412,80.106918361428,0.017465788590997077,-0.3797284416397375,0.04772690335400371,-0.07176360100909863,0.00197774645907862,0,0
2025-11-27 17:15:20.058601,8,12.91208833600132,80.10691978046859,0.27800958529162195,-0.25915901343434267,0.16211343111898618,-0.12608825991464823,0.0143963902412243,0,0
2025-11-27 17:15:21.058601,8,12.912088447257284,80.10691984564248,0.014261965308684687,0.18767837190429412,-0.28173668536922464,-0.07616113546773823,0.014083775189081141,0,0
2025-11-27 17:15:22.058601,8,12.912088613063686,80.10691993273117,0.020736131414918802,-0.11258448107669998,-0.08251367670118888,0.0012585943973133507,0.03557127942016233,0,0
2025-11-27 17:15:23.058601,8,12.912088627223094,80.10691994160862,0.0018472809252147004,0.37946998917855074,-0.16493295697305183,0.052711462495336,0.007125918396216505,0,0
2025-11-27 17:15:24.058601,8,12.91209045487211,80.10692109691755,0.23897650830627806,0.3127522046854614,0.04966968377089078,0.05690012981006379,0.004497344333737097,0,0
2025-11-27 17:15:25.058601,8,12.912090488821958,80.1069211229877,0.004720791191711459,-0.06134398755430667,0.08660399372637317,-0.005033831522939689,0.014890594972517308,0,0
2025-11-27 17:15:26.058601,8,12.912091760461538,80.10692194797097,0.16748978559117264,0.2734705743065991,0.1666202460913522,-0.12159710354690073,0.023899655022902446,0,0
2025-11-27 17:15:27.058601,8,12.912091868711295,80.1069220139977,0.014019409662245408,0.02824373686478282,0.2676757207038796,0.03155510206916955,0.03206066488637466,0,0
2025-11-27 17:15:28.058601,8,12.91209190253175,80.10692203761677,0.004554460941520011,0.32578387001611187,0.032188389091148656,0.05049726321444669,0.007842580270246289,0,0
2025-11-27 17:15:29.058601,8,12.912092179812788,80.10692224482676,0.038188085200525544,0.16245337171590132,0.029893455110845468,0.015132184543763359,0.01340029765988041,0,0
2025-11-27 17:15:30.058601,8,12.912093371011519,80.10692315602782,0.1654096616736702,-0.08195834829780684,0.1317464391818091,0.042225695204119715,0.002014812344080034,0,0
2025-11-27 17:15:31.058601,8,12.912095401399185,80.10692472311732,0.28284711531480994,0.301663041540576,0.3753653108561697,-0.01513394277207927,0.003229909692090299,0,0
2025-11-27 17:19:43.058601,9,12.899418993653303,80.10022425609412,0.008163324177673925,0.23192088974955188,0.10876641374281035,-0.07392669569702395,0.025015902456081637,0,0
2025-11-27 17:19:44.058601,9,12.89942002885694,80.10022415343478,0.11577602660568023,0.3622835576685458,0.4594502401987062,-0.013066474991522501,0.0272177994224429,0,0
2025-11-27 17:19:45.058601,9,12.899421861648797,80.10022392914681,0.2054728408851162,0.13066811906139403,0.04195375918283702,-0.02708349972552893,0.001998657646171242,0,0
2025-11-27 17:19:46.058601,9,12.899423879156966,80.10022384497874,0.22477463657324553,-0.13130137679202292,0.11926790721127246,-0.005760195619840841,0.0009598220617745985,0,0
2025-11-27 17:19:47.058601,9,12.899425667620237,80.10022378271508,0.19920633689625467,0.2601542112562261,-0.04503638767788489,0.06909168845994587,0.007124593805075268,0,0
2025-11-27 17:19:48.058601,9,12.899426739467147,80.10022371570577,0.11953934656595418,0.03760375522141071,0.018787670704864364,0.05420597943305522,0.02177118173963449,0,0
2025-11-27 17:19:49.058601,9,12.899427908210477,80.10022363327236,0.1304116334397081,0.028094299897282488,0.4285095472101353,-0.09394807889779339,0.0070203539711658726,0,0
2025-11-27 17:19:50.058601,9,12.899429280477136,80.10022349382662,0.1535082953343729,-0.15863158214341416,-0.34413950231630186,0.02525641911466787,0.05176799907289027,0,0
2025-11-27 17:19:51.058601,9,12.899429360266213,80.1002234882383,0.008902795420424525,-0.15202155040811785,-0.10540448866106691,0.017209295534921124,0.010113015822950258,0,0
2025-11-27 17:19:52.058601,9,12.899430976578383,80.1002234424226,0.17999654013583352,0.2846015494546794,0.1457384372974355,0.0007120549654593394,0.011686184161681703,0,0
2025-11-27 17:19:53.058601,9,12.899433583817965,80.10022334000115,0.29045061813893236,0.09685555037517796,0.08504226073179023,0.01973958821438553,0.025461987515481246,0,0
2025-11-27 17:19:54.058601,9,12.899435742189183,80.10022332019749,0.24027949354570727,-0.17695682816400454,0.1828527517998532,0.05708263449887839,0.0149356607945542,0,0
2025-11-27 17:19:55.058601,9,12.899437864597813,80.1002235759617,0.23789096168993507,0.2516524163678589,0.021725561122461726,0.05492692760276892,0.011166922342569593,0,0
2025-11-27 17:19:56.058601,9,12.899439863295077,80.10022373006795,0.22312249311590057,0.01151400729738803,-0.17196714185877696,0.03303908746197746,0.0022160311855333446,0,0
2025-11-27 17:19:57.058601,9,12.899442421130681,80.10022391040059,0.28540985188189016,0.00664190206290554,0.07105701858647753,0.010332857978629557,0.023746732691315584,0,0
2025-11-27 17:19:58.058601,9,12.899443396486546,80.10022399542103,0.10896785525033369,-0.13656091836446602,-0.014468429753807736,0.009750333807761916,0.0201645183373592,0,0
2025-11-27 17:19:59.058601,9,12.899446065365304,80.10022418025831,0.2977758188094484,-0.06627601828250265,0.039997930329226286,0.029874770866044703,0.013797234632094152,0,0
2025-11-27 17:20:00.058601,9,12.89944720558183,80.10022441668485,0.1294956193921575,-0.32918068453396093,-0.11292074088047534,-0.04973401002740964,0.0017128518199893367,0,0
2025-11-27 17:20:01.058601,9,12.899447553956865,80.10022445266986,0.03897719264822982,-0.04557927730842824,0.22453305805370313,-0.09890455168981596,0.016455065046902684,0,0
2025-11-27 17:20:02.058601,9,12.899448067873797,80.10022449932578,0.05743280324403496,0.016975471714854966,-0.19350709551261505,0.021676214782992323,0.018320476092428532,0,0
2025-11-27 17:20:03.058601,9,12.899449000103639,80.10022456211806,0.103999267529526,-0.04171170747469455,-0.06530029841461674,-0.06103704726014649,0.034336962238898816,0,0
2025-11-27 17:20:04.058601,9,12.899450231009615,80.10022459946003,0.13708435177339004,-0.20597324015310498,0.07274176861890469,0.05459999863440471,0.010385201830309195,0,0
2025-11-27 17:20:05.058601,9,12.89945252984103,80.1002249068222,0.258070140186104,-0.05177541207410379,-0.029147936144468305,-0.0010491374691661004,0.036574321215753526,0,0
2025-11-27 17:20:06.058601,9,12.89945298027486,80.10022499872117,0.051124268281525755,-0.32918595095249725,0.03625871631100778,-0.05996984444783439,0.021648245890028985,0,0
2025-11-27 17:20:07.058601,9,12.89945362715492,80.10022503568861,0.07212232813741157,0.06319941605740194,-0.2563993551399632,-0.0856625183396077,0.007372485478156245,0,0
2025-11-27 17:20:08.058601,9,12.899454466178998,80.10022505896518,0.09343430529144416,-0.2260735089261771,-0.04589839881431546,0.037480899565361554,0.005890132456982314,0,0
2025-11-27 17:20:09.058601,9,12.899455224489994,80.1002251549726,0.0850555926098755,0.05859221508268211,0.012653214184974795,0.042094053614031596,0.026724074074749433,0,0
2025-11-27 17:20:10.058601,9,12.899457563280503,80.10022559738773,0.26474315396760817,0.0917487212161417,0.13593056205438636,0.04089327556901763,0.02086841193367802,0,0
2025-11-27 17:20:11.058601,9,12.8994584636402,80.10022580522785,0.10273408516025612,-0.287461875070553,-0.20683450036512852,0.04795417278901559,0.03273987938138962,0,0
2025-11-27 17:20:12.058601,9,12.899459498114817,80.1002259727245,0.11658317251068277,0.08863111551438507,0.04688449058438417,0.04121282866773104,0.02656128857576814,0,0
2025-11-27 17:20:13.058601,9,12.89946123647183,80.10022616096515,0.19458894326785192,0.39743558796017164,-0.05845282983243158,-0.12467332594205749,0.008349677892383875,0,0
2025-11-27 17:20:14.058601,9,12.899463498844248,80.10022607743025,0.25201036728026094,-0.02161763311742909,-0.19423476970588874,-0.041526150865678194,0.014354893780520883,0,0
2025-11-27 17:20:15.058601,9,12.899466035011155,80.10022583512395,0.2835477721426883,-0.31005704725137917,-0.20818251243090607,-0.012521928099463243,0.020043148835622245,0,0
2025-11-27 17:20:16.058601,9,12.899466144404748,80.10022582760303,0.01220501006321335,-0.17078763435592653,0.1405340536320518,0.04666318393475355,0.004090543118301826,0,0
2025-11-27 17:20:17.058601,9,12.899467928775223,80.10022577479471,0.19871875773124167,0.01342377414359932,-0.01518925748651059,0.02696050174596855,0.0006583953862109462,0,0
2025-11-27 17:20:18.058601,9,12.899469305738487,80.10022578004079,0.15328460753333648,-0.34704663025686067,-0.32101964898585167,-0.09074877777952167,0.007462738053907114,0,0
2025-11-27 17:20:19.058601,9,12.899469771304084,80.10022576711341,0.051845742469633194,-0.14903051869569683,0.10463508300043418,-0.05617165087946119,0.00631575506639283,0,0
2025-11-27 17:20:20.058601,9,12.899472109305291,80.10022555021776,0.26132826759456745,-0.03020859976207321,0.29719022918355115,-0.045294646350322626,0.00609492643753481,0,0
2025-11-27 17:20:21.058601,9,12.899472605750786,80.10022546043844,0.0561164063647994,-0.12690411822198527,0.2309640234704328,-0.004541527594280434,0.007253130485716397,0,0
2025-11-27 17:20:22.058601,9,12.89947371934434,80.1002251801438,0.1276418780997631,0.015024930436121797,0.055611955091572705,-0.06474168045229253,0.011213012310177232,0,0
2025-11-27 17:20:23.058601,9,12.899476201087998,80.10022452375574,0.2853013498494708,0.32840211225247684,-0.08938603492169529,0.059650134870941195,0.0060274715219659405,0,0
2025-11-27 17:20:24.058601,9,12.899477457711603,80.1002243611029,0.14099636544551367,-0.039673223425835846,0.1457318061020782,-0.006463169195416327,0.006434464267840796,0,0
2025-11-27 17:20:25.058601,9,12.899477857894466,80.1002243160329,0.04481599939214137,-0.10033800285596946,0.27344345700985206,0.05547319620635598,0.007207335313572284,0,0
2025-11-27 17:20:26.058601,9,12.899479623152002,80.10022407547034,0.1982346501445253,-0.05638746091557455,0.1945865081751975,-0.025231281393645298,0.0039093808451331645,0,0
2025-11-27 17:20:27.058601,9,12.89948096861635,80.10022396233576,0.15027935587575889,-0.13372340345288658,-0.007885232486857689,0.08911938460262636,0.026812251018438732,0,0
2025-11-27 17:20:28.058601,9,12.899482862359182,80.10022382302456,0.21135274895729447,-0.13619845228368405,0.0008518713939845282,-0.06708459568825387,0.021892344840806734,0,0
2025-11-27 17:20:29.058601,9,12.899485172798139,80.10022346055466,0.26018808391644105,-0.19075807387511196,-0.05283613552858233,-0.022178394877904982,0.023512745259296013,0,0
2025-11-27 17:20:30.058601,9,12.899487326575834,80.10022324540864,0.24089245105587204,-0.23887844324454804,0.11764415373009154,0.038119531261512914,0.005952944138784281,0,0
2025-11-27 17:20:31.058601,9,12.89948864591062,80.10022317171645,0.1470858729349046,-0.5003934869536393,-0.1056786834147351,0.056838223263238875,0.011072262090924939,0,0
2025-11-27 17:20:32.058601,9,12.899488700009421,80.10022316210772,0.006111870024990051,0.2897513724655476,-0.11785255209800422,-0.10614038052792107,0.011100819860328915,0,0
2025-11-27 17:20:33.058601,9,12.899490532875076,80.10022287452277,0.20640721034998583,0.21976144695404737,-0.08286512026212246,0.020306657384950112,0.008924435369249382,0,0
2025-11-27 17:20:34.058601,9,12.899490920870358,80.10022279378417,0.04407121999821776,-0.4935008815257209,-0.15560587417120053,-0.16329970615117423,0.01665093716349611,0,0
2025-11-27 17:20:35.058601,9,12.89949138053061,80.100222650056,0.05349338146478801,-0.028832717535931824,-0.03826646321350879,-0.012855678088450645,0.0060146241651689615,0,0
2025-11-27 17:20:36.058601,9,12.899492258605004,80.10022234506188,0.1031979161915858,-0.2502988826267629,0.038761964819728385,-0.01816242725122799,0.01380853373341638,0,0
2025-11-27 17:20:37.058601,9,12.899492737013082,80.10022221179243,0.05518485161370783,0.6054116965456172,0.09789390925419295,-0.07614435265395914,0.004080291532803639,0,0
2025-11-27 17:20:38.058601,9,12.89949500528424,80.10022145539322,0.26550883059897423,0.25571917254820137,0.10444057803759367,0.06270377577673782,0.0006736486282063875,0,0
2025-11-27 17:20:39.058601,9,12.899496223772609,80.10022118279372,0.13882996729924799,-0.05546147696707412,-0.13590193606928122,-0.006370446639367245,0.014011787357162287,0,0
2025-11-27 17:20:40.058601,9,12.89949673261003,80.10022103983512,0.05872952160148642,0.23033258445212224,-0.05564572567696173,0.060139246971725596,0.019926488800635613,0,0
2025-11-27 17:20:41.058601,9,12.89949861632706,80.10022043579983,0.21970025923896097,0.017200850247538924,0.2415789649827798,-0.015619686193979652,0.015638253732272636,0,0
2025-11-27 17:20:42.058601,9,12.899501010961913,80.10021963502895,0.2803751365262462,-0.004653284332285915,0.0057217824302083515,0.07904982208650402,0.02865709294605404,0,0
2025-11-27 17:20:43.058601,9,12.899501317778636,80.10021956464334,0.03499836720634766,-0.44691056205148005,0.3139960364693181,0.12016410682205036,0.002884785121493998,0,0
2025-11-27 17:20:44.058601,9,12.899503257888137,80.10021921110915,0.21935357987647175,0.38265020932050875,-0.1079580715617042,-0.019520349602852198,0.02585559951866429,0,0
2025-11-27 17:20:45.058601,9,12.89950332995597,80.100219194911,0.008212878615721685,0.044461230582875697,0.04057192130678577,-0.010331159173482748,0.0111104181186698,0,0
2025-11-27 17:20:46.058601,9,12.899505598018715,80.10021849873037,0.2635398933744928,-0.0640549105322954,-0.08263211685893974,-0.024746368632196446,0.02221986132074687,0,0
2025-11-27 17:20:47.058601,9,12.89950789712687,80.10021753002418,0.27668169198794296,-0.41917069969966697,-0.21855949008524672,-0.04490532524920603,0.005120246159103811,0,0
2025-11-27 17:20:48.058601,9,12.899508938399554,80.1002171635978,0.12254434442166073,-0.1447591809726093,-0.09867975369625026,-0.05853388345445747,0.01509115202711666,0,0
2025-11-27 17:20:49.058601,9,12.89951015591731,80.10021666405072,0.1459719040022188,-0.35564195245698654,0.17580360526573194,-0.03279191134491753,0.038877445122415644,0,0
2025-11-27 17:20:50.058601,9,12.899510157842116,80.10021666344292,0.00022419001421649653,0.2973914743734313,0.14519980830741097,0.01268707981962551,0.007414385762386781,0,0
2025-11-27 17:20:51.058601,9,12.89951160261663,80.10021605553945,0.17383405680871322,0.10031016338608188,0.014767300453218061,0.09661686313471828,0.00658607938898024,0,0
2025-11-27 17:20:52.058601,9,12.899511904305635,80.10021594603059,0.03562427862326856,-0.20757214044625288,-0.012986817641127505,0.05167553059432131,0.014679214740557469,0,0
2025-11-27 17:20:53.058601,9,12.899513939220684,80.10021524002018,0.23913051994248793,-0.01464724111483261,-0.19149501756713583,0.07299717868922172,0.07358422459620564,0,0
2025-11-27 17:20:54.058601,9,12.899514067009788,80.1002151994775,0.014890208897214284,-0.004035016022894154,-0.1947082081049256,0.038537910214533073,0.0017370126431946826,0,0
2025-11-27 17:20:55.058601,9,12.899515246020774,80.10021476059421,0.13962058079577291,-0.03759979624669264,-0.07315001191253456,-0.04853663313856308,0.007553474202413922,0,0
2025-11-27 17:20:56.058601,9,12.899515507514584,80.1002146442293,0.03173010271589766,0.06682867218428645,0.061224560571264144,-0.07131596123720602,0.049858848131084176,0,0
2025-11-27 17:20:57.058601,9,12.89951622504924,80.10021431713335,0.08740680792392606,0.12308996867887273,-0.0008115034365226497,-0.07277674966510406,0.005059238622164045,0,0
2025-11-27 17:20:58.058601,9,12.89951647257364,80.10021421579664,0.029667497046070843,-0.03382570367991619,-0.06284777456561158,0.056168182116906024,0.0037657203270314936,0,0
2025-11-27 17:20:59.058601,9,12.89951701132604,80.1002140255242,0.06342832466573096,0.05766813474557671,-0.009960736814640382,0.03387049639926708,0.02219149143446835,0,0
2025-11-27 17:21:00.058601,9,12.899519382442001,80.10021312572042,0.2814324603447149,-0.05781132380624776,0.19492421884006209,-0.045220742544860006,0.002077969061204532,0,0
2025-11-27 17:21:01.058601,9,12.899521224651352,80.10021247397181,0.21692673089044273,0.21475525243847854,-0.15841022243298017,-0.03584692904676577,0.02664732553457389,0,0
2025-11-27 17:21:02.058601,9,12.899523396379765,80.10021170366643,0.2557988110395144,0.20260756365898602,0.06659827166827761,0.0013081128107208274,0.022139560834536286,0,0
2025-11-27 17:21:03.058601,9,12.899525829545501,80.10021072465743,0.2909477243770564,0.38934358011512976,0.1652211617794734,-0.08984833479047757,0.007920028264230881,0,0
2025-11-27 17:21:04.058601,9,12.899526101093548,80.1002106185057,0.03234894209531458,-0.36847528028005283,-0.0784171543151694,-0.07867414950445269,0.024805632460039573,0,0
2025-11-27 17:21:05.058601,9,12.899527465658062,80.10021003305754,0.1646521971602846,0.05525157164739509,-0.2265382098252165,-0.09819429190533704,0.013118466423204671,0,0
2025-11-27 17:21:06.058601,9,12.899528916152306,80.10020916869193,0.18673336685696687,0.17067643549381975,-0.10568597163347793,0.015446619970678865,0.047601611990289804,0,0
2025-11-27 17:21:07.058601,9,12.899531141523482,80.1002081096831,0.27308330546564796,-0.04809953780732139,0.029064294325934454,0.08446444461730887,0.019493120362761695,0,0
2025-11-27 17:21:08.058601,9,12.89953216961539,80.10020763530848,0.1254902586635985,0.03631467575954128,0.2821704808184177,-0.1544662430246947,0.013203928252366468,0,0
2025-11-27 17:21:09.058601,9,12.899533686206581,80.10020663859815,0.20049876912856254,-0.32833968139358227,0.025544497908042585,0.024145065732034787,0.019353632194166134,0,0
2025-11-27 17:21:10.058601,9,12.89953507316604,80.10020576790959,0.1810096873468903,0.09089759632815478,-0.029019072564773204,0.16124106249527537,0.0028149218417440527,0,0
2025-11-27 17:21:11.058601,9,12.89953734313517,80.1002046606391,0.2798033509700496,-0.20394341314178088,-0.2655504644677598,0.031601807971512325,0.007992615045085078,0,0
2025-11-27 17:21:12.058601,9,12.899539225158083,80.10020357434514,0.2403902841093169,0.12631821244122282,-0.2797315427333229,-0.03509741737198863,0.006647558007104777,0,0
2025-11-27 17:21:13.058601,9,12.899541186742283,80.10020261034062,0.24212558777383758,-0.22414487247419973,-0.08060889878036223,0.08200690561152564,0.007335671420991861,0,0
2025-11-27 17:21:14.058601,9,12.899542710560032,80.10020179604093,0.1912650893046224,-0.00937496210441042,0.21097263902368285,0.020161820633933007,0.013445398926617218,0,0
2025-11-27 17:21:15.058601,9,12.899544634623345,80.10020079349309,0.24023029695283907,-0.18632581423337397,-0.03871832329868868,-0.018443000467305785,0.0025223084430011956,0,0
2025-11-27 17:21:16.058601,9,12.899545470849011,80.10020034928021,0.10482801189533777,-0.16473628151643124,0.07367543307331538,-0.037300738787225986,0.006324334829195489,0,0
2025-11-27 17:21:17.058601,9,12.899546401963741,80.10019978077158,0.1206202179811862,-0.10845769230395588,0.13849358060108743,-0.07213481671229002,0.01546544981617235,0,0
2025-11-27 17:21:18.058601,9,12.899547821567957,80.10019896693723,0.18103091880397595,0.04079203408387995,0.008883293090347643,0.07655665635897041,0.034366113708190774,0,0
2025-11-27 17:21:19.058601,9,12.899548112540353,80.10019876314495,0.03921980184972359,-0.06394604636237407,-0.07243229611730348,-0.04844638438832921,0.022597687402567602,0,0
2025-11-27 17:21:20.058601,9,12.899550175060064,80.10019742316796,0.27176773657662096,0.2321782451242425,-0.04671464774358745,0.036112104793537735,0.0070183093417266,0,0
2025-11-27 17:21:21.058601,9,12.899552111539101,80.10019633187683,0.24595212830571633,0.16697451712243017,0.1412533240190069,0.07514488311963974,0.006564913390481323,0,0
2025-11-27 17:21:22.058601,9,12.899552452880984,80.1001961516899,0.042733479226653534,-0.04773292306964452,-0.022574166643473267,-0.01936069452402931,0.03250430229904015,0,0
2025-11-27 17:21:23.058601,9,12.899554310678743,80.10019522375016,0.23001988055286962,-0.023480339702005394,0.05388207952448187,-0.0383833483925937,0.020485368663491925,0,0
2025-11-27 17:21:24.058601,9,12.899554736906827,80.10019500335005,0.05313425386902404,-0.5914700870701661,0.18969714625962256,-0.031041100552313846,0.007507993350244929,0,0
2025-11-27 17:21:25.058601,9,12.899554999540591,80.10019485471611,0.03338998056251696,-0.08306108586907884,0.06092996648903449,0.049167934529209506,0.01926908343329747,0,0
2025-11-27 17:21:26.058601,9,12.899557235130358,80.10019347441818,0.2904606297906608,-0.11837969799860877,0.021489779086531973,0.024016281184361027,0.005206454439770184,0,0
2025-11-27 17:21:27.058601,9,12.899557277083948,80.10019344666016,0.0055573237161087195,-0.016511322776173065,0.11354826506357746,-0.010972240314475336,0.03944199876258295,0,0
2025-11-27 17:21:28.058601,9,12.899557727439786,80.10019315778159,0.059126780564225274,0.03267099227229473,-0.07490279538468102,-0.08186984698352275,0.021294880940371172,0,0
2025-11-27 17:21:29.058601,9,12.899558535326728,80.1001925363827,0.11240422515793547,0.22392949065466106,-0.03216086987244129,-0.026919569080466558,0.023765488495455088,0,0
2025-11-27 17:21:30.058601,9,12.899559519824296,80.10019173850831,0.13966615109844596,-0.1045174487809799,-0.057279503602604705,-0.003452463851746475,0.0070656946477908366,0,0
2025-11-27 17:21:31.058601,9,12.89956128719925,80.1001900336377,0.27005931331827615,0.058164667848069486,-0.07517265216328159,-0.09465713802115991,0.04165295073878698,0,0
2025-11-27 17:21:32.058601,9,12.899562730142057,80.10018813638152,0.26112254235024424,-0.2027802928414767,-0.03460785557769822,-0.06104541866917623,0.023858992853989437,0,0
2025-11-27 17:21:33.058601,9,12.899564226800264,80.10018640784563,0.25087585877748925,0.05559231067136822,-0.1582733238991064,0.044713727307400114,0.01513007212535074,0,0
2025-11-27 17:21:34.058601,9,12.899564603944867,80.1001858992021,0.06934644113218741,0.02117462406781158,-0.18680503800380877,-0.05046617946335107,0.0041631495761700445,0,0
2025-11-27 17:21:35.058601,9,12.899565967993253,80.10018396046712,0.25944969937986584,-0.11703426263618716,-0.006366001391354578,-4.389870987582187e-05,0.0038285694620041294,0,0
2025-11-27 17:21:36.058601,9,12.899566410461068,80.1001833375175,0.08363860917204254,0.00851361746726842,0.15000517746618655,-0.00858912156901534,0.015695550612408064,0,0
2025-11-27 17:21:37.058601,9,12.899567238786124,80.10018220465243,0.15366784525276997,0.048265085311448006,0.17971904577597678,-0.0778614556178868,0.014937573783338034,0,0
2025-11-27 17:21:38.058601,9,12.899567540500339,80.10018177557401,0.05740966730797894,-0.24484005140394738,-0.11511270678519583,-0.031154301555609002,0.021096803218163075,0,0
2025-11-27 17:21:39.058601,9,12.899568850868523,80.1001797044488,0.26792874169104314,0.016654751251378788,0.06556130274986452,0.027314891411778355,0.013315827399465597,0,0
2025-11-27 17:21:40.058601,9,12.89957003740895,80.10017765670553,0.25849632828078045,0.24350542621523968,-0.0037812173582988198,-0.10169238665734787,0.05202376901060071,0,0
2025-11-27 17:21:41.058601,9,12.899570679887637,80.10017639624056,0.15434478641071256,-0.11633798124081121,0.2085130234523598,0.039354733408239445,0.04376534851361722,0,0
2025-11-27 17:21:42.058601,9,12.89957125359273,80.10017535966577,0.12934581441729728,-0.08174913950081635,-0.21499532826757492,-0.0469421348297373,0.007324534414348093,0,0
2025-11-27 17:21:43.058601,9,12.899572124202532,80.10017384991565,0.19034460031286182,-0.03552404673869984,0.050319987654253745,0.040312269567384526,0.02271654819075886,0,0
2025-11-27 17:21:44.058601,9,12.89957254346403,80.10017314222165,0.08986299636369575,0.10486713641089852,0.2691988266688702,0.05165530528829473,0.02394528688987169,0,0
2025-11-27 17:21:45.058601,9,12.899573784514786,80.1001710384943,0.2668272655298897,-0.328143410768178,-0.09662134631820257,-0.06887326289073542,0.01853124125462384,0,0
2025-11-27 17:21:46.058601,9,12.899574139633563,80.10017035218387,0.08431396286411887,-0.21343524665739347,0.032877724278170144,-0.056504884155859476,0.030309304925668662,0,0
2025-11-27 17:21:47.058601,9,12.89957458891599,80.10016942167036,0.11267867018683779,-0.23223148146979417,0.14573344606362884,0.025430461758370104,0.0020949015920485405,0,0
2025-11-27 17:21:48.058601,9,12.899575435500838,80.10016793174213,0.18713555253152384,0.1878456702751185,0.07328437632273295,-0.05011347800784695,0.004369939036448888,0,0
2025-11-27 17:21:49.058601,9,12.899576418482118,80.10016579597578,0.2562880969274871,-0.06935080704472545,0.00590015986057411,-0.016972067955964912,0.0013402897740856538,0,0
2025-11-27 17:21:50.058601,9,12.899577664692627,80.10016344817247,0.29008451827955584,-0.4591641696606663,0.34215509276494355,0.00915463094060038,0.01990827455534598,0,0
2025-11-27 17:21:51.058601,9,12.899579011981713,80.10016124300451,0.28240222821834643,-0.01795627185871622,0.04132016902956288,0.051184916693510066,0.00018552579673875833,0,0
2025-11-27 17:21:52.058601,9,12.899579188935881,80.10016097580852,0.03505227678031148,0.18134912784948215,-0.11839762972392073,0.04153941284768678,0.017692030658894933,0,0
2025-11-27 17:21:53.058601,9,12.899580523058054,80.10015891295262,0.2686293628993055,-0.10483206813028727,-0.38409180862865216,-0.03325207045703639,0.019050591315517007,0,0
2025-11-27 17:21:54.058601,9,12.899581308793818,80.10015771623655,0.15656746090932352,0.06299209691989505,-0.19489336952004532,-0.06039307884996595,0.0005790247213743893,0,0
2025-11-27 17:21:55.058601,9,12.899582454263182,80.10015601513902,0.22434833694449377,0.054809695318669444,0.06997364100881594,0.009784903014177318,0.00012815099502601218,0,0
2025-11-27 17:21:56.058601,9,12.89958331245307,80.10015475700057,0.16662770605196234,-0.16945045633004338,-0.0030472333057465725,0.029718145395721776,0.012971474974142484,0,0
2025-11-27 17:21:57.058601,9,12.899584201682538,80.10015366397545,0.15448607049806698,-0.05908816393757135,0.10839725042892463,-0.08437583759924712,0.005181660643969722,0,0
2025-11-27 17:21:58.058601,9,12.899584919019409,80.10015264865972,0.13606855235053825,-0.029945784062120735,-0.40157556364147107,-0.012435153220331716,0.01385201944305356,0,0
2025-11-27 17:21:59.058601,9,12.899585820723868,80.10015131264926,0.17633035476985182,0.21183351627633878,0.12119026755272784,0.022053247753853925,0.023573249179089352,0,0
2025-11-27 17:22:00.058601,9,12.89958751521082,80.10014918836467,0.2978508207945793,-0.22871955010620953,0.0737187724242017,0.07941923934579538,0.00048057838436251724,0,0
2025-11-27 17:22:01.058601,9,12.899589216547263,80.10014716754286,0.2897475778461649,-0.30945809371705674,-0.09809658191616029,0.030684730613704726,0.009780236744402876,0,0
2025-11-27 17:22:02.058601,9,12.899590247562946,80.1001458719996,0.18148161280226643,-0.09278445474821759,-0.21080703026084344,-0.07095222764266262,0.001696105627488455,0,0
2025-11-27 17:22:03.058601,9,12.899590915912892,80.10014494013163,0.12553979058427614,-0.35150323751833706,-0.06444786357928321,-0.0003345187870550455,0.0008281680461909033,0,0
2025-11-27 17:22:04.058601,9,12.899591283923174,80.10014446992808,0.06543349318220235,0.05692632182709795,-0.27447916371411746,0.06264280370483336,0.010986626416269048,0,0
2025-11-27 17:22:05.058601,9,12.89959289863267,80.10014250500099,0.2788740585093876,0.10328502572453321,-0.16945351761400543,-0.032357841527125064,0.005353211221307703,0,0
2025-11-27 17:22:06.058601,9,12.89959417754076,80.10014037949746,0.27104129306516905,0.07066847797195759,0.2151813457183856,-0.08262805661263245,0.019914973452342336,0,0
2025-11-27 17:22:07.058601,9,12.89959522621631,80.10013840213637,0.24426611241818832,-0.23382567016598427,0.016893906243505678,-0.0370925412651025,0.039087316718842295,0,0
2025-11-27 17:22:08.058601,9,12.899595435650015,80.10013793113782,0.05617486240124329,0.11330929865733848,-0.1186281233169475,0.010144707321998,0.00866501568981342,0,0
2025-11-27 17:22:09.058601,9,12.899596199259905,80.10013624929258,0.2013242021219797,-0.018689599206784785,0.09280430894503526,0.023848821013743162,0.013853689343077812,0,0
2025-11-27 17:22:10.058601,9,12.899596296623638,80.10013605576415,0.023631958347551985,-0.30716710960806026,-0.060413350557676944,-0.03295096847617335,0.03127930350561516,0,0
2025-11-27 17:22:11.058601,9,12.899597138890705,80.10013389798917,0.252217065580334,-0.05092033390049683,0.04503424162115793,-0.054092118224852256,0.026608349566311654,0,0
2025-11-27 17:22:12.058601,9,12.899597600525912,80.10013247732437,0.16249714473065238,-0.15769832749885523,-0.15071970634475876,0.00021840007090643144,0.00786217973030487,0,0
2025-11-27 17:22:13.058601,9,12.899598135299591,80.10013114156993,0.1566926596304777,-0.021965198218927687,0.03682778961657747,-0.056367493412476925,0.033557405191099086,0,0
2025-11-27 17:22:14.058601,9,12.899598724394645,80.10012931757137,0.2085044741887664,0.2962309443396841,0.0647372116541104,-0.021593170529209782,0.031154181034509527,0,0
2025-11-27 17:22:15.058601,9,12.899599369915817,80.10012719468742,0.24130366347249912,-0.006815377117616522,-0.19770374049504214,-0.07345785606191786,0.008437923645689736,0,0
2025-11-27 17:22:16.058601,9,12.899600010385704,80.10012515605034,0.23241956634258243,-0.027705915556549568,0.07337363894953111,-0.022149536381844116,0.009593232045879703,0,0
2025-11-27 17:22:17.058601,9,12.899600520636733,80.10012328308915,0.21102452814032582,0.01830364348515609,-0.06732449248720906,-0.11964057869997874,0.010475185014790875,0,0
2025-11-27 17:22:18.058601,9,12.899600551069259,80.10012315528779,0.014275608783959837,-0.20051307793208223,-0.06386505348318314,0.024843441766124817,0.007642956647231544,0,0
2025-11-27 17:22:19.058601,9,12.899601273226416,80.10012077190366,0.2708288939004352,-0.04284174237620199,0.1159405584797604,0.05210091685527933,0.005996932223696705,0,0
2025-11-27 17:22:20.058601,9,12.8996017925262,80.10011917898048,0.18225983869930965,-0.5220298046325743,-0.12455752388949347,0.07739320646569725,0.017050781632921033,0,0
2025-11-27 17:22:21.058601,9,12.899601891387631,80.10011894069528,0.02810112953748851,0.015292109323840139,0.26763273892353834,0.010396524026452955,0.02835451919522019,0,0
2025-11-27 17:22:22.058601,9,12.899602773839229,80.10011698509676,0.23383810793019108,-0.07563184028810284,-0.35038459510644726,-0.006989514119220663,0.0013578912631541401,0,0
2025-11-27 17:22:23.058601,9,12.89960290147819,80.10011672024572,0.03205976588996394,0.2773694258189433,-0.06301929760657433,0.10143473530666687,0.021775836129435185,0,0
2025-11-27 17:22:24.058601,9,12.899603820488013,80.10011471132135,0.24080212637749474,0.33755262550819753,-0.14452722408384008,0.02499902062262343,0.006485661735099381,0,0
2025-11-27 17:22:25.058601,9,12.899604251133404,80.10011390216629,0.10003686393853868,-0.32018315047595,0.16086415427087747,0.056172115593058715,0.013738878942741825,0,0
2025-11-27 17:22:26.058601,9,12.89960459279583,80.10011318097249,0.08701015614748785,-0.04686394161632028,-0.15145332521607738,-0.06733062546610316,0.0035553711145944983,0,0
2025-11-27 17:22:27.058601,9,12.89960482709694,80.10011243061396,0.08549747480338755,-0.21924743862605608,0.08020687117545264,-0.13486078559378062,0.0056600956878699185,0,0
2025-11-27 17:22:28.058601,9,12.899605482213314,80.1001101616156,0.2567840575626084,-0.19170001128067937,-0.08396255419453715,0.06092324661132045,0.021411898957243426,0,0
2025-11-27 17:22:29.058601,9,12.89960551701845,80.10010999937168,0.018026501368124604,-0.13637453598440222,0.023308836017556178,-0.07764115897691228,0.028892681322216625,0,0
2025-11-27 17:22:30.058601,9,12.89960576456098,80.10010744312498,0.2787454791841641,-0.75136351547576,-0.11669578231747009,-0.00911980039594831,0.01048124665816055,0,0
2025-11-27 17:22:31.058601,9,12.899605782019334,80.10010734284835,0.011053282803809872,0.027479814629577902,0.13515259961952225,0.12931683385796988,0.01929604162822043,0,0
2025-11-27 17:22:32.058601,9,12.89960622275369,80.1001051774005,0.24004167341916177,0.08148982569600072,-0.09070697982138791,0.010564860259451456,0.046363352442847144,0,0
2025-11-27 17:22:33.058601,9,12.899606417743723,80.100103884021,0.14201413617453837,-0.1462512364889748,0.14503584243944986,-0.0916117721906635,0.030680238300670692,0,0
2025-11-27 17:22:34.058601,9,12.89960654118531,80.10010202562977,0.20212293062778644,-0.16529366165220258,-0.0004837660885196873,-0.04760682495982643,0.0063609813014157334,0,0
2025-11-27 17:22:35.058601,9,12.89960659748832,80.10010155756987,0.05117475942605223,0.18148394127803774,0.10152681981399471,-0.05221995761602011,0.01977010540352894,0,0
2025-11-27 17:22:36.058601,9,12.899606688050484,80.10010038849663,0.12725687382245146,0.09019480093678746,-0.021215417639302323,-0.08574077820520329,0.008315321679429909,0,0
2025-11-27 17:22:37.058601,9,12.899606734250039,80.10009907846096,0.142245848937883,0.04688921744458584,0.14493176698266355,0.05835361542712413,0.017955632355760035,0,0
2025-11-27 17:22:38.058601,9,12.899606830550992,80.10009856650728,0.05657734749211696,-0.020003875238124816,-0.15231598709744257,0.191954845823194,0.022140229467825203,0,0
2025-11-27 17:22:39.058601,9,12.899607452762444,80.10009619914833,0.2660579230074013,-0.06935484179250842,0.12443606013335083,0.05515925730865123,0.014017870615189297,0,0
2025-11-27 17:22:40.058601,9,12.89960747292104,80.1000961206409,0.00880950212618019,-0.04416870141969291,0.3243738002236713,0.12558253676172954,0.011789305902174146,0,0
2025-11-27 17:22:41.058601,9,12.89960782391997,80.1000949970328,0.12803142741821946,0.0532892605949048,0.1292622867763301,-0.03612497311722051,0.016419959895097046,0,0
2025-11-27 17:22:42.058601,9,12.899608131010726,80.10009344589912,0.17175105762002996,6.501966042666625,-0.1412823562345706,-0.060647936344829144,0.003925850005671666,0,0
2025-11-27 17:22:43.058601,9,12.899620351723108,80.09997873599443,12.52137002552973,4.4341648458736405,0.1213345326567,-0.16253595228404727,0.0952217248705913,1,0
2025-11-27 17:22:44.058601,9,12.899618156904255,80.09989332920733,9.270767661606975,-1.0800207868745226,-0.12196415288025314,-0.11623550326692032,0.025960667864686725,1,0
2025-11-27 17:22:45.058601,9,12.89961447574965,80.09979692567619,10.468834868183688,3.1523031348024433,-0.04923836437829566,-0.011123736001052438,0.11944073998278593,1,0
2025-11-27 17:22:46.058601,9,12.899607929253229,80.0996567944204,15.223189497670816,1.2252481255053713,0.1050066598546443,-0.06021765074834781,0.04035187907687866,1,0
2025-11-27 17:22:47.058601,9,12.89959908878637,80.09953172368574,13.607143335449704,0.8063258995137169,0.1670515179562412,0.036473228701930406,0.03724151813540919,1,0
2025-11-27 17:22:48.058601,9,12.899604791712383,80.09937769794804,16.725488553940252,-0.4477997959402221,0.025805156150363606,0.11618549965981854,0.07867923019315887,1,0
2025-11-27 17:22:49.058601,9,12.8996216049244,80.09926371354165,12.509334511451632,-0.4519210090659298,0.22438905015403424,0.04917227920298406,0.08152963402474539,1,0
2025-11-27 17:22:50.058601,9,12.899646235232597,80.09911927452407,15.911194540695586,0.8408192454189345,0.07478611172033664,-0.04640451060419148,0.10111986645938216,1,0
2025-11-27 17:22:51.058601,9,12.899656616637392,80.09899353828175,13.692579772249301,-2.0579053177037014,0.021771056253278916,-0.045516361490861745,0.03649325166086924,1,0
2025-11-27 17:22:52.058601,9,12.899659526901816,80.09888601583067,11.671830038906451,0.08939585409564342,-0.13950867993471158,0.013238055683855936,0.04254924948017289,1,0
2025-11-27 17:22:53.058601,9,12.89966330676569,80.0987575349,13.947899949920693,0.1707647008520139,0.18154555428182062,0.014403130940780055,0.04717363957843157,1,0
2025-11-27 17:22:54.058601,9,12.899668197057998,80.09864572829544,12.144416890895046,-0.7438678370137008,0.16391385104976805,0.030349859326293586,0.050448376095115065,1,0
2025-11-27 17:22:55.058601,9,12.89967462307365,80.09853318146118,12.233464736482166,1.4887219707815915,-0.14307978735525026,0.09336897052587337,0.08169832870180854,1,0
2025-11-27 17:22:56.058601,9,12.899690203493494,80.09839113955867,15.510340374973634,-0.21689835799471163,0.2526411257129517,0.11761486850406803,0.024655750605461133,1,0
2025-11-27 17:22:57.058601,9,12.899712196494546,80.09828683613455,11.579804851622722,-1.8319329387983447,0.09709061242391266,-2.922637726475788e-05,0.06838456716148328,1,0
2025-11-27 17:22:58.058601,9,12.899727769053314,80.09817973966425,11.749695251521963,0.8633659544174627,-0.14750712473043318,-0.0721229824800943,0.11527478441799752,1,0
2025-11-27 17:22:59.058601,9,12.899740446262575,80.09805971654112,13.100024762749712,1.3132757846031808,-0.08639903877936574,-0.16119261838367255,0.1069709533598714,1,0
2025-11-27 17:23:00.058601,9,12.899747425746364,80.09792367688782,14.782186319049519,-3.489918807943006,0.050929404961799686,-0.05406627479477698,0.04294995722051439,1,0
2025-11-27 17:23:01.058601,9,12.899749711742512,80.09786768107143,6.081470036646843,-1.131734507475088,-0.1710783878893304,-0.030775491540047675,0.04817930181705857,1,0
2025-11-27 17:23:02.058601,9,12.899757823161432,80.09775259210878,12.520981724257593,5.4273208747609765,0.22109784713333638,0.03668139460613128,0.08688132434479776,1,0
2025-11-27 17:23:03.058601,9,12.899770649569483,80.09760390512113,16.197181366880326,1.2572563790992266,-0.014354289637029904,-0.07643311282583934,0.06410491766870939,1,0
2025-11-27 17:23:04.058601,9,12.89976552465434,80.09746539315621,15.040849508227932,-3.9499977884546427,0.1340824814002985,-0.032148126922106834,0.07855926678139351,1,0
2025-11-27 17:23:05.058601,9,12.899754757218533,80.09739110195869,8.150011305640039,-1.2162039655643624,0.13750673601391547,-0.03879777236857965,0.12771882370682064,1,0
2025-11-27 17:23:06.058601,9,12.899738600674118,80.09727846200815,12.354254633190532,1.7069645948855796,0.0512072552726826,-0.04213540576595874,0.027627693130853392,1,0
2025-11-27 17:23:07.058601,9,12.899719451103497,80.09717546827096,11.377409390059674,1.1516630913053245,0.2635758200151436,0.0045251122314143785,0.028315393355309755,1,0
2025-11-27 17:23:08.058601,9,12.8997056535758,80.09704055034624,14.720384308389871,2.6657453007831324,-0.009027848661665496,0.012871784748166158,0.07047346807819505,1,0
2025-11-27 17:23:09.058601,9,12.899691705968133,80.09688403101622,17.05483951648253,-1.8789896965092237,0.17581286165372376,0.09448815632207569,0.11628962984582901,1,0
2025-11-27 17:23:10.058601,9,12.899698079715028,80.09678212972845,11.080117714409988,-2.8840527486993763,-0.24402250853075264,0.062101063185829614,0.02281081690699785,1,0
2025-11-27 17:23:11.058601,9,12.899705868465905,80.09667974135259,11.144011818032432,2.3177110647969723,-0.061837262627211016,0.049577408973616406,0.04695442674790852,1,0
2025-11-27 17:23:12.058601,9,12.899725481777512,80.09653871342124,15.458004916067345,-0.779405533115715,0.24195924869990426,-0.011423805412701313,0.10158638725931153,1,0
2025-11-27 17:23:13.058601,9,12.899741479479372,80.09644874052732,9.924112752922518,-1.710633658813065,-0.018617609257563377,-0.0627666970131908,0.0548863012295722,1,0
2025-11-27 17:23:14.058601,9,12.899753039745534,80.09633080132986,12.862200936563939,-0.30617383520600083,-0.03492657014762758,-0.21520675281326276,0.07333007147456233,1,0
2025-11-27 17:23:15.058601,9,12.89975138244399,80.09624170449162,9.669717578984246,1.2744303822547105,0.07142609159873971,-0.07317482946760975,0.12572003371022974,1,0
2025-11-27 17:23:16.058601,9,12.89975400355603,80.09610009531491,15.368876410279409,0.09146872635845811,-0.0438157085590431,-0.009169097168756905,0.032340976347950204,1,0
2025-11-27 17:23:17.058601,9,12.899760753046836,80.09601169265382,9.62201211125758,-2.841127937082063,-0.053910710412450775,-0.09997004656148382,0.0951215384143196,1,0
2025-11-27 17:23:18.058601,9,12.899759988134758,80.09592435497949,9.477451918100769,3.515192005338714,0.3101372870813052,-0.1791940434557842,0.04518552556668029,1,0
2025-11-27 17:23:19.058601,9,12.899747388819845,80.09577705807858,16.044705240506218,3.677301985300822,0.2020867291249992,0.0026130995333693563,0.05696211271300189,1,0
2025-11-27 17:23:20.058601,9,12.899734504064039,80.09561886901689,17.225023168991928,-1.2278092407231669,-0.1227665621097908,-0.028889312622705665,0.06579452454236008,1,0
2025-11-27 17:23:21.058601,9,12.899729365230689,80.09548117221865,14.952518452310356,-3.074618083598448,-0.11660038965438385,0.07477857591228373,0.05900288954217098,1,0
2025-11-27 17:23:22.058601,9,12.899724261181554,80.09537634304654,11.389264965457025,-1.7898535769557444,0.10822969326574712,-0.01319127663961055,0.02624703021427813,1,0
2025-11-27 17:23:23.058601,9,12.899718705217305,80.09527580225863,10.927265569205321,-1.3817449185504662,0.017868493762660535,0.05623000990800825,0.09902550077529496,1,0
2025-11-27 17:23:24.058601,9,12.899714263748729,80.09519314520892,8.982788885677532,2.4705271558693407,-0.20791892552994715,0.10840305687730029,0.07127605771390697,1,0
2025-11-27 17:23:25.058601,9,12.899726456518364,80.09504442561959,16.194640961674974,5.233349502417437,-0.036987636488359475,0.15877214803792003,0.11119778560693869,1,0
2025-11-27 17:23:26.058601,9,12.899758237348637,80.09487277083856,18.959382138895847,-1.081935574971762,-0.12881123857202953,0.04412031173342294,0.0717614869428865,1,0
2025-11-27 17:23:27.058601,9,12.899776178133104,80.09474723377988,13.767736360384639,-1.8115714876797422,-0.04871306325716445,0.014910548911894396,0.08204152539049062,1,0
2025-11-27 17:23:28.058601,9,12.899798192214757,80.09460345620205,15.792694250522043,-1.6329512514659283,0.2838495803949746,0.042274540136437555,0.022539299947836877,1,0
2025-11-27 17:23:29.058601,9,12.899818964074624,80.09450866011589,10.54308256408864,-0.7878826392974696,-0.038798632767689724,0.02866960771105715,0.10728345076694963,1,0
2025-11-27 17:23:30.058601,9,12.899842816355383,80.09437866589006,14.353492650599792,-0.03963513893679496,0.18356565081599072,0.03545157230483396,0.02745381389629837,1,0
2025-11-27 17:23:31.058601,9,12.899864339161095,80.09428191863402,10.768041948319071,-3.1111168418171435,-0.03510475332408182,0.08205906934742688,0.02180194421975044,1,0
2025-11-27 17:23:32.058601,9,12.899889843486715,80.09421141821436,8.159899113827727,-1.2126185932415399,-0.01732571684997529,0.08491895212686418,0.1012369919058161,1,0
2025-11-27 17:23:33.058601,9,12.89991045102912,80.09413360908786,8.749220625226096,3.6924593885449846,0.02386288274872099,-0.04768263633315742,0.12012276933727031,1,0
2025-11-27 17:23:34.058601,9,12.899938198484294,80.09399489895023,15.365204869525138,2.950641218236871,0.40277110372961156,-0.013140962689205862,0.0685307757505738,1,0
2025-11-27 17:23:35.058601,9,12.899966134915374,80.09386044844506,14.91708626842042,-1.96067743322177,0.2893233656536808,0.03625499549264366,0.08367632855741208,1,0
2025-11-27 17:23:36.058601,9,12.899985717464878,80.09375323428596,11.83635319667137,-0.5139097278627065,0.05177161058409727,0.030286049639320245,0.036154819742256455,1,0
2025-11-27 17:23:37.058601,9,12.900011894622146,80.09362190837223,14.545157999387024,-1.8319116967450628,-0.05104830384981591,-0.10054263336726085,0.010526752538769233,1,0
2025-11-27 17:23:38.058601,9,12.900021426543907,80.09354920917278,7.959682161732141,0.4571022889410848,-0.23212999978218654,0.16524991102453962,0.061138136996258134,1,0
2025-11-27 17:23:39.058601,9,12.900061178486792,80.09341781450328,14.92866201513767,2.6029167640045743,-0.02531576826146587,0.13106059843443743,0.08296888076516792,1,0
2025-11-27 17:23:40.058601,9,12.90009940121344,80.09330301416047,13.163701006663912,-0.7805261614923037,0.3921980377300826,0.03779730108263828,0.06005691888746256,1,0
2025-11-27 17:23:41.058601,9,12.900147637933213,80.09319312220296,13.077702572890077,-0.68615783402584,0.38295740431614045,-0.005001428550474009,0.08565687517058856,1,0
2025-11-27 17:23:42.058601,9,12.900176253644686,80.09309047410134,11.584976697898963,-0.27633100039263336,0.000840290211741919,-0.062266558251137964,0.06406442591495548,1,0
2025-11-27 17:23:43.058601,9,12.900209434298922,80.09297893205473,12.654562892526481,1.2618941524876048,-0.134130110709586,0.031628300112424915,0.04414586731623593,1,0
2025-11-27 17:23:44.058601,9,12.90025790523757,80.0928574664483,14.242021439209834,-1.3959834244330132,0.015048433495117723,0.16649120953985785,0.06341015804262254,1,0
2025-11-27 17:23:45.058601,9,12.9002962984105,80.09276946261593,10.462152496515538,-1.6339744766129056,0.14510179721216276,0.029722549074970128,0.060837248804070945,1,0
2025-11-27 17:23:46.058601,9,12.900329840536392,80.09267607361431,10.799722939454005,-0.08428584463646172,-0.20346664179167967,-0.08057654661241995,0.10414459172842495,1,0
2025-11-27 17:23:47.058601,9,12.90035542772248,80.09258543485514,10.239422244176883,-0.8806479531382488,-0.2747134164591479,0.028257050565770464,0.008218779388818941,1,0
2025-11-27 17:23:48.058601,9,12.900374304313198,80.09250743391128,8.720884491824926,0.8911587178293124,0.15456912562358596,0.0592946889143991,0.08635310785153606,1,0
2025-11-27 17:23:49.058601,9,12.90040515094858,80.09240935050171,11.183327201900704,2.886924399787529,0.22678621531734366,-0.00042954580008594534,0.04289318226864636,1,0
2025-11-27 17:23:50.058601,9,12.900460322362038,80.09228273044995,15.049836834152616,1.7668478477992084,0.05324060474528918,0.07338568468841788,0.0504006457425804,1,0
2025-11-27 17:23:51.058601,9,12.900501317299199,80.09216006059336,14.071547578587646,-1.8735424594169734,-0.09639095147876382,-0.02648305041887481,0.09429799724128332,1,0
2025-11-27 17:23:52.058601,9,12.900548709102512,80.09206418772733,11.66446354700706,-4.395546325529139,-0.14224443159493175,0.15564396389199867,0.08994351731486647,1,0
2025-11-27 17:23:53.058601,9,12.900572730932396,80.09202160027783,5.339127820418729,0.08215414817478145,-0.08756762788153036,-0.07468213460156109,0.030632773522746237,1,0
2025-11-27 17:23:54.058601,9,12.900618757392763,80.09192854723935,11.322824448487141,3.270237570073678,-0.2788003727143679,0.14675752795662111,0.03858174584223893,1,0
2025-11-27 17:23:55.058601,9,12.900678630272774,80.09184661141444,11.111758569774734,-1.1179589781321249,-0.09631749948669184,-0.0007493282835692727,0.028645661328663356,1,0
2025-11-27 17:23:56.058601,9,12.900730663974409,80.09178074781885,9.199457610934386,1.105154881889796,-0.1660937606366183,0.039727325753922765,0.0770537822413946,1,0
2025-11-27 17:23:57.058601,9,12.900804182332125,80.09168780361541,12.98826195318115,1.3073491190117927,-0.33777895553908655,0.04971282656562854,0.03482166919824313,1,0
2025-11-27 17:23:58.058601,9,12.900873088435278,80.09160520569746,11.797012616431873,-0.603990395540599,-0.07929158747460809,-0.06040857270753177,0.020644456843095533,1,0
2025-11-27 17:23:59.058601,9,12.900937186450504,80.09151990256537,11.687296205060946,-0.5934077479500354,-0.20896796862715447,0.00688299205387892,0.06636496874240651,1,0
2025-11-27 17:24:00.058601,9,12.900993462706559,80.09144609282964,10.168210709070333,1.450284190982491,-0.08673043927410923,-0.038980945437576985,0.12486430195913564,1,0
2025-11-27 17:24:01.058601,9,12.901074144310638,80.09133640852322,14.910484611029037,0.025461852935361518,-0.09289285376912887,0.07669278886219448,0.030991251828730176,1,0
2025-11-27 17:24:02.058601,9,12.901124321656201,80.09126242066006,9.780433785682257,0.0031555424774543338,-0.21016002324729022,0.1335635341157702,0.05591126257470136,1,0
2025-11-27 17:24:03.058601,9,12.90121441556377,80.09116012498342,14.959938333170578,0.055136973397870145,0.08086832745440778,0.049378493249033456,0.05475195840148621,1,0
2025-11-27 17:24:04.058601,9,12.901266869012419,80.09108928246106,9.653386546098217,-0.6615678915474343,-0.015705114578159336,-0.03557488505504753,0.024177192182192657,1,0
2025-11-27 17:24:05.058601,9,12.90133763234953,80.09097707528362,14.501727932612344,-0.7865587047085115,-0.17032012989796097,-0.06632755518852146,0.06084562418182091,1,0
2025-11-27 17:24:06.058601,9,12.901377002881928,80.09091231092032,8.282258482313779,-1.9781053903445707,-0.08145729914002399,0.07405705256492343,0.039212719833437694,1,0
2025-11-27 17:24:07.058601,9,12.901435017334654,80.0908372464,10.394896717250905,1.704350431112755,0.2372350453951933,0.03193853965720624,0.10031439339307024,1,0
2025-11-27 17:24:08.058601,9,12.901502505968834,80.09075519903088,11.649307248296047,1.29917962448497,0.15382035692973867,-0.02114784803438953,0.0218180830221639,1,0
2025-11-27 17:24:09.058601,9,12.90157955400147,80.09066896470351,12.693486581553634,2.428823990824986,-0.04260189844650272,0.03760974452849485,0.030483494455657106,1,0
2025-11-27 17:24:10.058601,9,12.90167374273411,80.0905572248392,16.02972049758085,-1.3078931924606447,-0.13559762909498652,-0.019933092821038344,0.09618216137579197,1,0
2025-11-27 17:24:11.058601,9,12.901727127778765,80.09048798002378,9.579893293814553,-0.9972810600785301,-0.17619941006373693,-0.02726583117220113,0.09554323212085646,1,0
2025-11-27 17:24:12.058601,9,12.901800586270646,80.09039038418828,13.379909169575802,0.6669497801181876,-0.23561139720660318,0.0011715943534025205,0.10168896748555688,1,0
2025-11-27 17:24:13.058601,9,12.90185307109291,80.09030421283938,11.025794562802785,2.260718089331645,-0.07874739765871193,-0.0025552684192721095,0.0464038472348253,1,0
2025-11-27 17:24:14.058601,9,12.901941626963513,80.0901696028239,17.621985424879583,-1.2444150148240065,0.36848411864348496,-0.05044488406126464,0.039424055989325524,1,0
2025-11-27 17:24:15.058601,9,12.90198202237319,80.0900909541198,9.64646737131175,-4.8707562323668485,0.018100452734167972,-0.033705784308414914,0.06364938544021918,1,0
2025-11-27 17:24:16.058601,9,12.90201517674637,80.09003026071177,7.549532598951878,1.0454427517343663,-0.0006301826240743362,-0.010542004589336532,0.02889881807383956,1,0
2025-11-27 17:24:17.058601,9,12.902071343497916,80.08994527858405,11.141319627490141,1.3846067050282995,0.08786877114150766,-0.031720645051437873,0.07197754900328629,1,0
2025-11-27 17:24:18.058601,9,12.902104526808314,80.0898632974236,9.632299094466383,2.2783521771047814,0.05713540073022509,-0.040735984549664345,0.08705153403192573,1,0
2025-11-27 17:24:19.058601,9,12.902173574926474,80.08973807476927,15.611370348950054,1.4835917510482393,0.11100891728927846,0.04908127764762726,0.09781094802801642,1,0
2025-11-27 17:24:20.058601,9,12.902224485829377,80.08963979548635,12.076746956767952,-3.61034416400653,0.17284905654568292,-0.07595459616315225,0.07640349936279878,1,0
2025-11-27 17:24:21.058601,9,12.902258517538025,80.08957233648587,8.242254511578917,-0.4324611228632044,-0.01788084341761158,0.01848355420143223,0.05330341159323681,1,0
2025-11-27 17:24:22.058601,9,12.902302115438887,80.08947756887989,11.371054498118815,1.4287285196498736,-0.12099952123105502,-0.08922157678816012,0.07270926447009574,1,0
2025-11-27 17:24:23.058601,9,12.902334563563873,80.08937996501189,11.190085817789027,-2.3614974961652337,-0.06219536717535387,-0.05057869625465633,0.06310848105241437,1,0
2025-11-27 17:24:24.058601,9,12.902355462460882,80.08932611340343,6.289565084668311,-0.05032494902854967,0.07635584457468891,-0.07896483844062517,0.03841366940642539,1,0
2025-11-27 17:24:25.058601,9,12.902377230592409,80.0892168891155,12.097187722500719,0.4093917800081585,0.06411353118082103,-0.17937553560345634,0.011943439211169516,1,0
2025-11-27 17:24:26.058601,9,12.902384160745669,80.08915319549438,6.954360104113063,3.0763647920113635,-0.23122086496884062,-0.15874351517206062,0.009347904035128203,1,0
2025-11-27 17:24:27.058601,9,12.902393083413243,80.08899213530178,17.504952082979784,3.3435312883362625,-0.011111060177689095,-0.12554517053827027,0.03666871958817081,1,0
2025-11-27 17:24:28.058601,9,12.902387802430798,80.08886535694329,13.769359774698842,-3.2987314715981424,0.12115303256151677,-0.14021148000403053,0.023822529781798295,1,0
2025-11-27 17:24:29.058601,9,12.90237990589938,80.0887669936325,10.709605315476065,2.623783183541839e-05,-0.16442809301043823,-0.10451114371710059,0.09068139739444042,1,0
2025-11-27 17:24:30.058601,9,12.902371551843727,80.08864422089883,13.354571036161074,-0.9996562817739103,-0.07094317428657551,0.16683927401709087,0.034650323073802836,1,0
2025-11-27 17:24:31.058601,9,12.902361910359305,80.0885634038766,8.83494431199431,0.4725297871345297,-0.3081856826938648,-0.08394504087566883,0.013673516476912503,1,0
2025-11-27 17:24:32.058601,9,12.902347991539187,80.08843419225104,14.106194493526809,0.49137567095928514,0.1980761990662582,-0.021485583090362415,0.08904718718037039,1,0
2025-11-27 17:24:33.058601,9,12.902344447118185,80.08834113345947,10.105577339859945,-1.2421561075317724,0.10239238407646113,0.02851112815024265,0.11740158899095243,1,0
2025-11-27 17:24:34.058601,9,12.902345287385984,80.08823646614748,11.357905133535132,1.1333539985144732,0.05516243945668225,0.01676373338294774,0.017871603296327393,1,0
2025-11-27 17:24:35.058601,9,12.902352704088605,80.08811809239796,12.871321761602273,0.007819884805158078,0.05667617363404467,0.007018372642629875,0.012544002250011442,1,0
2025-11-27 17:24:36.058601,9,12.90236636647695,80.08800976431755,11.852735192096194,-2.1645759482160045,0.008109367445715283,0.01123836157576712,0.1063244923000892,1,0
2025-11-27 17:24:37.058601,9,12.902372905291497,80.0879348239577,8.16434165668407,0.31778215872700727,0.06951412587706361,-0.03478785949006504,0.09272569465761069,1,0
2025-11-27 17:24:38.058601,9,12.902369630976725,80.0878251510927,11.906256494869108,-0.6779364882891196,-0.008380905618782826,-0.14019080132528466,0.009249396934608271,1,0
2025-11-27 17:24:39.058601,9,12.902361674236184,80.08776006130768,7.118258837698837,-1.5345293160396858,-0.09942074987362913,-0.09006940584973264,0.053195847226288215,1,0
2025-11-27 17:24:40.058601,9,12.902348151968827,80.08767793730726,9.037573215925708,0.15189136159410271,0.03940608133346722,-0.07195254862028307,0.06718921098982243,1,0
2025-11-27 17:24:41.058601,9,12.90233296438925,80.08760986967737,7.577093431107242,2.743232901513255,-0.4227801107149195,0.008559977089259298,0.08652860510221844,1,0
2025-11-27 17:24:42.058601,9,12.902307113585993,80.08747555129838,14.856351468454417,3.5680768928111704,0.15826004458465884,-0.1111030845139569,0.03322361392406008,1,0
2025-11-27 17:24:43.058601,9,12.902280848393424,80.08734578541464,14.381339392527297,-7.46675336363106,-0.11587344439601253,-0.023090172336580027,0.11384454154230908,1,0
2025-11-27 17:24:44.058601,9,12.902280479862352,80.08734367168229,0.2330025785692278,-7.119770316638259,0.1790845793553436,0.05394213087349527,0.001903256684505838,0,0
2025-11-27 17:24:45.058601,9,12.902280256065856,80.08734101771361,0.2890594993666125,-0.1211551490442537,0.08100129420467402,0.1171608489507002,0.025367454425959557,0,0
2025-11-27 17:24:46.058601,9,12.902280225274454,80.08733876569589,0.24439198642223559,-0.3904016491921991,0.02023056478474645,-0.12850607902882516,0.004506953158544355,0,0
2025-11-27 17:24:47.058601,9,12.90227976963059,80.08733662647886,0.23760491709161446,-0.09549064023023261,-0.075441096759593,-0.14689228946898075,0.019323088076859857,0,0
2025-11-27 17:24:48.058601,9,12.90227941400531,80.0873350593612,0.17459634431796225,0.1677807992441626,0.05066596187298171,0.15019270842767016,0.0479598911525841,0,0
2025-11-27 17:24:49.058601,9,12.902279384524316,80.08733489753794,0.017863598431937588,0.05052420952346923,0.051225040201041634,0.021790104378874253,0.0050826522201262705,0,0
2025-11-27 17:24:50.058601,9,12.902279119165147,80.08733349652924,0.15486773004320795,0.07190385417299403,0.18857028471652654,0.09741434685477697,0.005125446012557785,0,0
2025-11-27 17:24:51.058601,9,12.902278989597137,80.0873327745278,0.07966150002768042,-0.08394209315809176,-0.2060480184404357,0.033021300490593215,0.027111534006122477,0,0
2025-11-27 17:24:52.058601,9,12.902278905240715,80.08733233978957,0.048099312556918405,0.1842509114765024,0.09186075369031242,0.0006071476817650634,0.018028800319334067,0,0
2025-11-27 17:24:53.058601,9,12.90227881025411,80.08733182613295,0.05673134525836934,0.062300625246980955,-0.0660557626767059,-0.04888565982500762,0.00014840448864054365,0,0
2025-11-27 17:24:54.058601,9,12.902278274782125,80.08732917723003,0.29355005753736635,0.0015737556651845147,0.031986288352080276,-0.011118696542118917,0.016888427100166605,0,0
2025-11-27 17:24:55.058601,9,12.902277949658485,80.0873264737097,0.29558496888005703,-0.09237325848988065,0.04389494517285506,0.05823646301859754,0.010061055177582425,0,0
2025-11-27 17:24:56.058601,9,12.902277776203638,80.08732455520506,0.20907177767866306,-0.4559189424043246,0.04761281319794872,0.0023535210649348257,0.00786106199591735,0,0
2025-11-27 17:24:57.058601,9,12.90227754178709,80.08732284180988,0.18774403814628224,0.3071775534201692,0.05846481922568439,-0.02408793434525659,0.011036210783714836,0,0
2025-11-27 17:24:58.058601,9,12.902277223406818,80.08732112783584,0.18933136081198743,-0.17410107024939125,0.10273799727696564,-0.07386481451705985,0.0016881768276706649,0,0
2025-11-27 17:24:59.058601,9,12.902276994363307,80.08731919942603,0.21080070269100656,-0.1335698025119953,0.09285608748408324,0.08801005986416216,0.02431609148877096,0,0
2025-11-27 17:25:00.058601,9,12.902276653044007,80.08731658612709,0.2861050114266924,0.24499614658901503,-0.11796150450551766,-0.03500317847863704,0.0021956204265476103,0,0
2025-11-27 17:25:01.058601,9,12.902276426891795,80.08731392458093,0.28990134095178743,-0.5844822153886206,0.00310034421532681,0.08067598671429713,0.01545408123438584,0,0
2025-11-27 17:25:02.058601,9,12.902276330060426,80.08731275164386,0.1277318271707409,0.009797013796849413,-0.008780292913075057,-0.06752892637416766,0.047897887880163206,0,0
2025-11-27 17:25:03.058601,9,12.902276250609626,80.08731206079199,0.07548473788639902,-0.1188807185496753,0.1686113629421234,-0.0949522304296839,0.00875946503468077,0,0
2025-11-27 17:25:04.058601,9,12.902276154790394,80.0873111465649,0.09977519327570437,0.45248701675578695,-0.024327706583422537,0.08296554186972205,0.012989975202818875,0,0
2025-11-27 17:25:05.058601,9,12.902275980478349,80.08730959735563,0.16922195161746195,0.4310083804339686,-0.035565209691059904,0.0668525613097773,0.0020126367935596676,0,0
2025-11-27 17:25:06.058601,9,12.90227576475214,80.08730775298889,0.20156911414524437,-0.15705646724034225,-0.018515032669491324,0.08072643138514274,0.0044392999074579186,0,0
2025-11-27 17:25:07.058601,9,12.902275502335844,80.08730520085732,0.27846995526525725,0.5313729188954707,0.09757787836572308,-0.08527435714594506,0.006038616589360247,0,0
2025-11-27 17:25:08.058601,9,12.902274959261808,80.08730271276596,0.27667022447616074,-0.0695464938473125,-0.04746435320813805,-0.09124111774557828,0.0008081419851130307,0,0
2025-11-27 17:25:09.058601,9,12.90227417622279,80.08730009852347,0.2967637563745091,0.20970012374834315,-0.018860470460575807,-0.03115602839784278,0.018514389491614817,0,0
2025-11-27 17:25:10.058601,9,12.902273670389002,80.08729779261787,0.2564731478613476,0.2707778729646907,-0.10958680899428301,0.11435220484766428,0.024599853365356774,0,0
2025-11-27 17:25:11.058601,9,12.902273471777109,80.08729605813562,0.18950400590370975,-0.44290059276847227,0.10822567174918347,-0.07426112789595019,0.0039032504118015334,0,0
2025-11-27 17:25:12.058601,9,12.9022729914797,80.08729371672253,0.25963318219102105,-0.16577832535663103,-0.03948631829140076,-0.14730984030764027,0.022125513895232676,0,0
2025-11-27 17:25:13.058601,9,12.902272648413108,80.0872925702435,0.1301351005991368,-0.10171179065443096,0.021892253964816727,-0.058700380515404264,0.013959477803385734,0,0
2025-11-27 17:25:14.058601,9,12.902272375195029,80.08729187863422,0.08097592379543725,0.08796476701272268,-0.01418354312032921,0.013285664038139772,0.006340088215600302,0,0
2025-11-27 17:25:15.058601,9,12.902272322830802,80.08729175265825,0.014860723977639167,-0.019423266201922237,0.010267880453251542,-0.0435167236319604,0.014622480036834116,0,0
2025-11-27 17:25:16.058601,9,12.902271547866283,80.08728986087004,0.222669935126894,0.16837764682279094,-0.00224268571710116,-0.04674492704862284,0.007427411558611699,0,0
2025-11-27 17:25:17.058601,9,12.902270743941324,80.08728802673578,0.2182182206570388,-0.2651611641380807,0.18374878179017545,-0.01266953164033717,0.0023615915139886083,0,0
2025-11-27 17:25:18.058601,9,12.902270661450396,80.08728786405337,0.019898392473386418,-0.19373656108477647,0.12070883167875815,-0.027735050685066404,0.0673715284909177,0,0
2025-11-27 17:25:19.058601,9,12.90227048983902,80.08728751852556,0.042079845986038276,-0.3030786066445502,-0.04161704481956112,0.006782185933176112,0.006029649344915845,0,0
2025-11-27 17:25:20.058601,9,12.902270122978578,80.08728686062348,0.08224513115975522,-0.24095535701437282,-0.015281886922172342,-0.05752620625844257,0.020980040342195846,0,0
2025-11-27 17:25:21.058601,9,12.902269959451308,80.0872865566991,0.03766958023714604,0.27844970005129877,0.04556282113710875,0.050750490691950825,0.004855667067790152,0,0
2025-11-27 17:25:22.058601,9,12.902268998399567,80.08728401658955,0.2956636152827651,0.23052150820461925,0.17427233217182456,-0.028266083187054813,0.006365774668771116,0,0
2025-11-27 17:25:23.058601,9,12.902268576784738,80.08728299370853,0.12050881093046854,-0.2481397162614023,0.0059553031623345255,0.052874446449109505,0.012555729424435738,0,0
2025-11-27 17:25:24.058601,9,12.90226799076336,80.08728164992287,0.15974279355834264,0.18122297474342552,-0.1877157287062082,0.01670318001533725,0.01947264895341958,0,0
2025-11-27 17:25:25.058601,9,12.90226740155107,80.08727971623581,0.2198385942069887,0.49247856679791874,-0.17960957591926108,0.05823253764035034,0.01658427290587055,0,0
2025-11-27 17:25:26.058601,9,12.902266630565295,80.08727801747767,0.20333450506986353,-0.3106089375874507,0.0395090311496934,-0.06831531668780136,0.0018050213983693245,0,0
2025-11-27 17:25:27.058601,9,12.902266302584678,80.08727729948038,0.08604105920355865,-0.02324346292712427,-0.09267461343807606,-0.09466334079940206,0.013952461361863455,0,0
2025-11-27 17:25:28.058601,9,12.902265563391937,80.08727569077966,0.19298380367928797,-0.14479277634469673,-0.07054574114384266,0.08480111925211312,0.036528173074698925,0,0
2025-11-27 17:25:29.058601,9,12.902265122786684,80.0872747198983,0.11620909508091895,0.43360660943823137,-0.03690199309957415,0.04359280641928872,0.01840459361104318,0,0
2025-11-27 17:25:30.058601,9,12.902264428235357,80.08727315347139,0.18673285661247274,-0.037314133233002936,0.12202159093456313,-0.06523555647520296,0.003420903760170856,0,0
2025-11-27 17:25:31.058601,9,12.902263290210136,80.08727112386285,0.2540711990545939,0.20882561522123858,-0.14308226010697372,-0.08893330413664478,0.0069544443567452945,0,0
2025-11-27 17:25:32.058601,9,12.902262114498273,80.0872692360701,0.24308718560517878,0.1540960618737779,0.008127214693296098,-0.05531812006476415,0.011789335636518553,0,0
2025-11-27 17:25:33.058601,9,12.902261299733116,80.08726764905506,0.1946331022309456,-0.2059943582305265,0.13510151905585183,0.12668994478147638,0.01885469345455441,0,0
2025-11-27 17:25:34.058601,9,12.902261255199232,80.08726757944999,0.009034551789526068,-0.16996424770511215,-0.04349720034820932,-0.05448535839215912,0.0031476758673704935,0,0
2025-11-27 17:25:35.058601,9,12.902260394094192,80.08726636552284,0.16291108467717688,0.09749906306388474,0.06435731599658762,-0.03835043677181005,0.008394592611980929,0,0
2025-11-27 17:25:36.058601,9,12.902260313451448,80.0872662456285,0.015806470538970885,-0.22270311181575597,0.0504887947613519,0.1098726913970468,0.00521610372215056,0,0
2025-11-27 17:25:37.058601,9,12.902259748933867,80.08726538393448,0.11265850604492206,-0.029371991440903494,-0.012061499364046028,-0.02694403098649577,0.02115006785586704,0,0
2025-11-27 17:25:38.058601,9,12.90225834049919,80.08726339859167,0.26644438156771316,0.3872779153498822,0.05800992408971533,-0.11268633529693824,0.02322372392818119,0,0
2025-11-27 17:25:39.058601,9,12.902256819442927,80.087261326303,0.28148725160032523,-0.07619617107181628,0.20877271411248202,-0.05108899703167136,0.0007063250259588762,0,0
2025-11-27 17:25:40.058601,9,12.902255951469629,80.0872602721169,0.14973688684230466,-0.012744309836034931,0.07044428538185617,-0.08068906669499355,0.005378453139566476,0,0
2025-11-27 17:25:41.058601,9,12.902254973110683,80.08725914589455,0.16369536630396775,0.08271981712196495,0.0029924539948808144,0.025083614515244233,0.027470193213342813,0,0
2025-11-27 17:25:42.058601,9,12.90225414658153,80.08725808428696,0.14743051978937663,0.2391945439984887,-0.1930272389698827,-0.01461077502244483,0.025414638438222382,0,0
2025-11-27 17:25:43.058601,9,12.902252823511766,80.0872568476116,0.1992491724923242,0.19526733762560256,0.09271157445174756,0.0032903300800438406,0.006645695969207652,0,0
2025-11-27 17:25:44.058601,9,12.902252121890104,80.08725606636298,0.1152688831698854,0.1545742149053062,0.21034561773236352,0.03174952912010234,0.005293131198646835,0,0
2025-11-27 17:25:45.058601,9,12.902251196123377,80.08725501843382,0.153463074800154,0.19127717104503505,-0.15512567905289965,0.025300850026571314,0.012274148002927457,0,0
2025-11-27 17:25:46.058601,9,12.90225047441603,80.08725426577446,0.11456367319580585,0.20923576586248452,0.07006820222461639,0.0058138240574102315,0.02116152750383728,0,0
2025-11-27 17:25:47.058601,9,12.902249679052206,80.08725331144514,0.13624585817294207,-0.03793939681163534,-0.174101125017274,-0.07412755515204572,0.03638994035965718,0,0
2025-11-27 17:25:48.058601,9,12.902249227241093,80.08725286238383,0.07002900193807937,-0.060552460539503666,0.14994456871977382,-0.13304033460040676,0.008454352775427745,0,0
2025-11-27 17:25:49.058601,9,12.902247838356482,80.08725160039245,0.2065354276473702,0.5217232469686229,0.13861153280328273,-0.06161049360260893,0.025888641747040596,0,0
2025-11-27 17:25:50.058601,9,12.902246920675063,80.08725089013706,0.1279677222274583,-0.0741034505861106,-0.0582160116206109,-0.05806734116997486,0.009114304110919187,0,0
2025-11-27 17:25:51.058601,9,12.902246487369197,80.08725060024408,0.05758631928641386,-0.08852718824174437,0.3270206597797563,-0.12124188246574696,0.04602679469907879,0,0
2025-11-27 17:25:52.058601,9,12.902245058154273,80.08724965716654,0.18916954667621397,-0.1790996617164014,0.007898335934956376,0.02700326534763041,0.014672329704057087,0,0
2025-11-27 17:25:53.058601,9,12.902245014347825,80.08724962496419,0.0059992256067410875,-0.10132232826145898,-0.021619682507021207,0.17558277475084266,0.010318517837923511,0,0
2025-11-27 17:25:54.058601,9,12.902244976477593,80.0872495879954,0.0058193165491151385,0.21838598248155372,0.1574313026755481,0.11261850811888525,0.0018233292788076955,0,0
2025-11-27 17:25:55.058601,9,12.90224331917728,80.08724821404054,0.23720089754339274,-0.060747081306239986,-0.08632931219268468,-0.0986158592916987,0.039422115316342425,0,0
2025-11-27 17:25:56.058601,9,12.90224144949361,80.08724650651874,0.2786569694471539,-0.007096924850230965,0.15299079380059252,0.09625065807744475,0.013917515561223656,0,0
2025-11-27 17:25:57.058601,9,12.902240265694628,80.08724502621726,0.20776818014229068,0.09176525122214779,-0.36252641028222965,0.02368199877496769,0.00942181839239434,0,0
2025-11-27 17:25:58.058601,9,12.902239624465661,80.08724423656687,0.11152281094206541,-0.02583472470796596,0.0898878290440751,0.03349047329271429,0.00857618659240077,0,0
2025-11-27 17:25:59.058601,9,12.902239374448035,80.087243932207,0.04318974563503385,0.02640094821701939,0.14951277480697675,0.029423793683768518,0.038027577667478774,0,0
2025-11-27 17:26:00.058601,9,12.902238983717142,80.08724344984681,0.06805527299897698,-0.14643360223900406,0.10149281436020903,-0.01623058524721393,0.006853779803759516,0,0
2025-11-27 17:26:01.058601,9,12.902238236233133,80.08724246014962,0.13585684833525238,-0.1489651109728144,-0.014385806684118024,0.06668192419453431,0.001462845362573418,0,0
2025-11-27 17:26:02.058601,9,12.902237005361652,80.08724050673648,0.2523971153744644,-0.027179396216688842,-0.006877033837834962,0.04485574990408931,0.013661271001023085,0,0
2025-11-27 17:26:03.058601,9,12.902236061588402,80.08723906249979,0.18867272883301942,-0.26404350424166967,0.14683452381823894,-0.044474926343982465,0.04321924053829714,0,0
2025-11-27 17:26:04.058601,9,12.902235705986708,80.0872385285028,0.07017526836804729,0.0911954178214399,-0.013431960527409208,0.01806811009154565,0.01578910295925188,0,0
2025-11-27 17:26:05.058601,9,12.902234226667435,80.08723653980289,0.27145226875474954,-0.3513570591324775,-0.13870746661786584,0.03507219217093421,0.021194635179368294,0,0
2025-11-27 17:26:06.058601,9,12.902233434752855,80.08723503277167,0.1857772602672559,0.002530865317283474,-0.010766740548808124,0.008875957299441004,0.014357874202739691,0,0
2025-11-27 17:26:07.058601,9,12.90223254294227,80.08723317899704,0.22431865042577084,0.056045649509196716,-0.002849573397533434,0.0027751166905826616,0.000814069435789264,0,0
2025-11-27 17:26:08.058601,9,12.90223185524061,80.0872318430193,0.1639400322222482,-0.5512043461844649,-0.034585505801524405,-0.016389504926252133,0.019731081460190803,0,0
2025-11-27 17:26:09.058601,9,12.902231770072776,80.08723169279334,0.01885772061407701,-0.1954297325445993,-0.2120949276987601,0.08595654807890862,0.010845042544863806,0,0
2025-11-27 17:26:10.058601,9,12.902231351756942,80.08723066091453,0.12126717327479822,-0.051813235583017724,-0.16572302293465463,0.017316360291209747,0.005024924040039653,0,0
2025-11-27 17:26:11.058601,9,12.902231335118174,80.08723062227891,0.004583315068739646,0.17563027687566285,0.05017005342290526,-0.06564140118190877,0.03383260779024448,0,0
2025-11-27 17:26:12.058601,9,12.902230070851354,80.08722824355394,0.2939925852564151,0.1695995770767005,-0.3297980037700386,-0.050294730535916966,0.053906603107053995,0,0
2025-11-27 17:26:13.058601,9,12.902229805474688,80.0872277573083,0.060470084188563554,-0.13721997911160622,0.22740537995961607,0.04359472570723516,0.010746275985144532,0,0
2025-11-27 17:26:14.058601,9,12.902229219153405,80.0872266639016,0.1354142610111208,0.09186724887698608,-0.11796089738575988,0.0988522660750262,0.00349003684211566,0,0
2025-11-27 17:26:15.058601,9,12.9022284754609,80.08722476467675,0.22209307254808466,-0.24619154734916004,0.22641951120385598,0.07026010979504005,0.0037232512428402313,0,0
2025-11-27 17:26:16.058601,9,12.902228163419597,80.087224064068,0.08358346953230537,0.015657409402865294,-0.293702827335365,0.08366498286946986,0.006994023096627137,0,0
2025-11-27 17:26:17.058601,9,12.902227337074368,80.08722240072161,0.202580524549458,-0.38077352024078925,0.04261099126297103,-0.04960796217190967,0.03404678641518065,0,0
2025-11-27 17:26:18.058601,9,12.902226224469944,80.08722032630592,0.25692101115152877,0.24821194529295038,0.09893183095552367,0.01651580048088995,0.019846799943684223,0,0
2025-11-27 17:26:19.058601,9,12.902224947557318,80.0872183334874,0.25877807694455984,-0.29707701648473867,0.06839405356557601,-0.017164230731139343,0.021123950561554045,0,0
2025-11-27 17:26:20.058601,9,12.902224207713454,80.08721705554679,0.16128389742760316,0.06267938897091063,-0.08701538326132031,-0.08984952617029493,0.009628970880393444,0,0
2025-11-27 17:26:21.058601,9,12.902223648918822,80.0872163263369,0.10065065659057655,-0.08061699946174526,0.050997400041314374,-0.0700435531476746,0.01810565257241511,0,0
2025-11-27 17:26:22.058601,9,12.902222613867254,80.08721521437676,0.1668377045258895,-0.003077081716446578,-0.08690498599881583,-0.06902858904084604,0.05665415799452471,0,0
2025-11-27 17:26:23.058601,9,12.902220771812491,80.08721342373948,0.28249308769039416,-0.1438124403800689,-0.05438627363019086,0.06457245043461507,0.0441445804245874,0,0
2025-11-27 17:26:24.058601,9,12.9022202013534,80.08721272974286,0.09850733232919669,-0.13638144329576737,0.06246319092411652,0.07051076182562427,0.00888441939583748,0,0
2025-11-27 17:26:25.058601,9,12.902218809426826,80.08721063852691,0.2747755745766021,-0.18391322549350259,-0.11949548051809908,-0.03600508391019637,0.01909885480274189,0,0
2025-11-27 17:26:26.058601,9,12.902218210858528,80.08720988218028,0.10571502629880708,0.06486921853250531,-0.06336136090016198,-0.0623515774139378,0.002678034117156568,0,0
2025-11-27 17:26:27.058601,9,12.90221732897648,80.08720868740292,0.16262126270293464,-0.5024530887030939,-0.012270599830033455,-0.03310865201616311,0.005769032912959543,0,0
2025-11-27 17:26:28.058601,9,12.902216416049917,80.08720752509076,0.1619726000649431,0.034356640306876865,-0.12389838823491489,-0.06462553855047731,0.005266629945515346,0,0
2025-11-27 17:26:29.058601,9,12.902215192365546,80.08720619082791,0.19879082631112938,-0.04185813216040882,0.1757344364078508,-0.03132491603824768,0.008476537211949716,0,0
2025-11-27 17:26:30.058601,9,12.902215142354555,80.08720612131252,0.009375140463022446,-0.1361905494166329,-0.05617955427382072,0.07521713536545807,0.03918969499051812,0,0
2025-11-27 17:26:31.058601,9,12.90221440987326,80.0872050390203,0.14297186663664269,0.09864191783876335,-0.28358522632200245,-0.008784333386959713,0.0007401700688693276,0,0
2025-11-27 17:26:32.058601,9,12.902214363118246,80.0872049620155,0.009844273284300797,0.194551950624262,0.05961246235813675,0.1337604867378808,0.01602557602601904,0,0
2025-11-27 17:26:33.058601,9,12.902213445463158,80.08720345283453,0.1930113462078205,-0.19894971409150092,-0.10589273529015955,-0.0010821908933155624,0.02962805538684057,0,0
2025-11-27 17:26:34.058601,9,12.902213147532198,80.0872029882191,0.06034656482807466,0.16159391894878417,-0.08168710614211286,0.0021982938763972434,0.0018293598572727099,0,0
2025-11-27 17:26:35.058601,9,12.902212191857231,80.08720154164016,0.1896240232388339,-0.058590308564298865,-0.09990749036530015,0.012096630150234742,0.013831003126268783,0,0
2025-11-27 17:26:36.058601,9,12.902211567482317,80.08720058931458,0.12453769922865082,-0.19340281568082734,0.0023914404485326046,0.0025667746395221028,0.017618146399002225,0,0
2025-11-27 17:26:37.058601,9,12.902211189466327,80.08719988585598,0.08716352054213504,-0.09933713645011716,0.13832014070340432,0.022153790597543827,0.000892793144177704,0,0
2025-11-27 17:26:38.058601,9,12.902210024809232,80.08719750143264,0.2894011362194666,0.0793167249310024,0.126329107762334,0.016939979124898464,0.03270197173436712,0,0
2025-11-27 17:26:39.058601,9,12.902209963046202,80.08719736169536,0.016648966584481572,-0.29474200945198414,0.02760183541852004,-0.013067113660899764,0.012829924353729932,0,0
2025-11-27 17:26:40.058601,9,12.902209601373764,80.08719649911956,0.10189058224426044,0.33237774991313357,0.15388454162697887,0.07717850841247725,0.006772039664267995,0,0
2025-11-27 17:26:41.058601,9,12.902208929952772,80.08719436065319,0.24378677663359932,-0.2869534843103713,-0.048215582692736965,0.031725889936459264,0.0264788561769564,0,0
2025-11-27 17:26:42.058601,9,12.902208243444585,80.0871926739163,0.19834296277893712,0.03909297846804061,-0.1625620629011949,-0.03249831244103105,0.003020130033634045,0,0
2025-11-27 17:26:43.058601,9,12.902208114300944,80.08719226517066,0.04662498365293932,0.024618115565674843,0.34002105462752297,0.03150262384337995,0.006886501804551613,0,0
2025-11-27 17:26:44.058601,9,12.902207591218835,80.08719072276072,0.17720806812266557,0.1378167154237913,-0.2503162812511004,0.0003543980534682816,0.015243830570264919,0,0
2025-11-27 17:26:45.058601,9,12.902206949267198,80.08718868528106,0.23235071122907713,0.4997906329513532,0.01817164114034157,0.012497312460579871,0.01855187570137263,0,0
2025-11-27 17:26:46.058601,9,12.902206224913053,80.08718635652681,0.26524822495645967,-0.2624566940103781,-0.028900427301020958,0.05219749450578533,0.005253251076275816,0,0
2025-11-27 17:26:47.058601,9,12.902205851607961,80.08718491309052,0.1620473155551377,-0.09227307741468951,0.1799614718202767,-0.009959441509495832,0.0037660602881062462,0,0
2025-11-27 17:26:48.058601,9,12.902205581456503,80.08718409569707,0.09365556888529038,-0.35102426722184477,0.021718968297201,-0.166750505574133,0.03455518157569728,0,0
2025-11-27 17:26:49.058601,9,12.90220515511033,80.08718294914867,0.13315802950954128,0.2840679610542433,-0.08442182956949305,0.06777979881497904,0.0025274589814400054,0,0
2025-11-27 17:26:50.058601,9,12.902205053708261,80.08718259254815,0.04030782457083918,0.14799623842425721,-0.2658506903579731,0.08403850350566586,0.03988323144360129,0,0
2025-11-27 17:26:51.058601,9,12.902204600418996,80.08718087274251,0.19331898331547356,0.08193749513476967,-0.18027874985479714,-0.06821170551645714,0.005006517972044352,0,0
2025-11-27 17:26:52.058601,9,12.902204060392311,80.08717954541589,0.15607141589976492,-0.015744961298231386,0.03193656461606259,0.028648771692414574,0.01442048619759314,0,0
2025-11-27 17:26:53.058601,9,12.902203706157547,80.08717854947412,0.11503993025601539,0.10751707504941743,-0.08146201012253669,0.04422808831219563,0.002471636083551099,0,0
2025-11-27 17:26:54.058601,9,12.902203261632021,80.08717683454523,0.19255517881205916,-0.14095630303791878,0.21794248744153563,0.02864182030708253,0.01397447940243036,0,0
2025-11-27 17:26:55.058601,9,12.902202734404936,80.08717414641042,0.2975372933865532,-0.219994003739716,-0.12417412944724988,0.0841281674368338,0.00309902101968308,0,0
2025-11-27 17:26:56.058601,9,12.90220262959833,80.0871733321317,0.0891248793607647,0.2346486142575408,0.06070694504903282,0.05138724684390307,0.029790858593680532,0,0
2025-11-27 17:26:57.058601,9,12.902202543641517,80.08717164501634,0.1833199130101919,-0.09720582869628108,-0.19747947238361727,0.048866443948696915,0.0176920426278201,0,0
2025-11-27 17:26:58.058601,9,12.90220243398225,80.08716981219946,0.19925447235635105,-0.2796171718303234,0.09105123299469021,-0.02586769397303926,0.02628222196663356,0,0
2025-11-27 17:26:59.058601,9,12.902202404130092,80.08716937055362,0.04803836500131293,0.08927093248745469,0.22071563460910068,0.03697226991705976,0.019195861240934656,0,0
2025-11-27 17:27:00.058601,9,12.902202291552515,80.08716723847839,0.23169208631360183,-0.14487098880481875,-0.20183217996211747,-0.06623722948871816,0.027135398809737248,0,0
2025-11-27 17:27:01.058601,9,12.90220222198155,80.08716664470808,0.06489420240298388,-0.20508388474346623,-0.028007905875657303,-0.13966622575451082,0.0008618815572498715,0,0
2025-11-27 17:27:02.058601,9,12.902202136324698,80.08716589689811,0.08170368208003849,0.05701011681789021,0.051355802128366386,0.04795621385845175,0.03699390862537814,0,0
2025-11-27 17:27:03.058601,9,12.902202120812463,80.08716569029046,0.022485539238088634,0.2820067773772087,0.09104401670160416,0.007277689284292677,0.017627324306686534,0,0
2025-11-27 17:27:04.058601,9,12.902202147365802,80.08716334923609,0.25404657126469377,-0.12350200245019229,-0.19889865900075984,-0.01548142900073551,0.02085632333386569,0,0
2025-11-27 17:27:05.058601,9,12.902202037131932,80.08716100316185,0.25486966748454865,-0.3112869882336633,-0.0012872268531438317,-0.016625238876647755,0.018526238478924286,0,0
2025-11-27 17:27:06.058601,9,12.902201927497407,80.08715962469199,0.1500757586220254,0.254407951772596,0.0866820031479137,-0.041749281134570576,0.012271845298565967,0,0
2025-11-27 17:27:07.058601,9,12.90220143433863,80.08715696648078,0.2936221004777814,-0.18645677195955168,-0.35411223821283616,-0.03484551127796108,0.003437839009025939,0,0
2025-11-27 17:27:08.058601,9,12.90220123415471,80.08715578463652,0.13016447506724724,0.09142763352216729,-0.1004587325894242,-0.028701524331154256,0.002277108318492661,0,0
2025-11-27 17:27:09.058601,9,12.902200685035414,80.08715366692816,0.23778538007345218,-0.3450403044759912,-0.10655789377713898,-0.022235902425369748,0.010634874411171598,0,0
2025-11-27 17:27:10.058601,9,12.90220067160346,80.08715356509315,0.011150890584114392,0.17547832868374288,-0.05938852407548317,0.11930927357237173,0.03177372464467731,0,0
2025-11-27 17:27:11.058601,9,12.902200665870557,80.08715349391035,0.007750411641397847,0.2073685578170345,0.29624290725887853,-0.00386760634159199,0.026574546243621783,0,0
2025-11-27 17:27:12.058601,9,12.90220060961091,80.08715289824637,0.0649386018668314,0.292756016865642,0.08417709084857937,0.024603350394544962,0.019224222215355885,0,0
2025-11-27 17:27:13.058601,9,12.902200388916777,80.08715055579495,0.2553654936420707,0.41217785967269865,-0.11626409793898815,0.04714664928030025,0.03219446385153581,0,0
2025-11-27 17:27:14.058601,9,12.90220030226109,80.08714848968626,0.22440227025148457,-0.02184378328186449,0.1783581441803974,0.028599477220398,0.005666367771846422,0,0
2025-11-27 17:27:15.058601,9,12.902200318230859,80.08714645902994,0.22035504533040554,0.05502795870244364,0.07691452301361357,-0.05218842978883481,0.011499127482095457,0,0
2025-11-27 17:27:16.058601,9,12.902200349123007,80.08714408542316,0.25758461346545747,0.09703817862771372,-0.024880640478056774,-0.06678118602667736,0.00702623166673853,0,0
2025-11-27 17:27:17.058601,9,12.902200375218925,80.08714264616418,0.15620196906233655,0.13432963815391724,0.10814238669200775,0.028836170539422244,0.024002390660902415,0,0
2025-11-27 17:27:18.058601,9,12.90220040468952,80.08714200997865,0.06911082676223658,-0.2680416077982543,-0.26700666020576236,0.0671512028199786,0.03205292109847702,0,0
2025-11-27 17:27:19.058601,9,12.902200498763474,80.08714121289569,0.08712368379587271,0.07862296778516242,0.07621407495951457,-0.020860019195792265,0.00021617802945464562,0,0
2025-11-27 17:27:20.058601,9,12.902200589700085,80.08713925969347,0.2121848936711851,0.332653916184441,0.2987341949073904,0.05485165637992833,0.041395348808609934,0,0
2025-11-27 17:27:21.058601,9,12.902200870297996,80.08713691869404,0.25593669455721374,0.14745436731171213,-0.10160883062324429,0.06212778815133206,0.023103345757529183,0,0
2025-11-27 17:27:22.058601,9,12.902200899235048,80.08713665112815,0.02921190561223632,-0.02597633104303683,-0.05990006139807562,-0.0692180888579009,0.034384026666173316,0,0
2025-11-27 17:27:23.058601,9,12.902200952548204,80.08713596457709,0.0747341365631486,0.1701766359642225,-0.0015478384681417003,0.08178615163526397,0.007012001705619909,0,0
2025-11-27 17:27:24.058601,9,12.902201157883256,80.08713411177014,0.20234453839150623,0.12383089008188591,-0.11586561555096894,-0.009053967523475759,0.017240893267045018,0,0
2025-11-27 17:27:25.058601,9,12.902201287577403,80.087132718016,0.15192475599479713,-0.22655833998192376,0.12022177935708947,-0.006088391208519756,0.02870162520193964,0,0
2025-11-27 17:27:26.058601,9,12.902201284670525,80.08713244041198,0.03012473519124612,-0.0337963923430633,-0.18610211623725498,-0.05707585028079733,0.008737556862222263,0,0
2025-11-27 17:27:27.058601,9,12.902201247355771,80.08713205361144,0.04217703358560286,0.14101370064880814,-0.13280972842837116,0.016063234480339913,0.0030629103915947023,0,0
2025-11-27 17:27:28.058601,9,12.902201258763334,80.08713080178521,0.1358424360260552,0.1688532031122394,0.2072909903194014,0.08357239394142445,0.005441026218810805,0,0
2025-11-27 17:27:29.058601,9,12.902201290243445,80.08712910841008,0.18378267976333718,-0.33014675224516465,0.202075006570983,-0.05336939818520062,0.0021299135891801944,0,0
2025-11-27 17:27:30.058601,9,12.902201314929881,80.08712860432014,0.054768124348477366,0.014161642924607714,0.0349844820880015,0.0831652462561764,0.015647820759042006,0,0
2025-11-27 17:27:31.058601,9,12.902201403584542,80.08712637439216,0.24217215125412794,0.27590086369467476,0.09965481471353917,0.008355185010861563,0.020285682277897673,0,0
2025-11-27 17:27:32.058601,9,12.902201338771878,80.08712531213958,0.11549132271190171,-0.26132672333751655,-0.09093970382889123,-0.14809318347092743,0.01312616881698735,0,0
2025-11-27 17:27:33.058601,9,12.902201227651624,80.08712271592216,0.2819887302437467,0.016277687146181104,-0.18328172226262604,0.06672007160033669,0.006810124892244866,0,0
2025-11-27 17:27:34.058601,9,12.902201204367902,80.08712188062958,0.09067520908724032,-0.25788726010266527,-0.2311858590151307,-0.0649124745467769,0.011445668295741,0,0
2025-11-27 17:27:35.058601,9,12.902201220083239,80.08712127276559,0.06598292414545583,-0.3663555912548221,-0.024740152516485845,-0.014775774676934222,0.022758736941749007,0,0
2025-11-27 17:27:36.058601,9,12.90220106250844,80.08712005232496,0.1335874944052587,0.39656684695526906,0.005236629712916143,-0.12052585713716665,0.02780791859821323,0,0
2025-11-27 17:27:37.058601,9,12.902200843472443,80.08711847338097,0.17305860565218992,-0.17123323542762922,0.06779139403708152,-0.03384203518959037,0.0318491767924944,0,0
2025-11-27 17:27:38.058601,9,12.902200778955372,80.08711794752503,0.05751119068967015,-0.03795005112998115,-0.002715521623434578,0.11144572664867454,0.0038747266256177384,0,0
2025-11-27 17:27:39.058601,9,12.902200697583663,80.08711556365246,0.2588341588914066,0.1597094475395488,-0.2048733784510068,0.0019706155904886877,0.01573629269865433,0,0
2025-11-27 17:27:40.058601,9,12.90220065749443,80.08711332890636,0.2425348551444209,0.10884010348054676,0.023019857283652696,0.07759543210179873,0.03553531329060394,0,0
2025-11-27 17:27:41.058601,9,12.902200706041063,80.0871125693142,0.08260082870734398,-0.2930313870182424,-0.17718526694434847,-0.12409149292868314,0.0007738358367237293,0,0
2025-11-27 17:27:42.058601,9,12.902200655483147,80.08711121973221,0.14655215297143886,0.25747789667417326,-0.22670245038233433,-0.0650758813336719,0.006908947323249252,0,0
2025-11-27 17:27:43.058601,9,12.902200342657194,80.08710856546121,0.29011433403132036,-0.12531825088508455,-0.15812265831252068,0.017720412051445505,0.021917631727561594,0,0
2025-11-27 17:27:44.058601,9,12.902200291360181,80.08710757300649,0.10784321483396045,-0.31753416263290285,-0.17347980345484568,-0.02090376290983359,0.005745460862729765,0,0
2025-11-27 17:27:45.058601,9,12.902200266385393,80.08710729332978,0.030474987930376972,-0.29213953814331217,0.09942252921861335,0.016448056934866923,0.03248933097303213,0,0
2025-11-27 17:27:46.058601,9,12.902200263966808,80.08710725436741,0.004236396123389696,0.2776179302901432,0.018529140289263637,0.05876358220100292,0.00434741510995646,0,0
2025-11-27 17:27:47.058601,9,12.902200262685659,80.0871072337198,0.002245020545102372,0.24793348633959714,-0.11431171697455685,0.07422226288072564,0.0016807188190715247,0,0
2025-11-27 17:27:48.058601,9,12.902200213462521,80.08710487845323,0.255630284729484,0.01280409192956658,0.1380764907610799,0.05272401524675867,0.01242551743559511,0,0
2025-11-27 17:27:49.058601,9,12.902200165071065,80.08710212415622,0.2989191536914286,0.1873211146418241,-0.2186489370523519,-0.006961942617114358,0.05318443968934962,0,0
2025-11-27 17:27:50.058601,9,12.90220021409024,80.08709975711345,0.2569073515763505,0.1726773104097661,0.07538460929095266,-0.0034967851835630793,0.007536205322726094,0,0
2025-11-27 17:27:51.058601,9,12.902200163946787,80.08709773318843,0.21968838334356322,-0.004760383339661799,-0.04726728996884919,-0.009694259331241918,0.02932431132896992,0,0
2025-11-27 17:27:52.058601,9,12.902200134549943,80.0870963981927,0.14489823724210923,0.07546107142937425,-0.23724964013820599,-0.013539099373575463,0.012426635868669454,0,0
2025-11-27 17:27:53.058601,9,12.90220009241868,80.08709570631382,0.075222591413749,0.22976401566687477,-0.05936165796244526,-0.05730641183040168,0.0029825241053050527,0,0
2025-11-27 17:27:54.058601,9,12.902200024734682,80.08709461019039,0.11917949444933669,-0.13060834676616348,-0.17257153908015324,-0.07786285621097969,0.024778714343744904,0,0
2025-11-27 17:27:55.058601,9,12.902199965594432,80.08709343074848,0.12815124803413433,0.23818268741453152,0.04446545645768316,0.02166789201428459,0.01492446142145928,0,0
2025-11-27 17:27:56.058601,9,12.90219995681469,80.08709327112277,0.01734864595171599,-0.3915050532478065,0.10630987423796939,-0.014884358091821481,0.009644198293370862,0,0
2025-11-27 17:27:57.058601,9,12.90219995969781,80.08709254113847,0.07921173434028585,-0.05563109776971127,-0.19607060676102075,-0.0018689037392506103,0.025525410371292922,0,0
2025-11-27 17:27:58.058601,9,12.90219994568729,80.08709191532255,0.06792561307347979,0.23597054761273847,-0.30571225554195536,0.028007560078096475,0.01787726826621645,0,0
2025-11-27 17:27:59.058601,9,12.902199961869249,80.08708956394676,0.25515571580468577,-0.14083446655464066,0.12782320349717216,0.0979561024750617,0.001670579479702228,0,0
2025-11-27 17:28:00.058601,9,12.902200031728455,80.08708822188147,0.14583589622374726,0.29761407368102877,-0.14002559097903416,-0.052414576903516516,0.0009740744612976443,0,0
2025-11-27 17:28:01.058601,9,12.902199976337737,80.08708575236781,0.2680395097189333,0.08645830997886512,0.3402975465015594,0.0003587773981512457,0.02105464635492425,0,0
2025-11-27 17:28:02.058601,9,12.902199827185832,80.08708328591361,0.2681511240190114,-0.174338231215591,-0.11502867224512348,-0.04395639127768463,0.012805861685379052,0,0
2025-11-27 17:28:03.058601,9,12.902199722421528,80.08708083104894,0.26663417876492645,0.006785732924841332,-0.11787791645849097,0.041716294813964314,0.020246665932795414,0,0
2025-11-27 17:28:04.058601,9,12.90219967618172,80.08707821465288,0.2839535439396536,-0.13026936419742374,0.04210903544300494,-0.06944624526496612,0.008549934609192572,0,0
2025-11-27 17:28:05.058601,9,12.902199642536363,80.08707772211014,0.05357721599430711,-0.14612933209780676,0.09659874565467534,-0.05816299486389449,0.007450035919887291,0,0
2025-11-27 17:28:06.058601,9,12.902199512650096,80.08707588107872,0.200294115355886,0.0843059328260507,-0.08866683604323414,-0.06447707591676685,0.0005957075271161894,0,0
2025-11-27 17:28:07.058601,9,12.902199385840301,80.08707480730848,0.11736755271878119,0.0551438373526188,-0.06836968764636446,0.008651819302690707,0.016024451779666275,0,0
2025-11-27 17:28:08.058601,9,12.902199316996626,80.08707372754353,0.11741638440382186,-0.007512112263864369,0.22370639025697334,-0.026598657937629083,0.028503177387479612,0,0
2025-11-27 17:28:09.058601,9,12.902199281791468,80.08707218918006,0.16697484464627824,0.00029347779195322554,-0.176449981400742,0.053113771119230956,0.012230705469771648,0,0
2025-11-27 17:28:10.058601,9,12.902199300901927,80.08707176739817,0.045817250770573636,-0.13083878977992158,-0.14928132594998955,-0.10694895975020122,0.0003436593310116574,0,0
2025-11-27 17:28:11.058601,9,12.902199276472194,80.08707130167883,0.05060863804996907,0.22590217511297989,0.13575995984865571,0.042396578601108945,0.004547578784731593,0,0
2025-11-27 17:28:12.058601,9,12.902199275195912,80.08706875046312,0.2768341578502601,0.2263485306221881,-0.16011342773725798,-0.013870186565362472,0.041729661153044016,0,0
2025-11-27 17:28:13.058601,9,12.902199295344241,80.08706679181797,0.21254572725633536,0.22622229412765632,-0.07451512979653806,0.0728933705163746,0.004660883711654395,0,0
2025-11-27 17:28:14.058601,9,12.90219957357605,80.08706436995207,0.2646171801127033,0.147199746321588,0.15441077642253853,0.14220378253544136,0.040672150282403334,0,0
2025-11-27 17:28:15.058601,9,12.902199678558894,80.08706365218097,0.07875772945126462,0.1896445510156104,-0.2249105335147265,0.019460672305492283,0.03593901779630991,0,0
2025-11-27 17:28:16.058601,9,12.902199865610834,80.08706245571172,0.13148888602063305,0.2509334378172441,0.34625572079765726,0.009178749319984657,0.028987817498195227,0,0
2025-11-27 17:28:17.058601,9,12.902199934803722,80.08706171720586,0.08050509373654885,-0.025584047371175107,-0.028581442344444565,-0.029087801304625245,0.0024560601655468505,0,0
2025-11-27 17:28:18.058601,9,12.902199979174933,80.08706115327598,0.06139143622142065,0.28915496821916015,-0.19554191311050054,0.057953977011309964,0.004538642368093336,0,0
2025-11-27 17:28:19.058601,9,12.902200270918469,80.08705889385773,0.24731267605232643,0.0802919925694589,0.11931947916880045,0.033701769917528254,0.012576085122723665,0,0
2025-11-27 17:28:20.058601,9,12.902200317767019,80.08705861821288,0.03036166290582669,0.3248349892849093,-0.0637275247772785,0.07082428449360773,0.0027792116703935126,0,0
2025-11-27 17:28:21.058601,9,12.902200521030815,80.08705755702825,0.11735196975301376,0.10661817717872768,0.21360167114741055,0.05127180673295295,0.03259644762972179,0,0
2025-11-27 17:28:22.058601,9,12.902200695200555,80.08705699734031,0.0637519116445463,-0.23541225064755292,-0.2768265682509969,0.1107646753581049,0.000714691590562492,0,0
2025-11-27 17:28:23.058601,9,12.902201559776987,80.08705494371283,0.24273631110373423,0.007391273521423249,0.09194273312752686,0.080972607460498,0.011090500260836156,0,0
2025-11-27 17:28:24.058601,9,12.902201881894518,80.08705421513334,0.08681056793934382,-0.14534561884901775,-0.25663262999245284,0.01948751343019528,0.000552075694932762,0,0
2025-11-27 17:28:25.058601,9,12.902202862753448,80.08705247401222,0.2182129942148772,0.003993996822581558,-0.09420768267627697,0.05896513699977032,0.0004957690794409832,0,0
2025-11-27 17:28:26.058601,9,12.902203661823464,80.08705076012417,0.20615356968503737,0.23627685248980504,-0.011064917339760729,-0.09589820000409247,0.01678027884711341,0,0
2025-11-27 17:28:27.058601,9,12.90220439813357,80.08704896459001,0.21137397609009825,-0.11671985702860327,0.06071524608592589,-0.04363316596177298,0.027513967529527065,0,0
2025-11-27 17:28:28.058601,9,12.902204892320386,80.0870476346999,0.1544376995256506,-0.22708100559460623,0.07578734888533656,-0.010674207272015276,0.0014966128648885447,0,0
2025-11-27 17:28:29.058601,9,12.902204970313804,80.08704742124364,0.02473605436854078,-0.2674261500819416,-0.10957912818053388,0.05100131340579581,0.002060315305169833,0,0
2025-11-27 17:28:30.058601,9,12.902205267835532,80.08704684341649,0.07091039162267421,-0.33519739699943585,-0.2911315199104055,0.06583208512467376,0.011565448112842176,0,0
2025-11-27 17:28:31.058601,9,12.902205496034338,80.08704647099236,0.04773307046005052,0.15790500553308096,0.05574744378008354,-0.1008877893539599,0.001657114638052695,0,0
2025-11-27 17:28:32.058601,9,12.902206681704449,80.08704398908901,0.29991753767598106,0.1723148715830657,0.08266528473569447,0.011305866828784594,0.011571790407141944,0,0
2025-11-27 17:28:33.058601,9,12.902207028674063,80.08704318388926,0.09552938659475636,-0.08022653208706708,0.06353334557856889,-0.024681637822937513,0.018434251086191154,0,0
2025-11-27 17:28:34.058601,9,12.902207902191535,80.08704103244854,0.25289623822790913,0.060401812666234844,-0.3012990794326427,-0.07368262251205533,0.017040840871648907,0,0
2025-11-27 17:28:35.058601,9,12.902209084055322,80.08703878620807,0.27698207722744084,-0.05551615973756484,-0.13584506427797136,0.041986056590807286,0.011609602414489065,0,0
2025-11-27 17:28:36.058601,9,12.90220973431714,80.08703777133239,0.13178535079635972,-0.0009202604810303605,0.08053406852776744,0.10170458092899953,0.02299383714059768,0,0
2025-11-27 17:28:37.058601,9,12.902210322123892,80.0870369880691,0.10726325123073317,-0.09370677363196808,-0.060195231128072846,0.05982323328953887,9.309535023626755e-05,0,0
2025-11-27 17:28:38.058601,9,12.902211236200948,80.08703589784521,0.15604230219845833,0.09310571146157884,-0.011766672387881445,-0.006064725810585678,0.015396790035379776,0,0
2025-11-27 17:28:39.058601,9,12.90221202312545,80.08703488739746,0.1403414482793594,-0.05903162140096409,0.014338421230441125,-0.059672275893628154,0.02068231417144704,0,0
2025-11-27 17:28:40.058601,9,12.902212676058227,80.08703416673855,0.10676209557358789,0.11635519771212062,0.016455997814290517,0.04746913005443407,0.023955620281936808,0,0
2025-11-27 17:28:41.058601,9,12.902214368193766,80.08703211806488,0.29137828164492796,0.000840055121254249,0.10773770851958675,0.03064505588361964,0.025451801249191698,0,0
2025-11-27 17:28:42.058601,9,12.90221504013703,80.08703113429385,0.1303481351514323,-0.33456437798494726,-0.19504417254638134,-0.04644708763339988,0.005180491560493767,0,0
2025-11-27 17:28:43.058601,9,12.902216138910298,80.08702973870724,0.19466365773266525,0.18626791931049375,-0.2696026435468087,0.09089581224072119,0.018238193135195768,0,0
2025-11-27 17:28:44.058601,9,12.902217195104294,80.08702860350192,0.17028734400816933,-0.18679377679432607,0.1705461701794346,0.05525347827936242,0.01027443888656985,0,0
2025-11-27 17:28:45.058601,9,12.902217803125918,80.08702797479066,0.09610140239801912,-0.08963288014198217,0.04339037115836996,0.05163223691359362,0.034934870986845105,0,0
2025-11-27 17:28:46.058601,9,12.902218808048405,80.08702695398246,0.15742973438475036,-0.17157785136069745,-0.07665727060743369,0.023532957630239153,0.014036847787363797,0,0
2025-11-27 17:28:47.058601,9,12.902220337693349,80.08702557381598,0.22676903696292872,0.43071254492267236,-0.1778409209749994,-0.05223471367744807,0.018596017226169416,0,0
2025-11-27 17:28:48.058601,9,12.90222207830408,80.0870237535578,0.27669103378566234,0.057200904281800385,0.1786277004421626,-0.00939852522947815,0.011554108698630423,0,0
2025-11-27 17:28:49.058601,9,12.902222108405445,80.08702371558527,0.0053109622007341374,-0.03128828493082474,-0.0791346837967875,-0.03137842295629632,0.004885557703685952,0,0
2025-11-27 17:28:50.058601,9,12.902223624437095,80.08702200777557,0.25064589749278726,0.40685462483690393,-0.09371815482986177,-0.006736124815252001,0.0007624042122831614,0,0
2025-11-27 17:28:51.058601,9,12.902225079150213,80.08702027256557,0.2483481468833293,-0.05811336774716799,-0.15699426938402747,0.025493921999176834,0.034843954703443085,0,0
2025-11-27 17:28:52.058601,9,12.902226856215544,80.0870185436822,0.2726325791310888,-0.4637709994089933,-0.12954069468621693,0.11759482910313063,0.0018600404364016673,0,0
2025-11-27 17:28:53.058601,9,12.902228281146035,80.08701693680487,0.23571998539605088,-0.1656303217959107,0.006511880644628809,-0.12358695468472335,0.004800813731827337,0,0
2025-11-27 17:28:54.058601,9,12.90222854197112,80.08701657663879,0.048687020917047706,-0.19652233522565543,-0.2203194013288691,-0.05052527366612394,0.011095974218919167,0,0
2025-11-27 17:28:55.058601,9,12.902229675233468,80.08701491092506,0.22041950707846947,0.1643964395658888,0.00437268104860736,0.061770396617887635,0.008648642423325194,0,0
2025-11-27 17:28:56.058601,9,12.902229692049971,80.08701488892659,0.003033567910445323,0.18280328850561714,0.18148750342426964,0.049721088956426754,0.004144161055194182,0,0
2025-11-27 17:28:57.058601,9,12.902230229985078,80.08701423585961,0.09277810367058348,0.11463483546068483,-0.04505418303755431,0.05298181662376586,0.003481941688646893,0,0
2025-11-27 17:28:58.058601,9,12.902231300523145,80.08701304494609,0.1757885327225389,-0.20924214765245314,0.014259975697939466,0.004935690182902332,0.0006533919291469485,0,0
2025-11-27 17:28:59.058601,9,12.90223201152106,80.08701214507643,0.1256944184555074,-0.18032806607365054,-0.34881807918930946,-0.09437124633332682,0.05272397669145617,0,0
2025-11-27 17:29:00.058601,9,12.902232499118071,80.08701136219679,0.10081110745670753,-0.3166258882525709,0.2893977161708495,-0.09468408461916236,0.029170673954846894,0,0
2025-11-27 17:29:01.058601,9,12.902232565413948,80.08701125294812,0.013964164086404317,0.2543955658527675,0.1342568873450066,0.00938448284018481,0.01918368167275103,0,0
2025-11-27 17:29:02.058601,9,12.902233405497809,80.0870098238153,0.18109184473123696,0.0629487081172827,-0.0780226664899178,0.046628222978511796,0.001291243029056676,0,0
2025-11-27 17:29:03.058601,9,12.90223404614663,80.08700877658642,0.13416089684041807,0.07864777261437211,-0.11258355685980094,0.021419889679021607,0.008259646530313289,0,0
2025-11-27 17:29:04.058601,9,12.902234448606123,80.08700816283978,0.08026519615277461,-0.18392132545551293,0.2997495029521591,0.032607686327642486,0.009797174849230298,0,0
2025-11-27 17:29:05.058601,9,12.902234764155219,80.08700772217144,0.05933284949020252,0.23184769561619234,-0.0002110259848656199,-0.04664612725659478,0.03899120376883156,0,0
2025-11-27 17:29:06.058601,9,12.90223594166044,80.08700624079928,0.2074145319889312,0.3821051185735493,-0.0739336776698286,0.0997396979313267,0.019257026131856196,0,0
2025-11-27 17:29:07.058601,9,12.902236309607405,80.0870058434151,0.05947336179543121,-0.14514592017557199,0.05735177142190946,-0.04716757905299877,0.016883555987098092,0,0
2025-11-27 17:29:08.058601,9,12.902238096163103,80.08700397550675,0.28396377726290756,0.05358293074076698,-0.221281946033999,-0.010354724641327766,0.010281864429532678,0,0
2025-11-27 17:29:09.058601,9,12.9022397914299,80.08700199089253,0.28633991606295023,-0.008994692995102374,-0.1802208490901776,0.040729067248491194,0.00036721199915384326,0,0
2025-11-27 17:29:10.058601,9,12.902240212716853,80.08700151106613,0.07007345216615038,0.15438362614475962,-0.010477170825542904,0.040504046649558645,0.02143567643060933,0,0
2025-11-27 17:29:11.058601,9,12.902241825415036,80.08699975162939,0.26206674553918635,0.4467055820530676,0.04685080381854449,0.0997255009286585,0.04482273659075847,0,0
2025-11-27 17:29:12.058601,9,12.902242702276986,80.08699876370054,0.14498334918211253,0.05304034090944024,0.07494866132142969,0.004205968675478025,0.008799747122291356,0,0
2025-11-27 17:29:13.058601,9,12.902244370582347,80.08699705507556,0.262421413048346,0.1426260864308454,0.13799771754925622,0.006076823303452834,0.024714523212663955,0,0
2025-11-27 17:29:14.058601,9,12.9022444185098,80.08699699540405,0.008389923964341638,0.11345702742961074,-0.29125920001017275,0.07480998288603935,0.020804255956916293,0,0
2025-11-27 17:29:15.058601,9,12.90224570013356,80.08699547690819,0.21795635464999838,-0.03420376551168193,-0.04771247326973721,-0.05897061840042548,0.019003473012775437,0,0
2025-11-27 17:29:16.058601,9,12.90224583757027,80.08699529814407,0.02470523205078683,0.1385620334523564,0.12011552199122515,0.020942433775371874,0.002690583634084833,0,0
2025-11-27 17:29:17.058601,9,12.902246251850224,80.0869947064683,0.07904985390258405,-0.06693962581562614,-0.04408113809280109,-0.07547125418626041,0.013653069080190306,0,0
2025-11-27 17:29:18.058601,9,12.902247208537124,80.08699316416633,0.19836836818743578,0.27840970948325133,0.025676355851891583,-0.16821591313037718,0.004466891232346602,0,0
2025-11-27 17:29:19.058601,9,12.902247326579447,80.08699294045694,0.02760327198856085,0.39982369397614614,0.15495089870003298,-0.1068926744708107,0.003146800691120846,0,0
2025-11-27 17:29:20.058601,9,12.902247842490373,80.0869916687163,0.14947117786850742,0.012753130695763254,0.36630905053378204,0.053222142312591314,0.009802945778991413,0,0
2025-11-27 17:29:21.058601,9,12.902248667049678,80.0869890835737,0.29515143149121953,0.11200398344104694,0.190582880717476,0.012378330059838294,0.0033479519703906342,0,0
2025-11-27 17:29:22.058601,9,12.902248677642525,80.08698905049748,0.0037778709594147863,-0.22584054518206662,-0.25020991867550607,0.003274410998591961,0.06405515986145544,0,0
2025-11-27 17:29:23.058601,9,12.90224875837551,80.08698883283957,0.02527032536088811,0.4186023951467924,-0.04728882178597144,-0.08470479555371202,0.022313504803637953,0,0
2025-11-27 17:29:24.058601,9,12.902249513954429,80.08698694763113,0.22118227778465258,0.1643803396589275,0.06310148751941173,0.058815975187572075,0.01873649258635492,0,0
2025-11-27 17:29:25.058601,9,12.902249746075766,80.08698638496202,0.06629840855159014,-0.17312477611067728,0.1863459673727482,0.02359965695808431,0.010144376300503726,0,0
2025-11-27 17:29:26.058601,9,12.902249887674527,80.08698605388567,0.039231280608846904,0.06585609012520166,-0.19693965098212549,-0.056110466136890955,0.018234774508702138,0,0
2025-11-27 17:29:27.058601,9,12.902251013998923,80.08698354276387,0.2999466844277652,-0.11737321560981576,-0.059882061217236174,-0.11453938830850305,0.028523936890407248,0,0
2025-11-27 17:29:28.058601,9,12.902251250571453,80.08698302863154,0.06169230696424407,-0.16925211495470907,0.01308387294164746,0.06502863695717465,0.021515133341775284,0,0
2025-11-27 17:29:29.058601,9,12.902252316909388,80.08698092968874,0.2568353136928577,0.35996622821033764,0.04954515010285811,0.02770126971738867,0.010990908397326566,0,0
2025-11-27 17:29:30.058601,9,12.902253537209909,80.08697875970395,0.27184191167222405,-0.35817017277893864,-0.10023054369708938,0.04367562663013811,0.005012279955607806,0,0
2025-11-27 17:29:31.058601,9,12.90225410858298,80.0869776998477,0.13142275866337472,0.004658954009846589,-0.08371430448419916,0.01209540300501949,0.014572832147638761,0,0
2025-11-27 17:29:32.058601,9,12.902254511981239,80.08697692037006,0.09576340050947148,0.058900958427253715,-0.08268935535444608,0.01504111430600322,0.008897673388684016,0,0
2025-11-27 17:29:33.058601,9,12.90225533262957,80.08697545032616,0.18382283658158102,-0.37336781478966335,-0.16717795111031244,0.07017647842040114,0.01419687459430742,0,0
2025-11-27 17:29:34.058601,9,12.902255963883194,80.0869744287802,0.1312457809870953,-0.028101875068092946,0.3128602295837902,0.1350946975647585,0.016993888039336987,0,0
2025-11-27 17:29:35.058601,9,12.902257371960982,80.08697244244173,0.26650837562115975,0.02577177402085535,0.05287016352552738,0.03410786592835674,0.01444386003652188,0,0
2025-11-27 17:29:36.058601,9,12.902257920303775,80.08697174559799,0.09717866196634474,0.0835488819164934,0.11984721859514923,0.05347890352017801,0.023442293308023544,0,0
2025-11-27 17:29:37.058601,9,12.902258318163957,80.08697121849076,0.0723398581675891,0.02178138687226911,0.14918677010095016,0.033391661804300504,0.010779042809690886,0,0
