ts,trip_id,lat,lon,speed,accel_x,accel_y,gyro_z,vibration,engine_on,label
2025-11-27 15:23:04.104971,0,12.900993428306023,80.09972347139765,0.17123349140067357,0.09121736359388381,-0.07322954958483703,-0.0010099216878993213,0.01295377076201385,0,0
2025-11-27 15:23:05.104971,0,12.90099438775112,80.09972345070932,0.10682901776935387,0.13331623805265008,0.15411323030081608,-0.1057869052465117,0.03046059712816051,0,0
2025-11-27 15:23:06.104971,0,12.900997043563873,80.09972357541146,0.2959545746378939,-0.1821207576509886,-0.09955805654695683,-0.02384157110173591,0.004683067494466719,0,0
2025-11-27 15:23:07.104971,0,12.900998668778708,80.09972341711843,0.18173244580706613,-0.03333137606685101,-0.02393918427374939,-0.06509256797189468,0.004682739138983611,0,0
2025-11-27 15:23:08.104971,0,12.900999306050675,80.09972336478492,0.07116803752079834,-0.19028641631892013,0.14174574980830976,-0.06716381779977149,0.03158425631014783,0,0
2025-11-27 15:23:09.104971,0,12.900999577164942,80.09972332204187,0.03053474178612112,0.058041433306984,-0.033939130676062725,0.07515690237393256,0.015348694583058176,0,0
2025-11-27 15:23:10.104971,0,12.900999985503315,80.09972326623993,0.04585774175529961,0.04592729064495876,0.11340799831179696,0.06971087817706527,0.009389487718699043,0,0
2025-11-27 15:23:11.104971,0,12.90100064441581,80.09972319232675,0.07378731851535243,-0.19410171914539082,-0.009832141017150738,-0.04579007871605016,0.010851200871719294,0,0
2025-11-27 15:23:12.104971,0,12.901001074612575,80.09972314163116,0.0482044119778667,-0.18739977352136108,0.2972537709600043,0.06454539634220899,0.009268353856249245,0,0
2025-11-27 15:23:13.104971,0,12.901001576380391,80.0997231088258,0.05597010721539173,0.089666560199447,0.23531679061542732,0.048449870309462156,0.009314595071405137,0,0
2025-11-27 15:23:14.104971,0,12.90100233696883,80.09972299734069,0.08552855060815413,-0.04620163337118299,-0.1992144393650622,0.0022642154256483056,0.004839245431320682,0,0
2025-11-27 15:23:15.104971,0,12.901002802977935,80.09972296270729,0.05201207858842644,-0.07630574774153911,0.07833655218720147,0.03062721249375089,0.03826560489315596,0,0
2025-11-27 15:23:16.104971,0,12.901005203233224,80.09972267376561,0.2690296273879275,-0.19853701539033353,-0.12246059791515626,-0.054207617996990795,0.03449835665026066,0,0
2025-11-27 15:23:17.104971,0,12.901005414499533,80.09972262653393,0.024070123698492662,-0.11660427485566874,0.0287260408189096,-0.16172836244515437,0.011245750584819454,0,0
2025-11-27 15:23:18.104971,0,12.901006790255769,80.09972229356303,0.1573534168710764,0.36314542114284487,0.010255594396539154,-0.08372236645406489,0.020256622406688476,0,0
2025-11-27 15:23:19.104971,0,12.901007824049348,80.09972189033289,0.12311904809689844,-0.03653552234163902,-0.15830805256387312,-0.06978184858669984,0.006284946651905478,0,0
2025-11-27 15:23:20.104971,0,12.901010313380102,80.0997209657744,0.2947135850725819,-0.047557596374759106,0.1587726815295487,0.07134829729564443,0.01816048151042422,0,0
2025-11-27 15:23:21.104971,0,12.90101059557294,80.09972085559966,0.033611670650415704,-0.06734959514152768,0.030495441535361226,0.047299218009841895,0.02824607402670583,0,0
2025-11-27 15:23:22.104971,0,12.901011624175899,80.09972054514645,0.11935667971372249,-0.09759054863229114,-0.04270245535088753,0.044263424909066235,0.029312975378431083,0,0
2025-11-27 15:23:23.104971,0,12.901014158587852,80.0997198940943,0.29084112998261064,-0.28241876774130326,-0.06571647363653922,-0.02785053639223476,0.004515526009730713,0,0
2025-11-27 15:23:24.104971,0,12.901016363078567,80.0997191123215,0.25965213776819407,-0.22818790129605954,0.020966545464935326,-0.018900295415542737,0.0013505640937584767,0,0
2025-11-27 15:23:25.104971,0,12.90101840343762,80.09971826290632,0.24512162128478396,-0.04172516926609543,0.06118875262714281,-0.01921079780648248,0.028494963724269136,0,0
2025-11-27 15:23:26.104971,0,12.901019055665605,80.09971801654865,0.07737084811348195,-0.07946146095080027,-0.018746367953739906,0.008059150478569081,0.010887654490503653,0,0
2025-11-27 15:23:27.104971,0,12.90101949568765,80.09971787712819,0.05126627621701974,0.20209237276213673,-0.4248779356164313,0.05123266123390191,0.002218451794197322,0,0
2025-11-27 15:23:28.104971,0,12.901021253119128,80.09971746875581,0.20059296597732929,0.1331232392524513,0.002533607436372551,0.12359574060760709,0.023019871548446057,0,0
2025-11-27 15:23:29.104971,0,12.901023730920212,80.09971709383939,0.27881279673827575,-0.03869190733041589,-0.2162223092414666,0.06015074401736552,0.007513960366913439,0,0
2025-11-27 15:23:30.104971,0,12.901025214045882,80.09971686067547,0.16702886790417892,-0.17446694993367834,-0.03141788484736134,0.010794125307078737,0.0120127737983761,0,0
2025-11-27 15:23:31.104971,0,12.901026741650211,80.09971665694661,0.17148380684096995,0.13540378806949177,-0.21068463856044625,0.06177120078795487,0.005833874995865536,0,0
2025-11-27 15:23:32.104971,0,12.90102749531807,80.0997166200599,0.08399372809808525,-0.15415399118583778,-0.2124746452619201,0.00328523339157024,0.012034132244587938,0,0
2025-11-27 15:23:33.104971,0,12.901029564435202,80.09971647820414,0.23084787995758105,-0.23602020522461828,0.1852682732922792,-0.007296736387361067,0.03704556369017876,0,0
2025-11-27 15:23:34.104971,0,12.901030068042544,80.09971645604189,0.05611312456725701,0.04653904895946663,-0.04801379714165854,-0.03150502865647127,0.0002699444947586784,0,0
2025-11-27 15:23:35.104971,0,12.901030938583574,80.0997163993368,0.0971037709212731,-0.230872558621897,-0.05949932397328765,-0.04231677226453749,0.021154218579118006,0,0
2025-11-27 15:23:36.104971,0,12.901032079602437,80.09971628422244,0.12763093158492503,0.510547871073758,0.07237860732428872,0.05152043101369143,0.01645089824206378,0,0
2025-11-27 15:23:37.104971,0,12.901033441412213,80.09971615112018,0.1522831136053365,-0.011455329818371805,-0.05558857846086779,-0.07397334180488428,0.024416872999420445,0,0
2025-11-27 15:23:38.104971,0,12.901034088463044,80.09971605880365,0.07272291972452406,0.010665190173189384,0.31557091381911145,-0.06014854446157812,0.0041772719000951085,0,0
2025-11-27 15:23:39.104971,0,12.90103439462958,80.09971601248533,0.03445104742176106,-0.10645241840069455,-0.04095296410890291,-0.09934185572180933,0.039193402477595514,0,0
2025-11-27 15:23:40.104971,0,12.901036003562876,80.09971565818911,0.18318601273248977,-0.036983909573151424,0.05476881179745157,-0.11202835356144618,0.02656372097796861,0,0
2025-11-27 15:23:41.104971,0,12.901036762077617,80.09971548141704,0.08658916597207673,-0.08975869652932388,0.14564119970652914,-0.001220848896073547,0.003937224717382471,0,0
2025-11-27 15:23:42.104971,0,12.901038298727345,80.09971516972098,0.17437146642678367,-0.12850717322863636,0.24033798384103644,-0.035290414566881895,0.014769331599908208,0,0
2025-11-27 15:23:43.104971,0,12.901038703560612,80.09971507151455,0.046308814582260695,0.11157763236679609,-0.11130092034864601,0.06987980355402235,0.00342736562379941,0,0
2025-11-27 15:23:44.104971,0,12.901039965577647,80.09971476616631,0.14434203055644523,-0.03318120005344871,-0.0626945255757967,-0.00947284160946165,0.0023129656477648107,0,0
2025-11-27 15:23:45.104971,0,12.901041365375802,80.09971444072673,0.15977682976547575,0.13910276106197772,0.19118878129402722,0.08306422277241791,0.0060220739117857755,0,0
2025-11-27 15:23:46.104971,0,12.901041502405457,80.09971441304529,0.015547061046728072,0.503238696870315,0.12150934560790369,0.058420592182299697,0.02957043980734855,0,0
2025-11-27 15:23:47.104971,0,12.901042390938297,80.09971422559167,0.10098128345817617,-0.04671957701182772,0.16127639035026878,0.01946925498160095,0.014396884167894173,0,0
2025-11-27 15:23:48.104971,0,12.90104274990099,80.09971417572632,0.04032440308169227,-0.010521293442848082,-0.20530568153395024,0.07361796371894859,0.00921277541919575,0,0
2025-11-27 15:23:49.104971,0,12.901042914658888,80.09971412956652,0.01901249114183032,0.20422824475074713,0.2321999630886028,0.0397166143412324,0.021142444524378315,0,0
2025-11-27 15:23:50.104971,0,12.901045573569323,80.09971390535927,0.29698806971698355,0.40114779369399667,-0.11421113149272075,0.14057521659350433,0.006872365791369228,0,0
2025-11-27 15:23:51.104971,0,12.901046434181948,80.09971378386895,0.09670615349241689,-0.04354242498793434,0.028843946721284396,0.05513524158412619,0.03526080310725468,0,0
2025-11-27 15:23:52.104971,0,12.901048603211187,80.09971353495281,0.24296233375639045,-0.17596036246331642,-0.022233431638765556,0.003922431670920393,0.0064816793878959,0,0
2025-11-27 15:23:53.104971,0,12.901049279516101,80.09971341559338,0.07639219642912916,-0.2725238596697467,-0.13177242548221052,0.028313984635530323,0.007701645608326331,0,0
2025-11-27 15:23:54.104971,0,12.90105110065068,80.09971317155711,0.20445081666717876,0.06424129128244156,-0.21188036451315043,0.06013252810455397,0.013538440006119175,0,0
2025-11-27 15:23:55.104971,0,12.901053136461439,80.09971293558618,0.22806835796690594,-0.1025556410531892,-0.2615772174949347,-0.06896716407471522,0.012233525776817357,0,0
2025-11-27 15:23:56.104971,0,12.901054722820563,80.0997126839724,0.17869162218235327,0.3587041071590711,0.017852760908096205,0.01613378224751533,0.02061999044991902,0,0
2025-11-27 15:23:57.104971,0,12.90105598899371,80.09971257202659,0.14147285656504752,0.3264028101663069,-0.22879786353501835,0.08227341195890997,0.018625602382323973,0,0
2025-11-27 15:23:58.104971,0,12.90105709373836,80.09971246257976,0.12355227424418055,-0.22528075388579408,-0.17007233926303247,0.08834962862901924,0.01678435046445277,0,0
2025-11-27 15:23:59.104971,0,12.901058032115232,80.09971240292549,0.10466047996289858,-0.06449878619475212,-0.03270538172973298,-0.04765411294404329,0.006184247517024292,0,0
2025-11-27 15:24:00.104971,0,12.901060519265204,80.09971209651637,0.27885874327434773,0.0870166927640873,-0.39582127503898495,-0.0033422236610504696,0.006625268628071279,0,0
2025-11-27 15:24:01.104971,0,12.901062741239302,80.09971181828732,0.24918582233631872,0.2847699494745556,0.11684695680660019,0.06951204250116942,0.019510902542447184,0,0
2025-11-27 15:24:02.104971,0,12.901065341897246,80.09971183008615,0.28950807319995375,-0.09454570037111741,-0.3614832250660212,0.08729764661744885,0.0095834847569058,0,0
2025-11-27 15:24:03.104971,0,12.901065676164203,80.09971185238254,0.037289167045663416,-0.16457204291703956,-0.011605858699915933,0.057716776834670566,0.0037131795332763424,0,0
2025-11-27 15:24:04.104971,0,12.901067638816357,80.0997120224319,0.21926024256109328,0.11033012301977901,0.002252883989143404,0.006460797846850693,0.022126699480120565,0,0
2025-11-27 15:24:05.104971,0,12.901070163610497,80.09971216776115,0.28150213704631133,-0.20814213413490695,0.08070925802727134,0.01508764374733551,0.023924132481613417,0,0
2025-11-27 15:24:06.104971,0,12.901070651134168,80.09971219795177,0.054369919849698044,-0.010281186530242598,-0.006252120358484042,0.08041308572508005,0.016250516447883962,0,0
2025-11-27 15:24:07.104971,0,12.90107082986378,80.0997122113061,0.019948880210033246,-0.05782360486428119,0.3026861945749858,0.05952602568575764,0.02712480057141646,0,0
2025-11-27 15:24:08.104971,0,12.901072816970448,80.09971241775885,0.22233619478701772,-0.02589068361342324,0.032447532235275106,-0.004181796976101817,0.001440202431606677,0,0
2025-11-27 15:24:09.104971,0,12.901074364279992,80.0997124706077,0.17234193395397357,0.24749298181145118,0.158041859886549,0.08040562080911656,0.020070657957840483,0,0
2025-11-27 15:24:10.104971,0,12.901076626527562,80.09971264564639,0.2525486330274816,-0.2188780999458578,-0.10851942133054318,0.042264558460945255,0.007232720500952683,0,0
2025-11-27 15:24:11.104971,0,12.901077003196074,80.09971264828069,0.041931712987886845,-0.2962098262467897,0.018113520928420154,0.012392831285877554,0.012902395092102486,0,0
2025-11-27 15:24:12.104971,0,12.901079133598682,80.09971288812768,0.23858019355796706,0.028276991784479174,0.23213551425433893,-0.03385410886162089,0.0072279121101682785,0,0
2025-11-27 15:24:13.104971,0,12.901079675966201,80.09971292201097,0.060488196014323356,-0.16683638619004704,-0.035654268703446124,-0.06431409923667653,0.030760731329319384,0,0
2025-11-27 15:24:14.104971,0,12.901080115616526,80.09971295792522,0.04909678285971135,0.096678871868478,0.02883521462928464,0.0875579611554009,0.0007165207821990308,0,0
2025-11-27 15:24:15.104971,0,12.901080553807754,80.09971302247372,0.04927973937929788,0.16113220355106966,0.14712801737062128,-0.00786689162704933,0.03129287311628012,0,0
2025-11-27 15:24:16.104971,0,12.901082731420646,80.09971330717369,0.24437241606941462,0.06875601448610867,-0.11133442802874517,-0.047631261582036705,0.05239490208179489,0,0
2025-11-27 15:24:17.104971,0,12.90108450444411,80.09971357865054,0.19955916620886002,-0.055935079413338556,-0.32423404999787897,0.01788355695883745,0.01643805008750448,0,0
2025-11-27 15:24:18.104971,0,12.90108587422502,80.09971392005563,0.1569196274307358,-0.19312670035047164,0.03833604805685533,0.028449585314792004,0.0017409413647634245,0,0
2025-11-27 15:24:19.104971,0,12.901086805229548,80.09971418829677,0.10764914523705074,0.06978968160524691,0.1483003754037004,0.07143357865505043,0.00598014700931735,0,0
2025-11-27 15:24:20.104971,0,12.901089066326193,80.09971489603477,0.26316016224393246,0.18129914978142364,-0.2027168647337957,-0.04959624551990554,0.001835215530710046,0,0
2025-11-27 15:24:21.104971,0,12.901090104851969,80.09971510124092,0.11773353222679062,-0.20377951348112494,0.1005329845916008,-0.1508815739044237,0.03975137829201786,0,0
2025-11-27 15:24:22.104971,0,12.901092286501935,80.09971539751226,0.24497983184147312,0.005923994899830572,0.10154495810093063,0.005108461010303542,0.004393437756750239,0,0
2025-11-27 15:24:23.104971,0,12.901093446961418,80.09971563560548,0.13174047257106553,0.1417294996399219,-0.3410244388672956,0.06190878936333521,0.007142251430234928,0,0
2025-11-27 15:24:24.104971,0,12.901094435304879,80.09971587643665,0.11308332882747227,0.10461655020824805,-0.14044329486101584,0.016604205305034786,0.029557880894830323,0,0
2025-11-27 15:24:25.104971,0,12.901095634141626,80.09971622813852,0.13880393570088193,0.2505595959810278,-0.05937431710974934,0.10042136900859303,0.010365404365472949,0,0
2025-11-27 15:24:26.104971,0,12.901096405498487,80.09971648902017,0.09041336224924262,-0.07088902679087021,-0.026943600035285557,0.03943353540361941,0.016169872057863754,0,0
2025-11-27 15:24:27.104971,0,12.901098261611956,80.09971729295312,0.22428281405287534,-0.33595231228972267,-0.11147013971519758,0.08772365983761365,0.010035140871690731,0,0
2025-11-27 15:24:28.104971,0,12.901099518217778,80.09971781244532,0.15081611702774375,-0.037179141963277665,-0.11955042053732728,0.025412635997772853,0.018308042354041484,0,0
2025-11-27 15:24:29.104971,0,12.901100096871822,80.09971805690667,0.06966380854404519,0.1320422904826104,0.25072243367731384,0.017799135976176703,0.006575022193193689,0,0
2025-11-27 15:24:30.104971,0,12.901102393476497,80.0997188534191,0.2698723719823705,0.2964361698284942,-0.01613386977883626,-0.12739456291172252,0.010595204075340776,0,0
2025-11-27 15:24:31.104971,0,12.901103396966068,80.09971911158203,0.11516736641196341,0.18422589011730983,-0.10425654902246093,-0.08687439154552928,0.010265348662267122,0,0
2025-11-27 15:24:32.104971,0,12.90110484697295,80.09971932489161,0.16306585833419657,0.18573585804119264,-0.006175421536882501,-0.08208926925055475,0.0019415509869608078,0,0
2025-11-27 15:24:33.104971,0,12.901107280656367,80.09971954217319,0.27194163328936405,0.1651808130540873,0.08056362495917153,-0.05013338976435132,0.019372899810657786,0,0
2025-11-27 15:24:34.104971,0,12.901108934428319,80.09971985854872,0.18727139877419763,-0.15680040217975527,0.007743956506681194,0.05524784493519954,0.014041061877547048,0,0
2025-11-27 15:24:35.104971,0,12.901109248274798,80.09971988656586,0.03506941221250922,-0.19648380310892088,-0.030859138624195984,-0.09918626856207097,0.006553242931955364,0,0
2025-11-27 15:24:36.104971,0,12.901111775253337,80.09972006241006,0.2819496370840425,0.1001657453306401,-0.09750250030056799,-0.08063961415360142,0.007842163062643152,0,0
2025-11-27 15:24:37.104971,0,12.901113466730111,80.09972003894022,0.18831241592142536,0.1057757163820971,-0.09931962682013985,-0.11017130413949498,0.029270298962642372,0,0
2025-11-27 15:24:38.104971,0,12.90111436809184,80.09971999147555,0.10047168439712584,0.058006776904505106,-0.08967125797280392,0.021510250145946593,0.0059224055412915215,0,0
2025-11-27 15:24:39.104971,0,12.90111474311118,80.09971997583825,0.04178162179901618,0.23562940402385443,0.05082219012161053,-0.0929601870637254,0.005221105443597786,0,0
2025-11-27 15:24:40.104971,0,12.901116875301074,80.09971979031455,0.2382075567810888,-0.013431034919581461,-0.14912701386026808,0.04313178253211013,0.0001022691328492178,0,0
2025-11-27 15:24:41.104971,0,12.901118546138111,80.09971976263564,0.18602182677855406,-0.09219398219778091,0.058990383520533284,0.13464987461256406,0.004691742667502939,0,0
2025-11-27 15:24:42.104971,0,12.901119979155094,80.09971988084708,0.16003832759289646,0.1377580716912873,0.2119492133440245,0.004392839168765525,0.028307414841008287,0,0
2025-11-27 15:24:43.104971,0,12.90112238364413,80.09971972999368,0.26816777491528726,-0.07103106101451953,0.04885610367197996,-0.056482838847378404,0.00841290645530718,0,0
2025-11-27 15:24:44.104971,0,12.901124497380104,80.09971950367294,0.2365791633673592,-0.2144760694843314,-0.055437829337570556,0.01837849117249705,0.00685429033053539,0,0
2025-11-27 15:24:45.104971,0,12.901124904080472,80.09971946169368,0.045502463919825355,-0.011934824238857049,-0.19471903275819455,-0.010235202007677642,0.01604554538443238,0,0
2025-11-27 15:24:46.104971,0,12.901125743784714,80.09971943625618,0.09351662033866447,0.16670308764363875,0.2367160211867271,0.09284425396577316,0.003225714233320183,0,0
2025-11-27 15:24:47.104971,0,12.901126412317998,80.09971939639038,0.07454674194433972,0.024927899050687548,-0.17550264758983686,-0.0379006063967485,0.008081017136290768,0,0
2025-11-27 15:24:48.104971,0,12.901128413678125,80.09971927446514,0.2231838877718031,-0.26488139797253074,0.12728430517136216,-0.040285861387061264,0.0377237180242106,0,0
2025-11-27 15:24:49.104971,0,12.901128503259736,80.09971926226375,0.010059730420733813,-0.17326927416377008,0.09577767908917281,-0.10112625940180706,0.0034915562566367794,0,0
2025-11-27 15:24:50.104971,0,12.901129999223203,80.09971890566999,0.17096690546139495,0.1500733546293563,-0.035515290444608945,0.021831003378711633,0.005151007814455287,0,0
2025-11-27 15:24:51.104971,0,12.901132034609066,80.09971861676287,0.22873760572220714,0.0843355855567579,-0.0394468205671017,-0.038798608087387165,0.0014889183153233444,0,0
2025-11-27 15:24:52.104971,0,12.901134322749373,80.09971801213082,0.2630296910285248,-0.014808913022647842,-0.2753566911061531,0.019196664755970715,0.03837542430598083,0,0
2025-11-27 15:24:53.104971,0,12.901135239483622,80.09971791227039,0.10262452461477224,0.09593280830569079,0.04950975012189323,0.03416983593174754,0.0005302775089843375,0,0
2025-11-27 15:24:54.104971,0,12.90113744870533,80.09971777561617,0.24637719140160386,-0.03355539005561504,0.09298894985937073,0.10237654770228194,0.0012046041988205288,0,0
2025-11-27 15:24:55.104971,0,12.901137746804864,80.0997177702644,0.03318952108656217,0.05679045702743818,-0.16336201742217069,0.07297791286604924,0.049264842249705725,0,0
2025-11-27 15:24:56.104971,0,12.901140027540402,80.09971781392962,0.25393568752035545,-0.00647682575925706,-0.023373221149365422,-0.00447246172428349,0.0038472192956224504,0,0
2025-11-27 15:24:57.104971,0,12.901140371112541,80.09971781491056,0.03824659869959472,0.16237194640976516,0.005679287251342528,-0.01907810773125702,0.006030946846672249,0,0
2025-11-27 15:24:58.104971,0,12.901141441372957,80.09971784502294,0.11918618716811018,0.386939411760636,0.08768589419243521,0.03861474663051791,0.0006942353941048662,0,0
2025-11-27 15:24:59.104971,0,12.901143589771205,80.09971787929787,0.23918860973386608,-0.2749077359577459,0.000570461418478113,-0.023923724076487143,0.02337356075239064,0,0
2025-11-27 15:25:00.104971,0,12.901143993277707,80.09971790013758,0.04497522820463213,-0.13625698400248748,-0.2439479030942376,0.022585281755267157,0.022856456290300413,0,0
2025-11-27 15:25:01.104971,0,12.90114461037793,80.09971793066543,0.06877541856979244,0.0923951694647854,-0.07949066541937339,0.027155577213108358,0.015038660653735483,0,0
2025-11-27 15:25:02.104971,0,12.901146556671248,80.0997179076458,0.2166757705179199,0.020234828794150728,0.03369386780835292,-0.0977687700173516,0.01582063894086094,0,0
2025-11-27 15:25:03.104971,0,12.901148492867847,80.0997177759019,0.2160109609638223,0.3464187779400093,0.12622925130596385,-0.03984163253413671,0.018187749095894778,0,0
2025-11-27 15:25:04.104971,0,12.901150206567042,80.09971754950269,0.19234428986558919,0.040877841806100795,-0.09264549140913701,0.015366180781369369,0.028055886218721984,0,0
2025-11-27 15:25:05.104971,0,12.901152072507454,80.09971742092374,0.20818453334013,-0.17583784384072396,0.3281474811825029,0.006237247718109592,0.028037021255845618,0,0
2025-11-27 15:25:06.104971,0,12.901153526925624,80.0997172623739,0.16281733300427884,0.05296606007811211,-0.2841709603255447,-0.10465762905975108,0.011737141876005407,0,0
2025-11-27 15:25:07.104971,0,12.901154188250677,80.0997171063758,0.07553971767208582,0.024640640292687047,-0.08455502625868515,0.013136414779928884,0.04380911251619957,0,0
2025-11-27 15:25:08.104971,0,12.90115510110923,80.09971691549435,0.10370879805117583,0.05030838259485526,-0.012455040523915979,0.030168595068202988,0.019810726502613767,0,0
2025-11-27 15:25:09.104971,0,12.9011555877608,80.09971686241953,0.054479315040427696,0.4459884169342944,-0.030112374532929618,-0.018734847895500645,0.011325954592055439,0,0
2025-11-27 15:25:10.104971,0,12.901158031951596,80.09971671849199,0.2725351684000885,0.13042614684566609,-0.1848213494722249,0.03735983545650922,0.0019930273017528246,0,0
2025-11-27 15:25:11.104971,0,12.901159597028016,80.0997165651033,0.17501753842983614,-0.13687217646029748,0.06717926216276907,-0.1288702965742105,0.010069513082323985,0,0
2025-11-27 15:25:12.104971,0,12.901160656833547,80.09971635042109,0.12025542502909196,-0.40926318393031835,0.0556641076970883,-0.019475259911877013,0.031013268621322653,0,0
2025-11-27 15:25:13.104971,0,12.901161876246132,80.0997160924239,0.1386017410932398,0.04888498479852391,0.007194216897232006,0.05752483986393131,0.0013712594961205467,0,0
2025-11-27 15:25:14.104971,0,12.901164371210797,80.09971553779977,0.28418500188354456,0.2148958233862299,0.04977657948877733,-0.0039629754933514574,0.0212460742745221,0,0
2025-11-27 15:25:15.104971,0,12.901164769034306,80.0997154229632,0.04600542093482406,-0.07239185005049013,-0.06356646171720462,0.040433608743927325,0.009471848612703632,0,0
2025-11-27 15:25:16.104971,0,12.901166303730228,80.09971503823729,0.17586894960503915,-0.3951293883386428,-0.24260444251628516,0.17632728524160568,0.018388484684676062,0,0
2025-11-27 15:25:17.104971,0,12.901167656660297,80.0997148657577,0.15176660366533978,-0.09588881792581172,-0.10749598050783671,0.11333472314164894,0.03099868810035079,0,0
2025-11-27 15:25:18.104971,0,12.901169294589534,80.09971468073583,0.18343627063039433,0.12537093352301462,0.02355818721141617,0.028553395882976295,0.01566506584672474,0,0
2025-11-27 15:25:19.104971,0,12.90116934315347,80.0997146757579,0.005433055146252153,0.1482638859388286,0.02441166222695939,0.05729503037647136,0.006441230324113512,0,0
2025-11-27 15:25:20.104971,0,12.901171664018815,80.09971429524967,0.26163717268324543,-0.030874964502731334,0.006206857887877175,0.10219596736431118,0.016270344347393394,0,0
2025-11-27 15:25:21.104971,0,12.901174169745424,80.09971411328061,0.2796354847450837,-0.15910556408305776,0.08230624019775473,0.12997894319039455,0.024617286328679103,0,0
2025-11-27 15:25:22.104971,0,12.901175688415552,80.09971399559747,0.16953995507676267,-0.11746185061149138,-0.08717190681750246,-0.045156566476069276,0.004549198692082588,0,0
2025-11-27 15:25:23.104971,0,12.90117755412871,80.09971378077311,0.20899524716306767,-0.07893782473437302,0.004002158566580394,-0.08388875512093608,0.026142855085648564,0,0
2025-11-27 15:25:24.104971,0,12.901180025780796,80.09971350644906,0.2767498143531887,-0.4043466019824405,0.08581391676073821,-0.010831676702535906,0.03214966469122455,0,0
2025-11-27 15:25:25.104971,0,12.901181925930091,80.09971335386825,0.21217159029401958,0.037224169384516045,-0.012733472775353003,0.054382764413371955,0.003692677170646084,0,0
2025-11-27 15:25:26.104971,0,12.901182336024078,80.09971332463812,0.0457617128742784,0.23176945021583079,-0.1864985892609148,0.05022395478666971,0.005197655884968471,0,0
2025-11-27 15:25:27.104971,0,12.901183889050905,80.09971333486509,0.17288650805004394,-0.23556338827265888,-0.14422325544833065,0.039631199297255684,0.015636457435546206,0,0
2025-11-27 15:25:28.104971,0,12.901185523344957,80.09971338609245,0.18201451391485676,0.22594693318759884,0.124627848641905,0.031166596955778128,0.02473901421756164,0,0
2025-11-27 15:25:29.104971,0,12.901186666256688,80.0997134009887,0.1272392013907158,-0.0011452618931631214,0.2088708244413859,-0.06985672395991926,0.026409132261685526,0,0
2025-11-27 15:25:30.104971,0,12.901188649498849,80.0997134781606,0.22093327068741683,0.3215619211535692,0.17629246617360736,0.03535885259305879,0.010438831312337953,0,0
2025-11-27 15:25:31.104971,0,12.90119116151097,80.09971365704975,0.2803101044307044,0.03595872885039722,0.03482339246130525,0.030892594063475914,0.005939693464663721,0,0
2025-11-27 15:25:32.104971,0,12.901193655672508,80.09971362596194,0.2776705538720329,-0.0454202280730064,-0.1804698903025039,0.02284901732745605,0.005009857006917531,0,0
2025-11-27 15:25:33.104971,0,12.901194868463143,80.09971370079236,0.13525181142123963,-0.04736264066346059,-0.0009527335159303101,0.0612473982671182,0.006928964189939514,0,0
2025-11-27 15:25:34.104971,0,12.901195173373626,80.09971371367627,0.03397141375222657,-0.07791299089332528,0.23433826979256323,0.061765926767739676,0.013600494431569816,0,0
2025-11-27 15:25:35.104971,0,12.901197826699379,80.09971377865205,0.29545235968870037,0.34778383495638115,0.09277325706847132,0.011648474403859164,0.004645073943220071,0,0
2025-11-27 15:25:36.104971,0,12.901200081765857,80.09971394336151,0.2516694259337802,-0.35330290527881714,-0.031121628402580887,0.014423477538815593,0.0058614494659736255,0,0
2025-11-27 15:25:37.104971,0,12.901200415386407,80.09971398394428,0.03739880436098005,-0.06812177947761838,0.09429378492618246,0.060931363391481856,0.014287028360527356,0,0
2025-11-27 15:25:38.104971,0,12.901202890204855,80.09971417213471,0.2762525647852117,0.216637987657463,-0.1904092809923407,0.06176265326562785,0.03731549022289513,0,0
2025-11-27 15:25:39.104971,0,12.90120521639135,80.09971447063216,0.2609689086186385,-0.1621396219207878,-0.10435070667723031,0.03553148403463359,0.00947665841823575,0,0
2025-11-27 15:25:40.104971,0,12.901206609063859,80.09971459844505,0.15565141713782163,0.11371310921540898,-0.16262870865334872,0.031538025178287826,0.023826069944052973,0,0
2025-11-27 15:25:41.104971,0,12.901208169615884,80.09971492889498,0.17738263072347876,0.2571979316484,0.0704357727522649,0.03121407443926612,0.013131072172676594,0,0
2025-11-27 15:25:42.104971,0,12.901209232583286,80.09971509539318,0.11970081116103908,0.12203213067233266,0.10711552495801388,-0.08233372253551663,0.01949363340454643,0,0
2025-11-27 15:25:43.104971,0,12.901209378119951,80.09971512049377,0.016428491646609398,-0.3967938820693587,-0.023073904079754997,0.038602924223450005,0.01574169207484904,0,0
2025-11-27 15:25:44.104971,0,12.901210275233783,80.09971522906251,0.10055917249377028,0.13738316539026846,-0.1309394515109349,0.09914279944216023,0.023171911580148082,0,0
2025-11-27 15:25:45.104971,0,12.901212367766638,80.09971579342665,0.2408560345794034,0.15615173934308368,-0.0029623640301941014,-0.03464338677080689,0.01641364636703421,0,0
2025-11-27 15:25:46.104971,0,12.901212380049506,80.09971579571058,0.0013896069013808576,-0.33375291090044146,-0.07298698360107111,0.0209676538971292,0.019267522584886437,0,0
2025-11-27 15:25:47.104971,0,12.90121325863881,80.09971598994653,0.10004975150734326,0.20375261803372605,-0.11942560570406169,0.013590532704608624,0.008255618538729966,0,0
2025-11-27 15:25:48.104971,0,12.901214316913288,80.09971617192686,0.11945060807728299,0.16407662101487924,0.050849052796386955,-0.08531121676077069,0.0164412031998898,0,0
2025-11-27 15:25:49.104971,0,12.901215750205447,80.09971638487981,0.16121868088137686,-0.16416493996438047,-0.11369883337780105,-0.057176318436964774,0.03793585965307895,0,0
2025-11-27 15:25:50.104971,0,12.90121819244001,80.09971682095473,0.27595668492382813,0.13818909186223796,-0.23495245994461386,0.07139442946574165,0.00490776232005741,0,0
2025-11-27 15:25:51.104971,0,12.901219096972378,80.09971705717471,0.10390379830978837,-0.03139580347149293,-0.20161717055447803,0.06958675617393695,0.015074723287149792,0,0
2025-11-27 15:25:52.104971,0,12.901219974894055,80.09971738723303,0.1040859605688683,0.1887496458058218,-0.24048907002239242,0.0937133054656145,0.017790288592510466,0,0
2025-11-27 15:25:53.104971,0,12.901221898293013,80.09971790095993,0.2212503744329245,-0.17747276630398962,0.037126787486430654,0.007756928325290929,0.016316205699308767,0,0
2025-11-27 15:25:54.104971,0,12.901223072342466,80.09971823627423,0.13566538226694214,-0.046907240501188024,0.02256081572642459,0.07794765345465172,0.001542034188282084,0,0
2025-11-27 15:25:55.104971,0,12.901223638146037,80.09971845689786,0.06738144688199459,-0.34094247454003185,0.015078014176224293,0.019059689381339076,0.006823039496332878,0,0
2025-11-27 15:25:56.104971,0,12.90122481729215,80.09971877524548,0.135731854839808,-0.46796041189063753,0.08815974787199136,0.023474403129394042,0.005533815986600381,0,0
2025-11-27 15:25:57.104971,0,12.901225182413336,80.09971888177537,0.04225710611393996,5.9503195759387895,0.1787938284175675,0.052137088913024675,0.016543664980720477,0,0
2025-11-27 15:25:58.104971,0,12.901328699419846,80.09974906947609,11.980039636106287,4.220273400492375,-0.08883997962376729,0.037946072684746195,0.042152582788012934,1,0
2025-11-27 15:25:59.104971,0,12.901397655489873,80.09977118526145,8.042564864394166,1.6812573483078974,0.06097162158576271,-0.06025249015129705,0.12055527164995634,1,0
2025-11-27 15:26:00.104971,0,12.9015301612321,80.09980654447236,15.24137960701605,-0.8013295054300524,-0.2369423261108815,0.08373340610657085,0.06851956545671217,1,0
2025-11-27 15:26:01.104971,0,12.901587457727286,80.09981628826509,6.465284279111719,-3.183984883337085,0.20680646193950258,-0.16036244441489553,0.05571282899062574,1,0
2025-11-27 15:26:02.104971,0,12.90166776437295,80.09981992126475,8.94842348836383,3.3538487451277117,-0.18672468573272355,-0.045055141210991786,0.10862037870224564,1,0
2025-11-27 15:26:03.104971,0,12.901788809911134,80.09983306062394,13.550007925944369,0.2827502188211265,-0.10651216785606564,-0.017377680703922288,0.032009423903636945,1,0
2025-11-27 15:26:04.104971,0,12.901873757447886,80.09984844980268,9.602668287524205,-0.9374705563938398,-0.08965642705996386,0.07113377518979622,0.12110527514581698,1,0
2025-11-27 15:26:05.104971,0,12.901975185563202,80.0998688723955,11.506393025850912,0.09527209057721084,-0.22894064950833182,0.0002838972387185258,0.05986894933798797,1,0
2025-11-27 15:26:06.104971,0,12.902063575843405,80.09988352875826,9.967301361798878,0.6208507030504158,0.004886336611284276,-0.02950643394834504,0.0794653027464348,1,0
2025-11-27 15:26:07.104971,0,12.902175206614702,80.09989020878504,12.447859690417433,0.8832782966489463,0.03208558023022225,-0.1202447524443431,0.03527056919140042,1,0
2025-11-27 15:26:08.104971,0,12.902279450087853,80.09990025444287,11.65546794155093,0.07202097373924281,-0.02841205064723246,0.03876130195160016,0.02853352455783756,1,0
2025-11-27 15:26:09.104971,0,12.902391391969198,80.09990306812894,12.465109870786556,4.204888839470229,-0.2310371448046615,-0.0972998764958787,0.005111545037946944,1,0
2025-11-27 15:26:10.104971,0,12.902568411021646,80.09989939990794,19.709780519071003,-1.9985627038243088,0.2975079352277567,-0.048223819340894515,0.023506738304203335,1,0
2025-11-27 15:26:11.104971,0,12.90264624579142,80.09989483939255,8.678686636199934,-1.640140738737679,0.0823846194752472,0.0219453572631663,0.10784970616321836,1,0
2025-11-27 15:26:12.104971,0,12.902791114296726,80.09988449919527,16.165746807120865,-2.4056656971244212,0.3951333065474938,-0.016988376859434995,0.05300657373516324,1,0
2025-11-27 15:26:13.104971,0,12.90282699622664,80.09988016675828,4.021945928851881,-3.7812630547090698,-0.12076638598294387,-0.006197692802463191,0.05720428197400204,1,0
2025-11-27 15:26:14.104971,0,12.902902557086081,80.09987120860917,8.46741490417519,4.16542546265502,0.14368233422654647,0.021475081239359886,0.022474687932131192,1,0
2025-11-27 15:26:15.104971,0,12.90301450122322,80.09985336722666,12.61110539441655,1.3593348331557664,0.11689108310912452,0.023938818628797123,0.11109333767559149,1,0
2025-11-27 15:26:16.104971,0,12.903117631734748,80.0998416761589,11.550366099712615,0.5044673933189153,-0.04358626546460433,0.037370686311548273,0.03053808583137902,1,0
2025-11-27 15:26:17.104971,0,12.903239526972758,80.09983601115985,13.583294282794983,-0.6950595171100364,0.2116576351588836,0.02747830908409528,0.07210630191847832,1,0
2025-11-27 15:26:18.104971,0,12.903337499125737,80.09983214464225,10.91432708630099,-0.9552853644687826,-0.06081150114206677,0.028537737634614722,0.0332924084606417,1,0
2025-11-27 15:26:19.104971,0,12.903443416404949,80.09983112509416,11.79123053126097,0.08772929233716381,-0.05413371291369107,0.03629043721564897,0.07467172500365031,1,0
2025-11-27 15:26:20.104971,0,12.903548004157265,80.09984446424241,11.73233647321899,0.30520699302297294,-0.5207144837907574,0.07949642212318504,0.023361390562214944,1,0
2025-11-27 15:26:21.104971,0,12.9036564737581,80.09985003385485,12.089950903581473,0.49197254906828985,0.0613542080613956,-0.06115626448712486,0.0459668856154196,1,0
2025-11-27 15:26:22.104971,0,12.90376689049277,80.09984691891225,12.296237332912003,-0.41328341505571,-0.19882648675236098,-0.0131777268646813,0.025010213412399028,1,0
2025-11-27 15:26:23.104971,0,12.903871161474868,80.09984864945817,11.608964562038375,-0.5884783657794839,-0.08260817935432668,0.1426112777273253,0.07649030131255216,1,0
2025-11-27 15:26:24.104971,0,12.903968566688881,80.09986257669753,10.947955416363637,0.03152078438792277,-0.15393294581175412,0.04696296093719972,0.04597824396345095,1,0
2025-11-27 15:26:25.104971,0,12.904069430085324,80.09987527562909,11.312351845339224,1.0584941440511677,-0.054934730897739245,0.036945231584652134,0.09330273422626398,1,0
2025-11-27 15:26:26.104971,0,12.90418052993488,80.09990203636701,12.703956015465259,0.7658475054315461,0.06658203453261535,0.033048201551848455,0.0672717403209873,1,0
2025-11-27 15:26:27.104971,0,12.904291943969815,80.09992960456289,12.75826652261366,-1.1909670497965705,0.0016712344573136155,-0.0012077997602705226,0.08556501445536709,1,0
2025-11-27 15:26:28.104971,0,12.904380341279149,80.09994741159974,10.02830004564752,-1.91503304702589,0.10644619357587105,-0.03709171871630661,0.09993428719628518,1,0
2025-11-27 15:26:29.104971,0,12.904462163353406,80.09995852623764,9.187932953330037,-1.5021942877950236,0.18984443033784473,-0.0446641183831112,0.011575911369317779,1,0
2025-11-27 15:26:30.104971,0,12.904524043305395,80.09996950131877,6.9906624837948,3.959643243370904,-0.055319390501675315,-0.017855374768985396,0.09956812483381845,1,0
2025-11-27 15:26:31.104971,0,12.904678394626824,80.09998758401271,17.294060802788156,0.49565931692184345,-0.07178508630241706,-0.05917101296133783,0.15879898598693853,1,0
2025-11-27 15:26:32.104971,0,12.904752210270722,80.09999662372105,8.275496307152633,-3.864275836682421,0.14365914804930144,0.017055985540294596,0.04938705103059003,1,0
2025-11-27 15:26:33.104971,0,12.904835972437077,80.10001568646578,9.551083772835463,3.0662852755863708,0.15555709331098944,-0.04638666096181279,0.08174080705509276,1,0
2025-11-27 15:26:34.104971,0,12.904961622610859,80.10004168596181,14.269054707862145,-0.6623766508394004,0.11108863021545705,0.02009752215370792,0.0600212004889881,1,0
2025-11-27 15:26:35.104971,0,12.905028594097875,80.10006156078776,7.760926963974668,-3.7117003728472886,-0.1428268210109024,-0.0819858472290119,0.06823254311131399,1,0
2025-11-27 15:26:36.104971,0,12.905087865500683,80.10007422118962,6.739591751248012,1.430539272566613,0.06339825982524055,-0.07807004246868932,0.10115071558902258,1,0
2025-11-27 15:26:37.104971,0,12.905179607937457,80.10009054484068,10.365233295123273,4.218594794285005,0.016420590607093354,-0.09161471475069174,0.09153996382584144,1,0
2025-11-27 15:26:38.104971,0,12.905313130483387,80.10010198396272,14.915468070518207,1.308452849622895,0.15787934120244948,0.010681280233302642,0.09544202988548296,1,0
2025-11-27 15:26:39.104971,0,12.905419680542897,80.10011161734506,11.90712524809028,1.4131187917359909,-0.0859308134306623,-0.02394660080623108,0.047257722581723526,1,0
2025-11-27 15:26:40.104971,0,12.905584007790356,80.10013484437381,18.46571861529922,0.9172365292080826,-0.2499915436724874,-0.011190368433806566,0.0354960394999023,1,0
2025-11-27 15:26:41.104971,0,12.90570866108342,80.10015307964426,14.016771853241316,-4.870719166787981,0.10353552005704086,0.02183477960099689,0.015573090195008864,1,0
2025-11-27 15:26:42.104971,0,12.905779994406602,80.10016934731665,8.134657860728026,-0.9275624082102748,-0.3837552574885653,-0.013994428021071911,0.07352390398540708,1,0
2025-11-27 15:26:43.104971,0,12.905888884322714,80.10018871469279,12.302452266762156,-0.3345577818081602,-0.1097270105844495,0.052005931280561926,0.03918437150658163,1,0
2025-11-27 15:26:44.104971,0,12.905951665457867,80.10020082277349,7.111221042071018,0.7225712543357401,-0.15347932669774417,-0.06641995477778098,0.06914300405906962,1,0
2025-11-27 15:26:45.104971,0,12.906072908094721,80.10021996277288,13.655590965928502,2.1617083789136906,-0.15449020063586202,-0.024178757432460812,0.09739635625897945,1,0
2025-11-27 15:26:46.104971,0,12.90616660212479,80.1002369980787,10.592556839415195,-0.2600002494293079,-0.11235472064326434,0.04379100211693755,0.010538220181636717,1,0
2025-11-27 15:26:47.104971,0,12.906285994194482,80.1002627281338,13.58081223789537,3.3788818585449802,0.18260603546274448,0.07818101046705667,0.03546757494622805,1,0
2025-11-27 15:26:48.104971,0,12.906432989967366,80.10030021611416,16.86160033549763,1.915252094998523,0.12308331285095592,-0.03434928218260505,0.0677892678365348,1,0
2025-11-27 15:26:49.104971,0,12.906580781916173,80.10032724011678,16.711483905783417,-2.870836178287713,-0.03775960229887576,-0.15749089127427598,0.039092023420931085,1,0
2025-11-27 15:26:50.104971,0,12.906683568004244,80.10034000623799,11.525695529789404,-0.9892780323049095,0.17004352077885737,-0.05758326014927395,0.052619927010149115,1,0
2025-11-27 15:26:51.104971,0,12.906812726339016,80.10035012624658,14.41977974374106,-0.47796699150577115,-0.1593445732749561,0.03797091288254806,0.06548372550697727,1,0
2025-11-27 15:26:52.104971,0,12.906910960595226,80.10035630343806,10.955960741109484,-0.9060200130190675,-0.1797425078620737,0.009343752015182281,0.07492254358098156,1,0
2025-11-27 15:26:53.104971,0,12.907023857380032,80.10036403972025,12.595675088688875,-1.8153208191817225,0.12953949888698857,0.03680521062059277,0.028864082759771592,1,0
2025-11-27 15:26:54.104971,0,12.90709017149562,80.10037163525335,7.427954274818909,-1.9760469024499552,0.08694648439839704,-0.0575494301793639,0.03647870844457119,1,0
2025-11-27 15:26:55.104971,0,12.907176306855733,80.10037675731122,9.60468285774884,3.231820153335439,-0.06903951023749846,-0.1352248905872183,0.0849365974705409,1,0
2025-11-27 15:26:56.104971,0,12.907299459890496,80.1003713597678,13.721900877605027,-1.4040341722162042,-0.17031913405471957,0.01832924663812055,0.09048392200641647,1,0
2025-11-27 15:26:57.104971,0,12.907359739353117,80.1003771122072,6.739278846273939,-0.4221534336997826,0.21895978125569102,-0.03913992224413821,0.07904549698262504,1,0
2025-11-27 15:26:58.104971,0,12.9074700796323,80.1003795647254,12.285962420843157,3.0211445026163863,-0.2580153826421727,0.029796350784345872,0.06199688959222782,1,0
2025-11-27 15:26:59.104971,0,12.907582391924374,80.10038813101042,12.537110389646895,1.226545870891212,-0.08976389030153405,-0.015076149882809923,0.00684739980151702,1,0
2025-11-27 15:27:00.104971,0,12.90770620270635,80.10039782525675,13.822700592994076,-2.5259166928869696,0.0342864791276846,0.007644413431706609,0.018378310643792795,1,0
2025-11-27 15:27:01.104971,0,12.907772776636271,80.10040412402704,7.442460051041469,-3.466792146014905,0.27032472126471685,-0.08644205696551631,0.06668529141604812,1,0
2025-11-27 15:27:02.104971,0,12.907834778972399,80.10040998401495,6.931328321765189,3.722581944528911,0.057465031810983044,-0.031828968290797136,0.09294163514323621,1,0
2025-11-27 15:27:03.104971,0,12.907968870840229,80.10041930957752,14.96136660038613,2.7161862250031397,0.07204569795199481,-0.056807072492681514,0.012954554142715163,1,0
2025-11-27 15:27:04.104971,0,12.908080987129681,80.10043048294428,12.539536256184178,-2.4245118920337485,-0.08540755502221908,-0.1153003251634382,0.059648877200228996,1,0
2025-11-27 15:27:05.104971,0,12.908179523463833,80.1004374977524,10.99544318287166,-2.6507355300086823,0.08527203379118974,0.049953962441258874,0.08615534352617604,1,0
2025-11-27 15:27:06.104971,0,12.908244667374088,80.100447090438,7.326143046969996,-0.5118645769980057,0.015796398131863034,0.13655655927292082,0.1059161599085355,1,0
2025-11-27 15:27:07.104971,0,12.90834013716855,80.10046473884715,10.798855919450046,0.7956637425395131,-0.23826968106263371,0.09316858497394084,0.0866316126137169,1,0
2025-11-27 15:27:08.104971,0,12.908416796601731,80.10048199140394,8.736657194214715,1.7467837427980144,0.11894022802396606,0.03698959831000093,0.06852197291012783,1,0
2025-11-27 15:27:09.104971,0,12.908547398223954,80.10050693882242,14.788447522034309,-0.5262169554311493,0.14555900847702768,-0.04406310225347424,0.049163974345476924,1,0
2025-11-27 15:27:10.104971,0,12.90861860791859,80.10051942174981,8.041956332587784,-1.8674736284966786,0.1205047573231744,-0.004450173156759343,0.08949917954345776,1,0
2025-11-27 15:27:11.104971,0,12.908719853375992,80.1005292770064,11.321264342973972,3.1630826027138137,0.004999188849870301,0.012782951897252474,0.09539421780685994,1,0
2025-11-27 15:27:12.104971,0,12.908849319958897,80.10053891253004,14.45009555314071,1.26873441906572,-0.14342653247244708,-0.036814227857648485,0.09109601575777264,1,0
2025-11-27 15:27:13.104971,0,12.908973786521722,80.10053984331041,13.855985879129797,-1.6887683227604033,-0.3463775596927298,-0.05053173743039604,0.08758489539288077,1,0
2025-11-27 15:27:14.104971,0,12.909068970747443,80.10054863504286,10.638767074390675,-0.0940865075762115,0.0235580408102176,0.017869678562900043,0.09138562030456672,1,0
2025-11-27 15:27:15.104971,0,12.909193286281667,80.1005605258582,13.898824901380396,2.004372792006946,0.16229130896112737,0.0920787824981337,0.04277024939298316,1,0
2025-11-27 15:27:16.104971,0,12.909322443930462,80.10057431310112,14.455454203915618,-0.20246752267648482,0.14932987036246212,-0.005454066559945224,0.03378199717766015,1,0
2025-11-27 15:27:17.104971,0,12.909433402153864,80.1005845321473,12.401542962737999,-0.48229736412953467,0.12241092650907717,-0.16710384785838672,0.07942670818200902,1,0
2025-11-27 15:27:18.104971,0,12.90955261394209,80.1005970436034,13.339919194551257,-0.5567780031040128,-0.011131646782408623,0.01019736644478203,0.12244404750026923,1,0
2025-11-27 15:27:19.104971,0,12.909651316756573,80.10062363618515,11.360182872102627,0.8678142286414257,0.16311962610472455,0.046784794446020656,0.108580038223719,1,0
2025-11-27 15:27:20.104971,0,12.909785646640934,80.10065706271727,15.387208312605427,0.16041859430113165,0.13862427357838542,0.0219287486795008,0.09333132841643162,1,0
2025-11-27 15:27:21.104971,0,12.909889231777145,80.10067828306713,11.758752678873021,-3.9785881085712846,-0.06339503410823372,-0.017448645186858174,0.0474027283929123,1,0
2025-11-27 15:27:22.104971,0,12.90995731348918,80.1006946645353,7.78452023290662,0.9259059611762617,0.10148970249237708,-0.00998540774501426,0.03059529800928954,1,0
2025-11-27 15:27:23.104971,0,12.91007830184627,80.10070357700944,13.503100030552035,0.5647213999338607,-0.08039387181139375,-0.10364664700191278,0.008885827284156917,1,0
2025-11-27 15:27:24.104971,0,12.910157776653579,80.10070976086168,8.872545377318584,0.7328963843976712,0.08100363474253831,-0.10788306965500982,0.1373020239542576,1,0
2025-11-27 15:27:25.104971,0,12.910299818457133,80.10071739548724,15.833780487714495,2.1788713051536783,-0.19486749664516007,-0.06743020385858622,0.027023386906580037,1,0
2025-11-27 15:27:26.104971,0,12.910418728345128,80.10071617502147,13.237711189932368,-4.596187875800481,-0.18333177130093822,0.0020244870794721495,0.08412367951175956,1,0
2025-11-27 15:27:27.104971,0,12.910474508591196,80.10071742838598,6.210946211057528,0.6029695708495989,0.15873105704158613,0.030745291323292782,0.05683091393250399,1,0
2025-11-27 15:27:28.104971,0,12.910605649669781,80.10072083171508,14.603295072512665,3.1884958480817485,0.14063401833071473,-0.1176836371006358,0.09423454489686317,1,0
2025-11-27 15:27:29.104971,0,12.91072062833472,80.10071042974279,12.84909661618565,-0.5070883055715347,0.0950417310863747,-0.09449547985674553,0.05189877503457603,1,0
2025-11-27 15:27:30.104971,0,12.91084660273985,80.10069372028251,14.140198770616337,-0.7256208967320876,0.013195323157924566,0.023184671964048775,0.08867921331130622,1,0
2025-11-27 15:27:31.104971,0,12.91095046660201,80.10065958171532,12.141051639371236,0.9309268939916681,-0.3586911646536223,-0.14318783008487657,0.10240822259905558,1,0
2025-11-27 15:27:32.104971,0,12.911085284208676,80.10061806309432,15.669512851774371,-1.1319691707966417,-0.011231390730973439,0.051149610668617326,0.06901855714224653,1,0
2025-11-27 15:27:33.104971,0,12.911171333476384,80.1005932672761,9.94970462960963,-0.30061084826500545,0.0681274750784757,-0.12085535691004785,0.07670480505397967,1,0
2025-11-27 15:27:34.104971,0,12.911297034880148,80.10055000623514,14.759482530442991,1.80220537931628,-0.08020998713393872,0.03523604680088816,0.1216716219630287,1,0
2025-11-27 15:27:35.104971,0,12.911408444983543,80.10051593196326,12.941585890410403,-3.7182222159392704,-0.10687412892123563,-0.06793901070162477,0.07703200260684356,1,0
2025-11-27 15:27:36.104971,0,12.911466683466758,80.1004927366089,6.9545390246003125,-3.217165909484182,0.21666305822305373,-0.05055049743586542,0.09338840317984817,1,0
2025-11-27 15:27:37.104971,0,12.911521562517063,80.10046684486024,6.724203000017558,2.101163288498412,-0.009043348708741768,-0.08183388299035854,0.03311978406209565,1,0
2025-11-27 15:27:38.104971,0,12.911613206191335,80.10042655846516,11.098918535734114,1.3077635519693498,0.06821927544635707,0.006013960807724107,0.03270509307687758,1,0
2025-11-27 15:27:39.104971,0,12.91169081358479,80.10038828510893,9.585639250019025,-2.59163441204873,0.11611971924290476,-0.06903604530172197,0.0416351495887749,1,0
2025-11-27 15:27:40.104971,0,12.911740906366697,80.10036333149247,6.19896509667732,-0.535350339998549,-0.15021556147576165,-0.05542839191900655,0.06936076996910737,1,0
2025-11-27 15:27:41.104971,0,12.911807399629318,80.10032716901779,8.377812505060877,2.485474095317783,0.02898111340712907,-0.008518039135511482,0.02953166072374162,1,0
2025-11-27 15:27:42.104971,0,12.911897415717213,80.10027511608442,11.502830840560154,0.13088615912563017,0.19794667417159492,-0.045965745828102346,0.09018217766124144,1,0
2025-11-27 15:27:43.104971,0,12.911970951446955,80.10023026878693,9.523245470947618,3.535539133683728,0.27288347749495817,-0.014721034943344938,0.10771581571956196,1,0
2025-11-27 15:27:44.104971,0,12.912113115555002,80.10013455792411,18.92916826621856,0.1811556644687177,0.0059904595822035675,-0.022243746288542296,0.048423730932114564,1,0
2025-11-27 15:27:45.104971,0,12.912189204919516,80.1000854277225,10.008309259360002,-1.409650061967442,-0.0356915321020612,-0.006850533140154927,0.12387317259023464,1,0
2025-11-27 15:27:46.104971,0,12.912304038053804,80.10000462308996,15.501308743150908,3.329320717027299,0.04035361022063,0.0030201810062028094,0.09392951859477619,1,0
2025-11-27 15:27:47.104971,0,12.912429045353392,80.09991684494578,16.863325673363146,-2.4245700297319353,0.03654555705412816,-0.03990189104780438,0.06210873716222591,1,0
2025-11-27 15:27:48.104971,0,12.912503984127987,80.09985888378634,10.447399047275328,-3.36371107831299,0.208013709919673,-0.12089768319715163,0.02167952811513712,1,0
2025-11-27 15:27:49.104971,0,12.912571520602015,80.09979531313274,10.203226810321993,0.2776279356467067,-0.14945875337506007,-0.046152027467623064,0.08972479148636688,1,0
2025-11-27 15:27:50.104971,0,12.912644645227985,80.09973401584246,10.512092861020587,0.8776335284938549,-0.04198096292490324,0.10411506081761743,0.1025301003687818,1,0
2025-11-27 15:27:51.104971,0,12.912726622818123,80.0996695907129,11.49565531312412,0.41908968797283636,-0.16757119903147658,0.09340282500765795,0.10083257889275445,1,0
2025-11-27 15:27:52.104971,0,12.912811925220145,80.09962065289048,10.879802194870292,-1.8549796729637182,-0.15181423286963655,-0.0031412289800071547,0.07998629257755464,1,0
2025-11-27 15:27:53.104971,0,12.912875826683557,80.09957812415348,8.479289378963625,1.1168715963166793,0.05648610227086865,-0.019284030946400528,0.07946208049855588,1,0
2025-11-27 15:27:54.104971,0,12.912973184693916,80.09951144951226,13.030855768605653,1.3473140540091788,0.12147867624555396,0.012813910350149105,0.0342313523225503,1,0
2025-11-27 15:27:55.104971,0,12.913053960359981,80.09945515858583,10.870342046933203,3.0969443757641035,-0.09740875406156177,0.053044729801945203,0.039373803422682804,1,0
2025-11-27 15:27:56.104971,0,12.913201389034876,80.09936561863685,19.072129095098127,2.0989056940477306,0.11581421834629342,-0.033741166776474166,0.06514893050308207,1,0
2025-11-27 15:27:57.104971,0,12.913313680622991,80.0992923649474,14.813514904699932,-4.0681968843410115,0.1667367985697952,-0.08684017892338902,0.023006875644988573,1,0
2025-11-27 15:27:58.104971,0,12.91339230978263,80.09923231013087,10.912394924701912,-0.6800137294608354,0.2902058997650085,-0.032686377176616384,0.03094348963694543,1,0
2025-11-27 15:27:59.104971,0,12.913496703030416,80.09916455588575,13.751401128468872,1.0196317148358065,0.010462027326157348,0.00996419884381429,0.09502079840442992,1,0
2025-11-27 15:28:00.104971,0,12.913598855609827,80.09909529874437,13.630497308368026,0.6206000308940746,-0.09596467911661995,0.04460150515312293,0.07134297943769313,1,0
2025-11-27 15:28:01.104971,0,12.913717145369027,80.09902439671865,15.250828961716412,-2.9024471568926242,-0.15037078974088422,0.06635780915441457,0.021291252829613257,1,0
2025-11-27 15:28:02.104971,0,12.913770939334448,80.09899560419944,6.754359045127421,-3.6085551667196074,-0.16526897968798404,0.041766979890687325,0.04255527859447407,1,0
2025-11-27 15:28:03.104971,0,12.91383640537604,80.09896040372847,8.227979098713465,0.9695792351463586,0.187467105210541,0.06128569363476652,0.0835456321727979,1,0
2025-11-27 15:28:04.104971,0,12.91391137407531,80.09891901377691,9.477273605856436,2.02012321096401,-0.22726430144334756,0.016666948883309413,0.03696419229744637,1,0
2025-11-27 15:28:05.104971,0,12.914004819255632,80.09886433996742,11.975165776349852,-3.7887580443318143,0.18266227284768002,-0.01986875865679305,0.08053328167462889,1,0
2025-11-27 15:28:06.104971,0,12.914016966764317,80.09885721681104,1.557573513719749,-1.0354528733597657,-0.13026615438782232,-0.03255647172141997,0.05965881034523473,1,0
2025-11-27 15:28:07.104971,0,12.914092355189089,80.09881841225628,9.389330273569465,7.301221149562302,-0.10278092967891085,-0.03363316334345511,0.08481464425869056,1,0
2025-11-27 15:28:08.104971,0,12.914217214926177,80.09874590606061,15.97162441136164,-0.22326904709038553,-0.022733318251496958,-0.03468667327991313,0.0821264943153476,1,0
2025-11-27 15:28:09.104971,0,12.914284740675576,80.09870731693869,8.604551573601913,-1.2577346721848524,-0.1055481824349767,0.009733134920168647,0.03853425479365873,1,0
2025-11-27 15:28:10.104971,0,12.914380412111605,80.09864321977366,12.72006821305514,2.0069609953525083,0.13979696324393626,-0.06774020786047671,0.0767871310892433,1,0
2025-11-27 15:28:11.104971,0,12.91447341245927,80.09857203764392,12.916662961131776,0.059622142098255254,0.2720015927974163,-0.0650125433922894,0.08910202595810207,1,0
2025-11-27 15:28:12.104971,0,12.914568435986011,80.09849901156237,13.216852779421137,0.3952617322252378,-0.09861482363297068,-0.0991968015354078,0.08805495690091163,1,0
2025-11-27 15:28:13.104971,0,12.914660003478444,80.0984086322457,14.145021041403423,0.8512009301585074,-0.06483567587469401,-0.00032473231085095814,0.09172268320667218,1,0
2025-11-27 15:28:14.104971,0,12.914768539199788,80.09832631340682,15.025562474335745,1.5117071651246956,-0.024498121092584757,0.07175265233699471,0.09177999093552472,1,0
2025-11-27 15:28:15.104971,0,12.914881438324082,80.09822644123048,16.595066403722747,-1.96265261651457,0.08115851452389566,0.0408104636238225,0.032130703249320144,1,0
2025-11-27 15:28:16.104971,0,12.914955357156177,80.09816071781702,10.889029894208111,-3.45013329223843,-0.02302264184337847,0.02515279445649759,0.10046040177224735,1,0
2025-11-27 15:28:17.104971,0,12.915023767081415,80.09810838820167,9.4993230381622,0.8190022993420003,0.20808861165788936,0.007354512358783011,0.016496066437486,1,0
2025-11-27 15:28:18.104971,0,12.915115224688625,80.09803017125235,13.254757664358001,1.7123191593292717,0.1719935874842891,-0.16014741549545902,0.0643858328019829,1,0
2025-11-27 15:28:19.104971,0,12.915194413133412,80.09793961100107,13.20123608771531,0.23211868506266703,-0.17781935303926502,0.01063988568446729,0.006843922303552479,1,0
2025-11-27 15:28:20.104971,0,12.915278376465613,80.09783801438284,14.45325808762815,-2.6004584754673057,0.07814522483622431,-0.11151181801291779,0.10460194485251119,1,0
2025-11-27 15:28:21.104971,0,12.915319229759586,80.09778268466046,7.531820821052081,0.2204566583795451,0.22805088559642542,-0.04041456011774079,0.06578421378902054,1,0
2025-11-27 15:28:22.104971,0,12.915381231998103,80.09766768849542,14.259912807232947,0.36463031700779824,-0.0742171418650325,-0.08083110062894613,0.05593845727143991,1,0
2025-11-27 15:28:23.104971,0,12.91541690836423,80.09760422829686,7.949254764171525,-0.9274427927219779,-0.044139730769033485,-0.01451219919420212,0.08988768002385264,1,0
2025-11-27 15:28:24.104971,0,12.91547564492757,80.09750282134058,12.79974164008481,1.7197074806390562,-0.0792055496779433,-0.013106889056560926,0.07049107153228049,1,0
2025-11-27 15:28:25.104971,0,12.915531037203795,80.0974211552323,10.795860728003321,1.3629511141122517,-0.07606134232852585,0.12117800335116641,0.1381469458996087,1,0
2025-11-27 15:28:26.104971,0,12.915602910477645,80.0972974490421,15.626945832319397,-1.8030635922476157,-0.25026773278665715,-0.07437544631015348,0.1133231581809958,1,0
2025-11-27 15:28:27.104971,0,12.915632093615084,80.09723336170539,7.6755172558091544,-1.743035022246275,-0.1992472427197576,-0.061951915021335555,0.03453474505482257,1,0
2025-11-27 15:28:28.104971,0,12.91567710056365,80.09712755519367,12.526637489671524,2.6889785675431943,0.01162105781058448,0.028783668994866153,0.029945923380518547,1,0
2025-11-27 15:28:29.104971,0,12.915724013440187,80.0970155765439,13.225537045132278,-0.7978389591918817,0.22703969619791675,-0.006371951325611268,0.04592961057394034,1,0
2025-11-27 15:28:30.104971,0,12.915767862086902,80.09692564568383,10.911128163093878,-0.3830784608447557,-0.09200412187774243,0.07335165002198296,0.07069944235867043,1,0
2025-11-27 15:28:31.104971,0,12.915826900488257,80.0968273973626,12.523917808103484,-0.4582955667249203,-0.0964135954422837,0.08528510240995041,0.047155215880581275,1,0
2025-11-27 15:28:32.104971,0,12.915882689856339,80.09674869294425,10.559604396912448,0.17240842383556054,0.2552281605631102,0.021234576155875345,0.08739861607217593,1,0
2025-11-27 15:28:33.104971,0,12.915949668200728,80.09665757520267,12.383408092100348,1.2407300178385086,-0.16623861927239802,0.09378678929595519,0.11529398434745633,1,0
2025-11-27 15:28:34.104971,0,12.91602515840596,80.09656494702321,13.101306800364203,-1.1231628982737396,-0.24918647440596328,-0.005937405454637269,0.003974782809754678,1,0
2025-11-27 15:28:35.104971,0,12.916082275221944,80.09648883872775,10.42258383806113,-0.5251505382840423,-0.12427731542062496,-0.0924880063660744,0.01575558938314196,1,0
2025-11-27 15:28:36.104971,0,12.916146752685156,80.09640477753027,11.606884779003012,-2.500833517622127,-0.09941767181915491,-0.0472100606790483,0.09654313644913434,1,0
2025-11-27 15:28:37.104971,0,12.916176292634411,80.09635969659507,5.894279278123488,-2.680710754124539,-0.2621179627042598,-0.022997230089638852,0.07127068529069329,1,0
2025-11-27 15:28:38.104971,0,12.916211060196938,80.09630708652548,6.8970193441837395,2.6976185352136115,-0.019206255941191692,-0.03992042373780283,0.11622239395162134,1,0
2025-11-27 15:28:39.104971,0,12.916265849935915,80.0962251651246,10.780521369911215,1.0849638304569758,0.1422669524792303,0.016157444236151286,0.04904584705665717,1,0
2025-11-27 15:28:40.104971,0,12.916314486476036,80.09616706293257,8.310391865277555,-5.378627554818664,-0.19289321605722393,0.019595605100708045,0.08773958396050544,1,0
2025-11-27 15:28:41.104971,0,12.916315683877755,80.09616559014113,0.20810466773444658,-4.131274492303893,0.013136732843038366,0.056696853421590254,0.011274491056079495,0,0
2025-11-27 15:28:42.104971,0,12.916316067538704,80.09616512363343,0.06623088383662812,-0.3210281199290276,0.05939035134401596,-0.014084759531633961,0.01644440791132863,0,0
2025-11-27 15:28:43.104971,0,12.91631621321372,80.0961649517602,0.024714313684752808,0.07005796344157156,-0.012507641291143965,0.06461161172441784,0.004873744229838246,0,0
2025-11-27 15:28:44.104971,0,12.91631737651174,80.096163497327,0.20414979062241392,-0.009321527446445502,0.02785388846115891,-0.0702471762905714,0.004899331422174456,0,0
2025-11-27 15:28:45.104971,0,12.916318425236415,80.09616204236377,0.19635336428434055,-0.08151165426847543,0.02959908938928163,0.03184301522604534,0.010138863507422595,0,0
2025-11-27 15:28:46.104971,0,12.91631890989061,80.09616147355145,0.0819778580994628,0.1263045297148398,-0.1219091935377648,-0.012325202871421859,0.009420766112366455,0,0
2025-11-27 15:28:47.104971,0,12.916320474308586,80.09615939144305,0.2852590686751231,-0.2379593408887657,0.22478738580178023,-0.034830048397116536,0.004640998747152726,0,0
2025-11-27 15:28:48.104971,0,12.916320695103277,80.09615904057334,0.04531736753427007,-0.15014158202768474,0.18716352511143233,-0.07626031713322098,0.028961686829946483,0,0
2025-11-27 15:28:49.104971,0,12.916321368276822,80.09615806498583,0.12970044031278058,-0.24187258009763088,0.17848670958617516,0.09488796717892173,0.028149275487531104,0,0
2025-11-27 15:28:50.104971,0,12.916322984522193,80.09615605085331,0.28308477605027965,-0.07288857944012955,0.15205136108157952,0.027885843393906304,0.01436888442504872,0,0
2025-11-27 15:28:51.104971,0,12.91632367838529,80.09615513439681,0.1259181950778367,-0.0644503100589269,-0.23624692041495357,-0.059880067813379644,0.004268943034236945,0,0
2025-11-27 15:28:52.104971,0,12.916324696325123,80.09615371106054,0.19155778429922565,0.04247654716771641,0.1389093566717949,-0.013133731909873657,0.006218151311960092,0,0
2025-11-27 15:28:53.104971,0,12.916325345407195,80.09615283646701,0.11927831938883827,-0.0067313037246705815,0.09834021413242618,0.06333126602017078,0.02950712433899104,0,0
2025-11-27 15:28:54.104971,0,12.9163257664855,80.0961522134498,0.082264560704601,0.2687420376469263,-0.2304785422415675,-0.03990384556650065,0.017153192464040387,0,0
2025-11-27 15:28:55.104971,0,12.916327168646,80.09614990444283,0.29519329438794845,-0.28766548325970803,-0.03223655327251173,-0.03206140778966913,0.0031987705992685424,0,0
2025-11-27 15:28:56.104971,0,12.91632780277274,80.09614897841888,0.1228002018945129,-0.31073717263216283,0.04151901739879325,-0.013527861955828592,0.00038032415805377664,0,0
2025-11-27 15:28:57.104971,0,12.916329262068118,80.09614701139,0.2682297611037403,0.07888467721491055,0.24964756471869526,0.0855350709808862,0.02005058729275618,0,0
2025-11-27 15:28:58.104971,0,12.91632967669298,80.09614653888742,0.06898638176732586,-0.5099414303491909,0.10870857868413882,0.011632289207846272,0.0003702627198477986,0,0
2025-11-27 15:28:59.104971,0,12.916330026189183,80.09614607137084,0.06393141120752499,0.006836963970012405,-0.12968485909174524,-0.020385534213564684,0.005773172778402767,0,0
2025-11-27 15:29:00.104971,0,12.916330075122701,80.09614600144835,0.009340224865353408,-0.1702742697153585,0.25430826876779444,-0.08006304508866745,0.0064543712067617895,0,0
2025-11-27 15:29:01.104971,0,12.916331124391805,80.0961445566932,0.19550004761276552,0.36517176730932377,0.006566964407083365,-0.07885874278952879,0.01654461887104646,0,0
2025-11-27 15:29:02.104971,0,12.91633167047278,80.09614370566258,0.11055790311712833,0.08199419521511828,-0.03837617053546376,0.04842392873064713,0.010386930284823445,0,0
2025-11-27 15:29:03.104971,0,12.91633302865943,80.09614176420213,0.2593074749518911,-0.028128669497442957,-0.049067729488321825,0.07519908232979927,0.030654778260051554,0,0
2025-11-27 15:29:04.104971,0,12.916333849666936,80.09614076309425,0.14196297200746713,0.2611194521390984,-0.24353328570347,0.04681610596842643,0.002175202969137152,0,0
2025-11-27 15:29:05.104971,0,12.916335455165367,80.0961386530402,0.29045802837441653,-0.2558330599624556,-0.016465425572421352,-0.06524868124597219,0.00803423444197883,0,0
2025-11-27 15:29:06.104971,0,12.916335763766224,80.09613824947749,0.055657654710936345,-0.18961746581142833,0.07462278859584867,-0.0021073485255272972,0.01380287983422225,0,0
2025-11-27 15:29:07.104971,0,12.916337370796617,80.09613650328842,0.2605869503866832,-0.16363026616772872,-0.05780749912878236,0.15181832636039896,0.008024409437716725,0,0
2025-11-27 15:29:08.104971,0,12.916338970071864,80.09613511834641,0.23297905583752251,-0.18766304376653242,0.06306787158713376,0.13187470367087806,0.004481849636208336,0,0
2025-11-27 15:29:09.104971,0,12.916340618692622,80.09613382132724,0.2312765533932156,0.02245107817224946,-0.1296586606371271,-0.012342809728449214,0.0002518480156358972,0,0
2025-11-27 15:29:10.104971,0,12.916342475655432,80.09613247011835,0.2534349684350663,0.09730569634358614,-0.02113918714164297,-0.07214632173800645,0.0019535219709766343,0,0
2025-11-27 15:29:11.104971,0,12.916344082480263,80.09613116261676,0.22830719728289967,0.15949990110068774,0.04748104899129479,-0.020965676654508034,0.01546019567710933,0,0
2025-11-27 15:29:12.104971,0,12.916345428011915,80.09613011760493,0.18786609648942462,-0.4594116763692395,0.028449131559513122,-0.011189483905568613,0.0004902034851788543,0,0
2025-11-27 15:29:13.104971,0,12.916345717306932,80.09612990884217,0.03937346330471627,-0.12342671861368287,-0.24081976345785694,-0.030124774771556034,0.009959965824908995,0,0
2025-11-27 15:29:14.104971,0,12.916345788329547,80.09612985613722,0.009757853847375575,-0.10319246071816547,-0.06585089263068428,-0.0878633328864859,0.029022872155900836,0,0
2025-11-27 15:29:15.104971,0,12.916347743303197,80.09612828798008,0.276254354344706,0.04656120195680273,0.2516194395468909,-0.08236029311300133,0.01918541652170414,0,0
2025-11-27 15:29:16.104971,0,12.916348965902184,80.09612713324906,0.1849950943562214,0.4481861324994814,-0.07386691114957766,-0.15258028103614435,0.04306364915023113,0,0
2025-11-27 15:29:17.104971,0,12.916350377317084,80.09612547400188,0.23896118729285287,0.03810315794877479,0.002371131616775915,-0.1705570008293816,0.01534695125776099,0,0
2025-11-27 15:29:18.104971,0,12.916351104797911,80.09612437159474,0.14445670545376502,0.07800862892758192,-0.013013362582341653,-0.028071247725699654,0.017446412734413563,0,0
2025-11-27 15:29:19.104971,0,12.916351291437856,80.09612410982301,0.03519245668871834,0.3386877705357095,0.23523596383794768,0.020083924737326862,0.003666840114767035,0,0
2025-11-27 15:29:20.104971,0,12.916351493129625,80.09612383238075,0.03755573766076513,0.3107102133749382,0.19355521832920056,0.013684670261587997,0.043796058664353446,0,0
2025-11-27 15:29:21.104971,0,12.916352552146172,80.09612227926188,0.2056695861686914,-0.04381488053286008,0.12112964997282141,-0.10806405343238795,0.01616596570710303,0,0
2025-11-27 15:29:22.104971,0,12.916353196922397,80.09612129043296,0.1290917684698388,-0.32792250139328283,-0.14598634700588003,-0.0033068491369974188,0.01679443684361552,0,0
2025-11-27 15:29:23.104971,0,12.916353503304844,80.09612083375023,0.060157418010101014,0.003164443872125902,0.053877457378812,0.10522410282965655,0.011987852908880443,0,0
2025-11-27 15:29:24.104971,0,12.916354243089973,80.09611970626644,0.14747836402243106,-0.13398852528751748,0.08519126146126976,-0.06589824578407236,0.04247791448619614,0,0
2025-11-27 15:29:25.104971,0,12.916354327296796,80.09611955118415,0.019262681122540225,-0.2913477290478906,-0.10479072533940816,0.027805477955546193,0.010515100433615221,0,0
2025-11-27 15:29:26.104971,0,12.916355167823479,80.09611819276692,0.17459142057431962,0.07890266956188827,-0.13057756587715333,0.07903749572152391,0.01518265323107396,0,0
2025-11-27 15:29:27.104971,0,12.916355567947344,80.09611757262216,0.0806980213305293,0.085515414420285,0.25575212208105447,0.061167782943309344,0.0030078757295241526,0,0
2025-11-27 15:29:28.104971,0,12.916356784081982,80.09611575449685,0.23926773019115644,0.3600286232259287,-0.045120496832539325,0.042999339818619614,0.006835119515543189,0,0
2025-11-27 15:29:29.104971,0,12.916357292949433,80.09611507350951,0.09310858767707213,-0.12370345650067079,0.24224652283667225,0.029055684762880108,0.037523416784317726,0,0
2025-11-27 15:29:30.104971,0,12.916357988597861,80.09611403685548,0.13656604472454034,0.01121306494156886,0.14956406332418007,0.04751975595030986,0.019008476763721006,0,0
2025-11-27 15:29:31.104971,0,12.916358008269517,80.0961140118574,0.0034861619724301904,-0.19051307213112945,0.06118151735629821,0.06550322314912779,0.011538073113248061,0,0
2025-11-27 15:29:32.104971,0,12.916358129568696,80.0961138549087,0.021734066338367664,0.2317648386134808,0.0678797154539227,-0.03235432747980889,0.01796829342696716,0,0
2025-11-27 15:29:33.104971,0,12.916358831955622,80.09611304355822,0.11774806692200544,0.03620023280035875,-0.21006293404961515,-0.03437967010243405,0.009838383430130115,0,0
2025-11-27 15:29:34.104971,0,12.916359734527315,80.09611209314603,0.14398165041513705,-0.2033892730136557,0.031016216975162464,-0.0872407022042157,0.026404664140412842,0,0
2025-11-27 15:29:35.104971,0,12.916360784978872,80.09611083196484,0.18000616443579112,-0.030935802734204633,0.21255306194724397,-0.030343839357362127,0.03662917531708708,0,0
2025-11-27 15:29:36.104971,0,12.916361314214479,80.09611023577571,0.08749877361279097,0.09234878021408603,0.10220092547784135,0.05574563998663176,0.02358880241442574,0,0
2025-11-27 15:29:37.104971,0,12.916362603413273,80.0961088419781,0.20849456583796275,0.13632365025469778,0.023150503059661546,-0.04401807398071196,0.009383513042094097,0,0
2025-11-27 15:29:38.104971,0,12.916364202148953,80.09610712010904,0.25803671915676135,0.22190970851419498,0.2567905793725545,0.044186015768068056,0.03426269058181755,0,0
2025-11-27 15:29:39.104971,0,12.9163656426329,80.09610555014422,0.23395529666800494,-0.41268681018426506,-0.027756108399120596,-0.03077695071463368,0.02707744748330826,0,0
2025-11-27 15:29:40.104971,0,12.916365715393265,80.09610546998117,0.011885647604507143,-0.21345012424831644,-0.09293335125325265,-0.0018047852902347977,0.0022907969050523576,0,0
2025-11-27 15:29:41.104971,0,12.916366645069752,80.09610454521857,0.14415208417734868,0.13775416931958012,0.02307478741173855,0.0018816357441499218,0.024756326239469235,0,0
2025-11-27 15:29:42.104971,0,12.916366855099168,80.0961043509687,0.03147905352545246,-0.1808230853015095,0.1149701052167394,-0.07512620238437179,0.03188855317588734,0,0
2025-11-27 15:29:43.104971,0,12.91636734041472,80.09610390384042,0.07261350475875823,0.18035411209338711,-0.2576691143712391,-0.034447328631218285,0.011987500459075458,0,0
2025-11-27 15:29:44.104971,0,12.916369143748714,80.09610189921295,0.2959987779801439,-0.49888147042650466,0.04273029652356261,0.05429622724114258,0.00010487399436366332,0,0
2025-11-27 15:29:45.104971,0,12.916369412829459,80.09610161814008,0.042748662870453966,0.47002314849020793,0.12155175233044652,0.03513316409684567,0.0009396118752948411,0,0
2025-11-27 15:29:46.104971,0,12.916370397525634,80.09610067902504,0.14966644603540682,0.017405322401023646,-0.04044624379452914,0.0024709244625623905,0.009001309429584874,0,0
2025-11-27 15:29:47.104971,0,12.91637176828081,80.09609970782292,0.1854467202954357,0.26932777456156776,0.16604471494539624,0.1450723809324466,0.012456998646949975,0,0
2025-11-27 15:29:48.104971,0,12.91637339507448,80.09609871457914,0.21073949116323118,-0.07615562274137896,0.09617799936166052,-0.10711855928183021,0.02135240858765189,0,0
2025-11-27 15:29:49.104971,0,12.9163745900883,80.09609777061094,0.16789460504607423,-0.020964412722560666,0.3212074677766616,-0.11765217349309928,0.00284758970042587,0,0
2025-11-27 15:29:50.104971,0,12.91637461103083,80.09609775423597,0.0029312542257550977,0.26340582298261617,-0.11259043463718227,0.04745304845164485,0.0024059126342379773,0,0
2025-11-27 15:29:51.104971,0,12.916375366796597,80.0960972921824,0.09793839247319756,0.30935232323650624,0.1246064775744134,0.08263756183647393,0.01028877668117498,0,0
2025-11-27 15:29:52.104971,0,12.91637659236767,80.09609660816697,0.15531349301541342,-0.07668021730191871,-0.15259858616961072,-0.02051892285222759,0.014232297561777796,0,0
2025-11-27 15:29:53.104971,0,12.916376802664972,80.09609649650618,0.026359949743450007,-0.05211357190506809,-0.2423049676915089,0.02474062671184085,0.022492841836757385,0,0
2025-11-27 15:29:54.104971,0,12.916377665057809,80.09609610031175,0.10518807936275422,0.19251380348363706,-0.3053296264226809,0.044487049800649395,0.030682283414712446,0,0
2025-11-27 15:29:55.104971,0,12.916377745231117,80.09609605954684,0.009960932637409969,0.4258416157489362,0.08074860335953898,0.03807599680062098,0.025553536437970183,0,0
2025-11-27 15:29:56.104971,0,12.916377937708157,80.09609596896242,0.023573549146506223,0.09301455999134264,0.027637187091615383,0.06972377578974882,0.006646280239591833,0,0
2025-11-27 15:29:57.104971,0,12.916378902827464,80.09609549575391,0.11907698286047881,0.39953331664153424,-0.07185765860426306,0.08698575711351429,0.014969730731131073,0,0
2025-11-27 15:29:58.104971,0,12.916379225335534,80.09609533712327,0.0398147262129181,-0.02269024627504692,-0.26602565009244195,0.0659046422978661,0.03102303951045046,0,0
2025-11-27 15:29:59.104971,0,12.916380637033479,80.09609473329559,0.17026225447846743,0.27390445496609117,-0.10355799392080142,-0.013923710264550053,0.0023134926858571735,0,0
2025-11-27 15:30:00.104971,0,12.91638230748777,80.09609389860559,0.20683949074117972,0.255188030076586,0.0006139511513184397,0.05431530158488598,0.02358594368127653,0,0
2025-11-27 15:30:01.104971,0,12.916384317194584,80.09609309342049,0.24017600973272485,-0.15538930950442303,0.11897540501896468,0.0505159449687825,0.001350369628202179,0,0
2025-11-27 15:30:02.104971,0,12.91638481424082,80.09609287849987,0.06004507327344302,-0.2443812333878303,-0.0024803625371438475,0.020224283785242565,0.041214958497639745,0,0
2025-11-27 15:30:03.104971,0,12.91638523297649,80.0960927056698,0.05024477467772093,0.2147404771229091,0.037809051405791674,-0.026948351522461396,0.03510681684886409,0,0
2025-11-27 15:30:04.104971,0,12.916385484159006,80.09609257460984,0.031370352100320076,-0.03596923735592632,-0.05641985714612037,-0.06698660485281782,0.0049792829695814705,0,0
2025-11-27 15:30:05.104971,0,12.916387046520235,80.09609184866723,0.190929074863091,-0.08858379961220544,0.26238363037907314,0.016652796442303747,0.01943141901908711,0,0
2025-11-27 15:30:06.104971,0,12.91638884496971,80.09609120763861,0.21194271794607034,-0.22751851606751858,-0.15273744664923417,0.02441941022926977,0.01290751899170295,0,0
2025-11-27 15:30:07.104971,0,12.916388924432175,80.09609117632662,0.009475843447692612,-0.07266218972156403,-0.10488573259276915,-0.04360113365926082,0.027372631150646975,0,0
2025-11-27 15:30:08.104971,0,12.91639121091332,80.09609008208265,0.28086367387310696,0.1743811917490101,-0.07385371109902696,-0.060117646955426415,0.01929846921160209,0,0
2025-11-27 15:30:09.104971,0,12.91639133885589,80.09609002362217,0.015591385095441723,0.04377114801384466,0.08140565969650859,0.07560441731731232,0.013721029199968787,0,0
2025-11-27 15:30:10.104971,0,12.916392720029108,80.09608954206855,0.16238890059032113,0.2416950343214948,-0.15582896846803207,0.10419393219992491,0.021168489736991754,0,0
2025-11-27 15:30:11.104971,0,12.916394465831642,80.09608874503134,0.21271815583527492,0.1337268804863688,0.020357788582199794,-0.16752081986018277,0.03517478972846229,0,0
2025-11-27 15:30:12.104971,0,12.916396538813476,80.0960876155607,0.26129073712382567,-0.11801407054710106,0.0247365215139836,-0.019912258466630948,0.023665170253315503,0,0
2025-11-27 15:30:13.104971,0,12.916398211954142,80.09608664016015,0.21422607963972834,0.1290344150802104,-0.104153695610007,-0.04333937816746089,0.04078464355520201,0,0
2025-11-27 15:30:14.104971,0,12.916400032950532,80.09608544721368,0.24051842492093753,0.18029525438261754,0.04949691914352853,-0.02891172214409282,0.005388136688891155,0,0
2025-11-27 15:30:15.104971,0,12.91640077767265,80.09608490219311,0.10183505776284181,0.11886519782536989,-0.15117208481061467,-0.1129971134041999,0.014350845115919247,0,0
2025-11-27 15:30:16.104971,0,12.916402382559559,80.09608336461001,0.24444753412395365,0.05103087940145045,-0.1675611213692619,-0.054585964263189,0.030047141041920564,0,0
2025-11-27 15:30:17.104971,0,12.916402545699246,80.09608321952614,0.024034453915402543,-0.141412169967033,0.014940863478216096,0.03562201076992284,0.0014818956083955037,0,0
2025-11-27 15:30:18.104971,0,12.916404401036534,80.09608163920682,0.26844499681815825,0.11248504526025474,-0.2489633378217094,-0.05781139739900848,0.03257231091142584,0,0
2025-11-27 15:30:19.104971,0,12.916405429534906,80.0960805535217,0.16427771284612086,-0.1756760988044454,-0.32172040538253566,-0.0836188325818879,0.02760202916429783,0,0
2025-11-27 15:30:20.104971,0,12.916407102584994,80.09607908387802,0.2451893309887481,-0.019096685361436206,0.07992499511952005,0.08689647607690351,0.0340676487871031,0,0
2025-11-27 15:30:21.104971,0,12.916408106929604,80.09607837521143,0.13569548535549003,-0.35411133905995856,0.15734549138867554,-0.04159900233118101,0.0011109539779323755,0,0
2025-11-27 15:30:22.104971,0,12.91640948800831,80.0960772988697,0.1930733085589575,-0.3153990241357467,-0.07002046780387938,0.045717466776414216,0.007681308978786145,0,0
2025-11-27 15:30:23.104971,0,12.916410677446562,80.09607650572516,0.15792079828083397,-0.025007764005584944,-0.10021059781466557,-0.07463030716604364,0.0006538949618818623,0,0
2025-11-27 15:30:24.104971,0,12.916412290769943,80.09607534309188,0.21947685652659957,-0.17640383620122652,0.15083028389618397,0.039121405005197,0.04134884200079753,0,0
2025-11-27 15:30:25.104971,0,12.91641247221016,80.09607521547643,0.024488994609176872,-0.07932817696988052,-0.17183073269983798,0.000911851154100779,0.0017824007902557681,0,0
2025-11-27 15:30:26.104971,0,12.91641260134344,80.09607511403222,0.01810562519716914,-0.002132728026090276,-0.20450589370817376,0.06497595214448358,0.026089390010097066,0,0
2025-11-27 15:30:27.104971,0,12.91641318109856,80.09607477791612,0.07413097020304393,0.020917046860424688,0.10614546355627313,-0.04795238566645736,0.01339345097660077,0,0
2025-11-27 15:30:28.104971,0,12.916413551424275,80.09607455379485,0.0478634040339565,0.2154235383586564,0.0013557279768460948,-0.02175711416017614,0.007331964921936966,0,0
2025-11-27 15:30:29.104971,0,12.916415584377189,80.09607334568395,0.2615350699776605,-0.08370339504543808,0.15973151089353568,0.0400384942186898,0.018797595726547104,0,0
2025-11-27 15:30:30.104971,0,12.916416082299603,80.0960730195214,0.06576419620741329,-0.028276508944933172,-0.32103988181669685,0.01093236468552368,0.010277338346733871,0,0
2025-11-27 15:30:31.104971,0,12.916418448881329,80.09607184281208,0.2927595767457394,0.3086565152145922,-0.21010109866778445,0.06384159368780784,0.021184270437779033,0,0
2025-11-27 15:30:32.104971,0,12.916419306986862,80.09607153855352,0.10106873753133205,-0.11844527565455941,0.002149808976623475,0.07867339371661708,0.0012535819454634375,0,0
2025-11-27 15:30:33.104971,0,12.916419784825313,80.09607142362194,0.054635374706609785,0.03207831238062808,0.06265105477256798,0.07787072993149931,0.019102846410024767,0,0
2025-11-27 15:30:34.104971,0,12.916421882260646,80.09607105382032,0.23690955214274373,0.08799101883646439,0.12704956315341875,-0.03214940530286019,0.019714520926710874,0,0
2025-11-27 15:30:35.104971,0,12.916423618636873,80.09607067515594,0.19761233265026282,-0.07599829320530713,0.02622266532131665,0.06807019689507893,0.010080930310356888,0,0
2025-11-27 15:30:36.104971,0,12.916424944635871,80.09607045919789,0.14945871493594168,-0.15741609227513167,0.024698273303785347,0.022553045244345173,0.010605152367448816,0,0
2025-11-27 15:30:37.104971,0,12.91642642268894,80.0960702177877,0.16660906528128935,-0.16645505816307535,-0.058410231454529775,0.013230809394722574,0.015857456645246883,0,0
2025-11-27 15:30:38.104971,0,12.916428355379994,80.09607006796348,0.21576053348167915,-0.20172258947095084,0.23863573573567765,0.011220453433750457,0.0021406071990911564,0,0
2025-11-27 15:30:39.104971,0,12.916428971041666,80.09607006461172,0.06853642239938962,0.21615365802182906,-0.16545351832057467,0.038882147490610204,0.020704846448387482,0,0
2025-11-27 15:30:40.104971,0,12.91643165324254,80.09606993766684,0.2989001748170226,-0.014030287821359816,0.05385302288339083,0.03246286082321008,0.011072986106943641,0,0
2025-11-27 15:30:41.104971,0,12.916434280007616,80.09606997392045,0.29243794864403494,-0.08288615482372605,-0.14817132518820297,0.0115931246590594,0.02395755785177697,0,0
2025-11-27 15:30:42.104971,0,12.916436029814687,80.0960700751033,0.19509770590408107,0.02385965034393378,0.08021678187075144,-0.17752375438215937,0.03929450265832778,0,0
2025-11-27 15:30:43.104971,0,12.916436563831223,80.0960700101768,0.059862735278743535,-0.05119285074954253,-0.15555263540816494,-0.04143377103468128,0.0007052710394345722,0,0
2025-11-27 15:30:44.104971,0,12.91643839280945,80.09606988307115,0.20406847272938738,0.10757065667623511,0.11157235477506872,0.002256732293027199,0.013994510159851712,0,0
2025-11-27 15:30:45.104971,0,12.916438586506295,80.09606986418287,0.021659522693752754,-0.4055949695199962,0.01681574202367756,-0.02459755103111793,0.00427959821468444,0,0
2025-11-27 15:30:46.104971,0,12.91643866817973,80.09606985148176,0.009195750661741818,0.0013193360214263823,0.26169587598880223,0.043531068833902245,0.0022465609938165966,0,0
2025-11-27 15:30:47.104971,0,12.91643934829912,80.09606970755576,0.0773048665533641,0.08057478749972825,-0.042152947090737844,-0.03208218625424014,0.00441939199066446,0,0
2025-11-27 15:30:48.104971,0,12.916440567145962,80.09606943852765,0.1387868870217949,0.09621618715420859,0.06374491743713179,-0.014859195214959375,0.012283334000868505,0,0
2025-11-27 15:30:49.104971,0,12.916442868537796,80.09606900460949,0.26048175162251413,-0.29090182261372804,-0.11694844206910644,-0.08518183645830793,0.015150154200946103,0,0
2025-11-27 15:30:50.104971,0,12.91644475848647,80.09606847311046,0.2181507209298924,0.221787631654901,-0.04318395096619417,-0.05255409847605066,0.01061002295221055,0,0
2025-11-27 15:30:51.104971,0,12.916446694992265,80.09606795391517,0.22281195635999432,-0.2161859492920183,0.015862421916652922,0.03211250219274013,0.0115163648128936,0,0
2025-11-27 15:30:52.104971,0,12.916447814184261,80.0960676979017,0.1276480003344226,0.007491695754540784,-0.2290829883707061,0.07927511379032116,0.005501033943032881,0,0
2025-11-27 15:30:53.104971,0,12.916448741572097,80.09606760013142,0.10378049776408887,-0.0065753291900548134,-0.2126435901277158,0.11083840146892998,0.046038423294711694,0,0
2025-11-27 15:30:54.104971,0,12.91644972707341,80.0960674265251,0.11131162889538081,0.29699909044049977,0.08997889497534677,-0.01985433176086916,0.030303821243971046,0,0
2025-11-27 15:30:55.104971,0,12.916452339803158,80.09606690541058,0.2962948691208173,0.38785833013902327,-0.02191302322975194,-0.009503049623829345,0.027337485348890495,0,0
2025-11-27 15:30:56.104971,0,12.916452446232872,80.09606688604013,0.012032757423744744,-0.2761656070506086,-0.08893897995720328,0.008939283009626965,0.032899354270025674,0,0
2025-11-27 15:30:57.104971,0,12.916454770324258,80.09606663841298,0.26010944883673454,-0.04899784368051313,-0.11054792706251335,0.03982309031170992,0.004980720791127566,0,0
2025-11-27 15:30:58.104971,0,12.916456318110075,80.0960664427554,0.17360262257171802,-0.0264439127721183,-0.10477331935855405,-0.017251453735133652,0.011531139261115328,0,0
2025-11-27 15:30:59.104971,0,12.916457498828027,80.09606638543123,0.13158462575687713,-0.1990833257341469,0.01688260725123429,-0.014216048945587418,0.006225003090870722,0,0
2025-11-27 15:31:00.104971,0,12.91645942549828,80.09606604813936,0.21757729812454094,0.16364454992641891,0.06675537961742846,-0.07586843062161691,0.06157761616910475,0,0
2025-11-27 15:31:01.104971,0,12.916460696987278,80.09606571816722,0.14600068242741085,0.19089936108139033,-0.3138160844437836,-0.03924472078882977,0.022391498228691537,0,0
2025-11-27 15:31:02.104971,0,12.916462991021376,80.09606517738779,0.26202697142449816,0.1739947535869908,0.2119251085154838,-0.06488369588147067,0.002558351829615331,0,0
2025-11-27 15:31:03.104971,0,12.9164652992904,80.09606440705433,0.27021055920337755,-0.020438996505991305,0.20125511444129887,-0.19048428094119957,0.019110808812008516,0,0
2025-11-27 15:31:04.104971,0,12.916466351191435,80.09606396561017,0.1265162780620366,0.18036064557752512,-0.34959821453203493,0.0037141573390420124,0.03212892640515145,0,0
2025-11-27 15:31:05.104971,0,12.916467031940055,80.09606365250865,0.08304833917051548,-0.2055306860757864,0.1628890044484196,0.027819891014721775,0.004069272717344462,0,0
2025-11-27 15:31:06.104971,0,12.916468518522755,80.09606305573276,0.17770509857800867,0.10838397132575661,0.15828282769965638,-0.013947157392961373,0.015127014905686067,0,0
2025-11-27 15:31:07.104971,0,12.916470685510681,80.09606186390032,0.2737090036850073,-0.2050137946841987,6.682412813176748e-05,-0.13228102812314269,0.028445074191953485,0,0
2025-11-27 15:31:08.104971,0,12.916471188703797,80.09606159421762,0.06319865670169997,0.13457375220505252,-0.19457529328273146,0.10679353529986406,0.01293145768485053,0,0
2025-11-27 15:31:09.104971,0,12.916472724023038,80.09606089740511,0.18688997506904484,-0.3035335282382585,0.15228421374976084,0.0030662918005502256,0.0216309600722879,0,0
2025-11-27 15:31:10.104971,0,12.91647427197058,80.09606017147486,0.18946806602775615,0.010905192709173764,-0.03618465994460271,-0.03215129287860136,0.03374283270145129,0,0
2025-11-27 15:31:11.104971,0,12.91647604930717,80.09605928632838,0.2199339067245843,-0.00795114283079941,0.08233182657284345,-0.05242946907094524,0.01763279513898901,0,0
2025-11-27 15:31:12.104971,0,12.91647637208261,80.09605913578642,0.03947030553817794,-0.19209163565473378,0.33288019079426673,-0.08276061618892958,0.00015945282633234744,0,0
2025-11-27 15:31:13.104971,0,12.916478118453634,80.09605829504088,0.21474748940462657,-0.008618281113556142,0.03777551259354282,0.09551580784278901,0.02959888277780052,0,0
2025-11-27 15:31:14.104971,0,12.9164804185367,80.0960574299658,0.2727097561996923,-0.07734548209735585,-0.13753270375778429,0.07309763790526619,0.0015473661529523662,0,0
2025-11-27 15:31:15.104971,0,12.916480860442473,80.09605722684378,0.05390493266107259,0.09029589652703077,-0.05035964923795825,-0.044814926092597684,0.017225684026565272,0,0
2025-11-27 15:31:16.104971,0,12.91648144379502,80.09605695637057,0.07126299747716329,-0.08781704794170114,-0.11841680403614814,-0.02912984942979234,0.030462481545393147,0,0
2025-11-27 15:31:17.104971,0,12.916483843054989,80.09605588203364,0.29141852821249187,-0.18017494390709538,0.06502345761727837,-0.024279865101534168,0.010778200873693173,0,0
2025-11-27 15:31:18.104971,0,12.91648428528677,80.09605567103121,0.054293085812846927,0.2075660541072597,-0.1209101338124707,-0.11957423939506771,0.02074492308652913,0,0
2025-11-27 15:31:19.104971,0,12.916486164936995,80.09605430675408,0.2563155280108737,-0.00789994442318527,-0.07092771335244648,-0.1552519680827878,0.003806773561672164,0,0
2025-11-27 15:31:20.104971,0,12.916487240148314,80.09605350949529,0.14768335693441043,-0.24658091081395583,-0.19266455616113995,0.008612156547417114,0.017512365067695143,0,0
2025-11-27 15:31:21.104971,0,12.916487801338913,80.09605314105339,0.07416932232095311,0.07222292482992584,-0.019813050827871524,0.06421488782701233,0.027655994619286722,0,0
2025-11-27 15:33:04.104971,1,12.90051479985069,80.09818303713443,0.29021709268279383,0.3538619854093144,0.05908475460611156,-0.07503608861000093,0.007570062121176465,0,0
2025-11-27 15:33:05.104971,1,12.900515741110741,80.09818295728066,0.10513873575248826,-0.2267275322929895,-0.19661725836874203,-0.06234616231278098,0.010698311975511415,0,0
2025-11-27 15:33:06.104971,1,12.900517490254849,80.09818293929982,0.19472449717816293,-0.1463431798923947,0.19933027742347406,-0.06869300586401406,0.017161466921432503,0,0
2025-11-27 15:33:07.104971,1,12.900518114459189,80.09818286370874,0.06996887136989634,0.29936323803357573,-0.1461603769130126,-0.13414721078008066,0.00826019964629454,0,0
2025-11-27 15:33:08.104971,1,12.900518897153626,80.0981827342748,0.08825427370471989,-0.11846802852850222,0.08140339532607181,0.021079058217641077,0.009963771689745658,0,0
2025-11-27 15:33:09.104971,1,12.900521044358957,80.0981824245331,0.24137833068528652,0.023571415712610604,-0.01075473520546741,0.007655206453541383,0.04020398495143972,0,0
2025-11-27 15:33:10.104971,1,12.900522481461755,80.09818223505594,0.1612940580083956,-0.14194475471809684,0.07466506478689663,0.02229662340989834,0.02525723089035309,0,0
2025-11-27 15:33:11.104971,1,12.90052250320337,80.09818223156093,0.002449809270885461,-0.1291622815571164,-0.17960883165453959,-0.09131668444751209,0.008784297137352681,0,0
2025-11-27 15:33:12.104971,1,12.900523990532399,80.0981819901617,0.1676287228559113,-0.06187838541413347,-0.02000016195044361,-0.0208500435614788,0.006928757859773013,0,0
2025-11-27 15:33:13.104971,1,12.900525525303598,80.0981817304818,0.17315879090348332,-0.18847488730351306,-0.027416133781895724,0.018875851874053322,0.009106393191144934,0,0
2025-11-27 15:33:14.104971,1,12.900526973362766,80.0981815376815,0.1625498623541719,-0.10490913559105029,0.06255399474978031,-0.020356182003405457,0.033373254140272646,0,0
2025-11-27 15:33:15.104971,1,12.900527577645965,80.09818147611126,0.0675997630617324,-0.16355562647880806,0.10356378307818141,0.04351966627810577,0.017241709900196255,0,0
2025-11-27 15:33:16.104971,1,12.900527751299999,80.09818146030445,0.019407110392161187,-0.12760791543652575,-0.27308045085958094,-0.02247960950883415,0.00985821696247483,0,0
2025-11-27 15:33:17.104971,1,12.900528598161133,80.0981814086844,0.0944388383159883,-0.23648763937198602,-0.07298870480260504,0.06286492610687905,0.0024862679229097203,0,0
2025-11-27 15:33:18.104971,1,12.900530047603166,80.09818134587164,0.16149577997428435,0.3943334469484478,0.06170243514503884,0.06495939027747019,0.038702725748006844,0,0
2025-11-27 15:33:19.104971,1,12.900531733345105,80.0981813058436,0.18770705211560085,0.06341181512829314,-0.20929536898758538,0.04703198907593961,0.01236885309968777,0,0
2025-11-27 15:33:20.104971,1,12.900532308397661,80.09818130902657,0.0640157823305308,0.07875784060261072,-0.1305586878309906,0.030608229264326457,0.020936779724301146,0,0
2025-11-27 15:33:21.104971,1,12.900534225997461,80.09818130191124,0.2134686060738291,0.1694511174131846,0.0630334202142414,-0.07344846508687922,0.01779235177320405,0,0
2025-11-27 15:33:22.104971,1,12.900534349673032,80.0981813004791,0.013768441569906342,-0.24405141148470594,0.0779405923281005,0.02977898674134559,0.00028081074394256704,0,0
2025-11-27 15:33:23.104971,1,12.900535284122611,80.09818135129545,0.10416897129350457,0.08212262535699884,0.01079429044549207,0.10991523564734111,0.0032165937233156767,0,0
2025-11-27 15:33:24.104971,1,12.900536704916956,80.09818137090345,0.15817713679245446,0.38010165290540965,0.013063627691432284,-0.1837585706762624,0.04460719297663877,0,0
2025-11-27 15:33:25.104971,1,12.90053893305417,80.09818124007391,0.24844216574955763,0.3300809754409323,0.045444303329974414,0.020398009535342442,0.007982314370510472,0,0
2025-11-27 15:33:26.104971,1,12.900540991842357,80.09818119432103,0.2292380675720123,-0.07361217071673748,-0.012863721459255167,0.023939018783053656,0.001088891267291437,0,0
2025-11-27 15:33:27.104971,1,12.900542678863678,80.09818121063829,0.18780755993433104,0.12258992956916033,0.00828384714711664,0.05860695152271551,0.01768363630390238,0,0
2025-11-27 15:33:28.104971,1,12.900543745117846,80.09818129670909,0.11906228883634123,0.0408803364755145,0.05263427860551429,0.08485004602057836,0.0021596112268586778,0,0
2025-11-27 15:33:29.104971,1,12.90054628899811,80.09818151554796,0.284178618984299,0.07303192705722707,-0.045367893836996145,0.05850887855997559,0.011112139685036404,0,0
2025-11-27 15:33:30.104971,1,12.900546615477253,80.09818154838251,0.03651788101970974,0.03504018282083207,0.035031687035820915,0.030726016019848992,0.007898132719003538,0,0
2025-11-27 15:33:31.104971,1,12.900549132139867,80.09818176033339,0.2810973214602662,-0.398021750074851,0.2153933239122153,-0.0032098035664871877,0.016744100452945953,0,0
2025-11-27 15:33:32.104971,1,12.900550850612754,80.09818174267774,0.19130999469489693,0.3091605771747247,-0.31409304932503596,0.0030554767110558753,0.028157563407931546,0,0
2025-11-27 15:33:33.104971,1,12.900552769909073,80.09818169891362,0.2137088350758525,0.10472490030272733,0.11746791564092066,0.0437307216059985,0.016156988272698045,0,0
2025-11-27 15:33:34.104971,1,12.900553936104643,80.09818173240512,0.12987174797002923,-0.1697238501132335,-0.2638840005582616,0.05152627718838175,0.0027656728928202,0,0
2025-11-27 15:33:35.104971,1,12.900555310806832,80.09818179105326,0.15316411417492307,-0.017926768954675598,-0.17130003405870828,-0.004103786108232907,0.0037435717066799153,0,0
2025-11-27 15:33:36.104971,1,12.900556979872858,80.0981819704363,0.18681724133189062,-0.03158736184105361,0.24659344150407322,0.10359117286660764,0.007733162710267967,0,0
2025-11-27 15:33:37.104971,1,12.900557994220966,80.0981821217314,0.11410443017318252,0.19254967104872617,-0.07995706608076687,0.034766370759613446,0.03318097459583985,0,0
2025-11-27 15:33:38.104971,1,12.900559776740334,80.09818237055032,0.200258468225454,0.20064191276939797,0.029874027491026946,0.11794795714817581,0.04094138262185045,0,0
2025-11-27 15:33:39.104971,1,12.900560026730044,80.0981824450105,0.028978034827335273,0.20967003107895843,0.06799764757670017,0.12085351273847707,0.027986339726123487,0,0
2025-11-27 15:33:40.104971,1,12.900561359928467,80.098182999024,0.16012483997267518,0.17039259608508578,0.093581655796088,0.09679345738373063,0.013580142424043838,0,0
2025-11-27 15:33:41.104971,1,12.900561607598709,80.0981830945335,0.029454171036801768,-0.23202513415579717,-0.22151514276423212,-0.09098618411005073,0.030579702691919185,0,0
2025-11-27 15:33:42.104971,1,12.900562702874284,80.09818351119378,0.1300387753015668,0.2823443720897056,-0.012939150628273636,0.05008187267932186,0.02442431926506937,0,0
2025-11-27 15:33:43.104971,1,12.90056504825093,80.09818467469344,0.2900104355016223,0.04917574099724491,-0.09912415389621915,0.1938799911134741,0.020299770335653968,0,0
2025-11-27 15:33:44.104971,1,12.900565346562676,80.09818487292314,0.03956580754594918,-0.02928520161703098,0.06691694106224391,0.07847058998346787,0.016562599646994025,0,0
2025-11-27 15:33:45.104971,1,12.900567233176288,80.09818646364488,0.2718483679216864,0.01356961719437461,0.021575572316349788,-0.05240145838243379,0.04532585416420383,0,0
2025-11-27 15:33:46.104971,1,12.900567981178495,80.09818700147552,0.10168282205665771,0.1102413263670524,0.1925259477082537,0.048387544258545065,0.011899113402668578,0,0
2025-11-27 15:33:47.104971,1,12.900568827092979,80.09818764938044,0.11751661277131184,0.16423276471638798,-0.08066378372731452,0.04384016526136336,0.011625390750568319,0,0
2025-11-27 15:33:48.104971,1,12.900569536543617,80.0981883203757,0.10741734719184172,0.07647657195310323,0.04356824857717985,0.09498090702901868,0.013117882923677333,0,0
2025-11-27 15:33:49.104971,1,12.900571261834827,80.09818996050137,0.26184015466568594,-0.39362722366988173,-0.10884053256001319,0.1323733267263319,0.018502977067137466,0,0
2025-11-27 15:33:50.104971,1,12.900571749430895,80.09819053279675,0.0824780349618133,-0.40523722840308096,0.07470490342313399,0.12156233143761079,0.02598322688501707,0,0
2025-11-27 15:33:51.104971,1,12.90057255692637,80.09819148382536,0.13685671107327657,-0.228501629836358,0.15403315425795952,0.004573225897230948,0.020223337344215234,0,0
2025-11-27 15:33:52.104971,1,12.900573771406897,80.09819302212385,0.2148036155062217,-0.07066810439851928,-0.0562413415432682,0.08700778519056418,0.005768803655333469,0,0
2025-11-27 15:33:53.104971,1,12.90057381757394,80.0981930776234,0.007917087050721038,0.05030070287941513,-0.28734881037729804,-0.03293314717070611,0.02135426130710612,0,0
2025-11-27 15:33:54.104971,1,12.900574641833572,80.09819401949768,0.1373488815193996,0.23597479207712563,0.03639422270777861,0.05953755474556366,0.021552017951127277,0,0
2025-11-27 15:33:55.104971,1,12.900575800817556,80.09819524092836,0.1849646061029074,0.23753230219827492,-0.30091510490469703,0.11420160494321427,0.015935475260388247,0,0
2025-11-27 15:33:56.104971,1,12.900575912473291,80.09819535938541,0.01788052020087394,0.13134132221967731,0.03178220214133373,-0.10406465008475003,0.029720851637207734,0,0
2025-11-27 15:33:57.104971,1,12.900577581770749,80.09819697074946,0.255154256312003,-0.27651746767796154,-0.06203420590581809,0.08936688617471165,0.010282575313471128,0,0
2025-11-27 15:33:58.104971,1,12.900578116320641,80.0981975917068,0.08989475368316406,0.30167728641324565,0.044641719162103376,0.0038210643188927654,0.017035817288861405,0,0
2025-11-27 15:33:59.104971,1,12.90057980714823,80.09819948843354,0.2789038329552601,0.4476445691041235,0.1484920375780903,-0.058905284341378955,0.019173468745468596,0,0
2025-11-27 15:34:00.104971,1,12.90058045955931,80.09820025316505,0.11027451067669264,0.1877294444275734,-0.14119500246849934,0.06888018046009087,0.012529680982539676,0,0
2025-11-27 15:34:01.104971,1,12.90058169150272,80.0982016579051,0.20504108279114455,0.20039352866514465,-0.2620762110789043,0.08422934254592958,0.006158620257510714,0,0
2025-11-27 15:34:02.104971,1,12.900582941393061,80.09820333831337,0.22936373081367278,0.3423652439399658,0.016254685763670597,-0.0730600450334319,0.00010411369871106103,0,0
2025-11-27 15:34:03.104971,1,12.900584096743604,80.09820493786819,0.21602619084360872,-0.19436260466576605,0.28320617425501327,-0.01793843674151835,0.013830638152850488,0,0
2025-11-27 15:34:04.104971,1,12.900584318526745,80.09820527830176,0.044431330972302376,0.15196659502042598,-0.16933983705953182,0.0002707675270159221,0.008897243181546234,0,0
2025-11-27 15:34:05.104971,1,12.900584889698816,80.09820618938598,0.1175434465390991,0.17547655103182058,-0.20490823743206052,0.018982287031676787,0.0018055906498208915,0,0
2025-11-27 15:34:06.104971,1,12.90058603970449,80.09820844933236,0.27663180993114816,-0.041055526789290586,-0.06279336684795064,0.040477070853213844,0.037166857986802214,0,0
2025-11-27 15:34:07.104971,1,12.900586411488476,80.09820917321295,0.08878478457949741,-0.5002031839311933,-0.13169070668270175,-0.0831849560404217,0.0033316008783766332,0,0
2025-11-27 15:34:08.104971,1,12.900587917038674,80.09821145390015,0.2988884477397061,-0.16183016264445574,0.02763638040479543,0.009595009982167772,0.0022175296027490926,0,0
2025-11-27 15:34:09.104971,1,12.90058909165185,80.09821334351307,0.24318710439006022,0.08790656279530366,0.010542374338959841,0.047187978252217794,0.013895452880219868,0,0
2025-11-27 15:34:10.104971,1,12.900590360300383,80.09821547654653,0.27113943060830525,0.13729050913092206,-0.189928735499314,0.01986991770765806,0.005383511318779616,0,0
2025-11-27 15:34:11.104971,1,12.900591040435662,80.09821658686039,0.14229520950566332,-0.059877675728668825,0.29544939477549526,0.04870804047657394,0.025984503000215615,0,0
2025-11-27 15:34:12.104971,1,12.900592195583734,80.09821839563286,0.23464372398078234,0.08441426127374946,-0.16143919109939103,0.06568660800788055,0.0064221089420517866,0,0
2025-11-27 15:34:13.104971,1,12.900592450067697,80.09821879486653,0.051761408120575766,-0.14122734238993312,-0.01911925718991832,-0.044708859423489386,0.010117374843209292,0,0
2025-11-27 15:34:14.104971,1,12.900592778915744,80.0982193193466,0.06766838586723799,0.07023892135206608,0.004120175460407587,-0.03306896898208116,0.04178119142407929,0,0
2025-11-27 15:34:15.104971,1,12.900593957063489,80.09822148186286,0.2688190602552963,-0.07109685511857555,0.08065057304871819,0.0149511571108954,0.02025418509600556,0,0
2025-11-27 15:34:16.104971,1,12.900594843798928,80.09822305973478,0.19763243178505743,-0.03539291255835606,-0.0904083675952344,0.09022149407560003,0.00047948140539301535,0,0
2025-11-27 15:34:17.104971,1,12.900595761372134,80.09822491106227,0.22536503203236877,0.17289387754324348,-0.08348597989284316,-0.10591761015222939,0.01922938100077081,0,0
2025-11-27 15:34:18.104971,1,12.900597243941434,80.09822721687875,0.2997339009569921,0.16197834588494164,-0.018851152467947777,-0.06581629653770893,0.0018513237793318458,0,0
2025-11-27 15:34:19.104971,1,12.900598497036976,80.09822924794081,0.2608273494948712,0.03126380973299582,0.21334770790952978,-0.038441689869803265,0.0044746416226638846,0,0
2025-11-27 15:34:20.104971,1,12.900599209347739,80.09823019581809,0.12987156662619068,-0.15969858059389774,-0.016268411896084935,0.005150150158194311,0.01665784324198664,0,0
2025-11-27 15:34:21.104971,1,12.900599883843915,80.09823119078705,0.13150676268672964,-0.05552961245391941,0.14606706189840543,0.13749336077528884,0.01948239156780813,0,0
2025-11-27 15:34:22.104971,1,12.900600645538029,80.09823281187697,0.1952745225234246,0.03734742384366658,-0.14380251271131564,0.11378927360885523,0.0032563631539620085,0,0
2025-11-27 15:34:23.104971,1,12.900601631156523,80.09823458290069,0.22128977446922604,-0.13955836288729653,0.05545854620253988,-0.0556285105740284,0.0022898404020867077,0,0
2025-11-27 15:34:24.104971,1,12.900602316364795,80.09823613571885,0.18495767967211807,-0.18930314401417386,0.03283629430062578,0.046150899844610946,0.02372936865233291,0,0
2025-11-27 15:34:25.104971,1,12.90060256992416,80.09823664679624,0.06222708819830475,0.015701104217152123,0.045185967453790145,0.016832303394826643,0.0035958330172635704,0,0
2025-11-27 15:34:26.104971,1,12.900603024761427,80.09823756089554,0.11136482591159542,7.075404340700642e-05,0.3301751680847663,0.01714883838070045,0.03032883235266971,0,0
2025-11-27 15:34:27.104971,1,12.900604010757597,80.09823984087409,0.27065607102199213,-0.05788189386897429,0.10283241050895577,0.014059341055967421,0.03268064039256236,0,0
2025-11-27 15:34:28.104971,1,12.900604245370415,80.09824031668799,0.05786041622455914,-0.20908841293658445,-0.04976465918711308,0.0008919851779758681,0.03563941801991531,0,0
2025-11-27 15:34:29.104971,1,12.90060514567447,80.09824217291494,0.2249761131604232,0.20013227687093366,-0.21092270374189828,-0.06208731238250188,0.012354554017743755,0,0
2025-11-27 15:34:30.104971,1,12.900606306724457,80.09824422017438,0.25701173245918624,0.04818275594570813,0.12838817312762846,-0.05013251279890673,0.021727985857175135,0,0
2025-11-27 15:34:31.104971,1,12.900607220322165,80.09824612414904,0.23027606692125757,-0.018864866398168617,0.1459491216218882,0.04762087171678947,0.0008950665600942301,0,0
2025-11-27 15:34:32.104971,1,12.900607443210552,80.0982465668966,0.05407148780341341,-0.1783213676748473,-0.07932186109488941,-0.07156220293908654,0.023274048394965132,0,0
2025-11-27 15:34:33.104971,1,12.900607857742983,80.09824733392085,0.09516645729205643,0.3493265673116075,-0.2970238402658713,-0.010860867083260839,0.011378789900084377,0,0
2025-11-27 15:34:34.104971,1,12.900609146394048,80.0982495874839,0.28350627924446686,0.0646916255600654,0.15885422015981746,-0.05243518458096348,0.009252877110808527,0,0
2025-11-27 15:34:35.104971,1,12.900609623874484,80.09825032416023,0.09599562886587949,0.05811420800127268,-0.0001084904415087976,0.0046318348556478595,0.005747102096650549,0,0
2025-11-27 15:34:36.104971,1,12.90061100645106,80.09825240408777,0.2731762911420343,0.2238116063807732,0.047697965256395906,-0.07006819911791656,0.019546774216765747,0,0
2025-11-27 15:34:37.104971,1,12.900612374157765,80.09825399002924,0.22977436335072116,0.43375050984987906,-0.18574724998019265,-0.04813970556007068,0.004448725168718672,0,0
2025-11-27 15:34:38.104971,1,12.900613830518004,80.09825614653604,0.2846769048797855,-0.44830598062668336,0.021387023012555472,0.16282843584476975,0.0019386353576039113,0,0
2025-11-27 15:34:39.104971,1,12.900614411006854,80.09825709661824,0.12167184473243382,-0.014430660392444915,0.0030850116775923485,0.013440588192545745,0.003767686977609592,0,0
2025-11-27 15:34:40.104971,1,12.900615155231803,80.09825832123563,0.1565939399475591,-0.1301109746587465,0.07696320024030903,0.005419711481888627,0.03183204316745889,0,0
2025-11-27 15:34:41.104971,1,12.900615208193852,80.09825839158661,0.009645442700713358,-0.23068852854104122,-0.13906234889189828,-0.037225987865062544,0.011716216545495636,0,0
2025-11-27 15:34:42.104971,1,12.900615441677001,80.09825872531067,0.04457457124353842,-0.24259253167742412,0.20951125567064724,0.06564748969358872,0.004073507840300831,0,0
2025-11-27 15:34:43.104971,1,12.900616324310464,80.0982600437525,0.17355521718240285,0.411974073372618,-0.13125720294156526,-0.07175949395866627,0.03713041400797149,0,0
2025-11-27 15:34:44.104971,1,12.900616375643617,80.09826011101845,0.009269866538346648,-0.0699659267945375,0.042651473016988246,-0.03694718292001479,0.007563789123409284,0,0
2025-11-27 15:34:45.104971,1,12.900616435921153,80.09826019040828,0.010919560916754932,0.311423609011655,-0.09262098877162049,-0.039902186161564435,0.024722806303433393,0,0
2025-11-27 15:34:46.104971,1,12.900616772484128,80.0982606193086,0.0597469024565593,0.22645401016076963,-0.07837440339764251,-0.17088948321250508,0.013799436070700596,0,0
2025-11-27 15:34:47.104971,1,12.900617632370363,80.0982613944995,0.12742968441091795,-0.19488096473077873,-0.15704710117348256,-0.16913628819584708,0.003967093844234933,0,0
2025-11-27 15:34:48.104971,1,12.900617935557488,80.09826167344333,0.04533522623822506,0.07354697369152319,0.059079889645100345,0.11221759706918333,0.060514797458451994,0,0
2025-11-27 15:34:49.104971,1,12.900618967005405,80.09826271733452,0.1612902569299053,0.07610292460021363,0.06801126934818616,-0.07144045052560502,0.024912524468234727,0,0
2025-11-27 15:34:50.104971,1,12.900619059984393,80.09826279835947,0.013580539696590588,0.0589469036864998,0.0067305703126577816,-0.05675367681647863,0.04168078943026643,0,0
2025-11-27 15:34:51.104971,1,12.90061979063882,80.0982634026285,0.10447467539557591,0.19819866522040297,0.11710415965116716,0.05373917380437125,0.0020824329258525036,0,0
2025-11-27 15:34:52.104971,1,12.900620522391874,80.09826401240669,0.10494579319872843,-0.2857866838987694,0.08146580800302237,0.015324998975412528,0.0030046698814266155,0,0
2025-11-27 15:34:53.104971,1,12.900621197263034,80.09826451889019,0.09308310752789202,0.2076115960879104,-0.022602547336214637,-0.014553403232704338,0.0021163300622142433,0,0
2025-11-27 15:34:54.104971,1,12.900621820062376,80.0982649981245,0.08666510359919068,0.1569301855445853,0.17020084105238703,0.03134991026708243,0.008739082779517281,0,0
2025-11-27 15:34:55.104971,1,12.900622800524008,80.09826583698776,0.14212043564382973,-0.04852967466537954,-0.014982969965833745,0.09838658366349017,0.02038272632530464,0,0
2025-11-27 15:34:56.104971,1,12.900623090647283,80.09826608437382,0.041995961981773945,0.28655945346706657,0.12851853178957143,-0.019509729697917214,0.024656064526619448,0,0
2025-11-27 15:34:57.104971,1,12.900624287850597,80.0982670816917,0.17167699666430203,0.23982354964055322,-0.039045814604917184,-0.05099891420489015,0.0014824907659888792,0,0
2025-11-27 15:34:58.104971,1,12.900625728025927,80.09826814179422,0.197319407998257,0.02747084466145032,-0.04065565226820868,-0.01830253761435781,0.011927783655030808,0,0
2025-11-27 15:34:59.104971,1,12.900627079050976,80.09826909624444,0.18260676943484144,0.20332551790866651,0.190647663252244,-0.045944325816383136,0.0035878512426253954,0,0
2025-11-27 15:35:00.104971,1,12.900627903151571,80.0982696287579,0.10842007606965312,-0.0006616468685235084,-0.14459568535336065,0.09346399137185449,0.001815901355487061,0,0
2025-11-27 15:35:01.104971,1,12.900628790887145,80.09827036583708,0.12713311064886104,0.2891622116947913,-0.08092180236728583,0.00846212689751652,0.01650159257831287,0,0
2025-11-27 15:35:02.104971,1,12.90063070064633,80.09827207216374,0.2819189920039784,0.21942161888545464,-0.29210128548260667,0.026400868543519196,0.006699389221913692,0,0
2025-11-27 15:35:03.104971,1,12.900631921862582,80.09827338899474,0.19722751506090364,-0.43292545359196705,-0.12337977620974597,0.16757882871734253,0.014367016150190646,0,0
2025-11-27 15:35:04.104971,1,12.900632577916069,80.09827423620635,0.11740945801603654,0.32875218778685783,-0.14979786950610802,-0.013687438799309518,0.0403892436935732,0,0
2025-11-27 15:35:05.104971,1,12.900633267221664,80.09827499515534,0.11256181369544978,0.15471601154109557,-0.12223712847591216,0.050036012969101686,0.003160580980622809,0,0
2025-11-27 15:35:06.104971,1,12.90063348603999,80.09827529844056,0.04094376010779111,0.23260764924424568,-0.02624729356442298,0.0658101840649775,0.011684302561443887,0,0
2025-11-27 15:35:07.104971,1,12.900634875831082,80.09827720178713,0.2580529734754161,0.03124321665231275,-0.07672002965322376,0.030417029575425455,0.0014061299542893041,0,0
2025-11-27 15:35:08.104971,1,12.900636268546547,80.0982792477566,0.2707845828448171,0.16359369965022913,0.1380284655707845,-0.05162001192657908,0.03546362460052151,0,0
2025-11-27 15:35:09.104971,1,12.900637155397614,80.09828044849364,0.16347030051212477,-0.4644481648394393,0.3299070004939195,-0.0012551141800691973,0.00893258585174776,0,0
2025-11-27 15:35:10.104971,1,12.900638359150687,80.09828206748391,0.22094992559085663,0.012276378350369196,-0.10651929008800032,-0.0013406952081673265,0.029787491572183272,0,0
2025-11-27 15:35:11.104971,1,12.90063979577436,80.09828371977942,0.2402524027716288,-0.005853159522994887,0.14510055949354103,0.0596307272022268,0.02200617442745464,0,0
2025-11-27 15:35:12.104971,1,12.90064132612662,80.09828570076418,0.2742784239919741,0.1225595709967217,0.02812237821887374,0.04620326093273726,0.0005979263590828453,0,0
2025-11-27 15:35:13.104971,1,12.9006421669242,80.09828678428975,0.15027991361701257,-0.23436566496740954,-0.09897275679454162,0.022256208651750486,0.0017421162183325351,0,0
2025-11-27 15:35:14.104971,1,12.900643708344065,80.0982888395455,0.281388783824204,0.060772192999626565,-0.034308323431739264,-0.04682131538101221,0.0036246988438322536,0,0
2025-11-27 15:35:15.104971,1,12.900645129610531,80.09829057307066,0.24579596126446243,-0.1219317786206076,-0.11710746115349135,0.0009174069424204984,0.016503435943744534,0,0
2025-11-27 15:35:16.104971,1,12.90064534091013,80.09829083066738,0.036531978813603046,-0.11466570457053342,-0.08889121484735583,-0.10519239920755358,0.012536775338040833,0,0
2025-11-27 15:35:17.104971,1,12.900646233673598,80.09829190250039,0.15298259815816112,-0.06458098015440142,0.30017204286056953,0.02010092831926895,0.012253956941967816,0,0
2025-11-27 15:35:18.104971,1,12.900647705586087,80.09829358815522,0.24556921349437694,0.1159989862292165,0.0904187711000076,-0.017608252701750628,0.0007148467103413891,0,0
2025-11-27 15:35:19.104971,1,12.900649661217798,80.09829548495108,0.2995934872466262,-0.2880986413311428,-0.17556988446986366,0.025167370471850622,0.043919252229862614,0,0
2025-11-27 15:35:20.104971,1,12.900650323094675,80.09829613382179,0.10191271469694814,-0.16842213219202362,-0.08508863806813714,-0.016215329989244243,0.017265653786567747,0,0
2025-11-27 15:35:21.104971,1,12.900650749764115,80.09829661792597,0.07081931848740676,-0.33602991598449816,0.04648842109441416,-0.010004387100630605,0.010701987260788352,0,0
2025-11-27 15:35:22.104971,1,12.900651934823303,80.09829789440506,0.1912809180719888,-0.26262547597457864,-0.17981092963981019,-0.013014214686282999,0.022469265904226158,0,0
2025-11-27 15:35:23.104971,1,12.900651976641528,80.09829795206245,0.007798311459964979,-0.2237459080733007,-0.062458642099644544,0.16040846969025255,0.006679301854427047,0,0
2025-11-27 15:35:24.104971,1,12.900652094697293,80.09829811920322,0.022397391148920164,0.2584204368730924,-0.018824333165598853,0.011964089782368757,0.010144609104280342,0,0
2025-11-27 15:35:25.104971,1,12.900653185235681,80.09829988425466,0.22675953979736302,-0.03011170725988395,0.1402160375155413,0.0848542346620714,0.019803003422562568,0,0
2025-11-27 15:35:26.104971,1,12.900654369032447,80.09830196275948,0.2612161128625311,-0.18308806736396754,0.0434638553460279,-0.001394910494507008,0.025158879377443318,0,0
2025-11-27 15:35:27.104971,1,12.900655593995781,80.09830392763118,0.25308645852346984,-0.12115199808588038,0.2997262407895855,-0.0315629160925649,0.0035524983742913786,0,0
2025-11-27 15:35:28.104971,1,12.900656343262435,80.09830520342008,0.16162149955312322,0.18845694416768854,-0.3733446759044174,0.09717972665148411,0.00029734832914448696,0,0
2025-11-27 15:35:29.104971,1,12.900657652466155,80.09830731617164,0.2716582441192257,0.4025798241987423,-0.20382749034888986,0.04277629044304183,0.0008087222865419824,0,0
2025-11-27 15:35:30.104971,1,12.900659006485123,80.09830959021666,0.28915116712207883,0.00890068746911385,-0.033020577884813926,0.05757868778835985,0.00042889539287888073,0,0
2025-11-27 15:35:31.104971,1,12.900659811849781,80.09831109834329,0.1865960132548439,-0.30911196389265055,0.005606018152107067,0.01476857595976516,0.02383313165992833,0,0
2025-11-27 15:35:32.104971,1,12.900660756076759,80.0983126880361,0.20199978202650046,-0.2373787916130421,-0.1404417000261228,0.048818820448152056,0.05009729370604894,0,0
2025-11-27 15:35:33.104971,1,12.90066186498954,80.09831491221311,0.27108355721719324,-0.03722913120822554,-0.15286924014421785,0.04045595634840188,0.02666922253549898,0,0
2025-11-27 15:35:34.104971,1,12.900662861892556,80.09831679624416,0.23261516864744802,-0.3963246770950234,0.09940674540499586,-0.00995918381080875,0.020565453073748876,0,0
2025-11-27 15:35:35.104971,1,12.900664118412145,80.09831886042438,0.26407257904587084,0.01348326799112616,0.049295362798064395,-0.05878198009257578,0.027263393281732523,0,0
2025-11-27 15:35:36.104971,1,12.900664967756871,80.09832026927957,0.17975075622905876,0.03845664449393102,0.1232394912132369,-0.07424340784029157,0.022845491869854916,0,0
2025-11-27 15:35:37.104971,1,12.900665474756286,80.098321002447,0.09754260400911412,-0.41455353217186375,0.1964216335374333,-0.17814530296940242,0.02744050929824983,0,0
2025-11-27 15:35:38.104971,1,12.900666146246179,80.09832184179749,0.11782537093976761,-0.10478010631229275,-0.03506269334723177,-0.14038499779810232,0.04230742871032991,0,0
2025-11-27 15:35:39.104971,1,12.900666569286233,80.09832229355938,0.06797624175297574,-0.06747171643017316,-0.12729790454956463,-0.005087854428842582,0.00548549771010117,0,0
2025-11-27 15:35:40.104971,1,12.900666586606881,80.09832231805643,0.003283843049103985,0.14307640033261165,0.03368879595571929,0.1379720014436171,0.005002908466824511,0,0
2025-11-27 15:35:41.104971,1,12.900666608071191,80.09832235178888,0.004371174307540726,0.23494260562081593,0.1456595723032539,0.10084016896395787,0.010176607998644456,0,0
2025-11-27 15:35:42.104971,1,12.900667769023316,80.098324312554,0.24893843800414373,-0.14951796451254434,0.06004705181573766,0.0715996057943663,0.011626814588168338,0,0
2025-11-27 15:35:43.104971,1,12.900668212746298,80.09832512294271,0.10085896438898267,0.28845831171270875,-0.24223992257929716,0.08053018987938777,0.02266200161222105,0,0
2025-11-27 15:35:44.104971,1,12.90066898010334,80.09832666099511,0.18748514100755426,-0.16743556603093568,-0.048539193757278956,0.03279928381864998,0.03548778449174633,0,0
2025-11-27 15:35:45.104971,1,12.900669563738765,80.09832808402858,0.16752525285311545,0.03892934364819345,-0.08101433184852393,0.04084648898804903,0.015060926480052823,0,0
2025-11-27 15:35:46.104971,1,12.900669982504642,80.09832916084451,0.12580150382466793,-0.029009068465891776,-0.09520061980798648,-0.03456073279326615,0.001036004635358017,0,0
2025-11-27 15:35:47.104971,1,12.900670264192772,80.09832990885648,0.08701358252462084,0.11581924978214829,-0.23165847268922957,0.021440996379740188,0.011034111989221733,0,0
2025-11-27 15:35:48.104971,1,12.900670756999743,80.09833097058554,0.12760298035747472,0.0906605731083466,0.04463581797657553,-0.0746208107510851,0.002165138801193457,0,0
2025-11-27 15:35:49.104971,1,12.900671365869306,80.0983321413464,0.14398983710727273,0.3525019497356694,0.17259667110454543,-0.004083510662788897,0.020879393028487923,0,0
2025-11-27 15:35:50.104971,1,12.90067241624893,80.09833428984427,0.26081342394646073,-0.12878543484935748,0.0366214233740236,-0.017701972032670887,0.052348852572724154,0,0
2025-11-27 15:35:51.104971,1,12.900672767182964,80.09833487852184,0.07487648213396637,-0.3315828717839148,-0.13663384621547472,0.06439104458499945,0.03017536748717986,0,0
2025-11-27 15:35:52.104971,1,12.900672879907011,80.09833509196415,0.026341598824809243,0.4675701571320412,0.1665443537881976,0.03907828868503854,0.02025804974145334,0,0
2025-11-27 15:35:53.104971,1,12.900674146867006,80.09833747841583,0.2948712604279297,0.19039698045610792,-0.10560819424027063,0.03875982754533902,0.0008609148109478125,0,0
2025-11-27 15:35:54.104971,1,12.900674762002119,80.09833857953664,0.1377142875952568,-0.2732627831960625,-0.017845172194078888,0.07733292018506158,0.02465009221277243,0,0
2025-11-27 15:35:55.104971,1,12.900675570685394,80.09834044851559,0.22188563936278713,-0.46308057725785234,0.11307324496873444,-0.027389058425220658,0.00692821681876396,0,0
2025-11-27 15:35:56.104971,1,12.900675601763295,80.09834051075342,0.007587998184267885,0.1538006017979838,0.008018475630240206,-0.0707244570796918,0.006637667668793049,0,0
2025-11-27 15:35:57.104971,1,12.90067640635579,80.09834213807196,0.19799751395334367,-0.11261675087529341,-0.03916137226753067,0.018590948786904423,0.023413918567708133,0,0
2025-11-27 15:35:58.104971,1,12.900676498160163,80.09834231317728,0.02157472059358455,0.41794601102887485,-0.0015419405683482089,-0.005355126886494109,0.01213547383437039,0,0
2025-11-27 15:35:59.104971,1,12.900676887295717,80.09834329263452,0.11477007156191017,0.195607646908239,-0.015499642280724837,-0.01915550145086515,0.013293859855299643,0,0
2025-11-27 15:36:00.104971,1,12.900677454371346,80.09834454578217,0.14991787249603217,0.048042107172345756,-0.06438379933867655,0.03447414896292488,0.030655477472021637,0,0
2025-11-27 15:36:01.104971,1,12.900677875357479,80.09834547258876,0.11095118764146747,0.1752713343799432,0.15035042970720194,-0.007606821280273542,0.010029932193051046,0,0
2025-11-27 15:36:02.104971,1,12.90067826059721,80.09834624865766,0.0945022284198859,0.4214920438914487,-0.025232900238696277,-0.030986568585770747,0.002692728792498303,0,0
2025-11-27 15:36:03.104971,1,12.900679305409032,80.09834853747665,0.2742452186395226,-0.2530125408889371,-0.08330252578402744,-0.0070572069376869245,0.018599795371208077,0,0
2025-11-27 15:36:04.104971,1,12.900679582085555,80.09834923640722,0.08185650926025438,-0.318723576661066,-0.03599366622385524,-0.05872698031294548,0.0011577892352637401,0,0
2025-11-27 15:36:05.104971,1,12.900679850464956,80.09834977010915,0.06516430248540957,-0.0017495802071064437,0.15455155879467733,-0.11242711986235879,0.007591672670652077,0,0
2025-11-27 15:36:06.104971,1,12.900681120104924,80.09835214363723,0.29378390530430054,0.16331187370730918,-0.09023527128629596,0.034855996405266675,0.021079062075950755,0,0
2025-11-27 15:36:07.104971,1,12.900681645662393,80.0983531626084,0.1250931345279172,-0.2909951226852158,0.03852049304456228,-0.013879802631300536,0.01992626706169245,0,0
2025-11-27 15:36:08.104971,1,12.900682381302486,80.0983547107659,0.18688804740495177,0.08085995142482681,0.09646731410401033,-0.024061174407667075,0.04218386836073534,0,0
2025-11-27 15:36:09.104971,1,12.900683502129851,80.09835694505513,0.27266529191711836,-0.37624404785612847,-0.058769749726908196,-0.09047759318699158,0.03038231209682505,0,0
2025-11-27 15:36:10.104971,1,12.900684374244163,80.09835868921216,0.21270673906256884,-0.030218581748039958,-0.08926854681864248,0.022726586835947745,0.002596692511549512,0,0
2025-11-27 15:36:11.104971,1,12.900684838397439,80.0983597492323,0.12609531985441094,0.1041183800487934,-0.10866310853860413,0.15016401867068901,0.00130475735518361,0,0
2025-11-27 15:36:12.104971,1,12.900685673963434,80.09836201293095,0.26265581226453266,-0.11248363049225805,-0.035029737919813675,-0.05739204508219234,0.003739700996192797,0,0
2025-11-27 15:36:13.104971,1,12.900686699727501,80.0983639287549,0.2371827959628331,-0.004296106846009619,0.007310553594160374,-0.08359358015913365,0.016478649964835473,0,0
2025-11-27 15:36:14.104971,1,12.900687860503904,80.09836605849836,0.26477138152076757,0.14135961097488767,0.17788029325536475,-0.09989564950935553,0.04030996829921997,0,0
2025-11-27 15:36:15.104971,1,12.900688938498854,80.0983679037541,0.23343575265071415,-0.1936478716220555,-0.0058562222377175925,0.026743349220637792,0.020628962665881944,0,0
2025-11-27 15:36:16.104971,1,12.900690039838404,80.09836984463178,0.2436914140823393,0.14058316165327656,0.14396883871314564,0.11490891732562403,0.0013503555255153826,0,0
2025-11-27 15:36:17.104971,1,12.900691221024607,80.09837213379825,0.2810534507302189,0.19769970154427974,0.06676390341353705,0.1094983049570839,0.0005076311679393181,0,0
2025-11-27 15:36:18.104971,1,12.900691533182378,80.09837267353588,0.06810006209683986,0.2107291726304063,-0.06825252870615309,-0.02136670782928808,0.004105863896639094,0,0
2025-11-27 15:36:19.104971,1,12.900692234511752,80.09837383704557,0.14844180472636306,-0.18685869070768912,0.12295981552247559,0.03603705485631867,0.024472794620715263,0,0
2025-11-27 15:36:20.104971,1,12.90069285764641,80.09837488983948,0.13365009710530476,-0.024511458764172125,-0.07305134358275375,0.13292071351572846,0.00934859756679959,0,0
2025-11-27 15:36:21.104971,1,12.900693190999743,80.09837550146317,0.07603750557783447,-0.07131101559713002,0.02363081838721083,0.022726119384651078,0.000734020314079265,0,0
2025-11-27 15:36:22.104971,1,12.900693959103618,80.09837677030895,0.1620730898082377,0.00852525497939367,0.03227158894221597,0.12724397337090243,0.04077798729875311,0,0
2025-11-27 15:36:23.104971,1,12.900694564540531,80.09837776505356,0.12725335313323186,0.22055424606251856,0.0045685397455261815,-0.06165074882292278,0.007696215823574352,0,0
2025-11-27 15:36:24.104971,1,12.900695796249066,80.09837949018441,0.2320385565843361,-0.6520919085257382,-0.05317322045399591,-0.053865299477067016,0.014010551101697355,0,0
2025-11-27 15:36:25.104971,1,12.900696289957583,80.09838018115875,0.09296356959634702,-0.16742350826614005,0.20369151007576333,0.06650606976984681,0.029943094137505937,0,0
2025-11-27 15:36:26.104971,1,12.90069738844988,80.09838173358696,0.20815922436738316,-0.05688957877615877,0.10402158350120243,-0.15284434165075966,0.0019588943147565213,0,0
2025-11-27 15:36:27.104971,1,12.900698612864932,80.0983832120097,0.21050900837752848,0.04747857808929734,0.14063496239738518,-0.03765583734903865,0.01499299186886546,0,0
2025-11-27 15:36:28.104971,1,12.900698684964683,80.09838331143384,0.013446613781193495,0.33694719926140093,-0.15873122057552108,0.11451485713141606,0.008473413767118857,0,0
2025-11-27 15:36:29.104971,1,12.90069894095426,80.09838369441236,0.050389043739868765,0.14524973138128083,0.09695042954478439,-0.0057565642633326175,0.006913049177652257,0,0
2025-11-27 15:36:30.104971,1,12.900699413729628,80.09838432101823,0.08598205505365404,0.3078459699620858,-0.034006486965601795,0.0859485400261013,0.004700356051370579,0,0
2025-11-27 15:36:31.104971,1,12.900700590615886,80.098385935178,0.2187290004922188,0.21255583566723832,0.1089769474239783,-0.14061525213091708,0.0038780103550197054,0,0
2025-11-27 15:36:32.104971,1,12.900702023749387,80.09838796939141,0.27235065290479854,0.25979602219034315,0.3659151837178234,-0.15770437081883126,0.027845250985778496,0,0
2025-11-27 15:36:33.104971,1,12.90070357341066,80.09838971137869,0.25590808440712104,-0.08959204477117627,0.016964665122236676,-0.167787926689472,0.008159113861540907,0,0
2025-11-27 15:36:34.104971,1,12.900704300058306,80.09839048334943,0.11644792235764713,-0.03831599564837293,0.011866543509792748,0.019142683374782775,0.05426960511387409,0,0
2025-11-27 15:36:35.104971,1,12.900704694160162,80.09839091731783,0.0643596841968237,0.39169783477658227,-0.24194578819844031,-0.05116637483703353,0.0032266985008302562,0,0
2025-11-27 15:36:36.104971,1,12.90070642330694,80.09839249111741,0.25732350646674135,0.3380267949030376,0.1943879900980419,-0.05589763602859622,0.008137923806118101,0,0
2025-11-27 15:36:37.104971,1,12.90070772054179,80.09839359683853,0.18774825432440512,0.267230263445994,-0.19674441228000153,0.007502979129053233,0.02994186922224667,0,0
2025-11-27 15:36:38.104971,1,12.900708346906116,80.09839417171837,0.09355822750441614,-0.11952728446279652,-0.204770870278054,0.06332960028460485,0.02628743094124297,0,0
2025-11-27 15:36:39.104971,1,12.900708530562861,80.0983943490747,0.028077630373497253,-0.086715431195414,0.0959101280294379,-0.11129154879416397,0.018136302850049496,0,0
2025-11-27 15:36:40.104971,1,12.900709649687148,80.09839526363221,0.15927569334634967,0.15905831167653642,-0.18387261245307374,0.06427290320872345,0.012978646572662232,0,0
2025-11-27 15:36:41.104971,1,12.900711134338641,80.09839665952263,0.22418138828775755,-0.24972890526210123,0.12253871897201918,0.01703011967107944,0.001793974518654602,0,0
2025-11-27 15:36:42.104971,1,12.900712980998327,80.09839851769662,0.28794804384006484,-0.4602047898626535,-0.14080269738355494,0.08228307999197179,0.0044875762843016465,0,0
2025-11-27 15:36:43.104971,1,12.90071406726411,80.09839969668501,0.17603709849295276,0.021667127373288908,-0.0349495901386555,0.0690304909039123,0.01775209694404853,0,0
2025-11-27 15:36:44.104971,1,12.900714699365876,80.09840061866906,0.12231209553480453,0.08110202617221338,0.2034879304570112,0.09151656312886312,0.0033273515991899274,0,0
2025-11-27 15:36:45.104971,1,12.900714841458324,80.09840082052553,0.027017832044636723,-0.01656463563296496,0.02232544085851547,0.033881071997716,0.002469779482136514,0,0
2025-11-27 15:36:46.104971,1,12.900715691205283,80.09840219960222,0.1770346947078383,-0.31703696405045306,-0.14475646347118762,-0.045716623295580724,0.040353718017408724,0,0
2025-11-27 15:36:47.104971,1,12.900716190213277,80.0984028609435,0.09075008561997737,0.34088220349379944,0.11852091247221748,-0.06780544769998659,0.014503862142734318,0,0
2025-11-27 15:36:48.104971,1,12.900716930776968,80.09840392404003,0.14178671623302797,-0.1968078384030709,-0.14968802927518735,0.14599652051241285,0.040544877209704365,0,0
2025-11-27 15:36:49.104971,1,12.900717633113205,80.09840533608123,0.1720156437939496,0.27718856627000044,0.1672581083185976,0.11494976319825621,0.006739566628979953,0,0
2025-11-27 15:36:50.104971,1,12.900718612191875,80.09840756309144,0.2650950165365763,0.077659660954964,0.19551481352871247,0.0648122448097111,0.0008939664738581137,0,0
2025-11-27 15:36:51.104971,1,12.900719753940981,80.09841000677463,0.2940518920673905,-0.05373645209496196,0.004829434398727446,-0.06839618307282586,0.005841481435617235,0,0
2025-11-27 15:36:52.104971,1,12.900720678901365,80.09841156828294,0.19827225226216705,0.23944087651391238,-0.10800271221996026,-0.17676581690368975,0.012969977924578154,0,0
2025-11-27 15:36:53.104971,1,12.900721852937698,80.09841342765178,0.2403916331346628,-0.03957300391426698,0.006837823936234603,0.08746123092044059,0.03386956495638957,0,0
2025-11-27 15:36:54.104971,1,12.900721874638194,80.0984134640707,0.0046316864254501095,0.316971882457701,-0.17448156293714154,-0.01905099630476609,0.014361849604768337,0,0
2025-11-27 15:36:55.104971,1,12.900722415164875,80.09841416093687,0.09663614304608849,-0.3506290373902842,0.14531314925391553,-0.03969571115896236,0.01270832342927405,0,0
2025-11-27 15:36:56.104971,1,12.900723378974323,80.09841543954049,0.1753870778996754,-0.04239376538519869,-0.13345921709951356,0.0004125464741665027,0.003578712100939365,0,0
2025-11-27 15:36:57.104971,1,12.900723628721977,80.09841575009602,0.043686737618904715,0.09375043587571931,-0.04842080061994395,-0.07905464568668347,0.001505087095021273,0,0
2025-11-27 15:36:58.104971,1,12.900725100693078,80.09841739636161,0.24240683820464456,0.05996749356752891,0.11486041216810824,-0.05743267712903322,0.017713961750011803,0,0
2025-11-27 15:36:59.104971,1,12.90072612206777,80.09841858676019,0.1720829670709718,0.33827139395401734,-0.11718650235500117,-0.007597395885194715,0.026045814343385723,0,0
2025-11-27 15:37:00.104971,1,12.900727896161076,80.0984205112231,0.2874204465606322,0.29162790716030906,0.18705109030168168,0.09624155477466059,0.02800350251106221,0,0
2025-11-27 15:37:01.104971,1,12.900729747589182,80.09842237511195,0.28876124204055337,0.012688697875493087,-0.08317068736670301,-0.11265316290334215,0.0009277459673764028,0,0
2025-11-27 15:37:02.104971,1,12.900731289845597,80.09842382868494,0.23313805008081911,-0.34482659313623926,-0.007627542678479963,-0.02976048687876709,0.0011340269678620845,0,0
2025-11-27 15:37:03.104971,1,12.90073150790339,80.09842400809015,0.03111610500603804,0.030850574424290525,-0.15082432545184662,-0.00802212877229107,0.006621604353636848,0,0
2025-11-27 15:37:04.104971,1,12.900731767761059,80.09842423078516,0.037692486838513097,-0.014783240779457571,0.1507268763953957,-0.03281921952449543,0.005235617870765272,0,0
2025-11-27 15:37:05.104971,1,12.900731780428794,80.09842423934944,0.0016888479305546711,-0.15541867732728265,0.10710652009034749,-0.09338990525589269,0.014185298390160441,0,0
2025-11-27 15:37:06.104971,1,12.900733495102044,80.0984254273872,0.2303325084416772,-0.23764785118240273,-0.04760167937049548,0.06263126359714724,0.0033291837106038807,0,0
2025-11-27 15:37:07.104971,1,12.9007337617545,80.0984256273256,0.0367670160003516,0.10688000926951992,-0.021436574084858422,-0.07704520495562672,0.009466453025320535,0,0
2025-11-27 15:37:08.104971,1,12.900734495847557,80.09842625286277,0.10623249358967277,-0.15468128188534108,0.18272824882681665,0.008347509682800326,0.010474083540313277,0,0
2025-11-27 15:37:09.104971,1,12.900734949840967,80.09842666124402,0.06721483098226251,0.23587775637367647,0.0629682249221458,0.0024024099109298536,0.0015107131543076122,0,0
2025-11-27 15:37:10.104971,1,12.900735697526082,80.09842744775996,0.11921151548676504,0.1643202832359378,0.04891959401438166,-0.062108613421242936,0.013160781101899863,0,0
2025-11-27 15:37:11.104971,1,12.90073753323757,80.09842909775152,0.2716894197635053,-0.06155733775331963,0.11602142967884985,0.04575649561829041,0.009985320265021852,0,0
2025-11-27 15:37:12.104971,1,12.900739342704398,80.09843065763526,0.26310462448339184,-0.10636346407290197,0.06607713007846365,0.017004226915614554,0.008019954639321073,0,0
2025-11-27 15:37:13.104971,1,12.900740825987748,80.09843181130756,0.2072092013346484,0.23814840493895736,0.02472094819704363,-0.020444758447727807,0.018380938349322723,0,0
2025-11-27 15:37:14.104971,1,12.90074194847366,80.09843249134255,0.1451166993350015,-0.5071684031580942,0.029205447617304897,0.00031742154367495057,0.01897658525076346,0,0
2025-11-27 15:37:15.104971,1,12.9007436429043,80.09843358976438,0.22312612602880633,0.07686193924518694,-0.2764019502401624,-0.027217379474572118,0.015196596901945135,0,0
2025-11-27 15:37:16.104971,1,12.90074523175609,80.09843473720987,0.21630064147245845,0.0747390983373224,-0.10361305867461303,0.052405787963846345,0.0008373405941497403,0,0
2025-11-27 15:37:17.104971,1,12.900747195744875,80.09843614530115,0.26673036736557404,0.3741871269515201,-0.431713907182145,0.03176234069759011,0.0250848338865423,0,0
2025-11-27 15:37:18.104971,1,12.900748660551995,80.09843736805368,0.21022274091341522,-0.3117257669022744,0.10705172365718468,0.10392788019523762,0.024282756734453827,0,0
2025-11-27 15:37:19.104971,1,12.900748903713792,80.09843756541885,0.034516214834960486,0.06775151058859046,-0.0860290450921216,-0.030263382068100003,0.008689094467255045,0,0
2025-11-27 15:37:20.104971,1,12.900749945032286,80.09843836558495,0.14483139502880224,0.2523949581355878,0.1659149273509472,-0.016388626352784246,0.010508894043013781,0,0
2025-11-27 15:37:21.104971,1,12.900751976887989,80.09844004061249,0.2901654653436734,-0.23051201238064084,-0.27124720514875794,0.007616871769671855,0.005482127126451677,0,0
2025-11-27 15:37:22.104971,1,12.90075237196725,80.09844038128024,0.057452062747672866,-0.2459880777978663,-0.10592757556244899,0.04664906258361312,0.02257777451654674,0,0
2025-11-27 15:37:23.104971,1,12.900753814883524,80.09844178369715,0.22126506294768894,-0.06687283878665128,-0.06975570535264364,0.001061813298292088,0.016465205020628204,0,0
2025-11-27 15:37:24.104971,1,12.900754439764661,80.09844234095394,0.09216953690102117,0.09285375695688448,0.12392272783502886,-0.005400988963183216,0.037835772927704306,0,0
2025-11-27 15:37:25.104971,1,12.900754769905632,80.09844258460551,0.04527318467596688,0.1195456229817849,0.05224902269511524,-0.038277292881904935,0.0009533998175254609,0,0
2025-11-27 15:37:26.104971,1,12.900756926233528,80.09844399177771,0.28449142735837696,0.005343316835415973,0.20019580110756416,0.006787679811109684,0.007103904473776285,0,0
2025-11-27 15:37:27.104971,1,12.900758017516845,80.0984446063525,0.13858222551518204,-0.0618414965729123,0.13355743677108228,0.05255816946809072,0.01223871525945868,0,0
2025-11-27 15:37:28.104971,1,12.900758124539019,80.09844466990525,0.013765643557639895,0.12340810069256745,-0.20912290935446984,0.07911890719277137,0.009645057602325336,0,0
2025-11-27 15:37:29.104971,1,12.900758848947584,80.09844514827486,0.0959032598001977,0.3624736621681705,0.30385249866324027,0.08721214288563678,0.024390619510104426,0,0
2025-11-27 15:37:30.104971,1,12.90076071999514,80.09844656195386,0.2586769645777935,-0.13472966227574595,0.23770423518622522,0.0063760665005982015,0.008249853394604245,0,0
2025-11-27 15:37:31.104971,1,12.900761158603716,80.09844685920798,0.058518038014091306,-0.14851993710161251,0.11243675391456978,-0.05381960763064553,0.01489066289982638,0,0
2025-11-27 15:37:32.104971,1,12.900761271549973,80.09844693178715,0.014836089169847477,0.11914327138693603,-0.017121449044974726,-0.03583380239541626,0.02344193092979994,0,0
2025-11-27 15:37:33.104971,1,12.900761669944757,80.09844716329624,0.0509698980610913,0.3853047360527937,-0.14903801919615137,0.024405972738265273,0.03520552900806607,0,0
2025-11-27 15:37:34.104971,1,12.900763160052145,80.09844807886084,0.19335409044289617,0.4132767738188142,-0.3844214063040517,-0.02225403377802749,0.009571579047341537,0,0
2025-11-27 15:37:35.104971,1,12.900765432421835,80.09844951479789,0.29709729331387585,0.4732124857254232,-0.21337932729907297,0.06887472963646538,0.023591772718030937,0,0
2025-11-27 15:37:36.104971,1,12.900765745966257,80.09844972257783,0.041552446412099785,-0.3479874678904271,-0.37235969433042837,-0.15338462802699823,0.011428315269544742,0,0
2025-11-27 15:37:37.104971,1,12.900766019977546,80.09844988456872,0.0352051615013698,0.17527686513754923,0.04351934170307755,-0.06393551434745665,0.015331571587135695,0,0
2025-11-27 15:37:38.104971,1,12.90076665923952,80.09845020736336,0.07931568576684174,4.822357693679892,0.23718224316616654,-0.006634875680858826,0.01073227003756539,0,0
2025-11-27 15:37:39.104971,1,12.90085101253841,80.09849110531403,10.386072085276375,6.525048379084973,0.08514075090782891,-0.11707527941387864,0.03178511805941639,1,0
2025-11-27 15:37:40.104971,1,12.900961444160572,80.09853555341151,13.20552803659989,1.7495068184349611,-0.0021583235839666127,0.023092653697842396,0.08408186755754424,1,0
2025-11-27 15:37:41.104971,1,12.901070005713112,80.09859251848854,13.574141979608836,0.4055012246649746,-0.05273248343316347,0.11283923109308705,0.04567792848371328,1,0
2025-11-27 15:37:42.104971,1,12.901177780175802,80.09865322208788,13.686742321504648,-0.3461968452076939,0.19322595648535212,-0.09821946225955192,0.042677427183573514,1,0
2025-11-27 15:37:43.104971,1,12.90128581122014,80.09870336387264,13.199560328551378,1.1136897957751963,-0.0367485513664714,-0.05998961270341865,0.010960967243433496,1,0
2025-11-27 15:37:44.104971,1,12.901412838772416,80.09877375340038,16.071663108654224,-1.0228429934431835,0.1413691759954195,0.03601064158846225,0.08476283234260995,1,0
2025-11-27 15:37:45.104971,1,12.90150231382723,80.09882145504446,11.225016501225044,-1.842702277432401,-0.006876081009244676,-0.038004757172945686,0.12313263165955111,1,0
2025-11-27 15:37:46.104971,1,12.901599372245819,80.09887380150805,12.20663636101532,1.4986273276139235,0.07940262432749202,0.012567435617871034,0.008686901080564594,1,0
2025-11-27 15:37:47.104971,1,12.901712237414564,80.09894423133787,14.70589884813682,-1.331262146109117,-0.1952957676538245,0.08284932567849743,0.09596120409397776,1,0
2025-11-27 15:37:48.104971,1,12.90178040673221,80.09898940690881,9.034194998223946,-0.8377552115642384,0.09525795229084742,0.0013853320625513096,0.11466210356563941,1,0
2025-11-27 15:37:49.104971,1,12.901885279199682,80.09905422248025,13.629265877346489,1.019812636212427,0.10690627264977041,0.05004780545559933,0.04501336241193274,1,0
2025-11-27 15:37:50.104971,1,12.901970757209268,80.09911034479074,11.297311652955699,1.3617532229138218,0.0006019067603519587,-0.007247763618687356,0.07040358483771073,1,0
2025-11-27 15:37:51.104971,1,12.902100079854426,80.0991782071545,16.170201559832712,-0.15206151927255807,0.11650256141686648,-0.08384452894592677,0.017167828587395694,1,0
2025-11-27 15:37:52.104971,1,12.90219099734048,80.0992163735926,10.935488283532507,-3.1190042634242703,-0.10452893279797608,0.07855786029128592,0.08326801850205935,1,0
2025-11-27 15:37:53.104971,1,12.902276623453519,80.09925608497937,10.46065750221044,-2.2527058997180736,-0.01164888934612722,-0.02926131891422782,0.06363309131418524,1,0
2025-11-27 15:37:54.104971,1,12.90232651703139,80.09927890564414,6.081163794345864,1.7786722708659743,0.05368196662787333,-0.010905533899506402,0.053885866368190614,1,0
2025-11-27 15:37:55.104971,1,12.902437767408625,80.09932172025776,13.227124665828924,3.0947080639536724,0.225594238674704,-0.18285635924762453,0.08430256154272744,1,0
2025-11-27 15:37:56.104971,1,12.902530327745659,80.09935802261782,11.031126290499124,-2.6461461896686242,-0.030742969617699564,0.06386948140656462,0.07850878759031395,1,0
2025-11-27 15:37:57.104971,1,12.902598356523374,80.0993869300986,8.196890683551647,2.865516425818766,0.0685185634265513,-0.04429947953302405,0.09843274541703574,1,0
2025-11-27 15:37:58.104971,1,12.902740138917865,80.0994364623732,16.67326966829164,1.2879860461156791,0.011026648652528979,0.06877785686728084,0.037463969454033526,1,0
2025-11-27 15:37:59.104971,1,12.902826323917822,80.09947280104927,10.372810461742425,-3.585866254856977,-0.285162667498205,-0.02720237280649343,0.06382182280762155,1,0
2025-11-27 15:38:00.104971,1,12.902907224001297,80.09951391308708,10.05015305209934,-2.1637849800837117,0.045177429938723715,0.07416267297298106,0.033982242724704584,1,0
2025-11-27 15:38:01.104971,1,12.902955201693961,80.09954049022875,6.069743848699095,4.7050717466702165,-0.0021882701041273816,-0.022380404380580036,0.01851841193550395,1,0
2025-11-27 15:38:02.104971,1,12.903108905082204,80.09961118178587,18.751040295511626,2.515008109494167,0.06269464789589613,-0.03789154173000322,0.10267611245467007,1,0
2025-11-27 15:38:03.104971,1,12.903202053076853,80.09965546269999,11.42840264356495,-4.9434367568806,0.02414442646754847,0.08195522089038823,0.11404928273897684,1,0
2025-11-27 15:38:04.104971,1,12.903275613857325,80.09969642282346,9.317220923683779,2.255526116459748,0.1080700113461454,0.0028866075612187167,0.06365118728546708,1,0
2025-11-27 15:38:05.104971,1,12.903402670626651,80.09976025138307,15.748706332802433,1.1783658718567098,-0.20745560495514145,-0.09318699899385932,0.07017686474252559,1,0
2025-11-27 15:38:06.104971,1,12.903499358729645,80.0998028923002,11.715713339615453,0.4595043859935297,-0.21676419360305713,-0.05199232805511333,0.07311295304863162,1,0
2025-11-27 15:38:07.104971,1,12.903643576528589,80.09985531319789,17.03223420851566,-0.25465692182869404,-0.158019088524859,-0.09854740130266063,0.03618607814279628,1,0
2025-11-27 15:38:08.104971,1,12.903739890784578,80.09988430711878,11.173767767371583,-4.275326927162228,-0.0713997949504367,-0.08251787359183455,0.011426259162021661,1,0
2025-11-27 15:38:09.104971,1,12.903815065541746,80.09990383317636,8.632510336068863,0.8346444514936893,-0.005686878128366175,-0.03158288261408554,0.06521236647758707,1,0
2025-11-27 15:38:10.104971,1,12.903932993896293,80.09993906397132,13.673086378603946,1.1756007811641633,0.2939542846948931,0.0625896768659605,0.036016425697714474,1,0
2025-11-27 15:38:11.104971,1,12.904030190137444,80.09997547023751,11.51850626025284,0.41860399257336794,0.02278535959062862,-0.06028773220537296,0.0896691657136753,1,0
2025-11-27 15:38:12.104971,1,12.904159069041265,80.10001151323755,14.870334099200376,0.07591793430281527,-0.19822477669793517,-0.025511323039552558,0.094534927887684,1,0
2025-11-27 15:38:13.104971,1,12.904256106431145,80.10004231338895,11.307405037022768,-0.050466817861715474,-0.06070763263037827,-0.07009090893910246,0.04437673564721129,1,0
2025-11-27 15:38:14.104971,1,12.904382398221426,80.1000886946734,14.932495307826649,0.7963209274329616,0.07774826041635018,0.046558144847304105,0.09642362166886304,1,0
2025-11-27 15:38:15.104971,1,12.904486521481992,80.10013214677825,12.513293034406628,-3.7218132759370803,0.022144890681864128,0.10849468381836325,0.04428090371908297,1,0
2025-11-27 15:38:16.104971,1,12.904547290657694,80.10016247614361,7.522887175830173,1.024200604208597,-0.09634768482329278,0.09358027463606014,0.06885557133942852,1,0
2025-11-27 15:38:17.104971,1,12.904671111015753,80.10021277328256,14.824876262939924,4.033896432828152,-0.01942475834981706,-0.09446934093716333,0.06112351963311263,1,0
2025-11-27 15:38:18.104971,1,12.9048044046618,80.10025672584858,15.585886558375924,-1.5673554102796732,0.0578916195009169,-0.09308748484020854,0.09855150261620392,1,0
2025-11-27 15:38:19.104971,1,12.90489930818434,80.10029486463237,11.346311534110376,-1.9759484187804077,-0.008824678064464922,0.05139390452564398,0.10792208898640906,1,0
2025-11-27 15:38:20.104971,1,12.904994923924884,80.10034074027834,11.750480241814316,-0.12148169846066711,0.2600245111692698,0.0011079393627493814,0.07869170866527346,1,0
2025-11-27 15:38:21.104971,1,12.905089427995904,80.10037404631869,11.12365879252249,-1.7075909246373355,0.0975700585179539,-0.13438894098454301,0.037738715387714866,1,0
2025-11-27 15:38:22.104971,1,12.905164800451358,80.10039600263306,8.722160156445064,-1.2615543777558107,0.0163847927322086,-0.09200096615426555,0.02911969493805326,1,0
2025-11-27 15:38:23.104971,1,12.905240099706191,80.1004225076023,8.861991269769062,0.8010276367973043,0.18897102686876288,0.1116097338895315,0.08097413443153602,1,0
2025-11-27 15:38:24.104971,1,12.905331667045965,80.10045464135045,10.773157784428014,1.2563252531583609,0.2602261399602615,0.0322509819565404,0.04620202039290858,1,0
2025-11-27 15:38:25.104971,1,12.905423406849787,80.10049235111053,11.001737859425953,1.4258494915616178,0.07184002983727457,0.04184227611884144,0.10003552880027304,1,0
2025-11-27 15:38:26.104971,1,12.905535742902147,80.10053936395771,13.505749476240512,-0.20672084071917818,-0.0030673349742515415,0.04992349869914785,0.10092139380456316,1,0
2025-11-27 15:38:27.104971,1,12.905622444989593,80.10057997423125,10.610053372767066,-0.6741716692577139,-0.10014721604601423,-0.01611546817212468,0.10075526489790393,1,0
2025-11-27 15:38:28.104971,1,12.90572767802208,80.10062042426595,12.509832617155555,4.306922229834603,0.030978484916769394,-0.013189101709225853,0.09853137544208913,1,0
2025-11-27 15:38:29.104971,1,12.905887982327307,80.10067341419486,18.748562774275364,0.5045907198350098,-0.02616008317547959,-0.0006482846656209948,0.05012319105271365,1,0
2025-11-27 15:38:30.104971,1,12.906002475024918,80.10070597473388,13.225978767739226,-6.7301418849568835,0.0916922986870093,-0.01917450197912423,0.01792295055879412,1,0
2025-11-27 15:38:31.104971,1,12.906044490774692,80.10071900453234,4.886220803589843,-0.4417788142813204,-0.182745282964769,-0.036975661122101,0.09904055884527238,1,0
2025-11-27 15:38:32.104971,1,12.906144814245039,80.10075481297302,11.82464193699012,2.600510525649152,-0.09452588148658123,-0.005789526228531357,0.10995497975429738,1,0
2025-11-27 15:38:33.104971,1,12.906233099057653,80.10078792570462,10.464085302018317,0.8738754047830019,-0.11040099368985293,0.14018819524906714,0.07139043986470024,1,0
2025-11-27 15:38:34.104971,1,12.906348588911746,80.1008277609546,13.56353592115865,1.1093675890643633,-0.01519993331149382,-0.05732406493918851,0.11881390289231977,1,0
2025-11-27 15:38:35.104971,1,12.906457487005072,80.10086547812348,12.794766270931213,-0.06556375225291267,-0.217589504090864,0.06961458845440335,0.044460742571506534,1,0
2025-11-27 15:38:36.104971,1,12.906566538760003,80.1009016077188,12.756984700646576,-2.944099610873039,0.071999891534318,0.01065437150049256,0.012004053527056763,1,0
2025-11-27 15:38:37.104971,1,12.906627064795805,80.10092185766409,7.087004035570765,-0.26946366340891575,-0.06541418079986329,0.008303133811950896,0.06821078179257371,1,0
2025-11-27 15:38:38.104971,1,12.906729768479666,80.10095892420729,12.119825361921459,2.2305916249275195,0.06195544772037502,0.00474706255972919,0.06745522549386054,1,0
2025-11-27 15:38:39.104971,1,12.906826606955107,80.10099546015576,11.485952944524934,1.6029394052455135,-0.2662229164510699,-0.03262518142115948,0.05338230541548841,1,0
2025-11-27 15:38:40.104971,1,12.906960891668822,80.10104521934394,15.893809148361548,-0.060835473209290364,-0.1438392213110641,-0.12225147646481628,0.11280535950788328,1,0
2025-11-27 15:38:41.104971,1,12.907063624461143,80.10107376403752,11.848241507670744,-2.1544186294373464,0.19039222999205693,-0.07125142497506616,0.05464011325633167,1,0
2025-11-27 15:38:42.104971,1,12.907167810808808,80.10109629600684,11.852929520561966,1.3611269659698007,-0.03200433823384321,-0.020803867211805955,0.01782117206373947,1,0
2025-11-27 15:38:43.104971,1,12.907299440806362,80.10112198074961,14.915749948892977,-1.7813196964696312,0.2888839053233935,-0.1705912504996541,0.06548812997356152,1,0
2025-11-27 15:38:44.104971,1,12.90737016655192,80.10112874218562,7.907301308191297,-1.2359733601445106,-0.18182780958644196,0.031042242011415998,0.09284834029205323,1,0
2025-11-27 15:38:45.104971,1,12.907484878141245,80.10114738443916,12.928925298097084,4.1620962742533205,0.004652842810306013,0.042421587504720616,0.019409956094151092,1,0
2025-11-27 15:38:46.104971,1,12.90762667086957,80.10117284073525,16.024242529106495,1.7291656945432157,-0.1630717814311393,0.11356719388869937,0.03323994239170797,1,0
2025-11-27 15:38:47.104971,1,12.907764059013425,80.10121421485822,15.939374079999432,-1.7429959535233892,-0.010883766704939856,0.02694014414636213,0.05899857989176154,1,0
2025-11-27 15:38:48.104971,1,12.907872235089961,80.10125390323141,12.789072726467571,-3.007902067714753,-0.45493171303593233,0.05195392454513364,0.11343833125108124,1,0
2025-11-27 15:38:49.104971,1,12.907955977711119,80.1012864987334,9.970652945413235,-2.0057273817690717,0.12578641803349747,0.031487819840692245,0.09234183533672093,1,0
2025-11-27 15:38:50.104971,1,12.908022252327752,80.1013156189916,8.025891469498253,1.2130622004917937,0.09344144123508952,0.02083754160153395,0.03476968701838588,1,0
2025-11-27 15:38:51.104971,1,12.90811911598512,80.10136815089787,12.196841363245472,3.738304665340632,0.1989732101076878,0.08746843539122753,0.08991180206183735,1,0
2025-11-27 15:38:52.104971,1,12.908240265128242,80.10142962549281,15.045865572049877,0.6619486356027683,0.08609727432395581,-0.041056367106184356,0.08731477730278706,1,0
2025-11-27 15:38:53.104971,1,12.908350065194657,80.101487963298,13.764896142959167,-3.1640052710867343,0.04953368189208658,-0.03629455485814214,0.023578242580228045,1,0
2025-11-27 15:38:54.104971,1,12.908418515219674,80.10152405203317,8.567218864086612,-0.4542199809111374,-0.10205789932319238,0.0009488896867491815,0.09453946926284429,1,0
2025-11-27 15:38:55.104971,1,12.90852033386582,80.10157919954571,12.817131332174132,1.5748483825203339,-0.15023429727637197,0.051153810778301306,0.058184257137133176,1,0
2025-11-27 15:38:56.104971,1,12.908613562483742,80.10163151061194,11.829092792338951,1.2808687862440187,-0.36392179693179255,0.08350651083665092,0.0614081559524611,1,0
2025-11-27 15:38:57.104971,1,12.908736917183045,80.10170402764015,15.826628252304111,0.10160219554591753,0.23929575388240543,0.08612691055108915,0.038929086177920194,1,0
2025-11-27 15:38:58.104971,1,12.9088286924416,80.10176562805252,12.20879906272176,-2.7364792781828573,-0.16644980153869696,0.08703116752250419,0.04763203198188687,1,0
2025-11-27 15:38:59.104971,1,12.908899618622861,80.1018256208671,10.233126149710483,1.9356046744302873,-0.0547203843107082,0.08403746070861298,0.08028148715181462,1,0
2025-11-27 15:39:00.104971,1,12.909010548875708,80.10191603335612,15.771529545496218,-1.8462722982705033,-0.11690454473973776,-0.07714303175833791,0.06152341733394623,1,0
2025-11-27 15:39:01.104971,1,12.909057894335449,80.10195017977509,6.442584646864871,-1.0659661003553929,0.13964340821840251,0.057932805510361104,0.09323866798114584,1,0
2025-11-27 15:39:02.104971,1,12.909161917703075,80.1020209832581,13.896783683556478,1.2571424432397096,-0.012675797399784253,0.09502258826553606,0.02072881720678797,1,0
2025-11-27 15:39:03.104971,1,12.909224104382861,80.10206877245957,8.649467727583083,-2.0543438966748915,-0.07614373701877887,0.013278778366463939,0.09149013524212182,1,0
2025-11-27 15:39:04.104971,1,12.909295724811656,80.10212318418269,9.92094804400515,0.43538951083174293,0.12348946560087475,-0.05368950656735868,0.04891810633404697,1,0
2025-11-27 15:39:05.104971,1,12.909364953685548,80.10216694014636,9.051753454028965,1.8538556136096849,-0.027395657278555818,-0.08955590191258857,0.10003165449279665,1,0
2025-11-27 15:39:06.104971,1,12.909465178520664,80.10223452001567,13.351168937596237,1.8832487846138137,0.13336363005066917,-0.003426507948713891,0.07528154766304296,1,0
2025-11-27 15:39:07.104971,1,12.909562029801686,80.10229684328266,12.726926298372153,-2.2598030311244184,0.08818730422830166,-0.023254552910161597,0.08716790911332781,1,0
2025-11-27 15:39:08.104971,1,12.909630138207701,80.10233806419323,8.802888603096196,2.082334025946657,-0.04868430849572244,-0.09777180934205687,0.04941296284188076,1,0
2025-11-27 15:39:09.104971,1,12.909761171898918,80.10241490460362,16.801567266917957,-0.24870369983056234,-0.06517442144582476,0.04250426152144757,0.02306641298815446,1,0
2025-11-27 15:39:10.104971,1,12.909826526164242,80.10244877891284,8.151067337983296,-4.552247778832242,0.007076457932513099,-0.06796041884813114,0.09062490034812277,1,0
2025-11-27 15:39:11.104971,1,12.909887756416284,80.10247915451913,7.571258417520315,2.055896392641391,-0.12178967356418056,0.02472229071047634,0.10388176173789054,1,0
2025-11-27 15:39:12.104971,1,12.909987489770208,80.10253381948037,12.58755622875432,1.7433280341514625,0.027586724597763148,0.08136423368321782,0.0451048325556129,1,0
2025-11-27 15:39:13.104971,1,12.910065961971256,80.10259092809504,10.710301694501661,0.12598769080703448,-0.12845117407224002,0.15617342566911463,0.04057937207212828,1,0
2025-11-27 15:39:14.104971,1,12.910151359558458,80.10266827333062,12.681126253961565,3.0464253360364593,0.04381385194182282,0.005394345606010077,0.06814136844959708,1,0
2025-11-27 15:39:15.104971,1,12.91027387565455,80.10275864381951,16.797869874790567,1.5994327755643551,-0.008760283202191126,0.03497737257279404,0.05330567877679139,1,0
2025-11-27 15:39:16.104971,1,12.91039188526181,80.10284568068009,16.179392004360516,-3.5835038891439126,-0.0951125127162888,0.02733474322027418,0.032776288948737506,1,0
2025-11-27 15:39:17.104971,1,12.910461833915036,80.10290342093828,9.994386832467617,-3.2156546244342925,-0.1795902692745317,-0.01515849643270753,0.061886579321329876,1,0
2025-11-27 15:39:18.104971,1,12.910525833136232,80.10296315973423,9.632070486361819,2.0569792860546596,0.10053291333154661,-0.04387736577533656,0.09504088798086296,1,0
2025-11-27 15:39:19.104971,1,12.910621636920686,80.10304853572084,14.126724900562191,0.04023020137240729,-0.07080662320121228,-0.08484722250391202,0.1118662447932405,1,0
2025-11-27 15:39:20.104971,1,12.910691994660594,80.10310686828244,10.070180929776608,-3.045171485272071,-0.16854190675591027,-0.031703140092903814,0.09756816438678964,1,0
2025-11-27 15:39:21.104971,1,12.910742847563542,80.10315741874241,7.8825224186636875,-0.3806071162619742,0.03481130222666769,0.09263831851227683,0.08890065877131242,1,0
2025-11-27 15:39:22.104971,1,12.910797872491218,80.10322096792456,9.223413998677914,0.35697372748356326,0.032848719239657376,-0.05092396808043001,0.08538368964440499,1,0
2025-11-27 15:39:23.104971,1,12.91084889733608,80.10327517719402,8.177061600132571,1.8032786323312384,-0.08257539859603578,0.04900267530729013,0.10513881642743654,1,0
2025-11-27 15:39:24.104971,1,12.91092848999055,80.10336514583237,13.18373208090642,1.2959696180585156,0.20726009339239496,-0.016450941361569993,0.06648976508509086,1,0
2025-11-27 15:39:25.104971,1,12.910990629075178,80.10343787598615,10.494400234747827,-3.023677447768762,0.028700343507079597,0.01857153879619576,0.06647723913529857,1,0
2025-11-27 15:39:26.104971,1,12.911034718875175,80.10348915222349,7.419383328837428,-1.3783626257557946,0.07597555520899825,-0.013169347924739803,0.0851466436121619,1,0
2025-11-27 15:39:27.104971,1,12.911074488371021,80.10354052269022,7.118391060709869,2.9404375523596,-0.03800991154166255,-0.023209517909746125,0.08084804899941442,1,0
2025-11-27 15:39:28.104971,1,12.91114431471365,80.10363575065969,12.930418621285838,2.2104020850854043,0.06697031229451221,-0.16061612535167,0.07659642353293614,1,0
2025-11-27 15:39:29.104971,1,12.911212803498184,80.10371672732916,11.633389020864307,-0.36721527150059347,0.18952525161395936,-0.10969073090332762,0.09575047847951655,1,0
2025-11-27 15:39:30.104971,1,12.911292703639356,80.10379517305232,12.311324776329558,0.35653513940848,-0.35726437656499105,-0.019398112686816994,0.03792973608076852,1,0
2025-11-27 15:39:31.104971,1,12.911369783672592,80.10388107270936,12.669121915534182,-5.733537121925202,0.2785793270805645,-0.01940197345155867,0.07446997442782523,1,0
2025-11-27 15:39:32.104971,1,12.911371020734993,80.10388235879056,0.1960586710944701,-5.949209978398042,-0.1423715691852506,0.043680551968228246,0.04317309297952821,0,0
2025-11-27 15:39:33.104971,1,12.911371073437493,80.10388241823648,0.00871944004315508,-0.4863530692081935,0.30764530869866535,0.04455981249880709,0.011072436168792294,0,0
2025-11-27 15:39:34.104971,1,12.911372311213386,80.10388386551114,0.20892271564938253,0.3033256256589598,0.07419249128948005,0.09978567375410502,0.0021512214839842676,0,0
2025-11-27 15:39:35.104971,1,12.911373095046166,80.10388510945859,0.16072809454202938,-0.17203446033856745,-0.15402220978255965,0.09621119774256154,0.010557053813111285,0,0
2025-11-27 15:39:36.104971,1,12.911374090836906,80.10388662222212,0.19807409541416152,0.1755494717470154,-0.13271971547642236,0.029256935147910848,0.010203538408211324,0,0
2025-11-27 15:39:37.104971,1,12.91137531334932,80.10388863294291,0.2571471129781126,-0.016730874481628084,0.23007575136514935,0.13464361643934875,0.011715953787043976,0,0
2025-11-27 15:39:38.104971,1,12.911376049231276,80.10388998362706,0.16790274863698973,-0.20988015994454842,-0.2114421829769788,0.04369987709527237,0.00582895525232456,0,0
2025-11-27 15:39:39.104971,1,12.911376458735262,80.10389072507094,0.09247141901057838,-0.05142956521707145,-0.09711952223435817,0.06736075332541393,0.020211328866016107,0,0
2025-11-27 15:39:40.104971,1,12.911376849932303,80.10389145761411,0.09063574876560866,0.10078988507084778,-0.1150480446652363,-0.00318044977418304,0.021779259964154085,0,0
2025-11-27 15:39:41.104971,1,12.911377126814571,80.10389194859883,0.0615503932431399,0.10767573960318286,0.0673911556870058,0.0889772627173102,0.0022107298167512576,0,0
2025-11-27 15:39:42.104971,1,12.911377626523171,80.10389279824538,0.1076773002735508,0.16668474319125576,-0.049708950322291855,0.029576603045116057,0.03704801951010081,0,0
2025-11-27 15:39:43.104971,1,12.911378458607697,80.10389419914684,0.17800998787560918,-0.2720838425001713,0.23902817109359406,0.017627881311426157,0.021004160283259403,0,0
2025-11-27 15:39:44.104971,1,12.911379674472363,80.1038964060376,0.2750737840719759,0.22283247023145902,-0.005420664489812343,0.1733048828453729,0.011884184659874142,0,0
2025-11-27 15:39:45.104971,1,12.91137971660329,80.10389649524099,0.010755859537557111,0.05013308710432757,0.10208990118094957,-0.02294553820434613,0.021349086247008455,0,0
2025-11-27 15:39:46.104971,1,12.911380014910126,80.10389701944575,0.06586540061065416,0.028472016972365944,0.11468178253165655,0.026268983829900436,0.01629584737311849,0,0
2025-11-27 15:39:47.104971,1,12.911380222267434,80.10389743745357,0.05089384722897332,-0.04897983843687749,-0.07292851034423797,-0.00493433442092385,0.013220767243486203,0,0
2025-11-27 15:39:48.104971,1,12.911380350018678,80.1038977162872,0.03343183433478814,0.4064188494540393,0.2251579217127972,-0.023283550323100144,0.01599523837858345,0,0
2025-11-27 15:39:49.104971,1,12.911380683529204,80.10389857117791,0.09991793942008242,-0.0653371066232607,0.03788038756865381,0.0217902861551416,0.016179862333378234,0,0
2025-11-27 15:39:50.104971,1,12.911381204905409,80.10389971420422,0.13693807860830093,0.16788475720802334,0.20800699033857437,0.014233052627677864,0.003361097219663381,0,0
2025-11-27 15:39:51.104971,1,12.911382094908886,80.10390136928768,0.2051089742277139,-0.23200244157540048,-0.03253493263802246,-0.07525774395814541,0.016767410807454912,0,0
2025-11-27 15:39:52.104971,1,12.911382583368546,80.10390226354612,0.11123260242805842,0.11360803541999226,0.15417335351935338,-0.05175108098297023,0.011601660341545923,0,0
2025-11-27 15:39:53.104971,1,12.91138338230415,80.1039035719181,0.16752863442950194,-0.3460298850174384,-0.07314806463630727,-0.13899045672192248,0.02011079619080929,0,0
2025-11-27 15:39:54.104971,1,12.911384217003855,80.10390487834823,0.16949948380150778,-0.2219783254668043,-0.024980352964352488,-0.05751104769851473,0.005669181193349097,0,0
2025-11-27 15:39:55.104971,1,12.911384463216162,80.10390525709143,0.04939860469006809,0.15095272911313465,-0.20329396644266967,0.051618247179193805,0.01859220668117185,0,0
2025-11-27 15:39:56.104971,1,12.911385185115284,80.10390665857443,0.17200257089721457,0.19436325108822183,-0.08953506797058274,0.09322278301276377,0.02970077543977151,0,0
2025-11-27 15:39:57.104971,1,12.911386070253224,80.10390863701909,0.23621382192302298,0.0936976366016681,-0.09349264900983904,0.024052764768592874,0.00293990792995285,0,0
2025-11-27 15:39:58.104971,1,12.911386328487389,80.1039092512156,0.07258192156155976,0.14041753708918575,-0.052760401217344495,-0.02149256313500633,0.006196467719160092,0,0
2025-11-27 15:39:59.104971,1,12.911387029108335,80.10391054611138,0.1607041264257556,-0.13873722703642766,0.006347616818563895,0.1293779360077424,0.028893584892064582,0,0
2025-11-27 15:40:00.104971,1,12.91138765107976,80.10391209015077,0.18128672678744412,0.18824124603481504,0.11593740157503009,0.016747336149840197,0.017055851614127242,0,0
2025-11-27 15:40:01.104971,1,12.911388980056357,80.10391448705,0.2992198286946171,0.23818807590360624,0.012711700200304033,-0.0933942019108466,0.019155063428355372,0,0
2025-11-27 15:40:02.104971,1,12.91138967248446,80.10391564929601,0.1478060372522251,0.0759329852152699,0.04275855947397134,-0.033549312168549394,0.012532835833203405,0,0
2025-11-27 15:40:03.104971,1,12.911390121588585,80.10391648093159,0.10316420792332838,0.031279982407629595,0.03114313373075814,0.05588889700164447,0.004358749761944643,0,0
2025-11-27 15:40:04.104971,1,12.911390465429916,80.10391742515807,0.10937443233642337,-0.17607027792238733,0.003625793021349126,0.11515127903330104,0.00011878812508935412,0,0
2025-11-27 15:40:05.104971,1,12.911390815834082,80.10391851611976,0.12464140347856216,0.03439780769960665,0.07486261778076754,0.0021559050764732683,0.003220252378000657,0,0
2025-11-27 15:40:06.104971,1,12.911390874378554,80.1039186840112,0.019348555444808336,-0.14118047547627832,-0.13295978255628313,-0.08810842316626336,0.009239642256188299,0,0
2025-11-27 15:40:07.104971,1,12.911391572835297,80.10392034919133,0.19670771632897227,0.19445714407324283,0.058486846009514065,-0.002971139448519563,0.0015228384937277875,0,0
2025-11-27 15:40:08.104971,1,12.911391892250899,80.10392141924817,0.12143450227609076,-0.27522116539584374,-0.18891201032841046,0.011238582153982556,0.015264566374067364,0,0
2025-11-27 15:40:09.104971,1,12.911392237398646,80.10392246617218,0.1199234586635009,-0.2086047424219565,0.08355444833295743,-0.028298853612342467,0.022434473864738413,0,0
2025-11-27 15:40:10.104971,1,12.911392290443276,80.10392272491819,0.028690808640080265,-0.10928013251053295,-0.020534117195344755,0.07341797814549432,0.01774501019357099,0,0
2025-11-27 15:40:11.104971,1,12.911392403169568,80.10392344065798,0.07867230486264383,0.26925635782377394,0.21856433935429076,0.09956842574239624,0.021365245698977433,0,0
2025-11-27 15:40:12.104971,1,12.911392529107319,80.10392432169284,0.09662372800057532,-0.17755466862179467,-0.1905951765729622,-0.00796430519506229,0.01039546348876287,0,0
2025-11-27 15:40:13.104971,1,12.911392800846258,80.10392697392284,0.2893794062836704,-0.24803467270359078,-0.247099343705837,0.06392888733634017,0.057936841387242866,0,0
2025-11-27 15:40:14.104971,1,12.911392817864076,80.10392753941883,0.06139131507930212,-0.08960512352729483,0.14893861895848648,0.08503282386357275,0.03773570262389754,0,0
2025-11-27 15:40:15.104971,1,12.911392796135557,80.10392946425361,0.2088781980428719,0.17585036852892766,0.09516474464022373,-0.028020123493676163,0.03406555946985613,0,0
2025-11-27 15:40:16.104971,1,12.91139290701697,80.10393057934333,0.12162655454303425,0.4337890684844208,0.010900000584222294,-0.04871491358182786,0.02039356166297571,0,0
2025-11-27 15:40:17.104971,1,12.911392919638972,80.10393097628946,0.04309561362945483,-0.1676123277599112,0.177341645548488,0.04284478098102695,0.015042747418315978,0,0
2025-11-27 15:40:18.104971,1,12.91139293903981,80.10393108636737,0.012138252008883143,0.1763355819649678,0.12043545915296033,-0.14730885659435117,0.021646215378508443,0,0
2025-11-27 15:40:19.104971,1,12.911393163941375,80.10393244532042,0.14957048891776625,-0.030770487595008528,-0.1387083978491671,-0.020392137391626795,0.010299031315876419,0,0
2025-11-27 15:40:20.104971,1,12.911393744416365,80.10393503127784,0.2879469464342499,-0.5183771943416984,-0.05222293985616118,-0.0780547926699045,0.009410431255074273,0,0
2025-11-27 15:40:21.104971,1,12.911393762251539,80.10393509820939,0.007529241463133551,-0.11263655979234379,0.047219944457509794,0.09344541712613405,0.017916417630018437,0,0
2025-11-27 15:40:22.104971,1,12.911393963581643,80.10393574201723,0.07336675081216233,-0.2071899760975357,-0.02611699060749103,-0.06078065583179096,0.01942368899485897,0,0
2025-11-27 15:40:23.104971,1,12.911394713262908,80.10393791260188,0.2498785722768139,0.1895055003211077,-0.077249003016358,0.0024246408894466037,0.01979253061350325,0,0
2025-11-27 15:40:24.104971,1,12.91139509335812,80.10393905021543,0.13049296537025576,0.0479845508035331,0.15963930390648276,-0.03848374229760658,0.037757657547859584,0,0
2025-11-27 15:40:25.104971,1,12.911395241332688,80.10393944686227,0.04608476108693405,-0.03629828018567488,-0.046867009588463494,-0.041348169640651244,0.0007769107798652945,0,0
2025-11-27 15:40:26.104971,1,12.911395978578094,80.10394162241167,0.24992842651832345,0.3388384409048564,0.09448521487506366,0.03249591916318593,0.015520605872182756,0,0
2025-11-27 15:40:27.104971,1,12.911396128008565,80.10394202327765,0.04657026798554815,-0.24991080877673794,-0.05101843422528171,-0.041177971113588105,0.019763847659602676,0,0
2025-11-27 15:40:28.104971,1,12.911397040769724,80.10394357294028,0.19646916692161825,-0.07552913091661625,-0.07914902309774012,-0.03610053964109465,0.00263711572126259,0,0
2025-11-27 15:40:29.104971,1,12.911397101470937,80.10394365671215,0.011326539118461331,-0.37705819545331065,0.12035334294782166,-0.04684036965208812,0.00834926363541412,0,0
2025-11-27 15:40:30.104971,1,12.911397315939071,80.10394392232965,0.037426137364802714,0.08361719903752851,0.041234530221241385,-0.14818627725042746,0.010225375654107928,0,0
2025-11-27 15:40:31.104971,1,12.911398750496417,80.1039455435919,0.23759532755263557,-0.022218460057406818,-0.12440173969391605,-0.0522743109217876,0.03577417760754984,0,0
2025-11-27 15:40:32.104971,1,12.911399539759799,80.10394633458847,0.12282716791697919,-0.04361298782762707,0.13252613078151312,-0.042875516138827625,0.0031725503315079067,0,0
2025-11-27 15:40:33.104971,1,12.911400398637648,80.10394713304134,0.12902659959946264,-0.2853012776747287,0.17842060711758298,0.06222710217397591,0.008569904387576205,0,0
2025-11-27 15:40:34.104971,1,12.911401627448036,80.10394833423895,0.18894684360623795,0.3467728073304965,-0.16234091818172605,0.048957766603281494,0.0036431191434311855,0,0
2025-11-27 15:40:35.104971,1,12.91140329995084,80.10394995500714,0.25611389049412464,0.16387374780325817,-0.10087054353218912,-0.03401160049656475,0.006963900133726853,0,0
2025-11-27 15:40:36.104971,1,12.91140359140127,80.1039502817187,0.048056647774451254,0.046627883088245475,0.3673021305149608,-0.011662116010845887,0.009944619936766323,0,0
2025-11-27 15:40:37.104971,1,12.911405227159651,80.10395204209927,0.26390542129074984,-0.11048650209800291,-0.13809770417543954,-0.07422510673287211,0.007410522671140729,0,0
2025-11-27 15:40:38.104971,1,12.911406117297043,80.10395287099885,0.1338236889007859,0.05816339962726526,0.0014825355820484276,-0.054530362562878285,0.019847041407551592,0,0
2025-11-27 15:40:39.104971,1,12.911407334756902,80.10395401048652,0.18345593126101237,-0.18965005860704925,-0.21608877290228393,-0.010579245332381082,0.02883994261954312,0,0
2025-11-27 15:40:40.104971,1,12.91140764950325,80.10395430433293,0.04737409796663707,0.12890360792952443,0.0007819293104492489,0.005322264276169084,0.018943411094019303,0,0
2025-11-27 15:40:41.104971,1,12.911408180515684,80.1039548601643,0.0844509736626099,-0.27214827802252767,-0.06533068704509001,-0.012155247238509189,0.00932829322083345,0,0
2025-11-27 15:40:42.104971,1,12.911410061790642,80.10395672035673,0.2908634947887707,0.06865491557517779,-0.04790755742265329,0.11958894153490113,0.03966293504065165,0,0
2025-11-27 15:40:43.104971,1,12.911411264104585,80.10395808878786,0.19990615869530043,-0.11540342536244552,-0.029414048910692832,0.12052738726714504,0.001084586048201817,0,0
2025-11-27 15:40:44.104971,1,12.911412403979735,80.10395918189704,0.17369646004848896,0.013944780934983345,0.10459729532024721,-0.10987858391893834,0.003401552711113297,0,0
2025-11-27 15:40:45.104971,1,12.911412696875997,80.103959449485,0.043659940345428104,-0.03574912975483251,-0.2116331490232322,-0.02772973906736027,0.03642287853292832,0,0
2025-11-27 15:40:46.104971,1,12.911414607518417,80.10396122010538,0.28662216430654647,-0.25725748114842817,-0.22082514756043287,0.07177390432543858,0.006648886369549601,0,0
2025-11-27 15:40:47.104971,1,12.911415406740963,80.10396222689346,0.14089151906292371,-0.4396123269353056,-0.006580450697353935,0.01087987533420906,0.013633325189032793,0,0
2025-11-27 15:40:48.104971,1,12.911415682328322,80.1039626125846,0.05189127725121177,0.014100292358771145,-0.2781415044666085,-0.08548094152500145,0.02253779439941466,0,0
2025-11-27 15:40:49.104971,1,12.91141609682586,80.10396309418793,0.06971414026019203,0.04548760311758751,-0.033449792311343506,-0.05469401029566717,0.0020516511258911654,0,0
2025-11-27 15:40:50.104971,1,12.911417632709155,80.10396502943134,0.2707944170042721,0.13669025015653022,-0.2100037910122523,0.0672695976970909,0.04666563046290905,0,0
2025-11-27 15:40:51.104971,1,12.911418078200228,80.10396572668279,0.09046347643027011,0.015929088196896785,0.10946655422927265,-0.0409652211662703,0.017891310035697446,0,0
2025-11-27 15:40:52.104971,1,12.911418639355745,80.10396654558681,0.10861965294694047,0.3974772295042999,-0.2167295333178622,-0.005055318376843218,0.021119716003397633,0,0
2025-11-27 15:40:53.104971,1,12.911420040034155,80.10396869107315,0.28019869158860733,0.34321525836059574,0.17035058403907039,0.0707418523035997,0.008058859435319515,0,0
2025-11-27 15:40:54.104971,1,12.91142116596881,80.1039711007826,0.2899666196458842,-0.011157474697609242,-0.025451887208525172,0.12677943586518528,9.830728118865757e-05,0,0
2025-11-27 15:40:55.104971,1,12.9114217720276,80.1039729219152,0.20881094075681333,-0.3524627923422625,0.1449317838001829,0.08940050278291978,0.026908605129995742,0,0
2025-11-27 15:40:56.104971,1,12.911422566952107,80.10397502183132,0.24444198779262788,-0.25770022588182806,0.2649484702711419,-0.007909405206272035,0.0011223666980161113,0,0
2025-11-27 15:40:57.104971,1,12.911422925949985,80.10397587305953,0.10064166047907165,0.20462863420328095,0.28750620224525536,0.07878172111867733,0.016492102464796547,0,0
2025-11-27 15:40:58.104971,1,12.911423525434095,80.10397778053853,0.21747322052622275,-0.02910397340082669,0.057153444627270567,0.09535608308924828,0.006519343152572479,0,0
2025-11-27 15:40:59.104971,1,12.91142397060239,80.10397968340652,0.2123441484503921,-0.2689785929386505,0.3015759367478329,0.011550027183286704,0.010671173162466279,0,0
2025-11-27 15:41:00.104971,1,12.9114243272201,80.10398082814397,0.13040521893668097,-0.12640339382486399,0.033712866235868603,0.04624190736973304,0.034861955276454186,0,0
2025-11-27 15:41:01.104971,1,12.911424843461425,80.1039827670279,0.21809621999585083,-0.03955591972561601,-0.05457423720666932,0.08432102197124088,0.016728182180196064,0,0
2025-11-27 15:41:02.104971,1,12.911425178270445,80.10398484965383,0.22903898925508978,0.24123993216253836,-0.0071929175906587164,0.12056173321687165,0.0031899833747583333,0,0
2025-11-27 15:43:04.104971,2,12.898498770565489,80.10263271464942,0.16425642755842262,0.05187343545233841,0.018820809051841938,0.049222442046182056,0.02492280057286861,0,0
2025-11-27 15:43:05.104971,2,12.898500004307273,80.10263262246787,0.13770391125962908,-0.06875241057456198,0.18442047589529187,-0.06552564686958921,0.032098314825171885,0,0
2025-11-27 15:43:06.104971,2,12.898500633783108,80.10263252843795,0.07081219806743685,-0.027427812529919125,-0.3117201108435787,-0.0503648605554325,0.0293628735795981,0,0
2025-11-27 15:43:07.104971,2,12.898501194390978,80.10263244824405,0.06301063955635643,-0.07764221815096996,0.04659705651163057,0.058873686004433615,0.03430140915946737,0,0
2025-11-27 15:43:08.104971,2,12.898502386946097,80.10263232893281,0.13338503222757886,0.02374863677927972,-0.12215474697421642,0.06670442934797853,0.03717567383025109,0,0
2025-11-27 15:43:09.104971,2,12.898502613003412,80.10263232732324,0.02516530638197505,0.2898563668541674,0.07453853210728238,0.049137910255784,0.0017517595253160698,0,0
2025-11-27 15:43:10.104971,2,12.898502662112477,80.10263232562012,0.005469943914234265,0.11226874967818623,0.27045895820955235,-0.04849463520488022,0.0010464439284946826,0,0
2025-11-27 15:43:11.104971,2,12.898504103539313,80.10263227143086,0.16056733965530925,0.1321568650824251,-0.17880839538573545,0.13412946743533657,0.011109432733092992,0,0
2025-11-27 15:43:12.104971,2,12.898506367869386,80.10263257770337,0.25424667723532923,-0.08267990636664829,0.17238974702674706,0.10012463717574227,0.01926807388299126,0,0
2025-11-27 15:43:13.104971,2,12.898508478522224,80.10263305294642,0.24055057185551612,-0.21701297907725653,-0.1405909706574267,0.12661033247502212,0.0036064293096044267,0,0
2025-11-27 15:43:14.104971,2,12.898508854192213,80.10263315671128,0.04330885505266605,-0.32017746042729517,0.23637450065534302,0.022183071572000036,0.02366818312219089,0,0
2025-11-27 15:43:15.104971,2,12.898509065922998,80.10263322080576,0.024574585976995644,-0.3554199462473818,0.05218076482439481,0.007496909642815113,0.012108918413877312,0,0
2025-11-27 15:43:16.104971,2,12.898509206953982,80.10263325590924,0.016155056223298336,0.05828001893130855,-0.04779777818793529,-0.05303288463319337,0.019033011068439697,0,0
2025-11-27 15:43:17.104971,2,12.898510027583871,80.10263342591227,0.0931964718294925,0.12156026199199153,0.08927225609221628,-0.09401328618555606,0.007217121195575084,0,0
2025-11-27 15:43:18.104971,2,12.898511615110507,80.10263358482912,0.17756279687199458,0.1749314049393137,0.14180093875456612,0.005905374793523835,0.02121220512201755,0,0
2025-11-27 15:43:19.104971,2,12.898513269047184,80.10263380374036,0.18564227118201615,0.1339326560169508,-0.4682322405425025,-0.0062094042091007245,0.0023430435682529295,0,0
2025-11-27 15:43:20.104971,2,12.898515659465538,80.10263421451896,0.2698087905325464,-0.13471096279122446,0.07696070591816712,0.061529330105104765,0.016513297010826253,0,0
2025-11-27 15:43:21.104971,2,12.89851773995663,80.10263447254194,0.23328650155863015,0.2816582398693489,0.2561141567474549,0.03959437460922794,0.024196271036284505,0,0
2025-11-27 15:43:22.104971,2,12.898519810546114,80.1026346832267,0.23162899628750488,0.11285985469932647,-0.18537317173893678,-0.06245284697407608,0.023810072326054633,0,0
2025-11-27 15:43:23.104971,2,12.898521680576208,80.10263481296047,0.2086472020362772,0.040149793937988856,-0.11445839574243621,0.006330570021972447,0.004397436420627583,0,0
2025-11-27 15:43:24.104971,2,12.898522577758417,80.102634933835,0.10073190089175377,-0.15357519304157308,0.0334378575795537,-0.0048884507485134655,0.0042583826024855075,0,0
2025-11-27 15:43:25.104971,2,12.898525010256948,80.10263508129106,0.27125805929481495,-0.21549873556079763,0.14566544606951734,-0.00999820420982677,0.028229982868103787,0,0
2025-11-27 15:43:26.104971,2,12.898527433837353,80.10263520861716,0.27014651016222113,0.1205230653431231,0.2317124319644053,0.0748007627656039,0.009659620310845584,0,0
2025-11-27 15:43:27.104971,2,12.898529621376744,80.10263540935864,0.24448917786843039,0.02336547953980933,-0.19855543659253475,0.08977480545007926,0.02403524164764409,0,0
2025-11-27 15:43:28.104971,2,12.898532187226923,80.10263580409014,0.2888241553288689,0.3996813281634495,0.09342551964836313,-0.006084030108537066,0.014116060650037033,0,0
2025-11-27 15:43:29.104971,2,12.898534045282377,80.10263597183906,0.2076381387857613,-0.47022258717088816,-0.3200212552040359,-0.03915663420757785,0.0005036270943710854,0,0
2025-11-27 15:43:30.104971,2,12.898535731171396,80.10263615541984,0.1887274365136674,-0.01953151643387724,0.21051849504792686,-0.016129274149915815,0.007822563096074577,0,0
2025-11-27 15:43:31.104971,2,12.898537597281443,80.10263636024965,0.20892101990552578,-0.23386883469205993,-0.052230814838099736,-0.10618204705822507,0.0038627824703807577,0,0
2025-11-27 15:43:32.104971,2,12.898538110914632,80.10263637348434,0.057195679007743826,0.09390497016146541,-0.051065849731123526,-0.06972845191800628,0.006985818638897218,0,0
2025-11-27 15:43:33.104971,2,12.898538318560124,80.10263637552325,0.023116154927859633,-0.05763196695647986,0.12549608428440215,0.030370839047960826,0.011823767642510141,0,0
2025-11-27 15:43:34.104971,2,12.898538867933345,80.10263638742758,0.0611698676287018,0.08340803943097416,0.12900064966080754,-0.05410305945646279,0.010408197393807207,0,0
2025-11-27 15:43:35.104971,2,12.89853950623451,80.102636361966,0.07110937957667281,0.10444938502510365,0.07827454141835516,-0.010984563969895913,0.016504447782378587,0,0
2025-11-27 15:43:36.104971,2,12.898540340606253,80.10263638030486,0.09290357713944682,-0.4430408215140618,0.018506243851068357,2.9188967354574352e-05,0.00852407014391148,0,0
2025-11-27 15:43:37.104971,2,12.898541351728333,80.10263638519588,0.11255936125480093,0.19342706943170446,-0.07226262463140229,-0.13752130985059163,0.003912800516396865,0,0
2025-11-27 15:43:38.104971,2,12.898543398206222,80.10263621627858,0.2285501000885678,-0.0964480126595336,0.031479693234415414,-0.027004148937580155,0.010282243564366227,0,0
2025-11-27 15:43:39.104971,2,12.89854444050362,80.10263622630666,0.11603364879266335,-0.08831389805439363,-0.09699961650686834,0.0576573579609202,0.06147377630519531,0,0
2025-11-27 15:43:40.104971,2,12.898547008981858,80.1026361903915,0.28594955597473687,-0.04656209275840725,-0.0811908351282402,-0.09792313810926818,0.007903181406851088,0,0
2025-11-27 15:43:41.104971,2,12.89854952677677,80.10263612474621,0.2803714324660593,-0.2780196655651487,-0.2754495119529945,0.10433074401751048,0.015907983679241563,0,0
2025-11-27 15:43:42.104971,2,12.898552172938205,80.1026363066758,0.2952314579139369,-0.2680923922617962,0.16023275732923903,0.13069480746666784,0.01406403023326096,0,0
2025-11-27 15:43:43.104971,2,12.898553122891284,80.10263644010799,0.1067353804422821,-0.07099776035930094,-0.025291218601881497,-0.0712674913370422,0.034747853540766475,0,0
2025-11-27 15:43:44.104971,2,12.898555406556698,80.102636488097,0.25427096125663007,0.45458474979288044,-0.03711595010297095,-0.10165883949071687,0.015016165159742455,0,0
2025-11-27 15:43:45.104971,2,12.898557684414783,80.10263625029748,0.254880706331127,-0.016708608179234072,-0.4208153892788847,-0.037689132009680826,0.03727906288907305,0,0
2025-11-27 15:43:46.104971,2,12.898559515544282,80.10263603652899,0.20515690600370587,-0.025760023421890085,0.013840490573268758,-0.01327194054831577,0.008370219687747734,0,0
2025-11-27 15:43:47.104971,2,12.898560842316156,80.10263585569945,0.14899397311046728,0.2265165679667345,-0.020250863769592932,0.06678822449590499,0.004706676743208092,0,0
2025-11-27 15:43:48.104971,2,12.898562014236886,80.1026358251444,0.13050034079169523,0.027079579113299296,0.2099779686672118,0.044200789799108055,0.008642143483762977,0,0
2025-11-27 15:43:49.104971,2,12.898563741662574,80.10263574145887,0.1925113188291311,0.00985714955890682,-0.02925800682969913,-0.00598009051689407,0.017405838607822573,0,0
2025-11-27 15:43:50.104971,2,12.898564796022992,80.10263578555801,0.11746890869621623,-0.3290121109672418,-0.19836237069209647,-0.021461978122847614,0.04017244373819862,0,0
2025-11-27 15:43:51.104971,2,12.898564818136993,80.1026357862375,0.002462834574907058,0.07080344328460811,-0.14886678816359766,-0.016707738044358128,0.027435418154982214,0,0
2025-11-27 15:43:52.104971,2,12.898566822869135,80.10263591187211,0.22358279092451336,0.13632015906220124,-0.12838788394653025,-0.02313325457038883,0.021171957732707112,0,0
2025-11-27 15:43:53.104971,2,12.898567065761295,80.10263592349072,0.0270681320228346,-0.08933137075947888,-0.15807982385198727,0.02626085595893249,0.028906751283195836,0,0
2025-11-27 15:43:54.104971,2,12.898569756138524,80.10263595607663,0.2995136656988858,0.04774790211990948,-0.07183125706760782,-0.13399097971572121,0.0009764658088052872,0,0
2025-11-27 15:43:55.104971,2,12.898571255439174,80.10263583434565,0.1674240393826308,0.15564013084967065,0.1427926993426367,-0.07225161415280168,0.0018065904058106633,0,0
2025-11-27 15:43:56.104971,2,12.898573725212108,80.10263567800851,0.27545799986134395,0.18393034795072988,0.11077162474412898,0.022744560179280796,0.009605136255217944,0,0
2025-11-27 15:43:57.104971,2,12.898575493310728,80.1026355189624,0.197579921247795,-0.07579016474167909,0.11160227368936901,-0.11880398252769812,0.006013254711903099,0,0
2025-11-27 15:43:58.104971,2,12.898577756334927,80.10263500429043,0.2580359814324753,0.14864418433643464,0.12084180632000416,-0.06110094052361524,0.02225959656444557,0,0
2025-11-27 15:43:59.104971,2,12.898579650950527,80.10263447381034,0.2186228162917968,0.04392471547499051,0.051478593522363496,0.017158247203998403,0.0003863009241643626,0,0
2025-11-27 15:44:00.104971,2,12.898580719334873,80.10263418582645,0.12296941823690338,-0.28439163588059835,-0.024587073569785293,0.0684836676819575,1.6151967989087484e-05,0,0
2025-11-27 15:44:01.104971,2,12.89858089720207,80.10263414922977,0.020194478616191346,0.030165481357343163,-0.11064217570467062,-0.07571885039009478,0.012770604671489048,0,0
2025-11-27 15:44:02.104971,2,12.898581157872371,80.1026341168801,0.029229367936215167,0.044239154055514034,-0.08345714351814067,0.08424184784445671,0.03189366731208418,0,0
2025-11-27 15:44:03.104971,2,12.898581673207142,80.10263403846089,0.0579947360173909,0.3450347234396266,-0.002682179093048509,-0.013979871613406754,0.0003722597369690131,0,0
2025-11-27 15:44:04.104971,2,12.898584308775607,80.10263378678395,0.29465977508415075,-0.14957520569249663,0.069631588868934,0.030143783770607783,0.01122817340035324,0,0
2025-11-27 15:44:05.104971,2,12.898585869646388,80.10263371140721,0.17394853837121096,-0.39944364165621904,-0.23507632914821597,-0.08342171005996668,0.003969536433673659,0,0
2025-11-27 15:44:06.104971,2,12.898587592219018,80.10263357031053,0.19236703878273642,-0.09337091655689561,-0.10700468650229611,-0.1115010555522998,0.009264151040983874,0,0
2025-11-27 15:44:07.104971,2,12.898588128553763,80.10263349434238,0.060271175395313736,-0.06538095283718508,-0.025237092653604843,0.029835243891450203,0.03638187962329883,0,0
2025-11-27 15:44:08.104971,2,12.898588323630063,80.10263346324159,0.021976559931066064,-0.15284785854249527,0.038107979095202776,0.06433231643870768,0.0026584963842146187,0,0
2025-11-27 15:44:09.104971,2,12.898589723473252,80.10263336898629,0.15616582573400703,-0.1292972324059269,-0.024437920874033514,0.0788555398744832,0.01234159276094105,0,0
2025-11-27 15:44:10.104971,2,12.898592080091428,80.10263335674514,0.26234209804038844,0.2034441970110013,0.10258087551951904,0.03480664905286597,0.026163590082279222,0,0
2025-11-27 15:44:11.104971,2,12.898594384941983,80.10263348332381,0.2569433410919992,-0.12287206745174309,-0.004031417781003413,0.009464145618958166,0.015516754251199343,0,0
2025-11-27 15:44:12.104971,2,12.898595319908432,80.10263348186547,0.10408058544625923,0.13267853933999338,0.08379243058707973,-0.01646020917353201,0.005603407943655443,0,0
2025-11-27 15:44:13.104971,2,12.898596619629963,80.10263344194301,0.14474983897567972,-0.1431331543698809,-0.07464015308363343,-0.08240216048588923,0.014478754258055046,0,0
2025-11-27 15:44:14.104971,2,12.898596746910759,80.10263344126625,0.014169088537818075,0.17257183618004796,0.0968336756080629,0.02782205330812971,0.018866200772109026,0,0
2025-11-27 15:44:15.104971,2,12.89859709032383,80.10263342898035,0.03825198181694267,-0.02904072695960587,0.08455658817915125,-0.010711596139089327,0.011233724861005876,0,0
2025-11-27 15:44:16.104971,2,12.898598131824864,80.10263340369178,0.1159723643590007,0.23113513869928243,-0.0531241043496003,0.037910241894433414,0.013855852827147517,0,0
2025-11-27 15:44:17.104971,2,12.89860069259321,80.10263360232797,0.2858784464627162,-0.06062014645187805,-0.056702508728031,-0.0062014765293474106,0.034035191565531704,0,0
2025-11-27 15:44:18.104971,2,12.89860124795538,80.1026336348044,0.06192327499319741,-0.27980442495430524,0.05783577248086125,-0.03203810181219437,0.021034452101380295,0,0
2025-11-27 15:44:19.104971,2,12.898603262868829,80.10263390945401,0.22627141770319023,-0.2409499410551914,-0.1371779055350376,-0.08985297561403087,0.013223031135930987,0,0
2025-11-27 15:44:20.104971,2,12.89860580437395,80.10263409893459,0.28366647411423884,-0.5227371528364202,0.03520269862809076,0.010901554748058087,0.020217994204682867,0,0
2025-11-27 15:44:21.104971,2,12.898607026631831,80.10263426181244,0.1372048509013477,-0.16337582335828973,-0.06970130517571566,0.060985900663272766,0.029177614255415766,0,0
2025-11-27 15:44:22.104971,2,12.89860959839437,80.10263438146085,0.2865828476928385,0.10502317370513552,0.011754618852399114,0.009466459591136754,0.0078110666667727735,0,0
2025-11-27 15:44:23.104971,2,12.898611601733517,80.10263439166452,0.22301446257061766,0.16409621602901714,0.02994041987144739,-0.0742794370746355,0.0162088840193896,0,0
2025-11-27 15:44:24.104971,2,12.898612903734357,80.10263431296451,0.14519009961605747,0.15514643860289612,-0.1765898726058549,-0.01735413014723275,0.023153438661186243,0,0
2025-11-27 15:44:25.104971,2,12.898613405339985,80.10263430587334,0.05584403997526893,0.3401047791266586,-0.05795163527409462,-0.10744467379387783,0.0006352623337789233,0,0
2025-11-27 15:44:26.104971,2,12.898614305478054,80.10263426081413,0.10032258866793549,0.4419206414056299,0.03767020932043809,0.023103806860536244,0.0379385662016389,0,0
2025-11-27 15:44:27.104971,2,12.898616222971729,80.10263414852494,0.213802878676316,-0.16744040648457129,-0.041987522771561064,-0.022412906137583753,0.017299019072168905,0,0
2025-11-27 15:44:28.104971,2,12.89861659323411,80.10263412639404,0.04128750628317115,0.10458840206287155,-0.22884617703675564,-0.04036516564015091,0.0011439499262160748,0,0
2025-11-27 15:44:29.104971,2,12.898619151813623,80.10263387501563,0.286124266765942,-0.34414788996470347,-0.20627722723376615,0.014033941783900487,0.024620357079542736,0,0
2025-11-27 15:44:30.104971,2,12.898621140746666,80.10263362113511,0.22311533587877666,-0.20250751654557983,-0.004522169340365929,-0.059644018980921365,0.010671029962372043,0,0
2025-11-27 15:44:31.104971,2,12.898622564070777,80.1026333728365,0.1607189279903164,0.1249873026024786,-0.20584283501465253,-0.04911844653717632,0.006719486848667295,0,0
2025-11-27 15:44:32.104971,2,12.89862469213729,80.10263277670425,0.24556931477610602,0.11043628382596385,-0.09116811044488099,-0.007177044126843075,0.031114476151412333,0,0
2025-11-27 15:44:33.104971,2,12.898627321386943,80.10263218577904,0.29962965216182835,-0.12803907942498993,-0.10294477367697938,-0.05375525105936048,0.024372775045306827,0,0
2025-11-27 15:44:34.104971,2,12.898629941785336,80.10263157266473,0.2991934042554039,-0.17323381171174626,-0.09376006529297655,0.0022864176088005935,0.04515285492882298,0,0
2025-11-27 15:44:35.104971,2,12.898630861729737,80.10263137745899,0.10457589604054966,0.06785753637097078,-0.2812549980663796,0.012885639009736383,0.00442035671209014,0,0
2025-11-27 15:44:36.104971,2,12.898631939244524,80.10263113023598,0.12291219300625134,-0.3396877797481823,-0.03877138395737668,-0.02663743926150998,0.0011034329835811526,0,0
2025-11-27 15:44:37.104971,2,12.898633978125769,80.10263063563546,0.23322740053674437,0.23898303757541842,-0.09951860005014554,0.07022701777548673,0.005623689955547049,0,0
2025-11-27 15:44:38.104971,2,12.89863511080749,80.10263044395373,0.1277941455522867,-0.08728401022794356,0.0014228103878403111,-0.05711348645995559,0.011972913619821342,0,0
2025-11-27 15:44:39.104971,2,12.898637578437073,80.10262968807746,0.2866803372343837,-0.15487623148587457,-0.042687827303520096,-0.09447201457312565,0.020543487236392953,0,0
2025-11-27 15:44:40.104971,2,12.898639456116003,80.10262892562655,0.22480142453424778,-0.3223492653944089,0.003521689189681906,-0.08808489619074515,0.00013883942715019906,0,0
2025-11-27 15:44:41.104971,2,12.89863977182198,80.10262876365795,0.03929404913718095,-0.04494397077007681,-0.03186558311808372,-0.0008616949066609578,0.03506619459347911,0,0
2025-11-27 15:44:42.104971,2,12.898641319426513,80.10262791259898,0.1954701161240388,0.6084024850103638,-0.19052670100017113,0.05726041660452757,0.030984607529876657,0,0
2025-11-27 15:44:43.104971,2,12.89864154690118,80.1026277940942,0.028400420617858045,-0.038008275960894275,-0.05404161562404274,-0.10012455342347233,0.012907536378336276,0,0
2025-11-27 15:44:44.104971,2,12.89864310046144,80.10262688269614,0.1992225418889296,0.12263602758699989,0.08191164845550387,-0.03510755371204863,0.017586763230101266,0,0
2025-11-27 15:44:45.104971,2,12.898645253552584,80.10262573529826,0.27009090831218163,0.03398351433635149,0.26434745764003764,-0.08221065660693166,0.006367637394790038,0,0
2025-11-27 15:44:46.104971,2,12.898646134929743,80.10262518889523,0.11463826021123553,0.021735266318070462,0.1645764071182531,0.00016125470473590461,0.014547158134185023,0,0
2025-11-27 15:44:47.104971,2,12.89864766317113,80.10262424776319,0.19842196079154797,-0.0871801656422792,0.010120798490660738,0.02127879693452739,0.0013116335355818935,0,0
2025-11-27 15:44:48.104971,2,12.898649578824214,80.10262293904162,0.25620857960026394,-0.2498495166294255,0.10676126833765673,0.07247134193119789,0.009021045888202451,0,0
2025-11-27 15:44:49.104971,2,12.898651213106556,80.1026217657239,0.2220535354299315,-0.3170867554025418,0.11978315617953353,-0.07994618982554909,0.017070606165924995,0,0
2025-11-27 15:44:50.104971,2,12.898651609051898,80.10262145981017,0.055178433448687746,0.18395438936193212,-0.07785724983432565,0.0198884517861666,0.05071364518930815,0,0
2025-11-27 15:44:51.104971,2,12.898651743996265,80.10262135449625,0.018874681500624314,0.3392066715335023,-0.09458378973490279,0.03844535887994466,0.007749670118164936,0,0
2025-11-27 15:44:52.104971,2,12.898652715130337,80.1026205759719,0.1371993625808105,0.06299377804348975,0.02131092543071893,-0.1399160554862237,0.00042149967804544264,0,0
2025-11-27 15:44:53.104971,2,12.898652725165007,80.10262056723417,0.0014651936884137462,0.056201286730645846,-0.009151514720266887,-0.032880616352626756,0.006324442494082542,0,0
2025-11-27 15:44:54.104971,2,12.898653399373549,80.10261993292835,0.10183514129419526,0.36699440322138854,-0.0022944589565529984,-0.07254235749880632,0.01259631107953908,0,0
2025-11-27 15:44:55.104971,2,12.898653764735396,80.10261960742831,0.05386785446728437,-0.2457763231116799,0.13183391951711643,0.005339113813374791,0.03959363005289276,0,0
2025-11-27 15:44:56.104971,2,12.898655767740992,80.10261808038166,0.2778032375293613,0.2002430912494483,-0.20913398698100938,-0.011788346210290943,0.005533694388227773,0,0
2025-11-27 15:44:57.104971,2,12.898656528001311,80.10261735454655,0.11561108559006367,-0.04893996355282346,-0.3181172411348349,-0.013920509221632169,0.024728874132586082,0,0
2025-11-27 15:44:58.104971,2,12.89865680126291,80.10261710362461,0.04082521700567896,0.06694973368955529,0.12632280291101505,0.05281828150305745,0.011466692759128278,0,0
2025-11-27 15:44:59.104971,2,12.89865734315574,80.1026166338802,0.07897542804535242,0.270725898978479,-0.060102193851107794,0.0589349212861084,0.0063697143748036,0,0
2025-11-27 15:45:00.104971,2,12.898659322472332,80.10261502238718,0.281294031004426,0.165112016828792,-0.08610843621228394,0.08964597579853839,0.0015743937594231217,0,0
2025-11-27 15:45:01.104971,2,12.89866036164904,80.10261416894755,0.14818334832853564,-0.3262869049737318,-0.05827847963673876,-0.04756903598668521,0.02954386337033641,0,0
2025-11-27 15:45:02.104971,2,12.898661315774095,80.10261339799666,0.13520239748223137,0.5135132150119691,-0.025478586146434487,-0.007365580321172474,0.0225625807241013,0,0
2025-11-27 15:45:03.104971,2,12.898662275174072,80.10261277310666,0.12650763241488902,0.2202835798187262,-0.14708088946740272,0.05521023125838661,0.02169418638696155,0,0
2025-11-27 15:45:04.104971,2,12.898663657436709,80.10261183448914,0.18452790761184043,0.11941235369644909,-0.09833749763112028,0.05317926005025908,0.037022537653110144,0,0
2025-11-27 15:45:05.104971,2,12.89866522022886,80.10261077007256,0.2088206042396296,-0.1968549983491265,-0.05964748658162686,0.0475152614931605,0.02666276623912954,0,0
2025-11-27 15:45:06.104971,2,12.89866691325768,80.10260959977317,0.22725920386308565,-0.14105497532730515,0.20117295462336268,0.009121224682065221,0.04481827461164155,0,0
2025-11-27 15:45:07.104971,2,12.898667259625613,80.10260932959294,0.04843772326612976,0.16005425898614484,0.09983078367988017,-0.015466469554179645,0.015661368973866326,0,0
2025-11-27 15:45:08.104971,2,12.898669222170179,80.10260787715852,0.2693858650449107,0.22265327022988593,0.2862775546957867,0.03912415015430351,0.004870875795101552,0,0
2025-11-27 15:45:09.104971,2,12.898670778699719,80.10260651941705,0.2274414404695725,0.15158768300745712,-0.1411803096445912,-0.09000834033454225,0.020201056840209754,0,0
2025-11-27 15:45:10.104971,2,12.898671841317826,80.10260552429641,0.16016461492673703,0.2484256299000899,0.10606362528572079,-0.0015802255933331545,0.014353160094829079,0,0
2025-11-27 15:45:11.104971,2,12.898672817404371,80.10260456398554,0.15054932421252049,-0.19237902286941688,-0.3286732985362838,-0.055747043347662395,0.058016963649917264,0,0
2025-11-27 15:45:12.104971,2,12.898672962489057,80.10260443222705,0.021569902661302588,0.1326338772731273,-0.11593121874375184,0.01259241486574058,0.007718721672009766,0,0
2025-11-27 15:45:13.104971,2,12.898674712608837,80.10260257447624,0.28034489099121074,-0.09083943256806284,-0.20660983248149703,-0.02114809271780452,0.0007964034614755958,0,0
2025-11-27 15:45:14.104971,2,12.898675560105517,80.10260162965531,0.13932601129592428,0.11380519017626736,-0.3294128359353047,-0.12367171336965946,0.0021502143592350724,0,0
2025-11-27 15:45:15.104971,2,12.898677277362687,80.10259951520503,0.2986425516489664,-0.004574867974536823,0.06616308126437227,0.01825650377513227,0.025690714604674147,0,0
2025-11-27 15:45:16.104971,2,12.89867730414515,80.10259948434035,0.004483944517253168,-0.6506130801602685,-0.26207957157502065,0.05892275865922838,0.006839603120423568,0,0
2025-11-27 15:45:17.104971,2,12.898678361942535,80.10259846861902,0.16128792248334095,-0.027271664311376023,-0.0014823383223693438,0.07155542632060236,0.03663625253185533,0,0
2025-11-27 15:45:18.104971,2,12.898679381732853,80.1025975179473,0.15339211485419885,0.38006166270204456,0.13192777109554268,-0.036735860676867196,0.02898686228380006,0,0
2025-11-27 15:45:19.104971,2,12.89868094338576,80.1025956248225,0.2691112905224596,0.3076911165338515,0.061232252390392594,-0.06039019778215111,0.010562436735961854,0,0
2025-11-27 15:45:20.104971,2,12.898681778521677,80.10259476429974,0.13176512203386698,-0.06239575114838738,-0.047475416455613116,0.1104091838906513,0.01821285535684394,0,0
2025-11-27 15:45:21.104971,2,12.898682744988918,80.10259372310901,0.1560116458559652,0.2657350953737045,0.16216287845371516,0.01241550485045475,0.013024041224705142,0,0
2025-11-27 15:45:22.104971,2,12.898684187348355,80.10259230474186,0.22241506026559976,0.09887967325579267,0.033133455360557035,0.0777980183630873,0.0003269626350874791,0,0
2025-11-27 15:45:23.104971,2,12.898685595824999,80.10259079420241,0.2268263247755208,8.558987583553982,0.31770641921588866,-0.03644006555854353,0.002735742745874255,0,0
2025-11-27 15:45:24.104971,2,12.89879020030296,80.10247013534389,17.52192903110395,6.504337642217105,-0.005274318943409287,-0.06431871418173433,0.04496165144742921,1,0
2025-11-27 15:45:25.104971,2,12.898858507854714,80.10237533910426,12.791858210003184,-6.147193027430856,0.06256679674705097,-0.008661004152135526,0.0670925912355211,1,0
2025-11-27 15:45:26.104971,2,12.898885030470197,80.10233588882673,5.200232643286988,-0.6381129340468262,-0.1410868094085215,-0.044519303200708654,0.044575113390138935,1,0
2025-11-27 15:45:27.104971,2,12.898936573775142,80.10224516237668,11.394863537329265,4.646564622239409,0.08669690181807822,-0.08367706807925673,0.006226315904133499,1,0
2025-11-27 15:45:28.104971,2,12.899002018049858,80.10212592700243,14.848436448314132,-0.22846586477592018,-0.03234765845693352,-0.04511420396783869,0.09023030413358377,1,0
2025-11-27 15:45:29.104971,2,12.89903540803547,80.1020303815893,11.013891847230482,-3.388692277463536,0.24420623834283497,-0.1559554356834306,0.09601376432376928,1,0
2025-11-27 15:45:30.104971,2,12.899052604312482,80.10195663623594,8.227970665913755,1.9810799913808035,-0.24644923789307538,0.025085574418477787,0.08492352445425164,1,0
2025-11-27 15:45:31.104971,2,12.89908692412154,80.1018349956022,13.741144359193758,1.8483984936923044,-0.04518261273444174,0.07783024435288544,0.10690647217871002,1,0
2025-11-27 15:45:32.104971,2,12.899113840759155,80.10172202478847,12.619470865571849,-1.7670493342592488,-0.24691192664609038,-0.026650718612937913,0.0763446831733674,1,0
2025-11-27 15:45:33.104971,2,12.899133137502188,80.10163509118777,9.674747744430682,-1.3414987706122863,0.15901473305676894,-0.08503756213068955,0.037691647613692814,1,0
2025-11-27 15:45:34.104971,2,12.899151730347146,80.10154294581527,10.210766062515649,-2.0129316608114767,0.024117059809314563,3.0250778503595685e-05,0.11237664176696385,1,0
2025-11-27 15:45:35.104971,2,12.899163821384766,80.10149420238852,5.457773976943795,2.180247532844149,0.1651031046034859,-0.030542041741178416,0.10680874639607169,1,0
2025-11-27 15:45:36.104971,2,12.899201719958132,80.10136338586229,14.808715093502169,2.3586267606331632,0.025235863749125485,0.005505850737874855,0.0892183446421278,1,0
2025-11-27 15:45:37.104971,2,12.89923053227214,80.10127439507183,10.175217203655645,-2.416688818005819,0.18988046419206062,-0.032203941212325365,0.02377515704689193,1,0
2025-11-27 15:45:38.104971,2,12.899252668826522,80.10118837848195,9.653569842481456,0.42110635552625764,-0.0691322351023867,0.08317703036550615,0.08380023906878202,1,0
2025-11-27 15:45:39.104971,2,12.89928273143554,80.10109496364633,10.674691690102323,2.078251085497147,0.04503230829038479,-0.01986471403193342,0.02063743306888115,1,0
2025-11-27 15:45:40.104971,2,12.899323952584917,80.10097302346263,14.004950012059897,3.6256730471184038,0.3468296747318017,-0.12220542248269001,0.09795122355894506,1,0
2025-11-27 15:45:41.104971,2,12.899358573567715,80.1008100810021,18.096222514563678,1.960794080318709,-0.37485385199476723,-0.12976254173548787,0.10074890786100879,1,0
2025-11-27 15:45:42.104971,2,12.899370721391268,80.10064608263411,17.84694465047126,-2.2137294425471117,0.10548915686441457,-0.04006292261676851,0.07879260263228452,1,0
2025-11-27 15:45:43.104971,2,12.899385833968203,80.10052317010083,13.44305337822429,-4.612629115368856,-0.31239014847698315,0.010378425336646627,0.01356013896309139,1,0
2025-11-27 15:45:44.104971,2,12.899396541860757,80.10044209384532,8.878056403060002,-2.7278306854450665,-0.23350849943225127,0.02335680612100855,0.12010586386408956,1,0
2025-11-27 15:45:45.104971,2,12.899403913328134,80.10036762915273,8.121804113156404,2.9576517806180767,-0.07798161584058823,-0.044728730116406795,0.07176596496058844,1,0
2025-11-27 15:45:46.104971,2,12.899401099987443,80.10023505760078,14.388889261507941,2.852657756359234,0.07562169144952076,-0.028746826710796165,0.036202927029509176,1,0
2025-11-27 15:45:47.104971,2,12.899408365494326,80.10010938382595,13.660958816846797,1.6056415832433297,0.1678755563779124,-0.0019406478646063138,0.031089371749757934,1,0
2025-11-27 15:45:48.104971,2,12.899414838398137,80.09995277407114,17.00916120808421,-1.7684773022464777,-0.03856611995879665,0.08882738962697373,0.033522361680543296,1,0
2025-11-27 15:45:49.104971,2,12.899427799320886,80.09985930738536,10.244281785080252,-3.118166975332212,-0.06042394717649929,0.08839575206062647,0.0488288734335987,1,0
2025-11-27 15:45:50.104971,2,12.899442013755346,80.09976247074013,10.626320999104465,-0.30134759344276174,0.1762561610890364,-0.0828083788323477,0.04842870887338776,1,0
2025-11-27 15:45:51.104971,2,12.89945220189894,80.09967227349568,9.852891310982658,-0.3898644884195944,-0.03313617990361122,0.03052152601289957,0.05677488789219526,1,0
2025-11-27 15:45:52.104971,2,12.899460444945312,80.09958647993766,9.354664631148829,-1.0607107422639857,0.2222113514716156,0.04492310358175147,0.07124510406276369,1,0
2025-11-27 15:45:53.104971,2,12.89947234325046,80.09951369805879,8.007937238722496,1.5624785112766222,-0.014901886081547043,0.05873528816988417,0.0826196469346239,1,0
2025-11-27 15:45:54.104971,2,12.899491773397209,80.09939747475848,12.795651893251156,2.9287459142633248,-0.31161588442081495,0.02846440910323775,0.11815430910816857,1,0
2025-11-27 15:45:55.104971,2,12.8995202266985,80.09927497063883,13.665204382089767,1.1571200770596437,0.09154254349585143,0.026891229835340126,0.07812282654344858,1,0
2025-11-27 15:45:56.104971,2,12.899549159794422,80.09914546291041,14.417391678943641,0.7335652284574823,0.15023760220057103,0.1014698947786023,0.02264654969909326,1,0
2025-11-27 15:45:57.104971,2,12.899588140012003,80.09900483829219,15.864312305177014,-2.6935912026484057,0.3185113884022132,0.09907013162997641,0.10959969279444717,1,0
2025-11-27 15:45:58.104971,2,12.89961405342538,80.09892488238744,9.143090636236563,-3.1866454574267205,-0.12219737082310536,-0.02336939806450728,0.07922846730781005,1,0
2025-11-27 15:45:59.104971,2,12.89963589764931,80.09883609798767,9.936239213847095,0.8943054527352713,-0.3329726253635911,-0.1348715680560532,0.1114706972899038,1,0
2025-11-27 15:46:00.104971,2,12.899651285854194,80.09873683844538,10.906129787234288,2.818365227135272,-0.16357127214549605,-0.12236484172903081,0.08079576610932382,1,0
2025-11-27 15:46:01.104971,2,12.899665868203165,80.0985952365018,15.450888897879675,-0.8589008607303753,0.04000944880376777,0.06177513560447884,0.031855671761343254,1,0
2025-11-27 15:46:02.104971,2,12.899675841785086,80.09850900060329,9.42318448439567,-3.170569788921609,0.06385755367548983,0.003967087645848882,0.04327364332802272,1,0
2025-11-27 15:46:03.104971,2,12.899687356890073,80.09842174686872,9.5543767179687,-0.44497407736235794,-0.0518317245022678,-0.06743847382111706,0.1073215128410469,1,0
2025-11-27 15:46:04.104971,2,12.89969404163695,80.0983450229016,8.358590257386451,-0.674612244856394,0.21925609690738135,0.011645268447649626,0.05289227105331416,1,0
2025-11-27 15:46:05.104971,2,12.899710646509279,80.09827740896735,7.566128516413253,0.46375523299969296,0.06291912619476686,0.12571427922807998,0.02551461643483164,1,0
2025-11-27 15:46:06.104971,2,12.899730178344456,80.09819087452118,9.638390922514532,0.47687145664377295,0.07284725276295106,-0.009094583643200597,0.01343984041643267,1,0
2025-11-27 15:46:07.104971,2,12.899745234042284,80.09811124752926,8.801457820820083,3.4170853252165347,-0.08912791539266841,-0.03268226458542742,0.01867761204012605,1,0
2025-11-27 15:46:08.104971,2,12.899760244916765,80.09796489106309,15.968965209776922,5.251239737153135,0.20628831203097922,-0.01327035060184753,0.07181811860998007,1,0
2025-11-27 15:46:09.104971,2,12.899801309702985,80.09780004895342,18.462089768331825,-2.551520499806667,-0.15612175506575196,0.09820323552271107,0.05015039495051141,1,0
2025-11-27 15:46:10.104971,2,12.899822804252015,80.09770571433405,10.512289452298397,-3.4337294149440254,-0.01016340424287687,0.05899694620464804,0.03618816153445827,1,0
2025-11-27 15:46:11.104971,2,12.899858038999243,80.09760419660068,11.693266670184975,0.059169292982940554,-0.0811826703264111,0.01722919843099268,0.04388250119404104,1,0
2025-11-27 15:46:12.104971,2,12.899891096532622,80.09751242720264,10.616205086182175,1.1922700441954177,-0.006178216855060439,0.011386737301382982,0.0720110753905158,1,0
2025-11-27 15:46:13.104971,2,12.89993295827058,80.09739012546854,14.065487137130122,-0.10663539667849956,-0.15214375362158689,0.018334325275047393,0.013891425374255369,1,0
2025-11-27 15:46:14.104971,2,12.899962988200624,80.0972954405356,10.804523624116063,-2.1428551953664434,0.056280393174099365,-0.02609251118888349,0.10573564172244884,1,0
2025-11-27 15:46:15.104971,2,12.899992383294975,80.09721279746091,9.54605312571893,-0.3922016071706427,0.10967521613092761,0.022287134654089144,0.08930351671055817,1,0
2025-11-27 15:46:16.104971,2,12.900026918640167,80.09712406476456,10.367622881969664,3.0419778243521,0.13448146503178696,0.06961181777808254,0.10606420860661415,1,0
2025-11-27 15:46:17.104971,2,12.90008407617644,80.09699349990183,15.530923264635057,0.9204612961945026,0.022760816535136615,0.03684145266302205,0.027657137579327206,1,0
2025-11-27 15:46:18.104971,2,12.90013216772496,80.0968952565998,11.929227238915704,-0.7761885274485325,-0.06642148401063665,0.012570620879285566,0.0737123476989065,1,0
2025-11-27 15:46:19.104971,2,12.900192469727912,80.09678230773966,13.974133614261458,-0.770414443179173,0.36784811982269144,0.03878038134494946,0.10806410509701272,1,0
2025-11-27 15:46:20.104971,2,12.900244066383658,80.09669900772333,10.709509374585954,-1.574866863083604,-0.17194763835746044,-0.009119669529516178,0.06615190989013368,1,0
2025-11-27 15:46:21.104971,2,12.900294265901906,80.09661179490328,10.990313497058128,0.3371939118314117,0.0015867675930025802,0.07752802747034912,0.09735007219662029,1,0
2025-11-27 15:46:22.104971,2,12.900355437302828,80.09653316273817,10.916663102157107,2.491437443443932,-0.04123552279146337,0.0467022977289793,0.0958548713588174,1,0
2025-11-27 15:46:23.104971,2,12.900442637074159,80.09642243678255,15.446274549240103,2.5179196512969813,0.16102264988694417,-0.0471468349096328,0.055117558610141705,1,0
2025-11-27 15:46:24.104971,2,12.90054132264468,80.09631449954432,16.058177829677284,-0.7143250304150401,-0.020599738207858084,-0.06768615567182538,0.1318106002050489,1,0
2025-11-27 15:46:25.104971,2,12.900625096941143,80.09621193029558,14.52048016863491,-1.736147849478178,0.13002103451074132,-0.0741242382755982,0.10275167901148421,1,0
2025-11-27 15:46:26.104971,2,12.900701041126462,80.09612609593627,12.578636860420092,0.8489364389823891,0.46369824678574834,-0.013610392369328914,0.018701199264208004,1,0
2025-11-27 15:46:27.104971,2,12.900807668467213,80.09602370740251,16.25821701964758,0.46940876348228,0.13109242853258907,0.06732021440838928,0.0713522713777485,1,0
2025-11-27 15:46:28.104971,2,12.900896148506442,80.09593629562559,13.674156634282072,-5.93254018156265,0.30355964111893585,0.048702190301735615,0.07101311213948616,1,0
2025-11-27 15:46:29.104971,2,12.900928699698298,80.09590969498721,4.632724882177696,-1.669682562765976,-0.0077127265042511205,-0.07173134260637534,0.06814878282904557,1,0
2025-11-27 15:46:30.104971,2,12.900999311488283,80.09584857461815,10.284653183051478,4.271285502004866,-0.06281845301700485,0.008523431095317075,0.07408235514078068,1,0
2025-11-27 15:46:31.104971,2,12.901088926174292,80.09577281421899,12.92675352869797,1.2555232337881626,0.16266720589276676,0.006760415410768272,0.0542671099882359,1,0
2025-11-27 15:46:32.104971,2,12.901181273948248,80.09570190919938,12.840517457515118,-0.3810583742103363,0.06884511428154955,-0.03584306093691606,0.0508488250113076,1,0
2025-11-27 15:46:33.104971,2,12.901269470067033,80.09563331929908,12.320214734262906,1.2885747784127894,-0.12111671818498705,0.04466649216930635,0.044836561721195094,1,0
2025-11-27 15:46:34.104971,2,12.901384140540273,80.09555298637484,15.45750629642663,-1.1421523745519693,0.14385368769616202,0.02452038249455738,0.02468157133208551,1,0
2025-11-27 15:46:35.104971,2,12.901453369872367,80.09550003575058,9.612763650203341,-4.437273430122612,-0.06880354642258753,-0.039883664849256505,0.09599786325265293,1,0
2025-11-27 15:46:36.104971,2,12.90149921439127,80.09545773989429,6.863596107604946,-1.4476755952524756,0.16234417033901274,-0.11085440602282415,0.0836581750328986,1,0
2025-11-27 15:46:37.104971,2,12.901541389961093,80.09541515578489,6.587496283762096,2.21246734394599,0.5519245538548219,-0.07190080942788218,0.07076275787285505,1,0
2025-11-27 15:46:38.104971,2,12.901613152056218,80.09533813039732,11.561789940879779,3.3138307791426116,0.21579539480292123,-0.03665459344215252,0.04032358388629084,1,0
2025-11-27 15:46:39.104971,2,12.901682036207019,80.09524758756446,12.463133213957335,-0.13919241413750072,0.06054965037821429,-0.016088166721694948,0.07230413034817768,1,0
2025-11-27 15:46:40.104971,2,12.901745037904686,80.09516388371624,11.475374028481726,-1.6137800934513304,-0.0446820235673094,0.12160482014804315,0.06734197599446573,1,0
2025-11-27 15:46:41.104971,2,12.901799048297748,80.09510345104984,8.896723447035807,1.6195751221607897,-0.040463124023787704,0.034758332891669325,0.0635624502812682,1,0
2025-11-27 15:46:42.104971,2,12.901886234365673,80.09500719863028,14.25778223762288,0.8672451291891016,0.08596904621005429,0.03427870480984574,0.03989648659951894,1,0
2025-11-27 15:46:43.104971,2,12.901953969060504,80.0949369526363,10.72180146254176,-3.501936783757912,-0.02776871926629903,0.07910266254279157,0.06940765494486044,1,0
2025-11-27 15:46:44.104971,2,12.901994670344504,80.09489147334071,6.699481197298808,0.39409155184370076,-0.19545455719880891,-0.028591085835835812,0.0902125473301409,1,0
2025-11-27 15:46:45.104971,2,12.902074185409981,80.09481574124527,12.078198421373296,4.6169099281626105,0.2875203946246382,0.14029362597350403,0.05678736773074626,1,0
2025-11-27 15:46:46.104971,2,12.902184706734076,80.09471928992464,16.152630312413724,2.0980642161609997,0.13969595195948298,0.007532749417308866,0.09563935013934476,1,0
2025-11-27 15:46:47.104971,2,12.90229141114286,80.09462483812592,15.688791558440512,-1.659072640386601,0.025108043649075734,0.010532998533282422,0.04885590973341918,1,0
2025-11-27 15:46:48.104971,2,12.902378473716851,80.09455458510455,12.330642281266236,-0.3735558917853552,-0.003119864416215022,0.05553883342223993,0.07763261757871756,1,0
2025-11-27 15:46:49.104971,2,12.90248122005086,80.09446435546697,15.05601157656317,-1.412527155610678,0.06622406903539134,-0.05381789006097914,0.07770260920907465,1,0
2025-11-27 15:46:50.104971,2,12.902545016542335,80.0944035276471,9.695484232803707,-1.681353769219664,-0.19028690975670276,-0.05381326684792392,0.03958683858473944,1,0
2025-11-27 15:46:51.104971,2,12.902616122621184,80.09432284722942,11.802571154057228,1.057559927332711,-0.0008505396699107927,0.013651877202092742,0.0454690278774457,1,0
2025-11-27 15:46:52.104971,2,12.90269955568458,80.09425587932634,11.792727714971381,-0.17262135191838804,0.030392328530206694,0.05092269695820352,0.021835693468277136,1,0
2025-11-27 15:46:53.104971,2,12.902774959018986,80.09418412908272,11.448781513123057,2.27055455998138,-0.20750677303045914,0.0237165620388304,0.03699397306598298,1,0
2025-11-27 15:46:54.104971,2,12.90289500526193,80.09409343714206,16.596121538333453,1.8450480380454464,-0.042649809463647874,0.10817013615090046,0.10156259118600681,1,0
2025-11-27 15:46:55.104971,2,12.903006718310834,80.09401666752724,14.968176333117631,-1.1227860487166281,0.008810222052400847,0.05620003922989424,0.06034465780493096,1,0
2025-11-27 15:46:56.104971,2,12.903118984139143,80.0939467738238,14.618704065128444,-1.2899172696938939,-0.20399079421639152,-0.045204459700824054,0.0957844027863777,1,0
2025-11-27 15:46:57.104971,2,12.903211294179398,80.09388353565963,12.356489243515863,0.3155723598424024,-0.12151181878222526,-0.05706855968944207,0.12072267443438152,1,0
2025-11-27 15:46:58.104971,2,12.903325827534418,80.09380462108594,15.358564848777068,2.9378035764490433,0.14262373653277993,0.010404423196315725,0.049582991085042244,1,0
2025-11-27 15:46:59.104971,2,12.903462899444595,80.09371402743703,18.151291473660862,0.14494741503562905,0.3538930914090948,0.035317861286719404,0.08294614529968826,1,0
2025-11-27 15:47:00.104971,2,12.90358533350998,80.09364291876011,15.661970648043845,-3.4243190601400375,0.10721308837528691,-0.016809234402390905,0.03631461185180639,1,0
2025-11-27 15:47:01.104971,2,12.903669105347127,80.09359371737047,10.745622237218026,-3.0740256913726443,-0.04557809005908654,-0.07134174816808768,0.0478126350492212,1,0
2025-11-27 15:47:02.104971,2,12.903742653384608,80.09355451729624,9.226399971828215,-1.3438883441318392,0.15132982258862576,0.03030931303863289,0.0858267238203104,1,0
2025-11-27 15:47:03.104971,2,12.903808692275959,80.09352092851363,8.20536681199054,3.8183110464535748,-0.0635027551475369,-0.04488947960793572,0.05527363435673493,1,0
2025-11-27 15:47:04.104971,2,12.903936164606826,80.09343832319898,16.784168165248953,0.5705100407631765,0.17509457479671642,0.036839395281542175,0.10109673023218181,1,0
2025-11-27 15:47:05.104971,2,12.904009519099919,80.09339107363262,9.641981907447665,-2.4690160888922223,-0.24381324122593334,-0.011640929279919653,0.0443686850988888,1,0
2025-11-27 15:47:06.104971,2,12.904099173596377,80.0933306817395,11.939490802102618,3.8830629661087976,0.15595457533532484,0.02756908938840973,0.08928670926877753,1,0
2025-11-27 15:47:07.104971,2,12.904234788568145,80.09325099095629,17.39785769149022,0.33588951020235336,-0.024128956620361453,-0.07112038746270781,0.03110867996618839,1,0
2025-11-27 15:47:08.104971,2,12.90433251439135,80.09318565488358,12.98509882922227,-4.968251266793893,0.15358598971533807,-0.08480105803507228,0.033669273924758984,1,0
2025-11-27 15:47:09.104971,2,12.904387915632695,80.09313782287718,8.060670426814937,-1.1078777344526731,-0.4464442368557607,-0.12508133024117318,0.049930419029166936,1,0
2025-11-27 15:47:10.104971,2,12.904470480280755,80.09308012405755,11.12096594155734,0.75539096923496,-0.019492728987323262,0.1268826116496481,0.026141588823070255,1,0
2025-11-27 15:47:11.104971,2,12.904547666342433,80.09303523701578,9.876873773809915,-1.1665945369317972,0.10126532140289883,0.020558696576544216,0.1015785541907683,1,0
2025-11-27 15:47:12.104971,2,12.904620162360462,80.09300132792319,8.869489890828197,1.1194376238293369,-0.15827711655032725,0.038782166171784066,0.07895790144305789,1,0
2025-11-27 15:47:13.104971,2,12.90472399043757,80.09295651283723,12.539487685825568,3.0496401686816075,-0.012348714587546,0.12581978227975496,0.022878519494070958,1,0
2025-11-27 15:47:14.104971,2,12.904844639213676,80.09290674255878,14.475785377974656,2.512622760855357,-0.1245972728885478,-0.08956879376098292,0.09239843590438006,1,0
2025-11-27 15:47:15.104971,2,12.904988899439097,80.09284051645655,17.5936192191958,-4.5053411976446585,-0.049724957038895866,-0.02955121772550083,0.08143290867622527,1,0
2025-11-27 15:47:16.104971,2,12.905034314808564,80.09282033796823,5.5094270386691875,-4.552831856825036,-0.032211714177352135,-0.06149843070182716,0.09961716857656812,1,0
2025-11-27 15:47:17.104971,2,12.905099857068706,80.09277941736887,8.541113258231299,3.5427742477811677,-0.17813394559218235,-0.024893801054620607,0.03598626621766824,1,0
2025-11-27 15:47:18.104971,2,12.905195478840843,80.09272053514654,12.414988017553087,2.6644278376432267,0.020188479991071356,-0.015484312581022307,0.025457419706648464,1,0
2025-11-27 15:47:19.104971,2,12.905306447377264,80.09266117042546,13.931723380211912,1.7241866794160687,-0.16725310649720235,-0.03441050074680564,0.038854042125533624,1,0
2025-11-27 15:47:20.104971,2,12.905433515406402,80.09259465758413,15.880101268757372,-0.062250061508693805,0.05398388370946266,0.056243768398315575,0.02509540836753403,1,0
2025-11-27 15:47:21.104971,2,12.905543298650509,80.09253634901853,13.76179772582123,-4.1195010882321945,-0.022857858049389935,-0.0650665801207983,0.06387058906436155,1,0
2025-11-27 15:47:22.104971,2,12.905599476102386,80.09250048640217,7.365605083145457,-1.4682435186728306,0.013944922316077076,-0.06935552163481296,0.04470234101789031,1,0
2025-11-27 15:47:23.104971,2,12.905683213267096,80.09244846194969,10.897762626121324,1.5766571249697503,0.04095486440912444,-0.03480716666740191,0.04723806294794971,1,0
2025-11-27 15:47:24.104971,2,12.905756613842435,80.09239443275384,10.056663415644364,-1.2945715342619482,0.029602429568624043,0.02295760612560871,0.07743445007462049,1,0
2025-11-27 15:47:25.104971,2,12.90582193614524,80.0923480792437,8.841769761686093,1.353790966311999,-0.06488676541978364,0.02330002833827574,0.11204306299854472,1,0
2025-11-27 15:47:26.104971,2,12.905910520779683,80.09228004809195,12.318277881624326,3.3953617768750175,-0.1879672049100508,-0.021894536633679268,0.02002369695501075,1,0
2025-11-27 15:47:27.104971,2,12.906019704048102,80.0921805853407,16.25457750051409,-3.3456527193830308,0.12458953555761237,-0.08015914907960352,0.05768177318935907,1,0
2025-11-27 15:47:28.104971,2,12.906059363849923,80.09214000168903,6.2357707369377975,-0.2651289319350676,-0.1045152873154332,-0.02069128763562979,0.051849785775826385,1,0
2025-11-27 15:47:29.104971,2,12.906162198546344,80.09204429044082,15.456712933004837,3.6657438550858727,-0.15472778146355032,0.10585766741289343,0.05057416899948969,1,0
2025-11-27 15:47:30.104971,2,12.906251818201447,80.09196935777987,12.870248229029661,-1.8680957058075094,-0.07496003740524042,-0.00027838331126558286,0.08841505223167247,1,0
2025-11-27 15:47:31.104971,2,12.906332847255104,80.0919038376674,11.485225732154783,-1.4157766378224652,-0.25285230018658833,-0.14417504563766526,0.1334997072613387,1,0
2025-11-27 15:47:32.104971,2,12.906401118420401,80.09184034492351,10.25800518604381,-1.726550087798227,0.0014504426796079844,-0.08942967052663794,0.04278698576510583,1,0
2025-11-27 15:47:33.104971,2,12.906456343909639,80.09178656230613,8.476628857406487,1.423727552917213,-0.21073977141596126,-0.08281768459366107,0.10680491166556494,1,0
2025-11-27 15:47:34.104971,2,12.906544207466935,80.09170691974788,13.051945165624602,-0.46580717894053136,0.17225987026042386,-0.14218955271612965,0.016581810906404336,1,0
2025-11-27 15:47:35.104971,2,12.906593609209303,80.09165379198801,7.967312568252266,0.2113244655512594,0.13800612460789985,-0.003362289893086609,0.09232399868015725,1,0
2025-11-27 15:47:36.104971,2,12.906672918178138,80.09157008521069,12.666823232176508,0.23625490256581186,0.03425354397922487,-0.03261994540439431,0.0416562389185144,1,0
2025-11-27 15:47:37.104971,2,12.906731430839834,80.09151654307537,8.728257147040821,-1.8000123629057165,-0.03409005699482849,-0.06340825991575726,0.06816125329959952,1,0
2025-11-27 15:47:38.104971,2,12.906792441482683,80.0914587906952,9.241195269753378,2.404182795153211,-0.060771216093641035,-0.030222226724798205,0.06709320089986784,1,0
2025-11-27 15:47:39.104971,2,12.906879553082526,80.09137115753305,13.581649036415868,-1.2911320934856918,0.1761691545623047,-0.05633387891568235,0.05437910792772372,1,0
2025-11-27 15:47:40.104971,2,12.906920432061593,80.0913311399877,6.2900214911679635,0.24184705255862737,-0.10216739820416344,0.02268098631675994,0.06964586116257113,1,0
2025-11-27 15:47:41.104971,2,12.907019277904816,80.09123979137671,14.809855732259349,1.9711854204917345,0.06262320357750051,0.0016059035257943756,0.07824171682874076,1,0
2025-11-27 15:47:42.104971,2,12.907083919390184,80.09117412277924,10.127064106964548,-0.964008723382994,0.087949312588423,0.012128450544684262,0.05898225456741597,1,0
2025-11-27 15:47:43.104971,2,12.90717683226499,80.09109969941086,13.122377872281715,3.1737617045133195,-0.04068855334361001,0.03703473268274401,0.07738890943462087,1,0
2025-11-27 15:47:44.104971,2,12.907298970871137,80.09101142086098,16.63204896539597,-0.9510394125389652,-0.03286091084094621,0.07338063794814957,0.05802699146245319,1,0
2025-11-27 15:47:45.104971,2,12.90738408546154,80.09095516113717,11.271353545879776,-3.5508917241313354,-0.17232055539745209,0.006672475077824792,0.11730876072773648,1,0
2025-11-27 15:47:46.104971,2,12.907457450151812,80.0908987498619,10.206314961635316,-1.2963339476762215,-0.15636213332173032,-0.022779112969796754,0.06131575104160096,1,0
2025-11-27 15:47:47.104971,2,12.90751545965689,80.09085060082782,8.306524774440824,0.5305269832691616,-0.21720160468311592,-0.04415411919164598,0.01677900937781209,1,0
2025-11-27 15:47:48.104971,2,12.907583317727534,80.09078242307676,10.573236108000472,1.5433788197416887,-0.07804869966607436,-0.07887035911175128,0.09746754662463511,1,0
2025-11-27 15:47:49.104971,2,12.907656700232257,80.09070877390374,11.428020896947512,-3.114118963837043,0.14319350683386595,0.02813049840588364,0.020450772422257055,1,0
2025-11-27 15:47:50.104971,2,12.907690138821495,80.0906762313289,5.130859848503423,-0.021262609954891154,-0.10023732475026098,0.008367380393782008,0.04393109350772289,1,0
2025-11-27 15:47:51.104971,2,12.90776985528287,80.09061452139136,11.117003538203715,1.3156112692638704,0.252673393079271,0.0818276883028471,0.07907081807223096,1,0
2025-11-27 15:47:52.104971,2,12.907824367445324,80.090562346588,8.299232919063027,2.619635514065572,0.01729289541773149,-0.030629622446323862,0.023513562848552775,1,0
2025-11-27 15:47:53.104971,2,12.907935167513365,80.09046303803483,16.378580385009965,1.309404277884842,-0.06298886328835826,0.07316169490255829,0.06744628295847031,1,0
2025-11-27 15:47:54.104971,2,12.90801537700293,80.09040136344387,11.15856224908603,-4.342195453804354,0.17732793360174434,0.04553229043005774,0.015680257811655548,1,0
2025-11-27 15:47:55.104971,2,12.908076254831114,80.09035590334271,8.382146655669192,1.028185444172598,-0.06506854161070046,0.028642378350551,0.08690312822941915,1,0
2025-11-27 15:47:56.104971,2,12.908161273308044,80.09027900380899,12.617527947299449,2.396892484050406,-0.16257091604976065,-0.11226646117198541,0.02041082191471802,1,0
2025-11-27 15:47:57.104971,2,12.908252839764804,80.09019428810846,13.726055798122403,-0.2062581954986889,-0.0977986654272624,0.06998274505006968,0.040187362349258036,1,0
2025-11-27 15:47:58.104971,2,12.908339915539333,80.09011952816456,12.639964098110134,-2.0587012676737944,-0.19300963616447334,0.1146744844575032,0.14024176693138216,1,0
2025-11-27 15:47:59.104971,2,12.908405524789295,80.09006008294449,9.744299839684007,-4.264724372986521,0.11303907710965988,0.010723622326279082,0.10390117215875203,1,0
2025-11-27 15:48:00.104971,2,12.908436998361777,80.09003343474183,4.542793687036895,0.17422496659852,0.34656598602747263,0.03546265991858431,0.03948704716047721,1,0
2025-11-27 15:48:01.104971,2,12.90850920035712,80.08997733151375,10.082826616317345,2.118496835930202,0.105866164587482,0.0920487883175242,0.021848762618412017,1,0
2025-11-27 15:48:02.104971,2,12.908571796655089,80.08993231053798,8.51011114926243,0.660055232982135,-0.03402833147537114,0.025442032806638978,0.09116137657630524,1,0
2025-11-27 15:48:03.104971,2,12.908660951840627,80.0898701349423,12.000802921870706,4.002566080268899,0.03613720828083276,-0.0739173192662245,0.10740499810271634,1,0
2025-11-27 15:48:04.104971,2,12.90878293324557,80.08978188239209,16.616120176025422,0.6268404445959619,-0.22043190988535818,-0.028005657989983574,0.023011209128364574,1,0
2025-11-27 15:48:05.104971,2,12.908884271958168,80.08971213738026,13.584467580720581,-3.5685991721789723,-0.2466309170038657,0.0035682859434167605,0.0391772568916464,1,0
2025-11-27 15:48:06.104971,2,12.90895104495983,80.08966240472854,9.185570311610656,0.6581928540817881,0.23676404928429218,-0.008403391803813567,0.059639622529276314,1,0
2025-11-27 15:48:07.104971,2,12.909060500512135,80.08959167030464,14.40059341215571,2.6178495716384975,0.10591814488167443,-0.04978256670338943,0.098640563232675,1,0
2025-11-27 15:48:08.104971,2,12.909167475554167,80.08951183887818,14.725894947844472,-0.5968784689213922,0.14895223671454833,-0.03378945820138379,0.04463964760492735,1,0
2025-11-27 15:48:09.104971,2,12.90926248664344,80.08943857271987,13.231428573616734,-2.44306577032122,0.2072775609373502,0.025615564293470332,0.027249460456636808,1,0
2025-11-27 15:48:10.104971,2,12.90933945985994,80.08939256171595,9.917106053523225,0.5645636850272067,-0.2583151766933802,0.04762819758178898,0.1346639992733636,1,0
2025-11-27 15:48:11.104971,2,12.909447211118746,80.08933052761321,13.754580192887136,1.0605291842462352,0.03948132100573144,-0.057949534698510774,0.032549114034536086,1,0
2025-11-27 15:48:12.104971,2,12.909544532788214,80.08926273421804,13.095339352759527,0.5943055545768495,-0.07650142198467809,-0.05302994026516686,0.10468344176296851,1,0
2025-11-27 15:48:13.104971,2,12.90965163440683,80.08918144227904,14.83100184781745,-1.0463919589277184,0.010210209024504096,0.0005412249989853596,0.11614001841460479,1,0
2025-11-27 15:48:14.104971,2,12.909740468909694,80.08912665002218,11.538769597464636,-1.772261033208461,0.1587457684637437,-0.030722698296931486,0.08690385051681383,1,0
2025-11-27 15:48:15.104971,2,12.909823224131507,80.08907109744511,11.009282463690289,2.26202289068209,-0.11121097143620921,-0.13894217851620405,0.029556554494422526,1,0
2025-11-27 15:48:16.104971,2,12.909935324870455,80.08898334995851,15.696724359463898,0.516878052940186,0.027951575170662896,-0.04876380073322945,0.0776750436595548,1,0
2025-11-27 15:48:17.104971,2,12.910023121645903,80.0889113887698,12.509837412748837,-1.1162799731196844,-0.030004917525904114,0.0890233272055987,0.07361915787262824,1,0
2025-11-27 15:48:18.104971,2,12.910121074154281,80.088840469378,13.346165439463526,-2.5819177958896837,-0.13760810079065477,0.049895702048577656,0.09811275688285015,1,0
2025-11-27 15:48:19.104971,2,12.910171467644867,80.0888024754318,6.961829787522998,-4.128628879869424,0.021986838170160478,0.027519432267651696,0.08117863191681668,1,0
2025-11-27 15:48:20.104971,2,12.910208638495543,80.08877311405207,5.222326560772397,1.0135942781450766,-0.03651983439142596,-0.01664446210860409,0.03261223248053831,1,0
2025-11-27 15:48:21.104971,2,12.910274450364453,80.0887201104686,9.314093754637458,4.444499731205481,0.17224729274586612,-0.16682520131122186,0.05490002016133122,1,0
2025-11-27 15:48:22.104971,2,12.91036342850275,80.0886400092358,13.177957045921005,1.2143319493890992,0.08468265236554619,0.041879262653241114,0.09980287486350295,1,0
2025-11-27 15:48:23.104971,2,12.910447820417163,80.08856239512112,12.616921238636547,0.33442567400090073,-0.08487787718419612,0.015233135739276302,0.11500500851097029,1,0
2025-11-27 15:48:24.104971,2,12.91053729970927,80.08847867575788,13.481318944349537,-0.952215617077465,-0.09133040935025939,-0.03816831669925539,0.04444138208137369,1,0
2025-11-27 15:48:25.104971,2,12.910600283404394,80.08840539650475,10.601276286990126,0.15333325640974163,-0.13299104587520943,-0.09861727192934953,0.01688916413929329,1,0
2025-11-27 15:48:26.104971,2,12.91067698728634,80.0883004136089,14.236651144432063,0.06486216814932445,-0.2442050333849781,-0.05961224970934553,0.11376305560341465,1,0
2025-11-27 15:48:27.104971,2,12.910726608729922,80.0882171456215,10.590242997827975,-0.09997138290930924,0.0110184541495216,-0.017876476760940452,0.019111047055757023,1,0
2025-11-27 15:48:28.104971,2,12.910787096794756,80.08811270106581,13.182798580147075,1.297761316615385,-0.1416048291810794,0.0008915286302474679,0.08223830441670889,1,0
2025-11-27 15:48:29.104971,2,12.910839794721605,80.08800760581106,12.824392447716244,-1.240513714459591,-0.036966351597783595,-0.0030312282168068055,0.0362506052471228,1,0
2025-11-27 15:48:30.104971,2,12.910887430470021,80.087917639248,11.109619009016868,-0.8747942125572502,-0.15133071572174878,0.02583013937875027,0.06369639903130532,1,0
2025-11-27 15:48:31.104971,2,12.910930470765337,80.08783212773535,10.442933722593263,-5.682199885630097,0.02600589274376028,-0.013823104646095624,0.03984832069351505,1,0
2025-11-27 15:48:32.104971,2,12.91093072417561,80.08783153915137,0.06982040510736699,-5.082139507193678,-0.1770721934247377,0.0014790075977159575,0.001166946218172637,0,0
2025-11-27 15:48:33.104971,2,12.91093145230195,80.08782970913879,0.21448214434698729,0.05831174824709685,0.0879249254404303,-0.059408573381125415,0.012536670307659233,0,0
2025-11-27 15:48:34.104971,2,12.910931732242084,80.08782890093842,0.09307087512746677,0.07626946022649787,-0.13379489355515684,-0.0726667888184471,0.018005874471900198,0,0
2025-11-27 15:48:35.104971,2,12.910931943419687,80.0878281909527,0.08054814010123412,-0.21949280565146248,0.12642515188261344,-0.0341959758289733,0.019487187467839357,0,0
2025-11-27 15:48:36.104971,2,12.910931996254616,80.08782797222132,0.024452660453135433,0.058845574566178685,-0.0947796523597222,-0.011727218635960105,0.015523127913360506,0,0
2025-11-27 15:48:37.104971,2,12.910932523703757,80.08782631733978,0.18892849186754587,0.19934674411247177,-0.034992953722504064,0.06627528054138579,0.03212761730940972,0,0
2025-11-27 15:48:38.104971,2,12.910932684611522,80.08782574606997,0.06452516476883176,-0.050809460839743976,0.12906656070463496,-0.021578113631607495,0.007285653268668694,0,0
2025-11-27 15:48:39.104971,2,12.910932765752603,80.08782538889979,0.03979556527069423,-0.4651809605065698,-0.10676819565915723,-0.11500652049210588,0.013766517955567863,0,0
2025-11-27 15:48:40.104971,2,12.91093287437567,80.08782462825515,0.08341939670259681,-0.10142773715831538,-0.2502494220622952,-0.02724651033817929,0.0011087346001644458,0,0
2025-11-27 15:48:41.104971,2,12.910932911604423,80.08782411648632,0.05568700886795897,-0.09356953155019293,-0.07813118372724355,0.003768481061143157,0.009333193265287837,0,0
2025-11-27 15:48:42.104971,2,12.91093297264021,80.08782338409118,0.07976289565071881,-0.47532353229004676,0.07800425661529474,0.042309870158134824,0.023344229217530512,0,0
2025-11-27 15:48:43.104971,2,12.910932982909403,80.08782321313812,0.01858548860528848,-0.06814751756231226,0.2090437270316751,0.04196458071674433,0.01400127381084793,0,0
2025-11-27 15:48:44.104971,2,12.91093299231413,80.08782295749853,0.027759473968370783,0.04111185333367538,-0.14183060847481344,-0.008678045374664442,0.022173321717680973,0,0
2025-11-27 15:48:45.104971,2,12.91093307573542,80.08782172397164,0.1341730745520169,0.039385249845362055,0.22015775995061224,-0.038225541847773575,0.03533020447459457,0,0
2025-11-27 15:48:46.104971,2,12.910933100545082,80.08782131868041,0.04406521803086274,0.022563136275669235,-0.11749593579093172,0.11909281181493565,0.02256724902349371,0,0
2025-11-27 15:48:47.104971,2,12.910933109354522,80.08782119880067,0.013045191456585415,0.20425559381391234,0.06182958675349892,-0.04131606871429999,0.009011844633800907,0,0
2025-11-27 15:48:48.104971,2,12.910933281973913,80.08781889386924,0.25084766448511997,-0.08358689851481337,-0.17526201729112906,-0.019780329445461795,0.008993375892680648,0,0
2025-11-27 15:48:49.104971,2,12.910933430506635,80.08781674075978,0.23422056237007327,0.12030717850596145,-0.022987396782556943,-0.003262100189626846,0.006839112556636058,0,0
2025-11-27 15:48:50.104971,2,12.910933442489856,80.08781498725992,0.19027881765219307,0.07238692867634501,0.15923716210654218,0.03102770558746252,0.017264725383264592,0,0
2025-11-27 15:48:51.104971,2,12.910933537898146,80.08781372157814,0.13775053496384804,-0.18924872052139868,-0.08332024718449,-0.047458053761576593,0.0057415284097464955,0,0
2025-11-27 15:48:52.104971,2,12.910933578351825,80.08781285186066,0.09448135506092259,0.0005517661524327699,0.19453221195382425,0.03530223176787466,0.01343371218483943,0,0
2025-11-27 15:48:53.104971,2,12.910933852982094,80.08781065552688,0.24027935584674173,0.21385309373004038,0.22243376827797215,0.05978760492526457,0.003185945333476216,0,0
2025-11-27 15:48:54.104971,2,12.910934053052086,80.08780799036279,0.29005612727756674,0.019645735021698627,-0.04126537938370032,-0.11022600167937502,0.004135862395692909,0,0
2025-11-27 15:48:55.104971,2,12.910934161878602,80.08780658534226,0.15294083396600142,0.37376251769791236,-0.0666546079752834,0.031687076264788554,0.01288943759822643,0,0
2025-11-27 15:48:56.104971,2,12.910934345183302,80.08780481351675,0.1933424959826879,-0.27308101575372573,0.02505187998303292,-0.08210322281832959,0.0050809178607849285,0,0
2025-11-27 15:48:57.104971,2,12.910934489863921,80.08780343364946,0.1505945972873539,-0.1664729284182973,0.14707050667709234,-0.021939289072485314,0.013254188376076679,0,0
2025-11-27 15:48:58.104971,2,12.91093449434514,80.08780308298856,0.038053857373435175,0.04348152220691271,0.05175359504531349,-0.11333485752561302,0.0016995902602740462,0,0
2025-11-27 15:48:59.104971,2,12.910934435855294,80.08780094674523,0.2318974677340115,0.36474045474344235,0.23938957449867782,-0.014924727587587193,0.008411206457992851,0,0
2025-11-27 15:49:00.104971,2,12.91093444313502,80.08780032108544,0.06789584852704468,-0.43940894041249723,-0.20931994600216278,0.07261364586675093,0.009582953449691744,0,0
2025-11-27 15:49:01.104971,2,12.910934466276126,80.08780010953578,0.023099570336977425,0.005892289691784361,0.08013224780141635,0.07284302935710217,0.03367564554313962,0,0
2025-11-27 15:49:02.104971,2,12.910935023894565,80.08779793920972,0.24354776229839487,-0.08965225605116445,-0.11543008113513696,0.21107836632282084,0.0003337402157036062,0,0
2025-11-27 15:49:03.104971,2,12.910935871049672,80.08779548008393,0.2830164988482471,-0.31450747276953595,-0.08112769811077218,0.02015599662656321,0.01846066353738215,0,0
2025-11-27 15:49:04.104971,2,12.910936011242443,80.08779509793861,0.04430651299903181,-0.15463500355839602,0.3208532347855725,-0.12093902808948451,0.05473933809246554,0,0
2025-11-27 15:49:05.104971,2,12.910936175992813,80.0877942452981,0.09432114664798925,0.23698994545435076,-0.20262889500248346,-0.02083065304156597,0.005950768859136158,0,0
2025-11-27 15:49:06.104971,2,12.910936722420455,80.0877917852336,0.2737869670387188,-0.04110473407695664,-0.06955407250282138,0.017010495172565886,0.037679340489031064,0,0
2025-11-27 15:49:07.104971,2,12.910937232221519,80.08778980912388,0.22181255733954827,-0.18012619596238394,0.18277565806218857,0.06450455048054639,0.014305374107346103,0,0
2025-11-27 15:49:08.104971,2,12.910937707421072,80.08778758498615,0.2470729457541327,0.4106377686849637,0.17350271763637987,-0.09095702785654189,0.009818282783260157,0,0
2025-11-27 15:49:09.104971,2,12.910937910760278,80.0877856890102,0.20697586415150562,0.06305370075303202,-0.08656316387769389,-0.16010347136529396,0.013215425318863938,0,0
2025-11-27 15:49:10.104971,2,12.910938153044361,80.08778338448137,0.251517165111388,0.1873015182707739,0.3315655113295083,0.010846138522795899,0.003762126772000013,0,0
2025-11-27 15:49:11.104971,2,12.910938180969104,80.08778322977743,0.017072482139740063,0.08517015527372578,-0.07122655690704442,-0.09501954720552626,0.014994222981622493,0,0
2025-11-27 15:49:12.104971,2,12.910938234906443,80.08778182118022,0.15296627479614908,0.045716008553677426,-0.09055928165432876,-0.02829581946017792,0.015506715172101034,0,0
2025-11-27 15:49:13.104971,2,12.910938342083794,80.08778040448004,0.15418994109651726,0.26977862346602716,0.01581045015005628,0.09452516335389141,0.001950591354459697,0,0
2025-11-27 15:49:14.104971,2,12.91093869782769,80.08777856508664,0.2034852648573502,0.04737857459404574,-0.006294006333900121,0.0840635502366932,0.0012736407824097762,0,0
2025-11-27 15:49:15.104971,2,12.91093875547202,80.0877780476105,0.05651735990129368,0.11659160934186939,0.04313732260941285,-0.015397350302644056,0.04515686155057468,0,0
2025-11-27 15:49:16.104971,2,12.910938814857314,80.08777750589962,0.059152192043261685,0.2893472291614513,0.0841900440795117,-0.039776081570808,0.019312651046873203,0,0
2025-11-27 15:49:17.104971,2,12.91093892007962,80.0877759976556,0.16407980004603206,0.05449638873692246,-0.2519096604360553,-0.04636468145234095,0.024202352504092667,0,0
2025-11-27 15:49:18.104971,2,12.910938957587517,80.08777430239584,0.18400182564884296,0.09572590176164501,0.05941424291445036,-0.10321811728453983,0.008572209719140737,0,0
2025-11-27 15:49:19.104971,2,12.910938983916184,80.08777368597043,0.06695316073449861,0.13598630610915172,-0.1350179289146995,0.09818482057536809,0.012262181928062346,0,0
2025-11-27 15:49:20.104971,2,12.910939325144568,80.08777112681418,0.28028271679029504,0.11698781042468544,0.2978927576494759,0.03503432776815319,0.03431919532950839,0,0
2025-11-27 15:49:21.104971,2,12.9109394455928,80.08776941007667,0.1867669416645643,-0.15515474781271715,0.03387670423066829,-0.12231222387634372,0.007999044249314935,0,0
2025-11-27 15:49:22.104971,2,12.910939472082504,80.08776859729684,0.08824488997829799,-0.19499337117478233,-0.1540986180363735,-0.047683553269402094,0.018743723290380602,0,0
2025-11-27 15:49:23.104971,2,12.91093946833369,80.08776780959174,0.08547574058868905,0.3840678788991973,0.16776484971456374,-0.08542578284187709,0.013278827809089835,0,0
2025-11-27 15:49:24.104971,2,12.910939466900402,80.08776762165516,0.020393822684394314,0.016659833264974687,-0.2625766947274999,0.05429431131508154,0.00026406324587114173,0,0
2025-11-27 15:49:25.104971,2,12.910939387362404,80.08776562638438,0.2166899322849429,0.19502785365796127,0.1218817745840721,-0.01396411293572428,0.036326780217472605,0,0
2025-11-27 15:49:26.104971,2,12.910939384912268,80.08776516074566,0.05052769003998273,0.03246806022236284,-0.03193542766834193,0.05922836897254468,0.027559544028977614,0,0
2025-11-27 15:49:27.104971,2,12.910939412120118,80.08776256308086,0.28189165147643624,0.09537651136173536,-0.20079962450313,-0.012698604399386484,0.018817372170454972,0,0
2025-11-27 15:49:28.104971,2,12.910939637102656,80.08775983886233,0.29666692117402366,0.14292015345203268,0.067619249854335,0.09063302885927653,0.02217696497299732,0,0
2025-11-27 15:49:29.104971,2,12.910939817142154,80.08775866242598,0.129220079071269,0.009873447165388752,0.1781670513617795,0.0616464074031184,0.020046900026547534,0,0
2025-11-27 15:49:30.104971,2,12.910940100820994,80.08775708790174,0.17374721278823055,-0.1427287410510677,0.1496532998131818,-0.015850639906127346,0.009327746032756242,0,0
2025-11-27 15:49:31.104971,2,12.910940599700819,80.08775467576936,0.2675698013137696,0.36505803128445574,0.22099535995647124,0.05738446586960977,0.053842007461883744,0,0
2025-11-27 15:49:32.104971,2,12.91094111961245,80.08775209672903,0.28577647197964245,-0.315468869645117,0.13520521257446672,0.030352301053028885,0.013772034326440537,0,0
2025-11-27 15:49:33.104971,2,12.910941234904667,80.08775143437498,0.07300966667113364,-0.33738347791360956,0.07814209752642512,0.048750696079954976,0.028842923753510333,0,0
2025-11-27 15:49:34.104971,2,12.910941382866264,80.08775071008871,0.08030048717275831,0.13844523724810626,-0.1696301814716671,0.09597943632697745,0.0006635852343574407,0,0
2025-11-27 15:49:35.104971,2,12.910942168118256,80.0877485754583,0.24757662017927212,0.25095867299422175,0.19320004098578414,0.06824172616688198,0.0041676930961738155,0,0
2025-11-27 15:49:36.104971,2,12.910942228698907,80.08774836446094,0.02386808585320047,0.077148747159414,-0.13732250657500003,0.008855072714303733,0.01940538132108723,0,0
2025-11-27 15:49:37.104971,2,12.910942402728665,80.08774761567702,0.08352899780004647,0.29057091372988186,-0.15503542791193478,0.07149053919946638,0.03231477566080446,0,0
2025-11-27 15:49:38.104971,2,12.910942563944904,80.08774658035513,0.11376830955008377,0.13929602688978285,0.04000182471691157,-0.0925896975854672,0.02300879527267668,0,0
2025-11-27 15:49:39.104971,2,12.910942636568656,80.08774567888787,0.09815268511240789,0.0747542516311424,0.09639602936492633,-0.03256534183294153,0.0081672310388011,0,0
2025-11-27 15:49:40.104971,2,12.910942692487927,80.08774521682967,0.05052337851729766,0.030615606885309943,0.12563677453854,-0.007769014202766267,0.03371826996254216,0,0
2025-11-27 15:49:41.104971,2,12.910942809976966,80.08774408106459,0.12393512130802216,-0.03404082902774723,0.09067913976627387,-0.08926905168315871,0.006165140183650975,0,0
2025-11-27 15:49:42.104971,2,12.91094277859447,80.0877425741483,0.16355441019953157,0.22443587005383395,-0.24255898159642847,-0.08062282507143417,0.020729174221874584,0,0
2025-11-27 15:49:43.104971,2,12.910942725181432,80.0877400821459,0.27047520383294654,0.30156221072358724,0.15307484659247383,0.022689422099292214,0.011899667731989621,0,0
2025-11-27 15:49:44.104971,2,12.910942653071837,80.0877390855413,0.10844014388000275,-0.13787055712751844,-0.09441400926169574,-0.05884701245136052,0.007275433325048278,0,0
2025-11-27 15:49:45.104971,2,12.910942675011796,80.08773705769612,0.22005719934912996,-0.1060693383409046,-0.02652405278690297,-0.028675196696535135,0.02109661416024935,0,0
2025-11-27 15:49:46.104971,2,12.910942692804726,80.08773602012867,0.11260497270163501,0.16651029127524783,0.09238205495946321,0.09193193270230123,0.008766270040307517,0,0
2025-11-27 15:49:47.104971,2,12.910942723898538,80.08773435724156,0.18047485224943136,0.1801333681786471,0.05898396615033149,-0.04142272441502806,0.014122013640636507,0,0
2025-11-27 15:49:48.104971,2,12.910942688819405,80.08773198116424,0.2578602556624682,-0.5123323856288493,-0.05822925180572362,0.13177558775187964,0.004339629051878305,0,0
2025-11-27 15:49:49.104971,2,12.910942815020118,80.08773038154516,0.17414397058974093,0.0477237176036545,0.11102799937331656,0.133856371325027,0.020232298352584804,0,0
2025-11-27 15:49:50.104971,2,12.910942941316371,80.0877284139578,0.21396740549666526,0.1728758060324746,0.09797787089303019,-0.09827805822989516,0.01932700920421158,0,0
2025-11-27 15:49:51.104971,2,12.91094292847866,80.08772748261141,0.10107149442893872,0.24388433746136867,0.13923137730923826,-0.01315608165146683,0.05322741351911955,0,0
2025-11-27 15:49:52.104971,2,12.910942965331303,80.08772575394846,0.18762391678994947,-0.17848317161673413,-0.020384735061270174,0.026207424977308366,0.014826737788828344,0,0
2025-11-27 15:49:53.104971,2,12.910942998321053,80.08772537423417,0.04136654053427106,0.5212043923843842,0.04533504486897194,-0.06498226872276698,0.009687637716574861,0,0
2025-11-27 15:49:54.104971,2,12.910943112812738,80.08772338968751,0.21572210951810147,0.2407091118455001,-0.15635695492436555,-0.10411230551609058,0.03125485403412246,0,0
2025-11-27 15:49:55.104971,2,12.910943182675897,80.08772214878589,0.13487596764384552,0.06380574065939634,0.2537933818548716,0.007488421840683695,0.006979566299533294,0,0
2025-11-27 15:49:56.104971,2,12.910943231270055,80.08772150418727,0.0701549521299931,-0.1818491654177649,-0.16054080809855534,0.009825854137485913,0.02289504493933963,0,0
2025-11-27 15:49:57.104971,2,12.910943237634747,80.08772112793145,0.04083406917865127,-0.003932769373355655,0.1152426796898269,-0.027649740927600468,0.03391401264745463,0,0
2025-11-27 15:49:58.104971,2,12.910943361190176,80.08771908870092,0.22170613322254432,0.11654507639832135,-0.15143612272670567,0.01583319150392888,0.0029419611079106785,0,0
2025-11-27 15:49:59.104971,2,12.910943523669278,80.08771688631377,0.2396668562834918,0.19092257116413935,-0.016375558694227195,0.0912399696940433,0.024471071775310823,0,0
2025-11-27 15:50:00.104971,2,12.910943799656897,80.08771520078567,0.18546089537839663,0.05572068940450908,-0.2315030553496798,0.08654480144070692,0.002771926186755668,0,0
2025-11-27 15:50:01.104971,2,12.910943904789939,80.08771461652833,0.06446956949349499,0.060596363550103075,0.2009529441511176,-0.005651368756261703,0.0013122276582847494,0,0
2025-11-27 15:50:02.104971,2,12.910943978156496,80.08771424230301,0.04142075401205636,0.41762844116315856,0.07626261639804026,0.06538281471467883,0.013825451595681286,0,0
2025-11-27 15:50:03.104971,2,12.91094456832969,80.08771226492219,0.22440039427707517,-0.03403232350812019,-0.3909825507510749,0.047407034127847206,0.009594448815802856,0,0
2025-11-27 15:50:04.104971,2,12.910945339005158,80.0877098124892,0.2796032688516345,0.006353620808610613,0.004179842579324115,-0.03641250058034605,0.012684348466076084,0,0
2025-11-27 15:50:05.104971,2,12.910945441667948,80.08770953858044,0.03184358461223786,-0.1380312227391993,0.14184709934155518,0.05545279460232005,0.00035118088437624355,0,0
2025-11-27 15:53:04.104971,3,12.900052749545699,80.10052064340285,0.0291293923572164,-0.1617735705932542,-0.06414219084815428,0.1887581413385897,0.007902910830355861,0,0
2025-11-27 15:53:05.104971,3,12.900053927475554,80.1005208031066,0.13226731289165206,0.15220023728211693,0.048825783136526184,0.08639051028786139,0.004086018100765237,0,0
2025-11-27 15:53:06.104971,3,12.900056228001002,80.10052115115151,0.2588642445443313,0.17024639827777133,-0.1826388853832584,-0.060567545541044016,0.025432653094388052,0,0
2025-11-27 15:53:07.104971,3,12.900057749182295,80.10052129824732,0.17008848262105739,0.18237946452110707,-0.042362563249775706,-0.05616998081445377,0.05193757260514028,0,0
2025-11-27 15:53:08.104971,3,12.90005958861136,80.10052142050472,0.20519453430239126,-0.15801204588708387,-0.11061077800617623,0.0036470359103369723,0.0057936182370109295,0,0
2025-11-27 15:53:09.104971,3,12.900059821020456,80.10052142918127,0.02588890579761651,-0.28768179153677514,0.06120520134010103,0.030017930268643654,0.017466092876244545,0,0
2025-11-27 15:53:10.104971,3,12.900060275545847,80.10052145408777,0.050669893452051785,-0.024245614620263728,-0.02924848370783467,0.04318642833781676,0.007881453131225654,0,0
2025-11-27 15:53:11.104971,3,12.900062828620326,80.10052175915312,0.28612955593946965,-0.36703846270564144,-0.1642772491091275,-0.01936335528256736,0.0187021108776982,0,0
2025-11-27 15:53:12.104971,3,12.900065148783225,80.10052192527496,0.2589088042386236,-0.06274755975691662,-0.05810559655163232,-0.011807325465124495,0.00031369415111974394,0,0
2025-11-27 15:53:13.104971,3,12.900066214884491,80.10052202744939,0.11919514351024811,0.015323287480223352,0.02356890680490977,0.05042183545490107,0.005191919325066618,0,0
2025-11-27 15:53:14.104971,3,12.900066272723333,80.10052203537765,0.0064958401688993694,-0.3647133018880676,-0.059005012715314414,-0.01318851248093738,0.029466284821804842,0,0
2025-11-27 15:53:15.104971,3,12.900068383656196,80.10052248733975,0.24005213393574276,0.2391059194438539,-0.23062598731232722,0.05544603970924647,0.016038531921525073,0,0
2025-11-27 15:53:16.104971,3,12.900070038414096,80.10052272597545,0.18601876487374727,-0.022786889096436017,-0.20405919699861083,-0.03540635047730893,0.035015047733430386,0,0
2025-11-27 15:53:17.104971,3,12.9000715027086,80.10052298982974,0.16550059363625116,-0.11604121574535602,-0.05834451032365891,0.020865317540582816,0.009901038628487732,0,0
2025-11-27 15:53:18.104971,3,12.900073081744347,80.10052328264126,0.17862677822406417,-0.004826598930586672,-0.0980812566233233,0.09026007725305953,0.02017201618646229,0,0
2025-11-27 15:53:19.104971,3,12.900075006282332,80.10052371080967,0.21921950513503205,-0.3490250749374858,0.02338749680912192,0.009631023050384524,0.0005048837174880419,0,0
2025-11-27 15:53:20.104971,3,12.90007702621286,80.10052408214946,0.22844046190456535,-0.07671968969638443,-0.00912422249734989,-0.02141532359133795,0.0024301370936262684,0,0
2025-11-27 15:53:21.104971,3,12.900077911397485,80.10052416356926,0.09893402376054385,0.4413467758169062,0.09039863099339508,-0.14853474636266062,0.030937463638400282,0,0
2025-11-27 15:53:22.104971,3,12.90007967980824,80.10052418141993,0.19686901435978105,-0.03001912174171366,0.08704719960504857,0.019999467952966483,0.012138879470792889,0,0
2025-11-27 15:53:23.104971,3,12.900080974052992,80.1005243063839,0.14471202490287685,0.07647304168094543,-0.2537418758300058,-0.031012506121396013,0.027876253447119043,0,0
2025-11-27 15:53:24.104971,3,12.900083345652584,80.100524696218,0.2673738830271864,0.20361074171634141,0.027495520445226743,0.050533522126872045,0.012553909891229056,0,0
2025-11-27 15:53:25.104971,3,12.900083578089388,80.10052475470769,0.026641879655820322,-0.3517390102745974,0.07924296248623612,0.09746846856393918,0.006652643087119641,0,0
2025-11-27 15:53:26.104971,3,12.900085743861313,80.10052536549289,0.250037530883863,0.108949821695015,-0.0678957100744239,-0.021130472958352332,0.030827336836931573,0,0
2025-11-27 15:53:27.104971,3,12.900085860914853,80.10052539091036,0.013319092696836265,-0.14016157490047482,0.11636937811687736,0.017284692286582193,0.03340599640743194,0,0
2025-11-27 15:53:28.104971,3,12.900086354532142,80.10052547909933,0.05577650734811305,0.12912321164049284,-0.040629995486529506,0.049720360549708284,0.009990917306226345,0,0
2025-11-27 15:53:29.104971,3,12.900088098958308,80.10052574314291,0.1962918154558963,-0.1740955416671352,0.11138044268330811,0.03571979798668105,0.013462579291321218,0,0
2025-11-27 15:53:30.104971,3,12.900089756396104,80.10052591767486,0.18547539693438198,-0.10976695162819539,-0.37964186940340044,-0.07304975880994857,0.044961791463637504,0,0
2025-11-27 15:53:31.104971,3,12.900090257021796,80.1005259668564,0.05598459218816949,0.02450764818968365,-0.06787358112951815,0.06221494887795038,0.03308525502098485,0,0
2025-11-27 15:53:32.104971,3,12.900091872196406,80.10052618583876,0.1813645807969644,-0.10632063239381657,0.10285881406227383,0.019871726771471497,0.009487940323465487,0,0
2025-11-27 15:53:33.104971,3,12.900092574284301,80.10052623340093,0.07832663985397367,-0.16148823325014677,-0.0039670858723696075,0.008767450160487501,0.006038304818013147,0,0
2025-11-27 15:53:34.104971,3,12.900093495248372,80.10052624416718,0.10252837632253169,0.46254809975833017,0.0035987040384032215,0.03162417935304952,0.018620527541750115,0,0
2025-11-27 15:53:35.104971,3,12.900094858275779,80.10052634775977,0.15214802335758615,0.3644119168748195,-0.20504574760763442,0.04198203342987571,0.022219721193867472,0,0
2025-11-27 15:53:36.104971,3,12.90009710296244,80.10052637791594,0.2498999438286972,0.17849489430719062,0.043196433324445234,-0.021893966059217868,0.003793659168922755,0,0
2025-11-27 15:53:37.104971,3,12.900098290665431,80.10052653818954,0.13335400620918492,-0.22597635970344845,-0.05205047160097212,-0.07416405525285336,0.025568191819868493,0,0
2025-11-27 15:53:38.104971,3,12.90009912180804,80.10052652777098,0.09252970173717319,0.2500941123528457,-0.0909412538701936,-0.044853901987047404,0.011081542379128048,0,0
2025-11-27 15:53:39.104971,3,12.900100559215186,80.10052648510059,0.16007914000899653,-0.09927661952223187,-0.04340386582513004,-0.016842544995757255,0.007086054799852724,0,0
2025-11-27 15:53:40.104971,3,12.90010120822924,80.10052645633111,0.07231565792048568,-0.07772512784263308,0.07029584823118964,-0.055105886639478845,0.008805523446679116,0,0
2025-11-27 15:53:41.104971,3,12.900103764479985,80.1005263490234,0.2847999641436123,-0.49068813487966806,-0.14311132585383135,0.0045761085906235,0.008488976545761018,0,0
2025-11-27 15:53:42.104971,3,12.900103839973939,80.10052634300223,0.008429346147518712,-0.06555628561687482,-0.05844795569422434,0.0073600501656967895,0.004561632497028967,0,0
2025-11-27 15:53:43.104971,3,12.900105239053874,80.10052616545555,0.15693263140972832,0.11815456830522081,0.20627171074615377,-0.005699004469207932,0.011580883339147039,0,0
2025-11-27 15:53:44.104971,3,12.90010660781394,80.10052600553304,0.15335535626884522,-0.10667681960942271,-0.10186472994974398,-0.05464696338930257,0.017083767064013013,0,0
2025-11-27 15:53:45.104971,3,12.900107189838879,80.10052589441568,0.06590338681138315,0.01898557722383677,0.1269104801928411,0.04519362411807372,0.016826806671049403,0,0
2025-11-27 15:53:46.104971,3,12.900109220824895,80.10052547626258,0.23059747668765007,0.010597304689497433,-0.04664833108769752,-0.015773126534525055,0.013114082243945922,0,0
2025-11-27 15:53:47.104971,3,12.900111856681011,80.10052508383633,0.29649722870368056,-0.019076558857930442,-0.10164731587688282,0.06627979265870164,0.002937654030998418,0,0
2025-11-27 15:53:48.104971,3,12.900114432595185,80.10052471481292,0.28953313042302503,-0.15772552157182954,0.16055738356086408,0.01792840604444637,0.02823951001901695,0,0
2025-11-27 15:53:49.104971,3,12.90011520912121,80.10052449032418,0.08980951801171898,0.18083304667001446,0.24697619104148813,-0.10085950627330234,0.005411136491104004,0,0
2025-11-27 15:53:50.104971,3,12.900116063901232,80.10052427124937,0.09807858017432793,0.5026606737427066,-0.29354186041515046,-0.02082113872999119,0.022586066089934947,0,0
2025-11-27 15:53:51.104971,3,12.900117554196822,80.10052395470242,0.16941824223140603,0.01958789243449105,0.31838846948077393,0.04728660502531855,0.026805161431523675,0,0
2025-11-27 15:53:52.104971,3,12.900119872951006,80.10052348782018,0.26304837565752287,-0.04078356324743601,0.09813268157655314,-0.06780631808052981,0.004985920565165578,0,0
2025-11-27 15:53:53.104971,3,12.900120049922954,80.10052345549684,0.020010306423169966,0.3027791962902828,0.2065988117834674,-0.05062284396542707,0.03526984425090916,0,0
2025-11-27 15:53:54.104971,3,12.900122269382525,80.10052298614255,0.25226484034097096,0.02467357211697198,0.02651513496692576,-0.08222590996916225,0.011839188536783576,0,0
2025-11-27 15:53:55.104971,3,12.900124366537243,80.10052234312292,0.24365921860863005,-0.028946887138892936,-0.08532912353960512,0.029694134332754668,0.018156233624347404,0,0
2025-11-27 15:53:56.104971,3,12.900126760478866,80.10052167004973,0.2763204733974382,-0.17067762285685975,0.13515800422882693,-0.02312830832983539,0.005435992347738073,0,0
2025-11-27 15:53:57.104971,3,12.900127100846765,80.10052157869808,0.03916494874923485,-0.061511777276338706,0.1074267655265686,-0.04660253209140558,9.123341141106057e-05,0,0
2025-11-27 15:53:58.104971,3,12.90012765966085,80.10052146307727,0.06345972988532297,0.056220720669403174,-0.31908543224479435,0.014078446967992287,0.017082138725575496,0,0
2025-11-27 15:53:59.104971,3,12.900128394431151,80.1005212679251,0.08449133759469409,0.11091175459261271,0.05261181830384589,0.030393468499454755,0.03180009767854456,0,0
2025-11-27 15:54:00.104971,3,12.900129299452553,80.10052111969465,0.10202287530587864,0.158507650045278,-0.07685331071513697,0.045089289121877166,0.0011209797382215174,0,0
2025-11-27 15:54:01.104971,3,12.900131673512682,80.10052057894153,0.2707159865238863,-0.07154404392796984,-0.02386772172713986,0.034818738301439105,0.00211725133032016,0,0
2025-11-27 15:54:02.104971,3,12.900132294318103,80.10052044982073,0.07051404496276033,0.09644866348699292,0.1499505816537564,-0.04985263913309591,0.001816751552928285,0,0
2025-11-27 15:54:03.104971,3,12.900132618598345,80.10052036535023,0.03724436996757017,-0.2066229535515559,0.0638646080948704,0.0864940644394577,0.014277521120525199,0,0
2025-11-27 15:54:04.104971,3,12.90013290202481,80.10052032344376,0.03187703838141731,0.054569806675260915,-0.14385714241285327,0.07762430270642605,0.0040743078780367805,0,0
2025-11-27 15:54:05.104971,3,12.900133733646785,80.1005201894932,0.0937102563121024,0.05098700906849408,-0.23586023402981152,-0.05066949296367779,0.024060636748440577,0,0
2025-11-27 15:54:06.104971,3,12.900134220096884,80.10052005523991,0.056076925245878206,-0.08497513946846666,-0.25860785879558934,0.014776670147403963,0.0016862613704678652,0,0
2025-11-27 15:54:07.104971,3,12.90013502432841,80.10051989573455,0.09118475645330733,0.21102430680922524,-0.05778441201204247,0.14366647252433246,0.0032786784668418713,0,0
2025-11-27 15:54:08.104971,3,12.900137207011921,80.10051964995547,0.2444356006953397,0.06065298062814575,0.008988321822842432,0.023056616076526183,0.00747503099946383,0,0
2025-11-27 15:54:09.104971,3,12.900138233629674,80.10051962706684,0.11431007304978885,-0.13779299749314866,0.1778740941018912,0.12092291666760009,0.004538137005604052,0,0
2025-11-27 15:54:10.104971,3,12.90013964502287,80.10051961138461,0.1571255056668658,0.27264639999854035,0.25495452657722073,0.030580384913165143,0.013425488091750792,0,0
2025-11-27 15:54:11.104971,3,12.9001400558271,80.10051958538472,0.0458176698852051,0.14722854172090638,-0.17179170463972596,-0.06553191372014508,0.006282197588500335,0,0
2025-11-27 15:54:12.104971,3,12.900140169049331,80.10051957817487,0.01262815610503053,-0.12129030531134083,0.12123568780349231,-0.03304405230060338,0.029688362261886862,0,0
2025-11-27 15:54:13.104971,3,12.900141370184727,80.10051951880583,0.13386549355306535,-0.3180732975361204,0.10192139195019483,-0.05161951319589033,0.013043283159876526,0,0
2025-11-27 15:54:14.104971,3,12.900142178870896,80.10051946896351,0.0901852614484627,0.529193473196717,-0.09570505045301612,0.009060695219098146,0.004651467351661434,0,0
2025-11-27 15:54:15.104971,3,12.900143277696847,80.10051936194597,0.12287128281194609,0.09651416116842226,0.14519512498268353,-0.05174011810120434,0.02369492373119392,0,0
2025-11-27 15:54:16.104971,3,12.900145559314359,80.10051903847325,0.25640352730949456,-0.20789947390032004,-0.06891670453040169,0.018022777037912156,0.018418946240384794,0,0
2025-11-27 15:54:17.104971,3,12.900145588061385,80.1005190372805,0.003202735080634056,0.1598061315764607,0.12424426659282736,-0.009891692700064673,0.024330015773531444,0,0
2025-11-27 15:54:18.104971,3,12.900146566556947,80.10051900809668,0.10897214877736609,0.3734140358352317,-0.10860175611460501,-0.019706446316185254,0.037665256104143625,0,0
2025-11-27 15:54:19.104971,3,12.900148356949337,80.10051894167225,0.19943676907393706,0.27431195574495526,0.02448896948962716,-0.0759274075184212,0.004425839546730847,0,0
2025-11-27 15:54:20.104971,3,12.900150449339831,80.10051901289161,0.23305307583963872,0.1674547296684254,-0.14629136431156997,0.1812745377685802,0.036331905091900256,0,0
2025-11-27 15:54:21.104971,3,12.900152013752107,80.10051916572534,0.1749382279471029,0.03209848641091831,0.0351369148663824,0.09162201217247895,0.03485767950153273,0,0
2025-11-27 15:54:22.104971,3,12.900153461745347,80.10051928076983,0.16167328256261554,-0.041933074541798065,0.05022700156689685,0.024492917718592792,0.0012095557485812265,0,0
2025-11-27 15:54:23.104971,3,12.900154398680428,80.10051935220714,0.10458727451898232,0.13302329120919668,-0.05587358960380572,0.12901547783345924,0.011790956962190045,0,0
2025-11-27 15:54:24.104971,3,12.900156737376092,80.1005197238807,0.2634489236266498,0.09246386572218081,-0.06938591650119064,-0.0034899501214429793,0.01644059185306407,0,0
2025-11-27 15:54:25.104971,3,12.900159214388962,80.1005201751379,0.2800550265951557,-0.17854220803693344,-0.13557596602338043,0.014517418046955798,0.001044363142030569,0,0
2025-11-27 15:54:26.104971,3,12.90016104097725,80.10052061198819,0.20878811276004342,0.18282414985587467,0.4941183278793475,-0.08514042958473651,0.001704749371832584,0,0
2025-11-27 15:54:27.104971,3,12.900163368650071,80.10052115622932,0.2657611148501371,0.043278889777126225,-0.07697475062880486,-0.03682253990083447,0.008621056567650932,0,0
2025-11-27 15:54:28.104971,3,12.900164916598403,80.10052153121386,0.177056520583717,0.12836920719380024,-0.12474409332237418,0.029729832563829862,0.0039335911894634555,0,0
2025-11-27 15:54:29.104971,3,12.900167280331003,80.10052204155124,0.26889472707628576,-0.20188922548888832,0.06696344747349477,0.06836697129421321,0.01321182824672585,0,0
2025-11-27 15:54:30.104971,3,12.900168930767054,80.10052238835857,0.18754099362280233,0.2464947802284364,-0.06473569624139167,0.0839048815573818,0.004929932890341149,0,0
2025-11-27 15:54:31.104971,3,12.900171350662701,80.10052296523445,0.2765600693767462,0.21882370107158838,-0.07301919922596536,0.04647450268621847,0.0041908560751682,0,0
2025-11-27 15:54:32.104971,3,12.900172368238183,80.10052313705089,0.11480052223198683,0.2452212511446739,0.17320468187454546,-0.013627589709195947,0.010124220192650309,0,0
2025-11-27 15:54:33.104971,3,12.900172424324271,80.10052314596415,0.00631797228993265,0.39962923879117274,0.06440697291401312,-0.01647020147079095,0.028772423914908193,0,0
2025-11-27 15:54:34.104971,3,12.900174620192715,80.10052342046136,0.2462521060614874,-0.2996125064988781,-0.05276353809085031,-0.06763464431614766,0.004080219918332691,0,0
2025-11-27 15:54:35.104971,3,12.90017615880976,80.10052355406823,0.17189132781224953,-0.010593087012005023,0.22568148334446742,-0.008788613424459359,0.011348687744332023,0,0
2025-11-27 15:54:36.104971,3,12.90017627666382,80.10052356651923,0.013188897595908865,-0.03518399145519016,-0.1112359632214031,-0.056699807519560004,0.006975578719389692,0,0
2025-11-27 15:54:37.104971,3,12.900178773602477,80.10052363894387,0.27807028640296855,-0.28699770787616763,-0.13823195026610663,-0.03282935732155107,0.020603764656658342,0,0
2025-11-27 15:54:38.104971,3,12.900179952942093,80.10052369336833,0.1314168467909919,-0.31232801977167235,0.20763377108628397,0.01558218716554672,0.011716925136523304,0,0
2025-11-27 15:54:39.104971,3,12.900181135839858,80.10052364323901,0.13179248212748054,-0.3450030133297702,-0.19641605486194832,-0.02016883591227455,0.007436594810938028,0,0
2025-11-27 15:54:40.104971,3,12.900183777339274,80.10052349522316,0.2944900253535066,7.15967888724186,0.1149810828369969,-0.02713884508601945,0.04814290935441563,0,0
2025-11-27 15:54:41.104971,3,12.900319653880617,80.10051863907684,15.134952443165947,7.062616905623538,0.10380952004768872,-0.014792038924338481,0.059723906741997665,1,0
2025-11-27 15:54:42.104971,3,12.90044767323455,80.10051633408804,14.253309143979747,-1.3333988552793252,0.10266125867798774,-0.03041139517150776,0.011276571148546938,1,0
2025-11-27 15:54:43.104971,3,12.900564712924707,80.10051720432394,13.029200503948589,2.035602927751656,0.18177965834291337,-0.05035116067708026,0.016309606578339294,1,0
2025-11-27 15:54:44.104971,3,12.90072801513324,80.10051821833954,18.179134844939995,1.309911326430971,0.31545524026373584,0.07375150416869196,0.10382932132730531,1,0
2025-11-27 15:54:45.104971,3,12.900869915390189,80.10052361327268,15.807180350972242,-3.9548489882960354,0.31912472147538545,0.014354170266394187,0.08518023709121858,1,0
2025-11-27 15:54:46.104971,3,12.900966550635918,80.10052869671524,10.771568561586434,-1.6245452232689657,0.06163631739019763,-0.014265469716930273,0.05968221272259476,1,0
2025-11-27 15:54:47.104971,3,12.901077340591588,80.10053031352068,12.334385629706677,-0.8850424744747326,0.05299717775122919,0.11864956877431881,0.1230183200630357,1,0
2025-11-27 15:54:48.104971,3,12.901156152201123,80.10053183368919,8.774858954181006,-0.9024411136355228,0.2296674043081439,-0.003396874406770398,0.10767060049290597,1,0
2025-11-27 15:54:49.104971,3,12.901244377534024,80.10053227448746,9.821360531069974,2.8603074504864634,-0.11219403896261218,-0.054316034155362534,0.05007163672445194,1,0
2025-11-27 15:54:50.104971,3,12.90137737478769,80.1005297306659,14.807827234184172,-0.3861657368818423,-0.05933481767830385,-0.07491499286334546,0.10699746948623906,1,0
2025-11-27 15:54:51.104971,3,12.901460069015743,80.10052778778797,9.2079352505713,-2.3166394150169487,0.15774710000049058,0.10086282982614007,0.0546608227137971,1,0
2025-11-27 15:54:52.104971,3,12.90154964019084,80.10053077021747,9.976313670608034,1.1495077380826038,0.1930741593690269,-0.014285094981628117,0.06951389208432117,1,0
2025-11-27 15:54:53.104971,3,12.901651323342703,80.10053485362836,11.32803749274978,-0.008260056712786845,-0.022923430511167468,0.033598869914484984,0.028083585438689912,1,0
2025-11-27 15:54:54.104971,3,12.90173536835312,80.10053987988712,9.371774152229017,1.2784113429831847,-0.006291473332330394,0.005998226892003846,0.05520749041764742,1,0
2025-11-27 15:54:55.104971,3,12.901858183775843,80.10054433005809,13.680338057570097,0.6264997898509046,-0.118173374082982,-0.010022435725406533,0.05964787088881384,1,0
2025-11-27 15:54:56.104971,3,12.901956836069493,80.10054853746686,10.9914591340658,0.2590770507362631,-0.18687955280118793,0.05360819541136944,0.12353595862577144,1,0
2025-11-27 15:54:57.104971,3,12.902087091186212,80.10055984412249,14.551812478570847,1.1704329249333594,-0.12155237074534161,0.007826926005246692,0.0473213122897101,1,0
2025-11-27 15:54:58.104971,3,12.902204964951666,80.10056962688677,13.164575910427242,-0.5469577411485695,0.07995437690356527,-0.024641866146010036,0.05643799095927929,1,0
2025-11-27 15:54:59.104971,3,12.902321045950309,80.10057464508797,12.933604614067875,-2.4729202721832926,-0.0413800747888102,-0.06751676560550579,0.061415981896597166,1,0
2025-11-27 15:55:00.104971,3,12.902396309517124,80.10058179286222,8.4141638282068,-3.2555425092103922,-0.25549632484254325,-0.08605073094940192,0.03206097071606365,1,0
2025-11-27 15:55:01.104971,3,12.902458673533925,80.10058428879226,6.947643215289252,5.004774979247949,-0.027709610457814542,-0.06458390452470571,0.0370117739010763,1,0
2025-11-27 15:55:02.104971,3,12.902636955469934,80.10058817608252,19.85082717006687,4.750919139980744,0.2948656513037696,0.00416376587250826,0.05410512939753979,1,0
2025-11-27 15:55:03.104971,3,12.902781165470968,80.10058788329101,16.053488753487937,-2.8787239370008035,-0.050489090099068865,0.08103535347988455,0.07723236916834698,1,0
2025-11-27 15:55:04.104971,3,12.90290408886145,80.10059074512088,13.687355023350102,-4.047892449790521,-0.07622520480969347,0.16099956793632111,0.1013313811690029,1,0
2025-11-27 15:55:05.104971,3,12.902974971499594,80.10059428972242,7.90002392174428,0.4982873599404023,-0.414128824197479,-0.006461631137623755,0.04639860362192341,1,0
2025-11-27 15:55:06.104971,3,12.903101773000145,80.10058816833083,14.131162831356384,1.4188492361801017,-0.026253853173800402,0.02449964321079451,0.06013454947992794,1,0
2025-11-27 15:55:07.104971,3,12.903197433779528,80.10058548432949,10.652939856255424,-1.689940571790658,0.24304663772965532,0.09180791025573687,0.10988656647516191,1,0
2025-11-27 15:55:08.104971,3,12.90329580780494,80.10058871178734,10.956594976820105,2.507641787242063,0.012734258525285118,0.028611726619150554,0.05945158419275717,1,0
2025-11-27 15:55:09.104971,3,12.903430211093312,80.10060211825848,15.032330350822377,-0.8390205417868724,-0.11382609288916543,-0.0743671887904605,0.1295515605859927,1,0
2025-11-27 15:55:10.104971,3,12.903514978693739,80.10060547275816,9.443347122354215,-4.396287712976379,-0.09152903671923877,-0.0520706650718394,0.07190447156647242,1,0
2025-11-27 15:55:11.104971,3,12.903570335304337,80.10060763559326,6.166765338890973,-2.6425310423046158,0.3110307032293102,-0.016458292367420385,0.114143793390192,1,0
2025-11-27 15:55:12.104971,3,12.903605204481693,80.1006098852455,3.88930513547127,-0.37317657259387865,-0.035003517324731004,0.09874835412728253,0.028878861970367115,1,0
2025-11-27 15:55:13.104971,3,12.90365434957864,80.10061112916284,5.472497046480324,3.4717388969322687,0.15104075801881905,-0.00663708032728097,0.06753206380381764,1,0
2025-11-27 15:55:14.104971,3,12.903757089642445,80.10061667262259,11.452831338616223,4.016604705343893,-0.043929031430011097,0.08749149609171689,0.03916360412344236,1,0
2025-11-27 15:55:15.104971,3,12.90388026945245,80.10062815176437,13.76883447048319,-0.9478482271522058,0.031570568057018765,-0.021396551029708874,0.02586163995118235,1,0
2025-11-27 15:55:16.104971,3,12.903967848695316,80.10063312343541,9.764235894873604,-1.3554935915059036,-0.17592609017919678,-0.14094772467887873,0.11919888531739808,1,0
2025-11-27 15:55:17.104971,3,12.904068051349972,80.10062861721838,11.165271649753535,-0.863547198419566,0.0526098891589623,-0.02079075717870693,0.058081253068996475,1,0
2025-11-27 15:55:18.104971,3,12.9041431958694,80.10062175210135,8.398191834136089,0.5463933524733195,-0.02973613886158764,-0.1282731713352123,0.025750210409093977,1,0
2025-11-27 15:55:19.104971,3,12.904247699498299,80.10060509961275,11.772842714008586,2.675197678633309,0.20308939821706531,-0.12417106523085433,0.10197033625429554,1,0
2025-11-27 15:55:20.104971,3,12.904368206090055,80.10057949280261,13.69953789367854,0.35476722563631247,-0.06294758062952954,0.05354743699768706,0.0887732895752863,1,0
2025-11-27 15:55:21.104971,3,12.904479646524614,80.10055430707087,12.70301017040044,-1.8314646343768768,0.020922886144652972,-0.03652221365380756,0.09510679010590202,1,0
2025-11-27 15:55:22.104971,3,12.904566169229351,80.1005339353864,9.882118904724287,-1.3639762936680437,0.278645955773075,0.025041669938486832,0.10125075356587993,1,0
2025-11-27 15:55:23.104971,3,12.904651622444867,80.10051144538588,9.820697197689224,0.4531086937136242,-0.05210863385179619,-0.017041587425221466,0.05648703320067176,1,0
2025-11-27 15:55:24.104971,3,12.904744227068823,80.1004842450675,10.72295264203187,-0.07569549372025804,-0.0031308321521953514,-0.05213863927815384,0.038325667441260376,1,0
2025-11-27 15:55:25.104971,3,12.904825348602214,80.1004566255937,9.514779013928534,-0.9762186020212253,0.17648444186332474,0.030256008862918814,0.04198124218780764,1,0
2025-11-27 15:55:26.104971,3,12.904905555558154,80.10043186577798,9.324104520869218,1.3091572514406795,0.015892369942926428,0.04878456834636048,0.020121464950006586,1,0
2025-11-27 15:55:27.104971,3,12.90500739601045,80.10039942110626,11.870945251706509,0.9931014518757203,0.058963383365007366,-0.025881306276063415,0.032973223142038856,1,0
2025-11-27 15:55:28.104971,3,12.905106882966528,80.10036511593141,11.683745599327214,-1.006663657579796,-0.11142780034892737,-0.030159224004227228,0.11822491315356973,1,0
2025-11-27 15:55:29.104971,3,12.905199292882356,80.10034333368029,10.555115101035687,0.7070095297677519,0.04850079214939904,-0.02786334684639273,0.06690222417129527,1,0
2025-11-27 15:55:30.104971,3,12.905307908983628,80.10032027624202,12.347292622520404,1.5164331401530686,-0.09319575926423505,0.04516708088634099,0.07020543920584503,1,0
2025-11-27 15:55:31.104971,3,12.905419296033733,80.10029955276184,12.601862933401511,-1.0776672614666067,-0.18030530533395403,-0.04881380357589568,0.006297798891931906,1,0
2025-11-27 15:55:32.104971,3,12.905505799281682,80.10027304919483,10.049823046916453,-1.2113441055407268,-0.06062532757346467,-0.061597229580797004,0.06251326895420412,1,0
2025-11-27 15:55:33.104971,3,12.905592430499649,80.10024449410898,10.129337575750053,-0.09219952154998012,0.10361475723453004,0.002564768271682529,0.11594403656544298,1,0
2025-11-27 15:55:34.104971,3,12.905671356938509,80.1002155470658,9.330681908390725,1.6887479273579893,-0.054760852373010704,-0.11408490347442382,0.08367787657459907,1,0
2025-11-27 15:55:35.104971,3,12.905782431266909,80.10015886064969,13.8102766416323,4.095824435861293,-0.08788023790415019,-0.011157507862339313,0.019791445992419988,1,0
2025-11-27 15:55:36.104971,3,12.905932547664902,80.10010312120777,17.771835496990438,0.4144739578872884,-0.09033357301201628,0.08259105434059492,0.06616401084749564,1,0
2025-11-27 15:55:37.104971,3,12.906057395515322,80.1000577681058,14.743648555994575,-1.9178546415179127,0.1586773799871487,-0.008783868442378882,0.025979114614702307,1,0
2025-11-27 15:55:38.104971,3,12.906175806311563,80.10001560794343,13.95279950128868,-2.2104824669171608,0.001457005539706828,0.044274912503911495,0.05621098372065861,1,0
2025-11-27 15:55:39.104971,3,12.906266303172432,80.09998808947107,10.507337428404611,-1.0750929909277838,-0.16955907541231383,0.07182567839496538,0.0347770568556883,1,0
2025-11-27 15:55:40.104971,3,12.906371846052055,80.09995429605118,12.307973590958145,0.3422355419560828,0.021662365840431016,-0.05296688814497329,0.02770848328197907,1,0
2025-11-27 15:55:41.104971,3,12.906468209604,80.09991797207418,11.428397495387205,-0.06535177681385176,-0.16171598124289005,-0.09436415122328999,0.07779424969079646,1,0
2025-11-27 15:55:42.104971,3,12.906572737022357,80.09987765560052,12.431203014949755,-0.1513567923068468,-0.393817350533888,0.0531571651045534,0.09696695912320007,1,0
2025-11-27 15:55:43.104971,3,12.906664436850328,80.09984946545985,10.656490171680108,-1.1481861795164157,0.3122329431156856,0.031894295004761014,0.030514472486021592,1,0
2025-11-27 15:55:44.104971,3,12.906751569359699,80.09981989588276,10.216517006415458,0.23285473777097562,-0.05068937712538744,0.06505209652621821,0.0920340536526495,1,0
2025-11-27 15:55:45.104971,3,12.906846248437358,80.0997893896688,11.047282236557269,1.5712930346729403,0.20413416649983152,-0.0019407977732966084,0.11879370131264726,1,0
2025-11-27 15:55:46.104971,3,12.906955512424611,80.09975334396054,12.77668184957064,3.0715507380533587,0.15534810233753407,0.0315275696286094,0.0687395011318866,1,0
2025-11-27 15:55:47.104971,3,12.90710118416642,80.09971518944641,16.736348898772732,0.2736252903290013,0.1543849667476286,0.012626671031235017,0.0748233303066358,1,0
2025-11-27 15:55:48.104971,3,12.907214682038417,80.09967687435395,13.301060471394136,-8.278716075579517,-0.35668750354813283,-0.06378997825923288,0.07563988968155794,1,0
2025-11-27 15:55:49.104971,3,12.907215656262057,80.09967640726829,0.11970948003596317,-6.7755506446544445,0.3438011370982291,0.011332103367286635,0.026167187138479462,0,0
2025-11-27 15:55:50.104971,3,12.907216474424656,80.09967603961512,0.09943200235949758,0.20823277071100982,-0.12683785710413537,0.025709250192280243,0.01862674418034581,0,0
2025-11-27 15:55:51.104971,3,12.907216669827262,80.09967597453556,0.022869808583562277,-0.047058326230136574,0.04980228229424805,0.06657635749234367,0.011638470779860062,0,0
2025-11-27 15:55:52.104971,3,12.907216942564613,80.09967586847667,0.032469110173013925,-0.38185658853921456,-0.041693252546003846,0.04165259128438963,0.022778562919805956,0,0
2025-11-27 15:55:53.104971,3,12.907218740822119,80.09967538714079,0.20688356754415033,0.2529701867370253,-0.3014299154323764,0.11728139768942525,0.010482082427045332,0,0
2025-11-27 15:55:54.104971,3,12.907219724391162,80.09967512141868,0.11322382936467713,-0.19993818833899624,0.07618559306174784,-0.04768642256637905,0.022473675413339538,0,0
2025-11-27 15:55:55.104971,3,12.907221449337017,80.09967463771709,0.1990650706796856,0.08458933609431679,-0.028702734707853853,-0.009764220604343033,0.01069144362587064,0,0
2025-11-27 15:55:56.104971,3,12.907221475091763,80.09967462960185,0.0029992047505430163,-0.25563086425007797,0.12407401813441353,-0.0318765439501397,0.0040052790768489305,0,0
2025-11-27 15:55:57.104971,3,12.907222043300187,80.09967441067252,0.06756692865880291,0.3574037532373253,-0.17813461763563218,-0.0668013501777062,0.009601886637165845,0,0
2025-11-27 15:55:58.104971,3,12.907223737093755,80.09967389510915,0.19667740287970936,-0.11851281814893333,-0.03016023219727977,-0.03451911126480514,0.026053936236298602,0,0
2025-11-27 15:55:59.104971,3,12.907224746925785,80.09967362906693,0.11606205931466795,-0.3293610186641463,0.1162248164008291,-0.06051741277602815,0.008441712199827867,0,0
2025-11-27 15:56:00.104971,3,12.907225857667763,80.09967326644728,0.12975763125735215,-0.04622145002123455,-0.214576953235175,0.059903660267364316,0.009532662819044158,0,0
2025-11-27 15:56:01.104971,3,12.90722733508372,80.09967291457201,0.16883992856735974,-0.2510200666332007,-0.04709380067353176,0.13123767337337638,0.010263131674374301,0,0
2025-11-27 15:56:02.104971,3,12.907228501114105,80.09967260050263,0.13420179548196964,0.4266078342745201,0.022383707256871416,-0.012562800494149304,0.0036555800960349,0,0
2025-11-27 15:56:03.104971,3,12.90723057770564,80.09967224707371,0.23432578830320114,0.0555196595980761,-0.027393232043269558,-0.0030187316562494265,0.015936736516116323,0,0
2025-11-27 15:56:04.104971,3,12.907232141099021,80.09967205807854,0.1752410795715723,-0.1893176590282739,-0.12392592885984918,0.019818800152197495,0.028629187434479394,0,0
2025-11-27 15:56:05.104971,3,12.907233762261493,80.09967179004516,0.18279642194833357,-0.05543975599399648,0.03586689158133017,-0.028152724862106702,0.02743476430117919,0,0
2025-11-27 15:56:06.104971,3,12.907234098291166,80.0996717132993,0.03832259671581138,-0.2734211625626243,0.10599361538071173,0.02532631440285133,0.010051229374202879,0,0
2025-11-27 15:56:07.104971,3,12.907235032627664,80.0996715350286,0.10579390159136472,-0.07540774428213251,-0.07219377268986643,-0.10321241629950878,0.01389981479279358,0,0
2025-11-27 15:56:08.104971,3,12.907235152787269,80.09967149848735,0.013951484128308444,0.2980700432245095,-0.1462625538924116,-0.04947056218122272,0.008921017224061325,0,0
2025-11-27 15:56:09.104971,3,12.907237418328556,80.09967088035046,0.26096709965556314,-0.027224634607863923,-0.057701913122776394,-0.024678595166192384,0.03357659281417508,0,0
2025-11-27 15:56:10.104971,3,12.907239869472242,80.09967018929707,0.28297750575550207,0.10635999148062313,-0.0714166333941505,-0.05629711960562633,0.006373494693397257,0,0
2025-11-27 15:56:11.104971,3,12.907241042486136,80.09966972535055,0.1399483175510652,0.3128174617165783,-0.1631211506383721,-0.06780944741868691,0.01758487683568086,0,0
2025-11-27 15:56:12.104971,3,12.90724220344439,80.09966908531064,0.14671696181222377,0.18963770017029496,0.17129844344237125,-0.04831844338645681,0.018765639164482213,0,0
2025-11-27 15:56:13.104971,3,12.907244243270217,80.09966802665737,0.254477056981007,0.07783448254455323,-0.02645153031545092,-0.06484394153804593,0.017943702607748933,0,0
2025-11-27 15:56:14.104971,3,12.907244560843827,80.09966781301966,0.04227511913860119,-0.02112020370882292,-0.10784085503279349,0.08459371379633995,0.0017570647322172218,0,0
2025-11-27 15:56:15.104971,3,12.907244964650223,80.09966758008012,0.0515708472317135,0.1747295511741182,-0.00650420568570965,0.07960154385000437,0.023708606676895755,0,0
2025-11-27 15:56:16.104971,3,12.907246263846057,80.09966676299027,0.16964050402986333,0.1386519176888434,-0.07242729365891376,-0.05706676492205378,0.0011647812673168264,0,0
2025-11-27 15:56:17.104971,3,12.907247246111963,80.09966613681598,0.12873705232517071,-0.126523833240891,0.0025243024264537802,-0.07741858476321582,0.04854072959197305,0,0
2025-11-27 15:56:18.104971,3,12.907249036834411,80.09966460260273,0.25971652438028386,0.16975997040494747,-0.06480861082297758,-0.004089953841616686,0.017533155697378972,0,0
2025-11-27 15:56:19.104971,3,12.907249733430323,80.09966398996193,0.10213983722208862,-0.584534145431718,-0.004508190879031151,-0.023491682084582292,0.015830207840403506,0,0
2025-11-27 15:56:20.104971,3,12.907250135389765,80.09966361843013,0.06022889608156756,0.13821982666860638,-0.01383075131876135,0.0009508945745941976,0.03350942868888514,0,0
2025-11-27 15:56:21.104971,3,12.907251445156371,80.09966240566519,0.1964090297168889,0.11939129788156694,0.11770903597608365,-0.07643386204347444,0.01964708593979853,0,0
2025-11-27 15:56:22.104971,3,12.90725307152504,80.09966073605372,0.25612650552008953,0.013715567384795367,0.1379392372499317,0.05482681779544693,0.012868813968939012,0,0
2025-11-27 15:56:23.104971,3,12.907254237316046,80.09965972590716,0.16987180904783292,-0.28578868922745343,-0.020962421626332266,0.015921471323382487,0.010960328194706794,0,0
2025-11-27 15:56:24.104971,3,12.907254936512947,80.09965896467807,0.11349534952784529,-0.16965238452300074,0.2962166815904242,-0.06667432667683756,0.034368037733590005,0,0
2025-11-27 15:56:25.104971,3,12.907256084761649,80.09965787851621,0.1738668316183663,-0.35076068235439695,-0.12232508045202814,0.03183882984105685,0.025891189547050605,0,0
2025-11-27 15:56:26.104971,3,12.907257090070042,80.09965695477098,0.15023749043764326,-0.07365271785433027,-0.0540202272376864,-0.01918742529659056,5.4240774133409566e-05,0,0
2025-11-27 15:56:27.104971,3,12.907258590835678,80.09965550575616,0.22941896281019583,-0.25308683773641416,0.11682845742631046,-0.0010340744650687884,0.03195149945203709,0,0
2025-11-27 15:56:28.104971,3,12.90725918365533,80.09965492218595,0.09145978102960876,-0.14184547702441813,-0.17577597314705565,-0.10627865241680501,0.004062676547129924,0,0
2025-11-27 15:56:29.104971,3,12.907259455202441,80.09965464729083,0.04246807714837379,0.16630817010136667,-0.18976746591420282,-0.012713284217208583,0.001963385632658448,0,0
2025-11-27 15:56:30.104971,3,12.90726031306534,80.09965362609455,0.14628287966258197,0.03496624106267435,0.07370852281236938,-0.037547639164515964,0.0009838325571714605,0,0
2025-11-27 15:56:31.104971,3,12.90726031407902,80.09965362474209,0.0001851236492916186,-0.18615128057705482,0.07837854696522725,-0.12397691567798777,0.03053102664960826,0,0
2025-11-27 15:56:32.104971,3,12.907260961815814,80.09965271381633,0.12235031934929305,-0.2309335580050946,-0.048426959854925816,0.026346200362298115,0.01855978808369045,0,0
2025-11-27 15:56:33.104971,3,12.907261110569367,80.09965250572343,0.028001355793455418,0.16146470838046678,-0.16977714518410422,0.1290419368043163,0.018493195797200143,0,0
2025-11-27 15:56:34.104971,3,12.907261606576496,80.09965201241903,0.07690298912848019,0.1447665456091618,0.011316661567974302,0.029239905010027364,0.04220310667213566,0,0
2025-11-27 15:56:35.104971,3,12.907262101641543,80.09965155712926,0.07401287402392676,-0.09460801054022652,-0.0845588125001549,0.01484200273889405,0.012871925713106356,0,0
2025-11-27 15:56:36.104971,3,12.90726313465416,80.09965057691414,0.15664303966072288,0.011960904473010696,-0.2592471358249366,-0.029080903739410614,0.011792059612666618,0,0
2025-11-27 15:56:37.104971,3,12.90726374463231,80.09964992592592,0.09798291924801218,-0.07040571543775065,-0.12166389368228889,-0.09132755684940343,0.01726364413731629,0,0
2025-11-27 15:56:38.104971,3,12.907265151992231,80.09964822222733,0.24232456195252575,-0.3214614680169581,0.047603895555211245,-0.07785886296859762,0.023539425378703314,0,0
2025-11-27 15:56:39.104971,3,12.907265658645647,80.09964761082122,0.08707783600099214,-0.040531792383683984,-0.22045104002869642,0.017221894276270407,0.0049631229195671615,0,0
2025-11-27 15:56:40.104971,3,12.907266925066018,80.09964602011938,0.22286360150023204,-0.3760639470895177,0.08052696703583193,-0.02866841950010441,0.0026672920163722086,0,0
2025-11-27 15:56:41.104971,3,12.907267721212772,80.09964509938096,0.13355411207819623,0.05060645762784907,0.2950443628443266,0.037295166086048145,0.02567900719929386,0,0
2025-11-27 15:56:42.104971,3,12.907268883869238,80.09964381594057,0.1901223796193853,-0.08269452603088545,0.118613052853395,0.052433415624843424,0.015182501161666534,0,0
2025-11-27 15:56:43.104971,3,12.907269330064409,80.09964338847797,0.06796058586609938,0.004862469445424546,0.03640135388941926,0.09731786278354486,0.011909199754601576,0,0
2025-11-27 15:56:44.104971,3,12.907270289932146,80.09964243910947,0.14842445856374206,-0.12131976789472168,0.13132298128032957,0.016026116123151767,0.0012067140226293528,0,0
2025-11-27 15:56:45.104971,3,12.90727222378148,80.09964074866441,0.28282624093829534,-0.20114779588752635,-0.07365835839874334,0.10898810112827932,0.005390011552805768,0,0
2025-11-27 15:56:46.104971,3,12.907272307050851,80.09964069017528,0.01123409194172965,-0.12386819054460695,0.08319516530764631,0.10141058289879185,0.017103106318592076,0,0
2025-11-27 15:56:47.104971,3,12.907273814298538,80.09963975709293,0.19596887861019052,0.0019178378068190616,0.026332286226777756,0.019170117933369257,0.00963142781429803,0,0
2025-11-27 16:03:04.104971,4,12.901169751679742,80.10246239148087,0.1370000136903773,0.19516350763668627,-0.03097774529027552,0.013109394272633624,0.01643800528002374,0,0
2025-11-27 16:03:05.104971,4,12.901170428576787,80.10246239947358,0.07535717009922055,-0.24398829224530105,0.4692871317950054,-0.08841287285354493,0.015984567143929037,0,0
2025-11-27 16:03:06.104971,4,12.901170875675723,80.10246240631513,0.04977658985119627,-0.2373154628277461,-0.2626642851302266,0.04899854718514203,0.008241064607381337,0,0
2025-11-27 16:03:07.104971,4,12.901171279466327,80.10246241010094,0.044951847208472326,0.42211970361274903,-0.09445760741170457,0.04976159610600803,0.0035231322842991615,0,0
2025-11-27 16:03:08.104971,4,12.901173052858907,80.10246239611263,0.19741989722566652,0.11077418486961536,-0.12090203166445473,-0.07482489112537166,0.001463439392726987,0,0
2025-11-27 16:03:09.104971,4,12.90117507479431,80.10246231123985,0.22527018076784128,-0.1464998493487975,0.11639868345949478,-0.031208344138168732,0.011313327788645024,0,0
2025-11-27 16:03:10.104971,4,12.901176015412224,80.1024623250204,0.1047202627357939,0.18942226775176854,-0.1554587075479327,-0.004933766955081111,0.0018693048558000918,0,0
2025-11-27 16:03:11.104971,4,12.901176964042936,80.10246233957476,0.10561337941129283,0.07641334469890693,-0.11507515144117327,0.019544578463986953,0.01714602165947178,0,0
2025-11-27 16:03:12.104971,4,12.901177772475203,80.10246242976228,0.09052520607165336,-0.037167542219064965,-0.268954261767942,-0.022545177447518702,0.017244465724211688,0,0
2025-11-27 16:03:13.104971,4,12.901179476562794,80.1024626116544,0.19072303282138622,-0.04700738674884068,-0.14825774838485464,0.007480850252603642,0.0003296219908118954,0,0
2025-11-27 16:03:14.104971,4,12.901180217633586,80.10246270690271,0.08314090635758045,0.23558001054022268,0.0010629186193557916,-0.052280615596283955,0.031302221786538506,0,0
2025-11-27 16:03:15.104971,4,12.90118198032384,80.1024627560284,0.19629507200930743,0.06518328996660713,0.07050911418921925,-0.07388431210932916,0.009382401514179784,0,0
2025-11-27 16:03:16.104971,4,12.901183018115121,80.10246272938087,0.11556310574696287,0.15987500258039705,0.13941684334853358,-0.058517094217872066,0.007846014628607786,0,0
2025-11-27 16:03:17.104971,4,12.901183540460046,80.10246270721723,0.05819715057863962,0.06190577822500005,-0.18850080120603016,-0.010859530038312373,0.016333339982997176,0,0
2025-11-27 16:03:18.104971,4,12.901184238034382,80.10246272519169,0.07767846513648721,0.26762519475301444,0.08763401950155225,0.04678835911208609,0.0015275058440512935,0,0
2025-11-27 16:03:19.104971,4,12.901186017575895,80.10246283411394,0.19845083050204418,-0.3967384978208213,-0.0029814436110449927,0.07746360015410345,0.0020018621755112055,0,0
2025-11-27 16:03:20.104971,4,12.90118740823797,80.10246292529433,0.15512434733814026,-0.2034874165014249,0.1581220427322191,0.03256084450807585,0.032475142383877664,0,0
2025-11-27 16:03:21.104971,4,12.901188137306171,80.10246297337594,0.08132739632603184,0.059896742043583424,0.27084279062354993,0.029184321784394937,0.026730832963161123,0,0
2025-11-27 16:03:22.104971,4,12.901189183971129,80.10246307220343,0.11700719816959641,0.17402930567127817,-0.14012474326179092,0.0561109145008813,0.0027026450686227074,0,0
2025-11-27 16:03:23.104971,4,12.901191637424445,80.10246354238056,0.2778427593451028,-0.33285161432681337,-0.1778280319213211,-0.005980824644632798,0.009566813573165238,0,0
2025-11-27 16:03:24.104971,4,12.901193293122859,80.10246375361422,0.1857320950272017,-0.08103020373074603,0.26112107673464446,-0.027871256259089525,0.03189950055344484,0,0
2025-11-27 16:03:25.104971,4,12.901194757928689,80.10246395620617,0.1645373475283187,-0.5086813832187863,-0.0564223482707628,-0.053854969580338634,0.017379186380491678,0,0
2025-11-27 16:03:26.104971,4,12.901196000028111,80.1024641477105,0.1398232691447552,-0.03311147411979737,-0.09224844983679066,0.09749898812215609,0.0006544569578655536,0,0
2025-11-27 16:03:27.104971,4,12.901198393291502,80.10246447356877,0.2687542408998758,-0.008457443096935663,-0.0824445254997506,0.011352920807908631,0.030548630151957634,0,0
2025-11-27 16:03:28.104971,4,12.90119960267857,80.10246458911223,0.13521150390830802,0.3077866721758558,-0.19635669101054365,-0.06383400693290785,0.002491961387664037,0,0
2025-11-27 16:03:29.104971,4,12.901201576784656,80.1024647780728,0.2207119662501293,0.2884017741980361,-0.20369065006200113,0.013994381201296743,0.005238983211414472,0,0
2025-11-27 16:03:30.104971,4,12.901204009086088,80.10246516349996,0.2739747584911374,-0.058041507779930064,0.002496609298034066,-0.0010570389682438112,0.01990702413520589,0,0
2025-11-27 16:03:31.104971,4,12.901206046322757,80.10246524085503,0.22694046874972698,0.07907916726492893,-0.02602139425188187,-0.08406112880489197,0.006350867049084301,0,0
2025-11-27 16:03:32.104971,4,12.901207216975564,80.10246533736552,0.13073717472862692,0.10600408684123437,-0.07946333341440694,0.027911594790148823,0.0007652088824516454,0,0
2025-11-27 16:03:33.104971,4,12.901207419037082,80.10246536465861,0.022687615880226265,0.03298292911439944,-0.041405796578173594,-0.05906618414931143,0.0013639596144261168,0,0
2025-11-27 16:03:34.104971,4,12.901207792301355,80.10246539223498,0.041659383634420934,-0.030872674349836083,0.04385289868940744,-0.0767045148845301,0.008845516697356497,0,0
2025-11-27 16:03:35.104971,4,12.901207905754058,80.10246539314144,0.012629937941001933,-0.2504630564488001,0.12775421169080833,-0.06304651899787929,0.009585935391676379,0,0
2025-11-27 16:03:36.104971,4,12.90121037758377,80.10246528380254,0.27541974469549824,0.031053566519270805,-0.08125234528528287,-0.08095658079050874,0.0010302915599562131,0,0
2025-11-27 16:03:37.104971,4,12.901211391943491,80.10246525047656,0.11297641344618391,0.5122625272285668,0.05788877315481121,0.09226800461526483,0.019498265866690557,0,0
2025-11-27 16:03:38.104971,4,12.901213465245696,80.10246535207068,0.23106312683783342,-0.03901409714415978,0.07213524439545699,-0.027592796322815062,0.028663615399175547,0,0
2025-11-27 16:03:39.104971,4,12.901214862840764,80.10246531463588,0.1556333018086177,0.008749361390244265,-0.02628440072788043,-0.011331472501645271,0.0071803929535366115,0,0
2025-11-27 16:03:40.104971,4,12.90121635284183,80.10246539286086,0.16608396672963038,0.025514964097248898,-0.21795782770822614,0.1307474772820489,0.009085923734241792,0,0
2025-11-27 16:03:41.104971,4,12.90121733533206,80.10246546567637,0.10965584174696608,-0.055796676163319466,-0.20113624283482198,-0.017521363953791044,0.0161099599205561,0,0
2025-11-27 16:03:42.104971,4,12.90121735183387,80.1024654667993,0.0018410182733966328,-0.0865777327647796,-0.07621491505584464,-0.050744051292818074,0.05388409152596227,0,0
2025-11-27 16:03:43.104971,4,12.901217798927036,80.10246544937034,0.049806330209886514,-0.24860387997478706,-0.0937088773773091,0.00291248983736965,0.010021770718849266,0,0
2025-11-27 16:03:44.104971,4,12.901220067140047,80.10246545145723,0.25249757398322975,0.093503416031675,-0.22653196343326223,0.02275873287534382,9.269917522872454e-05,0,0
2025-11-27 16:03:45.104971,4,12.901222499511542,80.10246536296063,0.27094181955534297,0.07837566489760794,-0.019561286526934573,-0.01710359284344193,0.007858768805204263,0,0
2025-11-27 16:03:46.104971,4,12.901224612922281,80.10246537827864,0.23527075496013222,-0.0029209500768439395,0.10508780758717277,-0.014719403043568679,0.003105203404743892,0,0
2025-11-27 16:03:47.104971,4,12.901225650977612,80.10246527649282,0.11608294390589935,0.48491069953242827,-0.027745180877676974,-0.03335880825746568,0.008994095943156309,0,0
2025-11-27 16:03:48.104971,4,12.901228087319096,80.1024650811017,0.27204099046461006,0.27812574825144176,-0.15165587851614604,-0.08859697544772674,0.023751870653092,0,0
2025-11-27 16:03:49.104971,4,12.901229293613815,80.10246487057853,0.13621391145359807,0.18161797533519847,0.08879759500719621,-0.10802431503021952,0.006691806865723905,0,0
2025-11-27 16:03:50.104971,4,12.901231677690507,80.10246424906683,0.2738300661165601,-0.4925248459614706,-0.12206916928314383,-0.0867280711300803,0.0023047217842313383,0,0
2025-11-27 16:03:51.104971,4,12.901232059219305,80.10246413922333,6.113970691029657,0.15833528606916178,0.17432872841983357,-0.08768370430683792,0.3367320186423543,0,1
2025-11-27 16:03:52.104971,4,12.9012338699006,80.10246378597873,7.940317032610871,0.06124724274774479,0.0053280051243186355,-0.03225687777877617,0.3145717533384753,0,1
2025-11-27 16:03:53.104971,4,12.901233893218768,80.10246378185998,6.912180749636777,0.029006547588328768,-0.09028766497797625,0.03589151990662111,0.3226422218630747,0,1
2025-11-27 16:03:54.104971,4,12.901234936763826,80.10246359558607,5.274746703357011,0.06579634678464927,-0.14620015896716432,-0.11412521286649951,0.3283638725606392,0,1
2025-11-27 16:03:55.104971,4,12.901235281149523,80.10246351892084,7.26352363055601,-0.21206468365860856,0.0774887314384133,-0.09592272349947181,0.343223508123533,0,1
2025-11-27 16:03:56.104971,4,12.901235575957742,80.10246343207113,5.378621803682842,-0.07821164365283315,0.1201585987084086,-0.12516936803516987,0.33512132466389144,0,1
2025-11-27 16:03:57.104971,4,12.901237889163376,80.10246234455344,5.411240822329907,-0.1286029692011249,-0.1752465091646422,-0.1398427048181072,0.3142254984352907,0,1
2025-11-27 16:03:58.104971,4,12.90123973613871,80.10246145229571,4.050509083350494,-0.28638385720515047,-0.13323707082727582,-0.10338305222040127,0.31382887905853457,0,1
2025-11-27 16:03:59.104971,4,12.901241799373475,80.10246045611058,6.38555263313194,-0.06400038903298241,0.03508064841561691,-0.048706784623346926,0.30514113081212785,0,1
2025-11-27 16:04:00.104971,4,12.901242020340556,80.10246032789642,6.554593665832935,-0.049406171675202615,-0.1553726600101555,-0.026094906092702774,0.32090023142433116,0,1
2025-11-27 16:04:01.104971,4,12.901242241806399,80.10246019110495,8.276342950856296,0.07175687631098697,-0.1564840685938809,-0.02589912499390728,0.33844294235059214,0,1
2025-11-27 16:04:02.104971,4,12.90124252789808,80.10246003958711,7.092668612258822,-0.23029578107358573,-0.2691940574697913,-0.037685285811921154,0.30293229976519565,0,1
2025-11-27 16:04:03.104971,4,12.901242767835098,80.1024598776849,7.345023701875003,-0.12102126773625266,0.15157986092822978,-0.051748899615887405,0.32726501683624154,0,1
2025-11-27 16:04:04.104971,4,12.901243996509601,80.10245904461478,0.1639487389395727,0.2751348055374871,-0.13600859694763584,-0.043764956736400684,0.019154218878021437,0,0
2025-11-27 16:04:05.104971,4,12.901245996199572,80.10245789117603,0.2553783700114651,-0.06355452267799921,0.08615119763162198,-0.0073231937786407105,0.041283269092616495,0,0
2025-11-27 16:04:06.104971,4,12.901246440397333,80.10245757851378,0.05996792614198277,0.03296206393464676,0.13212022492251743,-0.019394018582784108,0.017180488725550717,0,0
2025-11-27 16:04:07.104971,4,12.901248459068505,80.1024562437312,0.2673503112888681,-0.23536327825851733,-0.04920322562438919,0.09609973647510278,0.007943913683819328,0,0
2025-11-27 16:04:08.104971,4,12.901249865280937,80.10245547711712,0.17726933657048283,0.12752230047507113,-0.07362997551815616,0.0932222629915154,0.0036571539652394715,0,0
2025-11-27 16:04:09.104971,4,12.901250390967862,80.10245520805476,0.06539824651840373,0.028058476557963327,-0.1035228302699412,0.1151684906244287,0.0054492776025417645,0,0
2025-11-27 16:04:10.104971,4,12.901250804104611,80.10245503121351,0.04983306256314975,0.3047904297717549,0.0168779011166959,-0.05702980002260874,0.011418406259316198,0,0
2025-11-27 16:04:11.104971,4,12.90125136856073,80.10245484209639,0.06610131690817016,0.24519763805077815,-0.04346189037096198,-0.021092852845386728,0.010191862526493707,0,0
2025-11-27 16:04:12.104971,4,12.90125323044482,80.10245423830017,0.21737374640508791,0.2556869604795687,0.10630581626125991,-0.0610712098561974,0.008553079672243693,0,0
2025-11-27 16:04:13.104971,4,12.901254404181053,80.10245376514936,0.1403854460492403,0.19149221917623688,-0.3879930596919877,-0.04732994929683116,0.0029578505879197282,0,0
2025-11-27 16:04:14.104971,4,12.901256461795326,80.1024531486268,0.23862315857300936,-0.1620726435952864,-0.22298743333807586,0.07444875079791191,0.0053990760294878705,0,0
2025-11-27 16:04:15.104971,4,12.901256626481842,80.10245309711141,0.019166185351517494,0.03957052976616898,0.26012977169029383,0.057504075465708654,0.010926784956150943,0,0
2025-11-27 16:04:16.104971,4,12.901257748944838,80.10245283801298,0.1280764863143447,-0.04618365838703334,0.2740329411776858,0.08043540604609431,0.002481466916370006,0,0
2025-11-27 16:04:17.104971,4,12.901260245210832,80.10245239436684,0.28202333406114893,0.06493654712362852,-0.056566791118987304,-0.06228482406433603,0.035599555492520626,0,0
2025-11-27 16:04:18.104971,4,12.901262267848944,80.10245190382453,0.23136627621534633,0.0721381667753865,-0.022521608143499065,-0.03929989788743847,0.025697727015082703,0,0
2025-11-27 16:04:19.104971,4,12.901263499318597,80.10245163740969,0.14010214498750065,0.25928472683732523,-0.056408751125182496,-0.05045838571781358,0.021571598423199778,0,0
2025-11-27 16:04:20.104971,4,12.901265234169223,80.10245132471546,0.1960815838017345,0.607664213488954,0.011466744728585743,-0.014258511678958627,0.004294702202444097,0,0
2025-11-27 16:04:21.104971,4,12.90126721528936,80.10245098317023,0.2236306325834658,-0.12581042725595598,0.08861317773277243,0.01737443715798917,0.008420450498552494,0,0
2025-11-27 16:04:22.104971,4,12.901267589463597,80.10245093967511,0.04191961173307577,-0.3365385714523095,-0.22543839837454893,-0.009030539141431052,0.0028105136769439897,0,0
2025-11-27 16:04:23.104971,4,12.901269356653794,80.10245051568769,0.20203170249596672,-0.1401711773251167,-0.1782798120718187,-0.0716334717483674,0.02071309644103301,0,0
2025-11-27 16:04:24.104971,4,12.901271322392281,80.10244999450859,0.22601565150121192,-0.1812490695705865,-0.06485052753394838,-0.11967953818754208,0.0030085027963552475,0,0
2025-11-27 16:04:25.104971,4,12.901271651294541,80.10244988313613,0.038556304526399916,0.1449472142896603,-0.053919933935903344,-0.08994310648571369,0.04014093977917289,0,0
2025-11-27 16:04:26.104971,4,12.901273837001025,80.1024491037542,0.257591416670908,0.05669043622337778,0.17551143215131956,0.055213765385646554,0.00029199179944127215,0,0
2025-11-27 16:04:27.104971,4,12.9012751835702,80.10244868471572,0.15664462718084682,0.05236135602601971,0.18934727958902148,0.02005649441374962,0.0017776625415377226,0,0
2025-11-27 16:04:28.104971,4,12.901277494924402,80.10244811976693,0.2645019198940636,-0.04756658342641441,-0.0732007290025704,0.04403080773383919,0.02814535336120049,0,0
2025-11-27 16:04:29.104971,4,12.90127890316107,80.10244781332857,0.16025262754062572,0.161692640508506,0.046125612828344785,0.02181270714283468,0.006843075531638705,0,0
2025-11-27 16:04:30.104971,4,12.901280753879773,80.10244734347147,0.21223677955275974,-0.5317343504449543,0.16000261806785485,-0.07292010440984123,0.014767079475952849,0,0
2025-11-27 16:04:31.104971,4,12.901280983160099,80.10244727664713,0.02653350378094219,-0.6186446737710302,-0.02573901086759191,-0.032003094515160764,0.013109021088849256,0,0
2025-11-27 16:04:32.104971,4,12.901281490799503,80.10244706816401,0.06087038822521396,0.038535637906757333,0.08567132421801903,-0.08120158876126739,0.024702204062600645,0,0
2025-11-27 16:04:33.104971,4,12.901283518012029,80.1024461992326,0.24457472588570967,-0.44181751674947883,-0.15185864895695397,0.004567301576254845,0.024846417224719777,0,0
2025-11-27 16:04:34.104971,4,12.901284119535216,80.10244590770064,0.07405786465619736,0.12152715104142264,-0.04392598209029762,0.07097468593272732,0.002645183609287495,0,0
2025-11-27 16:04:35.104971,4,12.901286273084981,80.10244477127502,0.26958893222570274,0.10363246185835231,0.04496825557513095,-0.06317692155424609,0.012314485729846801,0,0
2025-11-27 16:04:36.104971,4,12.90128743956456,80.1024441467116,0.14647397403418042,-0.22031586402102826,-0.033567945181079285,-0.01781322313871389,0.023679703214689873,0,0
2025-11-27 16:04:37.104971,4,12.901289156289433,80.1024431084687,0.2218414452033118,0.10840319736342018,0.04484055489654711,-0.06770267891450651,0.012366313796660287,0,0
2025-11-27 16:04:38.104971,4,12.901290409649588,80.1024424674699,0.15590003380420484,0.1416540978870142,-0.01901035019062138,0.05713367705267231,0.006106307765774,0,0
2025-11-27 16:04:39.104971,4,12.901291940432097,80.10244174674307,0.18749566746101484,0.0720043731695897,0.04342154711612768,0.05868874296529316,0.006536578971624939,0,0
2025-11-27 16:04:40.104971,4,12.901293326764634,80.10244105653175,0.17153981001306448,0.07404827166706407,0.08797082142346956,0.07388935830431792,0.003623908776546305,0,0
2025-11-27 16:04:41.104971,4,12.901294922319419,80.10244015252422,0.2029045180712501,-0.027569941162198713,0.19659133887536037,0.03717202151440395,0.01911219443432185,0,0
2025-11-27 16:04:42.104971,4,12.901296988889218,80.10243892273786,0.26595217298003143,0.027185270388665812,0.1405071323487478,0.047238187680889915,0.004154276504762388,0,0
2025-11-27 16:04:43.104971,4,12.901298416613018,80.10243806882738,0.18397158090438176,-0.2457804248716618,-0.143212965953464,-0.11196909252871616,0.011054742578954984,0,0
2025-11-27 16:04:44.104971,4,12.901299154396892,80.10243755299888,0.09938950986482627,0.012065097664962103,-0.2674213403579896,0.010819520067302649,0.005878473362072555,0,0
2025-11-27 16:04:45.104971,4,12.901299951154174,80.10243698821166,0.1078084370707524,0.058914919603847996,0.006237565079580644,0.0013297195175145937,0.039446342062407,0,0
2025-11-27 16:04:46.104971,4,12.9013013188505,80.10243577719434,0.20111826668116337,-0.04899826050574206,0.06729473087957973,-0.10194862277589054,0.021539201994726,0,0
2025-11-27 16:04:47.104971,4,12.901301435900757,80.10243565833764,0.01833351475446795,0.2767274001737794,0.05584055783270333,-0.0476959310322438,0.02035791487252151,0,0
2025-11-27 16:04:48.104971,4,12.901303290567459,80.10243386357277,0.28382005455643305,-0.34702115053460886,0.019555058143156046,-0.012359508734330619,0.012016261985030143,0,0
2025-11-27 16:04:49.104971,4,12.901304062564119,80.10243298063916,0.1287029313102505,-0.1872519489085488,0.24848656684357212,-0.09606149068880197,0.00893803463345496,0,0
2025-11-27 16:04:50.104971,4,12.901304719092531,80.10243211958236,0.11862184336578767,0.022204436388443403,0.13351503804739895,-0.09556169839104559,0.00412563637399288,0,0
2025-11-27 16:04:51.104971,4,12.901305067443621,80.10243162076357,0.06658435426531224,-0.15583486778388542,-0.1258305696947682,-0.040296494174662634,0.008099911434727308,0,0
2025-11-27 16:04:52.104971,4,12.901305769834282,80.10243040915476,0.15296557632864471,-0.007825498105773987,-0.0529010181314005,-0.08956803835247146,0.003358036328166912,0,0
2025-11-27 16:04:53.104971,4,12.90130580383649,80.10243035559174,0.006935986410763672,-0.08367429143375443,-0.2250908734606192,0.08052392729806723,0.007132566357405647,0,0
2025-11-27 16:04:54.104971,4,12.901307173543685,80.10242844491017,0.2573591296916831,0.27527140081596935,0.07223691071237469,0.05866251445963612,0.04139403477950061,0,0
2025-11-27 16:04:55.104971,4,12.90130857162225,80.10242656111673,0.25691540811689917,0.12456263880960593,0.15541094817767104,0.04468473232252397,0.004587243375804737,0,0
2025-11-27 16:04:56.104971,4,12.901308801888067,80.10242626823009,0.04083012261576787,-0.2827759255486676,-0.15227228648882662,-0.06490090620431764,0.005655561441527372,0,0
2025-11-27 16:04:57.104971,4,12.901309077240558,80.1024259615267,0.04524535172884483,0.1454286536528114,-0.06731145523845002,0.17010179425916475,0.039484171987698505,0,0
2025-11-27 16:04:58.104971,4,12.901310793354595,80.10242425204842,0.2662779848723732,-0.21679099691969245,0.0398984765758955,-0.08346946519161248,0.0010047033473675432,0,0
2025-11-27 16:04:59.104971,4,12.901311496274646,80.10242338036898,0.12275748393955821,-0.22587643521447778,0.06548777944555921,0.011423768858867499,0.016570435836876018,0,0
2025-11-27 16:05:00.104971,4,12.901312102250058,80.10242271004952,0.09920202236697274,0.14619103500262576,-0.03840411520665473,-0.002080612870472928,0.03956971900811886,0,0
2025-11-27 16:05:01.104971,4,12.901312201801433,80.10242258394798,0.01760806129528033,-0.18934959971150533,0.06396407694344891,-0.007341883684324979,0.0037829511872736732,0,0
2025-11-27 16:05:02.104971,4,12.901312300575032,80.1024224506031,0.01817304243972605,0.1679801282963903,-0.01902463911859286,-0.02698926092524595,0.01661124202213193,0,0
2025-11-27 16:05:03.104971,4,12.901312346731443,80.1024223880374,0.008514158450265763,-0.0758495376893795,0.022200234308455597,-0.023027113936172898,0.025665657521806447,0,0
2025-11-27 16:05:04.104971,4,12.901313507469888,80.1024209582694,0.20190533062694807,0.20105529542894007,0.22386132965295033,0.03089722558752793,0.04074570354231146,0,0
2025-11-27 16:05:05.104971,4,12.901314206274387,80.10242020159535,0.1131058170760221,0.14029023509749486,-0.15659045911420613,0.037817748279559686,0.039079174552399065,0,0
2025-11-27 16:05:06.104971,4,12.901315106342816,80.10241923679723,0.14491097424924412,-0.08624415840214844,-0.08769531235864769,-0.014490068822246682,0.008100480219524966,0,0
2025-11-27 16:05:07.104971,4,12.901315297828452,80.10241904565913,0.0297412650875564,0.07350899107145917,0.03834173583113379,-0.03157403410861817,0.008968538081286474,0,0
2025-11-27 16:05:08.104971,4,12.901315655742652,80.10241865579803,0.05811261676155527,-0.12454407676393071,0.002988535295733022,-0.0623828515264757,0.02211612730107883,0,0
2025-11-27 16:05:09.104971,4,12.90131592092216,80.10241835717396,0.04383395278492531,-0.5392788671199994,0.07983901405915828,-0.06889470680141216,0.008964088214766559,0,0
2025-11-27 16:05:10.104971,4,12.901316736847892,80.10241730579946,0.145825804681549,0.17643498283592932,0.2946837925199567,-0.06159326738464944,0.006890491988266382,0,0
2025-11-27 16:05:11.104971,4,12.901317563607043,80.10241624994815,0.1469583958878273,-0.27960244649721977,-0.012434297240581933,-0.07011222954248995,0.0012415340367105008,0,0
2025-11-27 16:05:12.104971,4,12.901318208697784,80.1024154051041,0.11645172861440155,-0.04894470494351992,0.26755622798655676,0.09728869395577737,0.01341252375794079,0,0
2025-11-27 16:05:13.104971,4,12.901318446119038,80.1024151076785,0.041714717557415515,-0.2649407446866797,-0.010878266944614091,0.018331914248186462,0.015011257074225006,0,0
2025-11-27 16:05:14.104971,4,12.901318675368291,80.10241483733988,0.03888161421989623,0.2835725233868078,-0.17386264008456917,-0.028070361333645738,0.036511322875154316,0,0
2025-11-27 16:05:15.104971,4,12.901319077920778,80.10241432924823,0.0710476844789958,0.40144557943812686,0.11642989040063591,0.021050461450717154,0.010026860015422362,0,0
2025-11-27 16:05:16.104971,4,12.90131947308926,80.10241387519473,0.06604996739877063,0.08987260716755724,0.07847158882172302,-0.0076160269696624525,0.001896182532999672,0,0
2025-11-27 16:05:17.104971,4,12.901320976772894,80.10241205271987,0.25908897667459013,-0.1310281665752524,0.013510086058370657,-0.058710957833429916,0.007868861226548474,0,0
2025-11-27 16:05:18.104971,4,12.901321978694932,80.10241095204474,0.16341463406961082,0.2780837789630274,-0.08279726194764932,-0.018862381743117336,0.026459784292354897,0,0
2025-11-27 16:05:19.104971,4,12.901323582259595,80.1024088409952,0.29041068880798737,-0.11739620246006435,-0.009795776925693774,0.10295664330094956,0.011421499889875158,0,0
2025-11-27 16:05:20.104971,4,12.901324403742743,80.10240789960422,0.13710331700515624,-0.11195191554703633,0.1804685537192936,0.03343107725780835,0.010027657483446615,0,0
2025-11-27 16:05:21.104971,4,12.901325560360954,80.10240630538391,0.21564524820138736,0.2625449574008023,-0.17634028757844908,0.003141420002120348,0.008523867370353343,0,0
2025-11-27 16:05:22.104971,4,12.901326512309163,80.10240513500815,0.16540301450054584,-0.25893594398080144,-0.018144344320699047,-0.016994148021338445,0.015695942022877135,0,0
2025-11-27 16:05:23.104971,4,12.901326552512007,80.10240508345142,0.007164253611141957,0.05550650504762422,-0.192806909820106,-0.0022876643144921676,0.02856085745528624,0,0
2025-11-27 16:05:24.104971,4,12.901327383758847,80.10240405271553,0.1451617426054023,-0.07817845066179943,0.09549654955484332,0.016452451963567604,0.0008927003827087274,0,0
2025-11-27 16:05:25.104971,4,12.901329209184814,80.10240207929765,0.2952063952322139,-0.3652862009531235,0.047708143844088315,0.0031775625137229237,0.01706992677477581,0,0
2025-11-27 16:05:26.104971,4,12.90132946314869,80.10240175008913,0.045556042086898715,0.34856748618510996,-0.1348477174243528,0.01686284302454267,0.015288015012344995,0,0
2025-11-27 16:05:27.104971,4,12.90133075257014,80.10240027783561,0.21476648214186897,0.35628674363206936,-0.030353070158208907,0.08383411695900653,0.038950051296231074,0,0
2025-11-27 16:05:28.104971,4,12.901330960504705,80.10240002095622,0.03623194737794004,-0.057618013148168674,0.22299944070298092,0.0028776105990610257,0.015344265293504815,0,0
2025-11-27 16:05:29.104971,4,12.90133096065801,80.10240002076038,2.7254841085611047e-05,-0.039228210700800716,0.13675716464870719,-0.05392849156624159,0.02152734380998819,0,0
2025-11-27 16:05:30.104971,4,12.901331302967934,80.10239960058158,0.05942083620823391,-0.2881277249792187,0.0880784706143375,-0.023178485619406244,0.015298325801624218,0,0
2025-11-27 16:05:31.104971,4,12.9013320953717,80.10239858266439,0.14135480409801454,0.035159754341942975,-0.24252608525639271,0.03650599045259796,0.016892390354631255,0,0
2025-11-27 16:05:32.104971,4,12.901332558961363,80.1023980444818,0.07793333762231866,-0.1932841938382449,0.3861994914678432,-0.021254370768640993,0.02753302872032151,0,0
2025-11-27 16:05:33.104971,4,12.901333634726377,80.10239668488131,0.19001630656528837,-0.07723978293953326,-0.13575398961473115,-0.03512917413282133,0.036915107397109924,0,0
2025-11-27 16:05:34.104971,4,12.901334830990631,80.1023950770267,0.21948323541633938,0.09041935007551777,-0.2192534197651214,-0.14952452748279899,0.011823979827462045,0,0
2025-11-27 16:05:35.104971,4,12.901336143574618,80.10239302981932,0.2658896924355725,-0.15131178035081955,-0.001816237357880025,-0.022088929973280567,0.02802104132484084,0,0
2025-11-27 16:05:36.104971,4,12.901337421574398,80.10239146118771,0.2218378480250856,0.36137151428286496,0.16192055656528817,0.12098066854319733,0.020986264174889066,0,0
2025-11-27 16:05:37.104971,4,12.901339231983927,80.10238970790179,0.27714781805359007,0.03308803428731417,-0.07460417107140133,0.14167674869071545,0.02514770181114372,0,0
2025-11-27 16:05:38.104971,4,12.901341291217236,80.10238805008134,0.2913907197854306,-0.11710658436044556,-0.11771165564988541,0.038848700620718185,0.023814322637932542,0,0
2025-11-27 16:05:39.104971,4,12.90134284374072,80.10238673361069,0.22422153417382945,-0.03995493866099564,-0.08031624733396295,0.07340692572821071,0.005218565735134898,0,0
2025-11-27 16:05:40.104971,4,12.90134477293459,80.1023851768252,0.27323461118421205,0.16510146179261015,-0.022145413888545695,0.033270638413689824,0.010917556597327422,0,0
2025-11-27 16:05:41.104971,4,12.901346280296275,80.10238379058961,0.22535070120906922,0.1052998307810594,-0.15965756200246592,0.04019596416407625,0.03192734575021092,0,0
2025-11-27 16:05:42.104971,4,12.901346284515194,80.10238378712184,0.0006018001090201119,0.10932932790241005,-0.11433892352334472,0.07018754057565206,0.02106409593982929,0,0
2025-11-27 16:05:43.104971,4,12.901346551662376,80.10238354507497,0.03967645054199021,-0.028081601072721035,0.17043576200956226,-0.08935268905113997,0.0028951763862653684,0,0
2025-11-27 16:05:44.104971,4,12.901348302695206,80.10238194009935,0.2613923750650999,-0.051471895095638265,0.15839378857379557,0.01734662313460094,0.0339358172852443,0,0
2025-11-27 16:05:45.104971,4,12.901348366859533,80.10238188889518,0.009049315445654627,0.03688113663703596,-0.08541293105658643,0.016400080395091055,0.03033707110528922,0,0
2025-11-27 16:05:46.104971,4,12.90134977922255,80.10238079228408,0.1971771785427417,0.476265407415249,0.09871879286569658,-0.008783832498013856,0.007910204842174402,0,0
2025-11-27 16:05:47.104971,4,12.901350757943977,80.10237998990722,0.13946626710411844,-0.07983229577815791,0.0752090365597328,-0.07112453121300755,0.009867160347238951,0,0
2025-11-27 16:05:48.104971,4,12.901351542779157,80.10237913487526,0.12744083395543032,-0.018734765943740746,0.08502490631223773,-0.11414006290207875,0.036182110372721635,0,0
2025-11-27 16:05:49.104971,4,12.901352746002022,80.10237800005272,0.18194504488755456,-0.23469942163300622,0.21924403934320488,-0.03109404601260917,0.00397711358220393,0,0
2025-11-27 16:05:50.104971,4,12.90135407684803,80.10237665118464,0.208257608220804,0.04563599006639635,-0.07000697810403538,-0.08468871704153239,0.020503189481592115,0,0
2025-11-27 16:05:51.104971,4,12.90135414276645,80.1023765788393,0.01074580119039661,-0.4369733782226215,0.18462324089934487,-0.12686722236207965,0.032789770316355854,0,0
2025-11-27 16:05:52.104971,4,12.901354462270012,80.10237618792813,0.05535598824265544,0.14403686637435437,0.13830162603184726,-0.10988471747697745,0.014650651404214694,0,0
2025-11-27 16:05:53.104971,4,12.901355018261235,80.10237529165563,0.11527863605982491,0.0327457476426036,0.10332515863055067,-0.056717449522034745,0.009671472193439905,0,0
2025-11-27 16:05:54.104971,4,12.901355628991494,80.10237422208593,0.1345058882851315,0.07402879788904827,-0.1262800637307805,-0.028788687970751264,0.014411534796883528,0,0
2025-11-27 16:05:55.104971,4,12.901356344374358,80.10237312708549,0.14303765616854647,-0.13955994712750808,0.2860817265697754,0.005525071306674761,0.0009587870650692766,0,0
2025-11-27 16:05:56.104971,4,12.901357177554882,80.10237195609655,0.15731412548334142,0.203221803635452,0.1443211536943858,-0.030657506028530165,0.013426467334238228,0,0
2025-11-27 16:05:57.104971,4,12.901358497425534,80.1023700748171,0.25151528833326486,-0.2604679840198708,-0.1359933078397964,0.008722557160961014,0.019811826673503827,0,0
2025-11-27 16:05:58.104971,4,12.901358597416667,80.10236995166223,0.017392044926406756,-0.12518293689732599,-0.1263720729394809,0.032055435867649106,0.0022777850779617057,0,0
2025-11-27 16:05:59.104971,4,12.901360182198376,80.10236788018926,0.28573979402309757,0.3536847968121494,-0.1747674525681026,-0.06575828690309626,0.02416456692285439,0,0
2025-11-27 16:06:00.104971,4,12.901361226482658,80.10236655846882,0.18461643454977722,-0.11155666512368917,0.1806937595564953,0.11220861171812728,0.04978011601628524,0,0
2025-11-27 16:06:01.104971,4,12.901362433419635,80.10236511030016,0.20674810380265443,-0.011264544952397773,-0.24884200145482913,-0.0767624909205383,0.020140103662617804,0,0
2025-11-27 16:06:02.104971,4,12.90136383829687,80.1023633680161,0.24535677906888306,0.03163768623825847,-0.0002793823598358777,-0.07295881661670638,0.030509046916623084,0,0
2025-11-27 16:06:03.104971,4,12.901364622270323,80.10236212971346,0.1602222736544482,-0.29106784579261685,-0.012082513996951535,-0.049678514665243485,0.005886946694586059,0,0
2025-11-27 16:06:04.104971,4,12.901366017492236,80.10235998619414,0.27968309798595653,0.02141014641744017,0.10012738122271554,-0.020979601257065772,0.00741173001398537,0,0
2025-11-27 16:06:05.104971,4,12.90136627085911,80.10235955096553,0.05500785545819676,0.17040632197213199,0.0100570592531255,-0.015352745159844292,0.037455513967952936,0,0
2025-11-27 16:06:06.104971,4,12.901367274467635,80.10235736542982,0.2621506096437937,0.09474261717785876,0.0078649747755949,-0.010707816712680633,0.030810108393653488,0,0
2025-11-27 16:06:07.104971,4,12.901368072840413,80.10235582319696,0.18948335576149936,0.018711710577386242,-0.1739444092071036,0.03709437721723925,0.012894613627123928,0,0
2025-11-27 16:06:08.104971,4,12.901368378129236,80.10235516434086,0.07915888218321195,0.2222318454598524,0.28167815146665404,0.02917878160235602,0.024220109161381925,0,0
2025-11-27 16:06:09.104971,4,12.90136850515372,80.1023549052218,0.031472445574250205,0.05257970014114989,0.23110082817707053,-0.024891999843146696,0.004583575108724955,0,0
2025-11-27 16:06:10.104971,4,12.90136913175415,80.10235346548164,0.17109087986308416,0.08194367528730293,0.04147862688347317,-0.056531758397279294,0.003918521358951082,0,0
2025-11-27 16:06:11.104971,4,12.90136968129507,80.10235221292965,0.14904719270297603,-0.05124712442973793,-0.10298501360691215,0.07363681509322648,0.0076354583079322105,0,0
2025-11-27 16:06:12.104971,4,12.90137062561289,80.10235023899439,0.23859701333054112,0.10872483824208214,-0.04999787531954591,-0.02380009339158436,0.012639388879814306,0,0
2025-11-27 16:06:13.104971,4,12.901371101001375,80.10234899574925,0.1449129180852034,-0.2650578054293604,0.002202230052567332,-0.010697430850567118,0.00329174597711145,0,0
2025-11-27 16:06:14.104971,4,12.90137152631146,80.10234821588864,0.09696691780175921,0.3833782396946598,0.08981252623321723,-0.003046847901365661,0.0006374803469205808,0,0
2025-11-27 16:06:15.104971,4,12.90137201404828,80.10234726327721,0.11675970967149568,0.06346379146746578,0.10168603581170703,-0.05863831349507475,0.00403408527180438,0,0
2025-11-27 16:06:16.104971,4,12.901373314778343,80.10234488623796,0.2957960911722789,-0.04233594809284142,0.03712316564429736,0.03039366969807072,0.004148270486456925,0,0
2025-11-27 16:06:17.104971,4,12.901373621843717,80.1023443633241,0.06624215989269303,0.27581582886947853,0.08231811173735472,-0.012849534007010777,0.005900510157004475,0,0
2025-11-27 16:06:18.104971,4,12.901374991905113,80.10234217863457,0.2818839450877209,0.27640166166407343,-0.0017747647610396448,-0.007679495233979379,0.0005968137022221779,0,0
2025-11-27 16:06:19.104971,4,12.901376166874435,80.1023398874494,0.2809236016214875,-0.020907607939759223,-0.14382291505933886,-0.07020801369614552,0.04169141349096748,0,0
2025-11-27 16:06:20.104971,4,12.901376525949184,80.1023392570621,0.07922615816071393,-0.2805057042601357,-0.05326200380289769,0.10129297660690838,0.02004186748399476,0,0
2025-11-27 16:06:21.104971,4,12.90137676332822,80.10233881641297,0.05463091866229448,0.07996309473741287,-0.04196814881878953,-0.09620532592798911,0.03560171113217291,0,0
2025-11-27 16:06:22.104971,4,12.901376924369089,80.10233847841208,0.04082329630383292,0.5870377890099978,0.01667410231141038,0.04798751249090709,0.012558393812968137,0,0
2025-11-27 16:06:23.104971,4,12.90137788161278,80.1023362300263,0.2662283142484148,0.17784792685454767,-0.023457784968420207,0.057953702137147026,0.0017181939357476391,0,0
2025-11-27 16:06:24.104971,4,12.901378367390448,80.1023353394322,0.11073958178481731,-0.22464581038730863,-0.006873724432015663,0.03914806393857119,0.019215918478198157,0,0
2025-11-27 16:06:25.104971,4,12.901378882214498,80.10233414395894,0.14181649729936688,-0.06634176102214649,0.27770166725375395,-0.105330971437897,0.002222584221739268,0,0
2025-11-27 16:06:26.104971,4,12.901379101753639,80.1023336115929,0.06272395639876856,0.1764461717496047,-0.026252162133966406,-0.0017587790441543003,0.018696363334566576,0,0
2025-11-27 16:06:27.104971,4,12.901379775258514,80.10233127486433,0.26441056607980695,0.2315927589917878,0.0713085549500779,-0.12853763625384468,0.022140703340443088,0,0
2025-11-27 16:06:28.104971,4,12.901380251114821,80.10232953615271,0.1959629298459094,-0.052389687635807154,-0.1702549527491749,0.005647235586540358,0.031088476009931556,0,0
2025-11-27 16:06:29.104971,4,12.901381089668384,80.1023272230577,0.26779032890577953,0.12668123246277566,0.2220876370733286,0.10807901629555176,0.003530541767513513,0,0
2025-11-27 16:06:30.104971,4,12.901382024245564,80.10232508056812,0.2546984531067161,-0.44201198623447047,0.16048437421552517,0.00514445581629661,0.010161051955919811,0,0
2025-11-27 16:06:31.104971,4,12.901382037925451,80.10232504505373,0.004143643307658107,-0.09685509330065885,-0.00605119592375472,-0.025818868636722985,0.040178953300581195,0,0
2025-11-27 16:06:32.104971,4,12.901382208178353,80.1023245422834,0.05775386328464119,0.1535624003392529,0.05961797321582604,0.01202177428973971,0.00632235515953619,0,0
2025-11-27 16:06:33.104971,4,12.901383093457563,80.10232244326251,0.24817062225971614,-0.05323277885605934,0.06885998225063931,0.01906359584634442,0.0038224121977089498,0,0
2025-11-27 16:06:34.104971,4,12.901383904251679,80.10232058168826,0.2212467679107741,-0.21131407265331176,0.0774796951368791,0.027328261607710243,0.015427176309956419,0,0
2025-11-27 16:06:35.104971,4,12.901385006485897,80.10231813710448,0.29226556822768696,-0.3118899850111664,0.005767172539809744,-0.068981350182299,0.0014771305389788291,0,0
2025-11-27 16:06:36.104971,4,12.901385053628884,80.10231801506394,0.014244567079869451,-0.27526838260021286,0.0329318094714726,0.011483021868404107,0.004665964613272311,0,0
2025-11-27 16:06:37.104971,4,12.901385214364339,80.10231765173377,0.043295341688398735,-0.1133466501244961,-0.03540020587918852,0.058712885717745716,0.009846961495619136,0,0
2025-11-27 16:06:38.104971,4,12.90138568013815,80.10231661814251,0.1235602543471709,0.007677304899721525,0.05949837584382815,0.07579090600993303,0.0070848472376682115,0,0
2025-11-27 16:06:39.104971,4,12.901385915618903,80.10231610123931,0.06191242465797164,0.026164459007684236,-0.008116690515419757,0.07959095300409527,0.02841831764188383,0,0
2025-11-27 16:06:40.104971,4,12.90138638192912,80.10231525963151,0.10504505406725835,-0.09134691670109552,0.059244862482864036,0.06442957650094222,0.006624755315006416,0,0
2025-11-27 16:06:41.104971,4,12.901387414557163,80.102313280227,0.24361156682946844,-0.15438980426861287,-0.05986186712899422,0.05907496729874561,0.0053560900965699395,0,0
2025-11-27 16:06:42.104971,4,12.901388706437446,80.10231119859223,0.267773773629005,4.683414319426606,-0.31640034840034276,-0.03826290511359423,0.006026090439871185,0,0
2025-11-27 16:06:43.104971,4,12.90143654887826,80.10223160207768,10.147034789060593,5.48594258409961,-0.09547793372935168,0.04948257985572893,0.11790848590729179,1,0
2025-11-27 16:06:44.104971,4,12.901494148724689,80.10215081642033,10.860822615976897,0.07745058293725979,0.0449123446234349,0.07680558984861173,0.07344845951420165,1,0
2025-11-27 16:06:45.104971,4,12.90154873830404,80.10207460613448,10.26229342536438,1.76745386101419,0.02055180336991868,0.009885713150686946,0.04036782830709249,1,0
2025-11-27 16:06:46.104971,4,12.901630896553282,80.10197860391595,13.862343817611718,-2.2739594996621926,-0.17446789584727265,0.037502633815407194,0.08909217630093755,1,0
2025-11-27 16:06:47.104971,4,12.901670330761423,80.10193527528833,6.4323705198934436,0.7289036947553318,-0.058786972866481685,0.07965205683547147,0.04610599684805669,1,0
2025-11-27 16:06:48.104971,4,12.901766045243935,80.10184231399407,14.67241302555393,1.1086402833460114,0.046369645225338964,0.0344278858317284,0.07894273439403963,1,0
2025-11-27 16:06:49.104971,4,12.901819984686583,80.10178207016465,8.876234571721351,-2.054984037656147,-0.01568280512725312,0.008026897728079439,0.1024980640792255,1,0
2025-11-27 16:06:50.104971,4,12.90189012791812,80.10171807024788,10.449787677902707,2.757193373082754,0.33305007985063023,0.06440702980728216,0.012111280387128779,1,0
2025-11-27 16:06:51.104971,4,12.901989715045598,80.10163422551335,14.341324318024375,-1.7019769104239764,0.18127974486992782,-0.11889739263310112,0.05275473970521739,1,0
2025-11-27 16:06:52.104971,4,12.90203189553571,80.10158906327227,6.787003684061628,0.023365104233818518,0.023099225298302262,-0.051108207810984824,0.014850259713037516,1,0
2025-11-27 16:06:53.104971,4,12.90211828410273,80.10149179730251,14.278517749936523,-0.16823888305137225,-0.017723711956718145,0.08630934130455314,0.024778071669755132,1,0
2025-11-27 16:06:54.104971,4,12.902166392504741,80.10145057831372,6.977490028704719,1.980695344972676,0.007957717502805252,-0.013662740080146868,0.09956333054302488,1,0
2025-11-27 16:06:55.104971,4,12.90228410317759,80.1013387170171,17.86156645035411,4.558556631663315,-0.09835507269252788,-0.0011845471418795994,0.06021350325299673,1,0
2025-11-27 16:06:56.104971,4,12.902381505387359,80.1012284480928,16.147269838509033,-1.7531735404577795,-0.06171141462046706,-0.10612189029345079,0.06405524545406109,1,0
2025-11-27 16:06:57.104971,4,12.902464113374238,80.10113168361464,13.957541453385195,-3.7853268169213496,0.2826451777909905,0.07477206282741697,0.07029835111116106,1,0
2025-11-27 16:06:58.104971,4,12.90251959476795,80.10107788057951,8.498790974780114,-1.4130382776321795,0.12420277860887469,0.04753704912785977,0.02806078168161102,1,0
2025-11-27 16:06:59.104971,4,12.902585840655481,80.10099790369797,11.388404208710732,2.6399512671710372,-0.05884581801441315,-0.027198378483248305,0.06934819982530785,1,0
2025-11-27 16:07:00.104971,4,12.902660299505461,80.10089792890778,13.652405394852945,1.1126992016926496,-0.1076618547367052,0.04559135000902046,0.035945751744315885,1,0
2025-11-27 16:07:01.104971,4,12.902734999092782,80.10080132299976,13.38041362367429,1.6676713218914418,0.16490271970053869,-0.03892035970655292,0.07776215090349786,1,0
2025-11-27 16:07:02.104971,4,12.90282937138567,80.10068348279049,16.548989621796796,-1.7978821829019778,0.01289102815022559,0.00937723866640038,0.03864564230923096,1,0
2025-11-27 16:07:03.104971,4,12.902887733976332,80.10060990990075,10.292934126637558,0.566290740530115,-0.23717221472299332,-0.05304197951359261,0.07717459950752376,1,0
2025-11-27 16:07:04.104971,4,12.90296785079023,80.10047600390884,17.04893198675471,2.3808793241121413,0.00451442638884037,-0.059328306691950834,0.07000732952893889,1,0
2025-11-27 16:07:05.104971,4,12.903035500243895,80.10035824720967,14.83183653315451,-1.9635467977025007,0.1460707895212238,-0.07563262331187012,0.01945877655484242,1,0
2025-11-27 16:07:06.104971,4,12.903078223963771,80.10024805743863,12.86786008588911,-4.523950102723096,-0.025556560811021426,0.008942261900382067,0.10283999657170576,1,0
2025-11-27 16:07:07.104971,4,12.903098626353335,80.10019536605476,6.15211788516594,-1.054676409144689,0.009679037985282333,-0.09996707805237237,0.07052838716773985,1,0
2025-11-27 16:07:08.104971,4,12.903124039940938,80.10009270780374,11.493064744853115,1.3451156531130029,0.1008835175345903,-0.09188375920638568,0.05659195680473543,1,0
2025-11-27 16:07:09.104971,4,12.903141517590777,80.10000970042444,9.214861554373359,1.4659023036880447,-0.00033870942292459104,0.030988584374771186,0.10698675331059,1,0
2025-11-27 16:07:10.104971,4,12.903163939677261,80.09988244797594,14.031934968502659,-0.9612230414844174,0.06652245760736868,0.016225127264232187,0.037168061297947065,1,0
2025-11-27 16:07:11.104971,4,12.903179717788987,80.0998136530136,7.668785100884447,-2.900727346768171,-0.213447307707912,0.012999858684553403,0.08229573593558834,1,0
2025-11-27 16:07:12.104971,4,12.903189116007484,80.09974029070048,8.028992363286443,1.3198797353495544,0.16008296081996834,-0.05841538061207711,0.120534979807828,1,0
2025-11-27 16:07:13.104971,4,12.903202157084042,80.09964009930147,10.968258005221779,0.6159198409450759,-0.03796335909503572,-0.08372065640514635,0.010108824856414421,1,0
2025-11-27 16:07:14.104971,4,12.903215695682405,80.0995552192101,9.332823660844058,1.6819160588767037,-0.14740739000703607,0.11212069294813916,0.03632855161291947,1,0
2025-11-27 16:07:15.104971,4,12.903237103417288,80.09942074448414,14.785161831093447,0.27378163331533023,-0.010875698945552176,-0.07691105954878438,0.10080820255044305,1,0
2025-11-27 16:07:16.104971,4,12.903251761849134,80.09933370753093,9.584302509662859,-2.6153725749862433,-0.20967510035889617,-0.05126321082135907,0.06370576900423489,1,0
2025-11-27 16:07:17.104971,4,12.903262796299053,80.09924161142436,10.068550176268978,1.152372909668756,-0.06326092515876054,0.0343184389123885,0.027368074418444625,1,0
2025-11-27 16:07:18.104971,4,12.903279689863496,80.09913277591973,11.958526805456266,-1.1919248004363143,0.027332932565993187,-0.044875757958147515,0.06525174649787888,1,0
2025-11-27 16:07:19.104971,4,12.903284150828277,80.09906532612895,7.33579835051666,-0.5100085186416845,0.009188469007677925,-0.025349795289781537,0.04232526432723499,1,0
2025-11-27 16:07:20.104971,4,12.903295039251287,80.09896591610976,10.854858445204012,2.9530858559032085,0.1179885713415311,0.05833796369031947,0.10615642155813537,1,0
2025-11-27 16:07:21.104971,4,12.90331721072224,80.09884331175579,13.53079495073101,1.5127574240398785,0.05798841689869139,0.05854534762748053,0.10226452970585063,1,0
2025-11-27 16:07:22.104971,4,12.90334530509187,80.0987217016,13.561452643642816,-1.5082620065956776,-0.04749736399866136,-0.06332689895489793,0.09012753833147684,1,0
2025-11-27 16:07:23.104971,4,12.903368520525426,80.09862130305585,11.196571828715733,-0.8057602033624578,0.19730798694056959,-0.0399387268955723,0.04214284169558817,1,0
2025-11-27 16:07:24.104971,4,12.903393464456775,80.09852746026549,10.554680580242355,1.0536999265765092,-0.19082267421296875,0.049009418829512895,0.08515720395752849,1,0
2025-11-27 16:07:25.104971,4,12.903424231248948,80.09840477369269,13.746219926599473,1.802580502643162,-0.2303541104464954,-0.12902073883583137,0.06347124050627531,1,0
2025-11-27 16:07:26.104971,4,12.903445481546294,80.09828025185816,13.717366810658023,-0.37785648156323737,-0.09720461166420266,-0.027481096332922936,0.029731527593382073,1,0
2025-11-27 16:07:27.104971,4,12.903469957047106,80.09815992086887,13.338346857211782,-3.0123675530482443,-0.13879985228433625,0.0946163310408572,0.1174317502184832,1,0
2025-11-27 16:07:28.104971,4,12.90348523935739,80.09809105114266,7.66424259616795,0.8772210096020032,-0.021126475009243986,-0.06282649601565031,0.05608018896368343,1,0
2025-11-27 16:07:29.104971,4,12.903500923643964,80.09795178562962,15.212216980248787,2.2196620657835933,0.04712996034485844,-0.06080594354750414,0.019968577428132735,1,0
2025-11-27 16:07:30.104971,4,12.903523009532767,80.09784350161398,12.004357665562482,-2.3983307842450996,-0.03365601869641775,-0.029167099386687503,0.058182184247379524,1,0
2025-11-27 16:07:31.104971,4,12.903540398540393,80.09774968360527,10.362588646974638,-2.511471582649377,-0.12078126212479683,0.016950216770427073,0.05467214195075988,1,0
2025-11-27 16:07:32.104971,4,12.903545286443894,80.09768028725671,7.549824592427972,1.0652194251912281,0.18424905033855155,-0.08400675744977626,0.02535576931170707,1,0
2025-11-27 16:07:33.104971,4,12.903556931937151,80.09756808965993,12.243377117509999,2.307073534880691,-0.07926906156932766,-0.029269788614930098,0.024125883586184012,1,0
2025-11-27 16:07:34.104971,4,12.903574147834602,80.09745459026537,12.464029100474553,2.6949899665011747,-0.2667148814806671,0.012714865116610043,0.04071828436755453,1,0
2025-11-27 16:07:35.104971,4,12.903592244384802,80.09729777395361,17.134955714915655,-1.3486430300612298,-0.01801160582498566,-0.033504477758924386,0.06370761435308832,1,0
2025-11-27 16:07:36.104971,4,12.903604653208527,80.09720854066364,9.78073275792229,-3.31589352854208,0.02876715364743109,0.053223159192064065,0.10142262562112436,1,0
2025-11-27 16:07:37.104971,4,12.90362663139359,80.09711741166615,10.186576800238324,1.107295198465664,-0.11797533525283012,0.05047548091504915,0.07918207154023052,1,0
2025-11-27 16:07:38.104971,4,12.903652205583677,80.09701054682176,11.940256127659714,1.294898549695139,0.030785547618920016,0.045266714803846975,0.04802957760629621,1,0
2025-11-27 16:07:39.104971,4,12.903674126964429,80.096893166819,12.968556557688526,-0.8335009270112648,-0.061509505576375426,-0.037599680711253886,0.06467470838829543,1,0
2025-11-27 16:07:40.104971,4,12.903688946765051,80.09680206872648,10.021764881857264,1.9537888645452868,0.0007185479235413305,0.03223989204296296,0.03911465398526652,1,0
2025-11-27 16:07:41.104971,4,12.903718682697786,80.09664892715078,16.943869559611038,0.46513003441343925,0.09885041163792531,-0.1374200068305524,0.028430297717296986,1,0
2025-11-27 16:07:42.104971,4,12.903728163221388,80.0965499926793,10.787121439566999,-3.014903483108913,-0.006656003559868204,-0.06422806278408903,0.002956255182194657,1,0
2025-11-27 16:07:43.104971,4,12.903734004181858,80.09644858012722,11.023459876412716,1.6591912641565125,0.006491653674393386,0.0015995839662932068,0.051684867398581434,1,0
2025-11-27 16:07:44.104971,4,12.903738156715168,80.09632233873117,13.706239727947326,0.2261432759136553,0.015184299963057523,0.011727482073197092,0.08209289828921128,1,0
2025-11-27 16:07:45.104971,4,12.903737506338251,80.09620926293832,12.27005756315774,-0.5042756652960758,-0.09248075595290889,-0.062376889319411155,0.053675322138685894,1,0
2025-11-27 16:07:46.104971,4,12.90373434756474,80.09609625709572,12.267294400332293,1.2042702262075875,0.017301541183308934,-0.0916319410225906,0.02845843678702287,1,0
2025-11-27 16:07:47.104971,4,12.903726169741917,80.09596294300289,14.49451657754082,0.6910232220536785,-0.04361878187370773,-0.06394297815356245,0.08902469831978811,1,0
2025-11-27 16:07:48.104971,4,12.903708430842206,80.09583898779948,13.59455081397552,-0.3322480436760291,0.012856078832944004,-0.17622035673334813,0.10012890863414585,1,0
2025-11-27 16:07:49.104971,4,12.903675377332403,80.09571524518918,13.922327787973572,-1.5205736150705897,0.07774750607911514,-0.009785733095374144,0.06799762823787456,1,0
2025-11-27 16:07:50.104971,4,12.903652703268612,80.09562508788555,10.103330410826983,-2.896973382872158,-0.34797423699944174,0.058927128826094174,0.07818229060482083,1,0
2025-11-27 16:07:51.104971,4,12.90363969487782,80.09555232652745,8.027028453221906,2.1716119484880183,-0.19452181040125918,0.008990957317065805,0.025964033430806003,1,0
2025-11-27 16:07:52.104971,4,12.90360756701585,80.09542776750692,13.981072578307957,2.7603788903068884,-0.10277909784488344,-0.036297730455437424,0.10613525940947914,1,0
2025-11-27 16:07:53.104971,4,12.903584091495798,80.09530651700443,13.413904233029836,1.2293734977018207,0.1811298639190859,-0.032020502091119916,0.08006933685956101,1,0
2025-11-27 16:07:54.104971,4,12.903542407341785,80.0951563513332,16.94230599069504,-3.4723647694777133,0.0508736999005723,-0.12653848252845049,0.03925331350118584,1,0
2025-11-27 16:07:55.104971,4,12.90352198124937,80.0951023115086,6.289286687252821,-2.1261969808431647,-0.024090795051074983,0.035575718388860915,0.0632230816379951,1,0
2025-11-27 16:07:56.104971,4,12.903490394398684,80.0949979257723,11.860116535839458,-0.8863856533885615,0.005327803683495937,0.07436105933724221,0.06502224563531395,1,0
2025-11-27 16:07:57.104971,4,12.903479313443071,80.09495977312496,4.3198040099711505,1.2060541869262646,-0.10256087286751495,0.05490825962876629,0.10655897040485209,1,0
2025-11-27 16:07:58.104971,4,12.903427560565138,80.0948339874063,14.81505106893541,4.265118831875064,-0.1998492957421588,-0.19233835668515126,0.10270936692073974,1,0
2025-11-27 16:07:59.104971,4,12.90337389774834,80.09472674268571,13.08082827721472,-1.094610557952011,-0.13205204278160473,-0.21813245759223063,0.12341865192390475,1,0
2025-11-27 16:08:00.104971,4,12.903312063341536,80.09463024711678,12.530657219308418,-2.510519494682079,0.06345119941143562,-0.11440297099387212,0.02841498095886065,1,0
2025-11-27 16:08:01.104971,4,12.90326844812323,80.094566838048,8.421096352019092,-3.9489897894307338,0.15361891549316517,-0.01267122384370019,0.12174565329648933,1,0
2025-11-27 16:08:02.104971,4,12.903243123681843,80.09452969823047,4.9181935295766515,2.8878405168292978,0.16110140358930256,0.006668205940446764,0.09353959690266178,1,0
2025-11-27 16:08:03.104971,4,12.903171784385052,80.09441833289112,14.46015891801766,1.5373618586166429,0.2253336369732421,-0.06768724968122646,0.051288876751634384,1,0
2025-11-27 16:08:04.104971,4,12.903132209762525,80.09435589478495,8.081501345757005,-0.3231251712855138,-0.10953983594106796,0.02709283130267856,0.09742176711786607,1,0
2025-11-27 16:08:05.104971,4,12.903065096658048,80.09425407391666,13.337438629229206,1.1032163149751424,0.015571417238734234,-0.101398429233302,0.008290074471047789,1,0
2025-11-27 16:08:06.104971,4,12.903004838381666,80.09418555337064,10.013899758948934,-0.05690347132537338,0.13925542233990307,0.04053612659843869,0.028448395454521144,1,0
2025-11-27 16:08:07.104971,4,12.902927768358545,80.09409353585853,13.164466261252008,1.2499934647286757,-0.18829248006518745,-0.0511698406795489,0.03354092722581935,1,0
2025-11-27 16:08:08.104971,4,12.902850545373333,80.09400579005768,12.827864685807821,-3.3419787454092833,-0.3033686258656638,-0.025217632830288945,0.17337588718032176,1,0
2025-11-27 16:08:09.104971,4,12.902804723360369,80.09395873334333,7.217458427340152,0.36429052571148435,0.26409355699974163,-0.02709867716479048,0.11975505417861837,1,0
2025-11-27 16:08:10.104971,4,12.902726449913372,80.09386869207532,13.091350853637366,3.1598757297998046,0.3039083922148435,0.11679670693655869,0.11626970299558713,1,0
2025-11-27 16:08:11.104971,4,12.902646102212017,80.09377203210745,13.784432986755927,1.4054865438205861,-0.12995650303474485,-0.020487893925234146,0.08203802886029309,1,0
2025-11-27 16:08:12.104971,4,12.902566030082284,80.09365053356746,15.914309723351561,-1.8765368817773553,-0.194047068087866,0.08612650236442218,0.05411866674366936,1,0
2025-11-27 16:08:13.104971,4,12.902514896635374,80.09357672339613,9.825838513062118,-0.14074270755833307,-0.07626835021792336,-0.007297123876984599,0.015383216188366024,1,0
2025-11-27 16:08:14.104971,4,12.902432033896213,80.0934609657809,15.584038400926095,0.7572398944634824,0.21761467213595306,0.05261340096806738,0.016707458826084293,1,0
2025-11-27 16:08:15.104971,4,12.902367349550682,80.0933727290456,11.980055292985247,-0.5145171629560588,0.001413264920182365,-0.031623399752009916,0.09031246114661531,1,0
2025-11-27 16:08:16.104971,4,12.902294149135338,80.09326608116892,14.15344985294112,-0.6082454546879885,-0.2179805299286796,-0.03358994651030604,0.06117979800775522,1,0
2025-11-27 16:08:17.104971,4,12.902233168360942,80.09318834862123,10.827148095497773,0.8141609069993528,0.3750062923555439,0.014509965893578412,0.020436532921985825,1,0
2025-11-27 16:08:18.104971,4,12.902147416555973,80.09307975203272,15.165161235095855,2.721651441010641,0.03686003272227998,0.08369208278888257,0.07080191249124307,1,0
2025-11-27 16:08:19.104971,4,12.902060082015641,80.09295707941418,16.483530033684605,-2.9679894765366,0.09349212942523243,0.10278186897890325,0.08429767715324216,1,0
2025-11-27 16:08:20.104971,4,12.902015971225941,80.09289042850413,8.741744171197457,-2.6932786306558874,-0.18705095070664046,-0.04688139049956254,0.08949092651944345,1,0
2025-11-27 16:08:21.104971,4,12.901957283214548,80.09280562860462,11.285035413277782,0.3635129049240874,-0.29444855389825925,0.025607958213582815,0.04925824907124836,1,0
2025-11-27 16:08:22.104971,4,12.901915999604372,80.09272888192966,9.511688157539469,-0.48621087548576314,-0.08139895540263857,0.05083145552509103,0.07786667810715855,1,0
2025-11-27 16:08:23.104971,4,12.901878195654247,80.09264684648964,9.846299136120265,2.3996693219243923,0.1289146267237797,0.06227609750477291,0.04587447739457496,1,0
2025-11-27 16:08:24.104971,4,12.901824844214199,80.09253143615614,13.860099355772318,2.215606685492267,-0.08098079759952015,-0.03434539193247959,0.13075702736279546,1,0
2025-11-27 16:08:25.104971,4,12.901771968488106,80.09240986117427,14.445681733844992,-0.5276225232084601,0.05910997625692925,0.0018162987502644001,0.09327854329900837,1,0
2025-11-27 16:08:26.104971,4,12.901717716563175,80.09229640056527,13.71309375784029,-2.4009520070895873,0.09597987676125093,-0.049701481640671646,0.07973582756664283,1,0
2025-11-27 16:08:27.104971,4,12.901668947835855,80.09222315307272,9.62524221852433,0.150223435313246,0.18886730767614976,-0.10339577550001172,0.031106819283098257,1,0
2025-11-27 16:08:28.104971,4,12.90160239371209,80.09211194184594,14.160347204525507,1.18494885895742,0.0952625637053622,0.05685695174997229,0.10783341249952705,1,0
2025-11-27 16:08:29.104971,4,12.901548198228253,80.09202133783815,11.534931908845198,0.11031340926065189,0.03279300397347197,-0.026453034698660255,0.09999090389568004,1,0
2025-11-27 16:08:30.104971,4,12.901476285269228,80.09190710473088,14.755750588653726,0.9635631686282315,0.025047062061098167,-0.012971578399782843,0.04258542147335106,1,0
2025-11-27 16:08:31.104971,4,12.901420608411186,80.09179880216571,13.286148628172382,-2.5394340214677085,-0.1409471277638408,-0.048889927598318325,0.10195091626494308,1,0
2025-11-27 16:08:32.104971,4,12.90137223272079,80.09170908949721,11.124964268442262,0.8001378025998045,0.07836128801012741,0.031613694126935696,0.030875594925329528,1,0
2025-11-27 16:08:33.104971,4,12.901319471282191,80.09158359898456,14.829651967870841,0.3489713386458927,-0.0978289938155848,0.0616975377405363,0.020309596130940025,1,0
2025-11-27 16:08:34.104971,4,12.90127081986683,80.09148663595072,11.833537812179689,-2.812731649955638,-0.01256401438240504,0.004660954328316574,0.027893055371039636,1,0
2025-11-27 16:08:35.104971,4,12.901242585840107,80.09141328625063,8.557271694949328,1.595850272573011,-0.08638213741584917,0.10357553604241909,0.029737830402785596,1,0
2025-11-27 16:08:36.104971,4,12.901195689402353,80.09128597760834,14.767776391089413,1.9482111929587795,0.10311066014246183,0.01606998192347957,0.01262808515895665,1,0
2025-11-27 16:08:37.104971,4,12.901161870978784,80.09117853969714,12.250857038687691,-3.8216585529741796,0.06088895579133122,-0.062446455808495935,0.04047625129702153,1,0
2025-11-27 16:08:38.104971,4,12.901142386632682,80.09111504781656,7.222861949475091,-1.2435893366354265,-0.008663955403355782,0.004455063375657332,0.09059445935158095,1,0
2025-11-27 16:08:39.104971,4,12.901118087447049,80.09103719459115,8.87034690512866,4.078443824699052,0.06447440719273424,0.015294758548802672,0.08318096517710719,1,0
2025-11-27 16:08:40.104971,4,12.901076841440057,80.09090601253173,14.956751994659442,5.330304539270242,0.19882207294035756,0.0371966217573287,0.061939873462024536,1,0
2025-11-27 16:08:41.104971,4,12.901021705122982,80.09074387488263,18.63343721382276,-0.9930544402933591,0.07870322953479585,0.05790504976536122,0.047761761028310104,1,0
2025-11-27 16:08:42.104971,4,12.900974614979294,80.09063539129257,12.88598490945816,-5.5109369689342405,-0.1199189276454971,0.0863302793912487,0.0906009452676549,1,0
2025-11-27 16:08:43.104971,4,12.900947091029954,80.09056763678258,7.9649429855793885,1.9779150555639542,0.09971512181649055,-0.012532722890764562,0.10039936153219936,1,0
2025-11-27 16:08:44.104971,4,12.900899215432325,80.09042317723421,16.556523947907856,0.7947488376754773,-0.054475673515828986,0.04154042936647334,0.04662667655572643,1,0
2025-11-27 16:08:45.104971,4,12.90087088076363,80.09034178724647,9.377984249892501,1.7017168517996142,0.19080774587240715,-0.005162972783722394,0.09007021102937021,1,0
2025-11-27 16:08:46.104971,4,12.90080174247206,80.09016987738009,20.179311158615448,0.15318163580541774,0.0856472880423472,0.058084815107346005,0.11552783801213355,1,0
2025-11-27 16:08:47.104971,4,12.900769370033757,80.09008513481257,9.876344752857392,-4.958419678838255,-0.00012960474297345185,0.04699876330423131,0.10172000469923119,1,0
2025-11-27 16:08:48.104971,4,12.90073547760971,80.09000194790303,9.783373065670716,1.2979057284690658,-0.04317608193728365,-0.07616346111799198,0.026746918572898418,1,0
2025-11-27 16:08:49.104971,4,12.900692474172104,80.08989492520482,12.561012825518484,-2.4573477754765873,0.07817936391285864,-0.027176455905238213,0.09018177594429158,1,0
2025-11-27 16:08:50.104971,4,12.90067195608567,80.08985055390448,5.329031361831927,-1.3928503410746955,0.08442498944420353,0.0038624591072161027,0.06936472034676555,1,0
2025-11-27 16:08:51.104971,4,12.90063010809913,80.08976895011811,10.005479272681084,3.1016468183462553,-0.060996619512407924,-0.06274658584312773,0.07430761484553962,1,0
2025-11-27 16:08:52.104971,4,12.900576612349338,80.08967484799061,11.8206838270099,-0.29751291783567074,0.1988155879336714,-0.006115969364024778,0.05037393545832858,1,0
2025-11-27 16:08:53.104971,4,12.900540685567838,80.08960119942222,8.936476734907565,0.467792397579739,0.046974113685395134,0.06385646222284282,0.07465237272392555,1,0
2025-11-27 16:08:54.104971,4,12.900483723455944,80.08949957365347,12.720541587647208,2.9043890725674335,0.0032404094571388737,0.026120853763029854,0.0026931424052431636,1,0
2025-11-27 16:08:55.104971,4,12.900436110769437,80.08937704056007,14.31354819795829,-1.5541835777708872,-0.00329626711963915,0.007211446578453573,0.09312942964441978,1,0
2025-11-27 16:08:56.104971,4,12.900408628926455,80.08929328602784,9.589291153793772,0.714405688910042,0.1467892429503265,0.06964360854008836,0.06137350994432067,1,0
2025-11-27 16:08:57.104971,4,12.900366970483914,80.08915445436791,15.76223781777061,2.006809785334997,-0.2927658970796767,-0.07107662607642595,0.050368432844734634,1,0
2025-11-27 16:08:58.104971,4,12.900327523772127,80.08903285715392,13.906027684660396,2.0718320104694388,0.0902692396801316,-0.030865518054150505,0.10034720278234847,1,0
2025-11-27 16:08:59.104971,4,12.900265951804322,80.08886273495462,19.691355585992262,-0.26663999519867976,-0.4051268902331792,-0.08430902661231642,0.0916297450068214,1,0
2025-11-27 16:09:00.104971,4,12.900225271806592,80.08874955046706,13.089917127102813,-9.854458790585367,0.08934659944709479,0.07140962027171427,0.042713827628500275,1,0
2025-11-27 16:09:01.104971,4,12.900225176969519,80.08874925238024,0.03402468137164531,-6.483003512838209,0.08124435250689879,0.10743699885103018,0.0030178686519057034,0,0
2025-11-27 16:09:02.104971,4,12.900225107527346,80.08874883919162,0.04549659367746698,0.21644595448840087,-0.032583577059977456,0.11507817834354231,0.011190002952460166,0,0
2025-11-27 16:09:03.104971,4,12.90022465470438,80.08874705800606,0.19974161664047682,-0.2470956806882505,-0.04949580333556489,-0.00956509561105627,0.01590309407304003,0,0
2025-11-27 16:09:04.104971,4,12.900224325952385,80.08874587716049,0.13325725529544907,0.049321844865271545,0.20805640898263547,0.017234852614258767,0.004639573249188942,0,0
2025-11-27 16:09:05.104971,4,12.90022408796168,80.08874485466089,0.11407052698597488,0.04211782935903563,-0.23262750206873475,0.09808584080546696,0.0003982456360934783,0,0
2025-11-27 16:09:06.104971,4,12.90022355521044,80.0887427771565,0.23310037765203445,0.18112992475970963,-0.01145007931720904,-0.06883249080412171,0.0199493490572214,0,0
2025-11-27 16:09:07.104971,4,12.90022331599379,80.08874185606173,0.10343461661939143,-0.4595051614099298,-0.02261627338732365,-0.028516174348365595,0.028792607134003903,0,0
2025-11-27 16:09:08.104971,4,12.900222793040609,80.0887400394684,0.2055350515613728,0.34232334350990995,-0.22932533164456495,0.057608815669324145,0.018363148725867622,0,0
2025-11-27 16:09:09.104971,4,12.900222695153502,80.08873973751597,0.03452932447856527,-0.02316462279269972,-0.011092790176699048,-0.02999267182870287,0.0018599316236124733,0,0
2025-11-27 16:09:10.104971,4,12.900222228996723,80.08873840453812,0.15366829883624347,0.09800500608448201,-0.06971610947921233,0.026652988619176504,0.024443906045105743,0,0
2025-11-27 16:09:11.104971,4,12.900221545509659,80.08873603928343,0.2676940434529011,0.09136341548415598,-0.0016956808046258035,0.022004212496612933,0.01093375294676981,0,0
2025-11-27 16:09:12.104971,4,12.900221124215195,80.08873478769631,0.14367921881930226,-0.04262000071575229,0.11720460492306434,-0.005016164514139984,0.024371386710489162,0,0
2025-11-27 16:09:13.104971,4,12.90022062490873,80.08873328464527,0.17230708028763067,-0.5334402662223834,0.1911969130030544,-0.007786645665909503,0.00886439743518769,0,0
2025-11-27 16:09:14.104971,4,12.900219882994111,80.0887314269931,0.217837188563808,-0.4155660402400999,-0.12721651336561837,-0.11017905955858291,0.009955366709279167,0,0
2025-11-27 16:09:15.104971,4,12.900219307773371,80.08873008363774,0.15921188436248004,0.1643404555625097,-0.25706249888210514,0.0803329682020401,0.015271786997928026,0,0
2025-11-27 16:09:16.104971,4,12.900219231206679,80.08872989559472,0.022113192475997624,0.17698922146390403,0.17901411566042605,-0.002752773417518374,0.0125299152288332,0,0
2025-11-27 16:09:17.104971,4,12.900218588368197,80.08872789363532,0.22871570762561869,0.23565781133193786,-0.0318916097307217,-0.05804406940423375,0.03507179586568083,0,0
2025-11-27 16:09:18.104971,4,12.900218262749592,80.0887268236711,0.12162860313501854,-0.018460810809228137,0.0883330986620017,0.08371107351086336,0.018714364818336153,0,0
2025-11-27 16:09:19.104971,4,12.900218013987743,80.08872594521397,0.09926231353329314,0.3695884547490295,-0.23007039618997394,-0.03490461753340238,0.0031613899930884692,0,0
2025-11-27 16:09:20.104971,4,12.900217617574517,80.08872445958052,0.16713677679945543,-0.18121214554799336,0.07155160045185183,-0.03288762651540125,0.015148606237959557,0,0
2025-11-27 16:09:21.104971,4,12.900217013463305,80.08872179407264,0.2969492097347654,-0.3020719442938406,-0.037167813198331436,0.07752713528990898,0.008995891167176431,0,0
2025-11-27 16:09:22.104971,4,12.900216960102156,80.0887215750025,0.024502231418270324,-0.08562678684219965,0.06401417357564508,-0.025695012057229752,0.008451309371448081,0,0
2025-11-27 16:09:23.104971,4,12.900216719210878,80.08872086224537,0.08185818093348432,0.39187720303445567,0.023571254608949748,-0.007394058184327722,0.03907720273048553,0,0
2025-11-27 16:09:24.104971,4,12.900216122028683,80.08871910734788,0.20169426842104682,0.016732272515369396,0.152832584767419,-0.040065718770483566,0.021983025203857524,0,0
2025-11-27 16:09:25.104971,4,12.900215651990104,80.08871796251556,0.13479571968716644,-0.1420046694952783,0.10043807258666389,-0.004237810893605046,0.013626934236453008,0,0
2025-11-27 16:09:26.104971,4,12.900214806687462,80.08871598423002,0.2343823650275809,-0.06205766388830531,0.09211662996737119,0.014510947794251251,0.00592710719260988,0,0
2025-11-27 16:09:27.104971,4,12.900214330328954,80.08871505385451,0.1140346324221508,0.06822586072152373,-0.11586426863707656,-0.03600309237783203,0.005462252665772752,0,0
2025-11-27 16:09:28.104971,4,12.900213846564814,80.08871423879319,0.10354773371280147,0.16284466526836958,0.07387780786944091,-0.06534132360687074,0.027626643320597326,0,0
2025-11-27 16:09:29.104971,4,12.90021322742015,80.08871325920782,0.12668453888551984,0.29529432358073265,0.10089125281647147,0.05754321311452143,0.038582282791844044,0,0
2025-11-27 16:09:30.104971,4,12.900212359122607,80.0887121499417,0.154372930291124,0.40976316030914184,0.017322382564934867,-0.0672226304988629,0.007795883096752901,0,0
2025-11-27 16:09:31.104971,4,12.900212051319285,80.08871165174938,0.06400329312459266,0.026739900452782878,0.04555888278973235,0.13882144700835786,0.021091908465039114,0,0
2025-11-27 16:09:32.104971,4,12.900211766407553,80.08871115493315,0.06254726865334992,0.26078628150715666,-0.11353905122178719,-0.015043937006586586,0.0012467881970336882,0,0
2025-11-27 16:09:33.104971,4,12.90021111619153,80.08871007747787,0.13750701301697335,0.39591703671151435,0.09380025532799616,0.045630417028183295,0.007853526604603558,0,0
2025-11-27 16:09:34.104971,4,12.900210551415709,80.08870894507943,0.1380266832899501,-0.08467315381335598,0.027784859326586298,0.07786690525683532,0.03994034204165279,0,0
2025-11-27 16:09:35.104971,4,12.90020975147546,80.08870737630433,0.19211256381186761,-0.0487051905190574,-0.053459186968623375,0.02098878920738366,0.03385443683107554,0,0
2025-11-27 16:09:36.104971,4,12.900209526466078,80.08870693396217,0.05414112310727854,0.24353827522445143,0.23852165712222562,0.04794424404740452,0.028353009695164057,0,0
2025-11-27 16:09:37.104971,4,12.900208482908278,80.08870450489854,0.2880421612037173,0.2621788483260216,0.15067265644113173,-0.035122123325384724,0.010303305994066456,0,0
2025-11-27 16:09:38.104971,4,12.900207948922167,80.0887034151619,0.13234770845490515,-0.1883036051250631,0.2241577598071244,-0.10931881843886336,0.05323495272671127,0,0
2025-11-27 16:09:39.104971,4,12.900206940405392,80.08870134960209,0.2506791606497268,0.36962071253514284,0.15130636972085845,0.0750782885797503,0.005539097601281644,0,0
2025-11-27 16:13:04.104971,5,12.898303981048468,80.10261181271589,0.2117603024960463,-0.06132681588754241,0.09465536897487474,-0.02495307370350424,0.018484159324360674,0,0
2025-11-27 16:13:05.104971,5,12.898305354353717,80.10261183306191,0.15289228140158215,0.15211403654438477,-0.2607657013836014,-0.04768987762834239,0.012808236024661895,0,0
2025-11-27 16:13:06.104971,5,12.89830627679671,80.10261180191739,0.10274195100659408,-0.041000440619279,0.0158057868769282,-0.026970750516579746,0.021094739658548304,0,0
2025-11-27 16:13:07.104971,5,12.898308228373395,80.10261187527165,0.21739528546936057,-0.014944566093245765,0.4148448315710329,0.039943842268233797,0.035955214302508864,0,0
2025-11-27 16:13:08.104971,5,12.898309700464923,80.10261201212776,0.16454473553928048,-0.18505261557271868,0.16445486287848862,0.06236758669603505,0.020255735009755114,0,0
2025-11-27 16:13:09.104971,5,12.898311084950945,80.10261219561747,0.15540177886939216,0.15273778505224117,-0.12565825493119523,-0.08530281660788377,0.016472466486842113,0,0
2025-11-27 16:13:10.104971,5,12.898311608793316,80.10261218978381,0.05831756845835564,-0.010722159293053483,0.20328193850210452,0.060093111779420394,0.005893007067022412,0,0
2025-11-27 16:13:11.104971,5,12.898312697588356,80.10261217976652,0.12120953782559908,0.04371954144337303,-0.22192774401886964,-0.03466281255477806,0.011849411430236201,0,0
2025-11-27 16:13:12.104971,5,12.89831455004436,80.10261216046914,0.20622603351683563,-0.18124073257884,-0.0893317602590671,-0.021022952228934695,0.027874541173994297,0,0
2025-11-27 16:13:13.104971,5,12.898315409367777,80.10261220107643,0.09576131298117839,-0.2801028683187564,0.04675675824606313,0.16266800219794023,0.022083593434491275,0,0
2025-11-27 16:13:14.104971,5,12.898316788452986,80.10261249798845,0.15686406518663729,-0.18969772983442773,-0.08852127966791286,0.005535547524985834,0.018646805717991998,0,0
2025-11-27 16:13:15.104971,5,12.898317438836433,80.1026126258343,0.07371777991799534,0.23012984662887018,-0.01903292040021989,0.03366858515722176,0.018863128736745314,0,0
2025-11-27 16:13:16.104971,5,12.898317819518827,80.10261272702289,0.04377693821474651,0.1735125501797044,0.06832120043783328,0.05472564261343831,0.008732124633993322,0,0
2025-11-27 16:13:17.104971,5,12.898319742612554,80.10261345669032,0.22825147496044065,0.19722427594381683,-0.08339179881475908,0.056385644918345065,0.015899165400717005,0,0
2025-11-27 16:13:18.104971,5,12.898319868676962,80.1026135193312,0.015592986184694735,0.08924596082066641,-0.03826745033718341,-0.04962743809424898,0.014390663054964867,0,0
2025-11-27 16:13:19.104971,5,12.898321407536471,80.10261416875132,0.18523395119379268,-0.25140929666309575,0.1108867297789637,0.015983981120661593,0.0017532451314043718,0,0
2025-11-27 16:13:20.104971,5,12.898322557095545,80.10261461011284,0.13663729055086532,0.3282629417999736,-0.2064986691580055,-0.06279632887059773,0.026454968125158632,0,0
2025-11-27 16:13:21.104971,5,12.89832500954552,80.10261549514117,0.28940539301584467,0.02064564205883735,-0.15517307619816778,-0.020643445058448368,0.0010358795766029515,0,0
2025-11-27 16:13:22.104971,5,12.898325630794284,80.1026157151272,0.07316125596780666,-0.22828181147572954,0.011016225502225824,-0.004588553308252455,0.036695905153107077,0,0
2025-11-27 16:13:23.104971,5,12.89832695398886,80.10261615507294,0.15484095276464205,0.19409130937364705,-0.07634172641918453,0.01128614956745398,0.006549929463788295,0,0
2025-11-27 16:13:24.104971,5,12.898329270061552,80.10261696470012,0.2723822516778007,0.24100633942500765,-0.007698720449732036,0.033140252265664555,0.009524744687354434,0,0
2025-11-27 16:13:25.104971,5,12.898331047985822,80.10261762804475,0.21060129795274687,-0.10035510962875077,-0.33882498766825714,-0.09693714108422885,0.003368572912292964,0,0
2025-11-27 16:13:26.104971,5,12.898332355896779,80.10261818824159,0.1577767934504465,-0.2943910320338495,0.1934568539763972,-0.024136778201215008,0.017248226622168194,0,0
2025-11-27 16:13:27.104971,5,12.898334159243776,80.10261896430167,0.2176959282081378,0.13127127995512958,0.01209325718451201,-0.01762534133058275,0.018148889969624424,0,0
2025-11-27 16:13:28.104971,5,12.89833493810382,80.10261927374995,0.0929778462820107,-0.02280352816689235,-0.015419630970537971,0.021501535339754973,0.008457787451538083,0,0
2025-11-27 16:13:29.104971,5,12.89833564903619,80.10261962319781,0.08775617510839957,-0.039132584003642404,-0.023558120256105018,0.13511462737212065,0.04424857906872914,0,0
2025-11-27 16:13:30.104971,5,12.89833677435224,80.10262029076966,0.14470668953834132,0.22887361216908086,-0.020121870254715957,0.03477508653250165,0.03308411481895265,0,0
2025-11-27 16:13:31.104971,5,12.898339050902253,80.10262158704519,0.28984451417273255,0.028770157898829786,0.11298817902527714,-0.03882771926197742,0.0064275052761094825,0,0
2025-11-27 16:13:32.104971,5,12.89834005463045,80.1026221893023,0.12944322544330666,-0.38867945505944235,-0.005044279284936922,0.007255327625413515,0.009253487077471844,0,0
2025-11-27 16:13:33.104971,5,12.898341604745239,80.10262319120692,0.20395121304025884,0.0711145897458591,-0.036987225312905894,0.050454389418162854,0.021615004107012684,0,0
2025-11-27 16:13:34.104971,5,12.89834249239898,80.10262379709904,0.11868729441299754,0.14035388260834833,0.024079931028321636,-0.07628457970690374,0.006275482793287703,0,0
2025-11-27 16:13:35.104971,5,12.898344319673761,80.10262489593559,0.2357832971470462,0.07952734474914078,0.15794800546136503,0.05623743579107761,0.02035703773730294,0,0
2025-11-27 16:13:36.104971,5,12.898345877118283,80.10262582619072,0.20061977817612345,0.19677668432393458,-0.015191859621868154,-0.012987584749146942,0.009988453994635563,0,0
2025-11-27 16:13:37.104971,5,12.898348060291264,80.10262737403313,0.2954216006934279,-0.1234755662997948,0.02259183641471248,-0.07829447823516397,0.0005989248213086355,0,0
2025-11-27 16:13:38.104971,5,12.898350022623555,80.10262888159082,0.27290962936887575,-0.3115193243010869,-0.12646009126353913,0.012999613840227381,0.000941802091959156,0,0
2025-11-27 16:13:39.104971,5,12.898350756595965,80.1026293247754,0.09480787107964002,-0.049958534797454324,0.14250978741931614,-0.017905767313734867,0.02341717523350644,0,0
2025-11-27 16:13:40.104971,5,12.898351246837642,80.10262959805108,0.0621097151061194,0.04064770372475707,0.0011663059933181312,-0.12403139411104089,0.03825054582699129,0,0
2025-11-27 16:13:41.104971,5,12.898352425297848,80.10263010686317,0.14233115521343492,0.13869187834251842,0.10802743087032679,-0.03514908264281554,0.005430844396424193,0,0
2025-11-27 16:13:42.104971,5,12.898352977871983,80.10263037237375,0.06792539847496644,-0.04369982798965956,-0.20457891155549268,0.006353110138622522,0.006441305971909058,0,0
2025-11-27 16:13:43.104971,5,12.89835337128156,80.10263056925777,0.04872751513607391,0.08450797906712917,0.016260239851855988,-0.02958929391826981,0.022620003188942465,0,0
2025-11-27 16:13:44.104971,5,12.898353799709001,80.10263073924602,0.0511353068114994,0.05719208788861316,0.024755065558071762,-0.04151452111174112,0.003157222803568057,0,0
2025-11-27 16:13:45.104971,5,12.898355345293231,80.10263145359053,0.1887093079150863,-0.18941896208401673,-0.1564249463727057,-0.06662826586481338,0.01840795111884817,0,0
2025-11-27 16:13:46.104971,5,12.898355718646664,80.10263159329338,0.04424002861981228,0.39155124391855445,-0.195711119230385,-0.022601552101678277,0.014918197572401867,0,0
2025-11-27 16:13:47.104971,5,12.898357658499112,80.10263230039612,0.22917076720904636,0.17260327564588915,-0.06115737727342431,0.06527303068731478,0.0040842617928888705,0,0
2025-11-27 16:13:48.104971,5,12.898359283537374,80.10263304416324,0.19808625936999077,-0.15162553488529504,-0.19071028098554244,0.05041845765703964,0.039327696437039886,0,0
2025-11-27 16:13:49.104971,5,12.898359715418655,80.10263323232574,0.052232977690705985,-0.24274383056022092,0.013323293639478088,-0.016854545056996052,0.016466922240344663,0,0
2025-11-27 16:13:50.104971,5,12.898360408177997,80.10263360910542,0.0872854391331323,0.25651092993582897,-0.2650974108828627,0.0682219779184604,0.02114967961173164,0,0
2025-11-27 16:13:51.104971,5,12.89836117086004,80.1026341720028,0.10459041282819297,0.14162886344499392,-0.057139954364452475,0.12067529412942851,0.0110209873170755,0,0
2025-11-27 16:13:52.104971,5,12.898362765736312,80.10263538949073,0.22130149212664452,0.059546407549275614,0.11683834652130011,-0.013341058210760995,0.005482465004131747,0,0
2025-11-27 16:13:53.104971,5,12.898362823335589,80.10263543505798,0.00809702049991895,-0.007224136319939539,0.19168519579239665,0.021839350605990092,0.007345929285634367,0,0
2025-11-27 16:13:54.104971,5,12.898364928223089,80.1026370917668,0.29533332580305743,0.17961913912906968,0.2161881290660339,0.001934564916945762,0.0039177866883131456,0,0
2025-11-27 16:13:55.104971,5,12.898366236124188,80.10263800093571,0.17587173338297166,-0.08274925832729654,0.0859997008548705,0.02567758289388787,0.002270574125717106,0,0
2025-11-27 16:13:56.104971,5,12.898367224289819,80.10263874846018,0.13667542819583275,-0.1519261884382298,0.05349417907848556,0.10349455149719863,0.041778541227311686,0,0
2025-11-27 16:13:57.104971,5,12.898367954077859,80.10263937291299,0.10578926548631909,-0.09246014837675089,-0.0697203826386958,-0.023253332384033577,0.0187892909623345,0,0
2025-11-27 16:13:58.104971,5,12.898368850138317,80.10264012912866,0.1291643944650169,-0.37828680791554603,0.14026164608258634,-0.0008381444831028206,0.00551694769266902,0,0
2025-11-27 16:13:59.104971,5,12.89836935384459,80.10264063422065,0.0784095899771285,-0.1945512856011688,-0.2829343440434706,0.06661879339603016,0.008552137147256762,0,0
2025-11-27 16:14:00.104971,5,12.898370167314557,80.10264139962925,0.122875907468537,0.1569845937573818,0.14041422784071958,0.12828469403644807,0.008334926647811998,0,0
2025-11-27 16:14:01.104971,5,12.898370655375714,80.10264198178031,0.08332039445193347,-0.20939660122067316,0.13052848581302184,0.05889717016606043,0.0060350782724249595,0,0
2025-11-27 16:14:02.104971,5,12.898371479048842,80.10264288477656,0.13419532506408738,0.21449079664463022,-0.424958964158938,0.007865738900570948,0.03833327527849273,0,0
2025-11-27 16:14:03.104971,5,12.898371824496532,80.10264327249902,0.05699891370982241,0.019101342563192326,0.12550836786257707,-0.15070187952837039,0.0036014512419927226,0,0
2025-11-27 16:14:04.104971,5,12.898372688886102,80.10264413533933,0.13425793397965646,-0.23002255087557488,0.31622152891772687,-0.18323287802599225,0.025392882649180843,0,0
2025-11-27 16:14:05.104971,5,12.898373190710512,80.10264463515702,0.0778601727186907,0.03148205420787589,0.1612751088934862,0.048331755650448935,0.05151365425178123,0,0
2025-11-27 16:14:06.104971,5,12.89837360728639,80.10264509559708,0.06816718957241863,0.13107299261284774,0.19485989078825794,0.06604361064826438,0.011153724266954728,0,0
2025-11-27 16:14:07.104971,5,12.898373826523121,80.1026453013781,0.033079197352666054,0.18664349890794402,-0.024413651325105663,-0.0453122902709254,0.04778041795765708,0,0
2025-11-27 16:14:08.104971,5,12.898375211216063,80.10264671676238,0.21759761905084155,-0.23488724221425122,0.14421504965617876,0.013415626557883267,0.0012604552078634432,0,0
2025-11-27 16:14:09.104971,5,12.898376541850455,80.10264846900017,0.24102611003343133,0.230945838458679,0.22761839002605097,0.07719600585599375,0.005904137384757607,0,0
2025-11-27 16:14:10.104971,5,12.898377885541302,80.10265030495765,0.24912532122406877,0.02452122273912362,-0.09657818430086974,-0.039008544213596494,0.018835880705620606,0,0
2025-11-27 16:14:11.104971,5,12.898378397671872,80.10265084041158,0.08140091747088532,0.017419977247284862,0.13254335327718209,-0.04852739909668162,0.0005509505812951281,0,0
2025-11-27 16:14:12.104971,5,12.898378490656393,80.1026509531183,0.01602233716646796,-0.09582480362546696,-0.051332648845925075,0.09391494458501531,0.020418642134991116,0,0
2025-11-27 16:14:13.104971,5,12.898378846190958,80.10265154797274,0.07571601527643351,0.31784411039245286,-0.0892833883734407,0.1488574714735095,0.04492101732414007,0,0
2025-11-27 16:14:14.104971,5,12.898380234804149,80.10265391116573,0.29942091353094885,0.024988726891133666,0.1345104029993536,0.06517134662630866,0.00814450976297749,0,0
2025-11-27 16:14:15.104971,5,12.898380463966136,80.10265432271856,0.051430724173558214,0.1351756900981511,0.1768017800360744,0.0505026537781985,0.04383425136478163,0,0
2025-11-27 16:14:16.104971,5,12.898380967372944,80.10265542185742,0.13177802965096166,0.00722707651298897,-0.4486387555844585,0.12788706581053788,0.04014195479576414,0,0
2025-11-27 16:14:17.104971,5,12.898381567585652,80.10265707181823,0.19110037019926848,-0.09128766863242513,0.0026385288622127892,0.11700186540195293,0.028582943837477576,0,0
2025-11-27 16:14:18.104971,5,12.898381828847628,80.1026578669892,0.09105464164333558,-0.12552967158130057,-0.15333812884368353,0.019346804238250193,0.02178821946888431,0,0
2025-11-27 16:14:19.104971,5,12.898382642083192,80.10265972715528,0.22122046156293843,-0.19619098475866673,-0.09586038603789535,0.03799390972310601,0.015741418771591593,0,0
2025-11-27 16:14:20.104971,5,12.898383019900454,80.10266061059681,0.10468376962395098,-0.15657284404795846,-0.03227811601590387,-0.0812818214078074,0.0015184150183719873,0,0
2025-11-27 16:14:21.104971,5,12.898383434570448,80.10266138893665,0.09625014698998181,-0.0769008516506924,0.2907242143682368,-0.09965446676582303,0.02307569599125428,0,0
2025-11-27 16:14:22.104971,5,12.89838357278997,80.10266167097436,0.0342544390852235,0.3771583987058141,-0.5543737735966836,0.02619943941137555,0.007774878972856675,0,0
2025-11-27 16:14:23.104971,5,12.89838393890191,80.1026625891147,0.10764222462364256,0.041911276035017236,-0.15799868522340083,0.1250599710012587,0.017545648687537347,0,0
2025-11-27 16:14:24.104971,5,12.898384057262053,80.10266296401302,0.04276117657317141,0.06289910192184965,-0.15888856513930072,0.08053941659075117,0.02782214032248154,0,0
2025-11-27 16:14:25.104971,5,12.898384913737086,80.10266548421389,0.28961359636720824,-0.13039768783217048,-0.043428869385616124,0.020632819450633177,0.00468655441059763,0,0
2025-11-27 16:14:26.104971,5,12.898385372369596,80.10266707531004,0.18004224784650566,-0.2710504103206888,0.03826889374440959,-0.06880958049524676,0.0028563422614416934,0,0
2025-11-27 16:14:27.104971,5,12.898385794976699,80.1026680631343,0.11705930768985408,-0.3174193350826163,-0.2589409166949088,-0.09652345516984295,0.0011470291392884355,0,0
2025-11-27 16:14:28.104971,5,12.898386759341161,80.10267038527579,0.27389361963503356,-0.07410274089247855,-0.09150066874665258,-0.06570787740235591,0.010968579170097968,0,0
2025-11-27 16:14:29.104971,5,12.898386792935316,80.10267045375491,0.008318737225061467,-0.12982764713582198,-0.17712933311324555,-0.08915778219027504,0.011423572643531292,0,0
2025-11-27 16:14:30.104971,5,12.898388009026387,80.10267255933383,0.26557300239548653,0.16247367586834432,0.06535351405549682,-0.02821566621988657,0.00710215240697331,0,0
2025-11-27 16:14:31.104971,5,12.898389170584556,80.10267478610703,0.27405221718466427,0.02170136358094879,0.03937025711338146,0.004466489215490081,0.035077050441018484,0,0
2025-11-27 16:14:32.104971,5,12.89838999550009,80.10267651804864,0.20917033998909718,0.020368699351788963,-0.06168992845034175,0.04156881166773155,0.010536111396975516,0,0
2025-11-27 16:14:33.104971,5,12.898390946130862,80.10267867196558,0.25656515069027874,0.14907360042896978,0.06723130335469245,0.05881693820562828,0.002378265357533893,0,0
2025-11-27 16:14:34.104971,5,12.898391464532557,80.10268014727768,0.17017161021001673,0.03903904401069255,-0.1786993137324117,0.11245751659074876,0.010120872163165545,0,0
2025-11-27 16:14:35.104971,5,12.898391808411127,80.10268139050221,0.14022987026668804,0.09140124201544023,-0.030735054913290916,0.03981260088807103,0.0034531181442270433,0,0
2025-11-27 16:14:36.104971,5,12.89839186439812,80.10268155437223,0.018842330594545573,0.10424512901533518,-0.08420392679999177,-0.14108153017719374,0.005864467267251271,0,0
2025-11-27 16:14:37.104971,5,12.898392027177383,80.10268200900124,0.05255504974939298,0.1760090941836938,-0.001609255394154902,0.034556462149043454,0.04276142857705362,0,0
2025-11-27 16:14:38.104971,5,12.89839203636472,80.1026820414592,0.0036675373467631276,0.12665609664393962,0.01712044083837182,-0.033750029410071034,0.019759863160610965,0,0
2025-11-27 16:14:39.104971,5,12.898392547420634,80.10268407060272,0.2274156086338847,-0.11776164524182617,0.11675664280454895,-0.025677398246229832,0.016409732246672307,0,0
2025-11-27 16:14:40.104971,5,12.898392890397995,80.10268641589856,0.25733883104436917,0.1108515225956734,-0.059548406296886694,0.14191939975683837,0.011622477546027922,0,0
2025-11-27 16:14:41.104971,5,12.898392758177323,80.10268838675717,0.2143660462500159,-0.13903552848275536,-0.048143142896991085,0.04635305434786076,0.03554901652080932,0,0
2025-11-27 16:14:42.104971,5,12.898392741402374,80.10268946298184,0.11679730835294465,-0.11972891524472762,-0.2758598702223887,-0.08819667023001795,0.01969190528351176,0,0
2025-11-27 16:14:43.104971,5,12.898392772015026,80.10269171174328,0.2440394881846721,0.1649855143586655,0.16685944889526239,-0.06098177144673911,0.00806400937239678,0,0
2025-11-27 16:14:44.104971,5,12.898392750573716,80.10269218912582,0.05185629028316933,-0.22101911303851585,-0.05784352722411917,0.06689372903768803,0.01865712424798678,0,0
2025-11-27 16:14:45.104971,5,12.898392684151696,80.1026930139416,0.08980661951522823,-0.1265991449304176,-0.20305029939949581,0.044727964883693544,0.0006912000022260329,0,0
2025-11-27 16:14:46.104971,5,12.89839259680572,80.10269457361241,0.16952076058329738,0.285649509305164,0.017858131324248884,-0.019650942320361235,0.007248629126034723,0,0
2025-11-27 16:14:47.104971,5,12.898392506236512,80.10269608409644,0.16421415840416223,-0.185264817384416,0.13883786821088906,0.01800528419256841,0.008509518161736868,0,0
2025-11-27 16:14:48.104971,5,12.898392428701749,80.10269659716246,0.056338468039195275,0.03788878561627098,-0.024835229517052484,-0.07118150807056296,0.014705604803622168,0,0
2025-11-27 16:14:49.104971,5,12.89839239147949,80.1026973766972,0.08468963828430849,0.03622667128271585,-0.07234492532795624,-0.0596275987280923,0.010990730264913349,0,0
2025-11-27 16:14:50.104971,5,12.898392158727107,80.10269919118025,0.19858914421603627,0.2316546608896784,0.05817478173185775,0.06950683232360177,0.002228431808159317,0,0
2025-11-27 16:14:51.104971,5,12.898391779330588,80.10270135379363,0.23843796126093564,-0.00761904543254318,0.02773321771973402,0.06661305678739451,0.045313010149873864,0,0
2025-11-27 16:14:52.104971,5,12.898391464370858,80.10270240919067,0.1197692119747111,-0.37315411401917137,0.1283965353621846,0.0933569686997682,0.028925250523565108,0,0
2025-11-27 16:14:53.104971,5,12.89839134025209,80.10270288347809,0.05328791355157546,-0.08506772984688217,-0.18124380417804692,-0.11731860705788533,0.0008018606481115682,0,0
2025-11-27 16:14:54.104971,5,12.89839090345734,80.1027052649394,0.2629499222899139,0.1474046536653223,-0.16567641233108188,-0.011051186147756444,0.016649455927618694,0,0
2025-11-27 16:14:55.104971,5,12.89839064713205,80.10270599317742,0.08401585989958198,-0.1357994889895724,-0.046121611166477616,0.18768387128318828,0.010644768740704863,0,0
2025-11-27 16:14:56.104971,5,12.898389860851124,80.10270852518036,0.28835595528940944,0.20633411226512027,0.02679280609416916,-0.09160315786115059,0.03519742631896421,0,0
2025-11-27 16:14:57.104971,5,12.898389492214784,80.10270998445957,0.16357907194392424,-0.395656952184948,0.08570420847645105,-0.028259958764534562,0.004279189755967698,0,0
2025-11-27 16:14:58.104971,5,12.898389465799363,80.10271008017253,0.010794179838304852,-0.1415608257625997,-0.18806006790991803,0.09488583615689017,0.01621478365541009,0,0
2025-11-27 16:14:59.104971,5,12.898389400211192,80.10271023641677,0.01845954939583485,-0.0033807951502569378,0.06829323533214227,0.0660191634310866,0.010744383431445258,0,0
2025-11-27 16:15:00.104971,5,12.898388449147097,80.10271273578171,0.29114134166807926,0.002159742325149261,-0.33178169137888625,0.041300287593120426,0.009440762444603958,0,0
2025-11-27 16:15:01.104971,5,12.898387521403617,80.10271519577815,0.2862191516556052,0.03718347585615314,0.2930263500511652,0.0014206168943710767,0.007473066161423094,0,0
2025-11-27 16:15:02.104971,5,12.898386577565113,80.1027172728407,0.24867138242398218,-0.2067843745221295,-0.22684241545945932,0.011128789837847847,0.021629734800305372,0,0
2025-11-27 16:15:03.104971,5,12.89838618797115,80.10271788767415,0.07957376928392713,-0.2981678611022998,0.005051519489936757,0.11442081487800423,0.04627034162637195,0,0
2025-11-27 16:15:04.104971,5,12.898385674810212,80.10271854426537,0.09132073287511557,-0.15710707374895888,0.08185008328533963,-0.014329245114204553,0.016148837766825495,0,0
2025-11-27 16:15:05.104971,5,12.898384151149411,80.10272073160415,0.2917262637900856,0.14093176468487537,-0.1848098783592885,-0.1463788516400903,0.020112439864761966,0,0
2025-11-27 16:15:06.104971,5,12.898383374735326,80.10272214283964,0.1758422023792606,-0.035466716811677755,0.16007663328485008,-0.12394077126887143,0.022279738487061503,0,0
2025-11-27 16:15:07.104971,5,12.89838242175389,80.10272416931853,0.2441480573290316,-0.25142033282231924,-0.04179343019921659,-0.05347443787769865,0.02697856148921174,0,0
2025-11-27 16:15:08.104971,5,12.898382391132802,80.1027242524686,0.009645143900521602,0.12230507339731904,0.10993279341225634,-0.014076155509491605,0.021961378001475733,0,0
2025-11-27 16:15:09.104971,5,12.898382230926938,80.10272468671748,0.05038283322030305,0.2148598438900861,0.02366012844167389,-0.09744194072684577,0.029066899124579937,0,0
2025-11-27 16:15:10.104971,5,12.898381538457432,80.10272708090194,0.27099080975501244,0.1387423958562955,-0.013708254158750393,0.0038067619522523764,0.00039017727015062595,0,0
2025-11-27 16:15:11.104971,5,12.898380662987549,80.10272964693922,0.2950064386090229,-0.30456528496571966,0.08665902424622614,0.025758045521843416,0.0012890768939918,0,0
2025-11-27 16:15:12.104971,5,12.898379715150856,80.1027320791307,0.2842300903529798,-0.08633246096815275,-0.1525913489447864,0.09006275486101437,0.01666874300625923,0,0
2025-11-27 16:15:13.104971,5,12.898378751433853,80.10273441880948,0.27561729066472884,-0.03050996541806372,0.2294851595678668,-0.03352486205173043,0.016557369694801066,0,0
2025-11-27 16:15:14.104971,5,12.89837800674908,80.10273590765136,0.18158318716648272,-0.210819010429678,0.1267110303961227,-0.05300959269522902,0.033578693423164115,0,0
2025-11-27 16:15:15.104971,5,12.898377964183805,80.10273601410066,0.01248504002181765,0.08399728494414947,0.102962481737808,-0.026280087935555183,0.02300682311240975,0,0
2025-11-27 16:15:16.104971,5,12.89837723180991,80.10273766834635,0.19715099867485128,-0.158162534464437,0.10696047201970911,0.059187434451075244,0.04364630843286951,0,0
2025-11-27 16:15:17.104971,5,12.89837708422384,80.10273799542298,0.03910965554443122,-0.0729323745233352,0.04340876833667451,0.1427490555060989,0.017966445601877722,0,0
2025-11-27 16:15:18.104971,5,12.898376154756221,80.10273963880745,0.20616909387089835,0.174107117846807,0.017824643878016015,0.016794741449468444,0.0076930496347537335,0,0
2025-11-27 16:15:19.104971,5,12.89837599371371,80.10273994020334,0.03729599587627403,0.197512374536246,-0.38938136372571963,-0.043636852674002434,0.0030640368609369598,0,0
2025-11-27 16:15:20.104971,5,12.898375703376038,80.10274061623873,0.08016179043576062,0.12286144246880988,-0.006461276910724407,0.0584300552019939,0.007366671169906699,0,0
2025-11-27 16:15:21.104971,5,12.898375659418154,80.10274069363555,0.00972001616959116,0.2842880477424821,-0.05758527517170901,0.01156922840134423,0.0031778625425433293,0,0
2025-11-27 16:15:22.104971,5,12.898374338989882,80.10274285655761,0.27693089061794873,0.32822113824759425,-0.11627127019047508,-0.022083512523219155,0.009800749270947843,0,0
2025-11-27 16:15:23.104971,5,12.898373760066537,80.10274383166777,0.12389140168307611,-0.03933583445001024,0.04029213742678429,0.015788948375640377,0.012028549461882641,0,0
2025-11-27 16:15:24.104971,5,12.898373717687543,80.10274389362921,0.008213499732117569,-0.03844404431079967,0.05832891327984309,-0.010091760908749636,0.009876268141037686,0,0
2025-11-27 16:15:25.104971,5,12.898373469336917,80.10274425490775,0.047970601280341696,-0.058522851057063965,0.08974707084202121,0.04228640410150349,0.02036428780276244,0,0
2025-11-27 16:15:26.104971,5,12.898372063993696,80.10274597494794,0.2435367811608533,0.23301235610929039,-0.027819465143989364,-0.04859593129410754,0.004181512216731861,0,0
2025-11-27 16:15:27.104971,5,12.898370458791879,80.10274800635435,0.28376044810962797,-0.07055042836282747,-0.07377552160459258,0.059102216525797835,0.021792727766645745,0,0
2025-11-27 16:15:28.104971,5,12.898369858993492,80.10274893815303,0.12116730759553283,-0.05902566664794187,0.14840423254017607,-0.15272456346511387,0.01473554220681482,0,0
2025-11-27 16:15:29.104971,5,12.898369132464788,80.10275020649354,0.159633591752949,-0.1643616987867377,0.04202773036478421,-0.008480949745727051,0.009845434167364478,0,0
2025-11-27 16:15:30.104971,5,12.898367930232773,80.10275194330504,0.23114841262623,-0.15385400636017615,0.22563626576146018,0.011289912220662494,0.01083402027272071,0,0
2025-11-27 16:15:31.104971,5,12.898367451797439,80.10275263118295,0.09169546138650969,0.12810927494767121,0.0940617837092128,0.018227064397142143,0.010096750405851741,0,0
2025-11-27 16:15:32.104971,5,12.898365970346614,80.1027545928982,0.26927638066719517,-0.09752407195954596,0.15477597505125854,0.027875529099236167,0.031136601177336038,0,0
2025-11-27 16:15:33.104971,5,12.898364637164653,80.10275613312825,0.22351426116250833,-0.25389657125848136,-0.06709030198116124,-0.03564900847149448,0.0010226432366907258,0,0
2025-11-27 16:15:34.104971,5,12.898364278106069,80.1027566851949,0.07201589057893339,0.40488583776873294,0.04842845130762985,-0.05049670494750138,0.0004241582374290016,0,0
2025-11-27 16:15:35.104971,5,12.89836319937718,80.10275851294766,0.23185253412287074,0.2561563155766872,-0.02711645457375503,-0.004854989284929254,0.0036771189947100314,0,0
2025-11-27 16:15:36.104971,5,12.898362007381639,80.10276025960327,0.23136475371961035,0.057688258759053535,0.022348383736057624,-0.0154295297399367,0.005013440607223481,0,0
2025-11-27 16:15:37.104971,5,12.898361743970968,80.10276063984783,0.05061899426929554,0.29703100129885623,0.008049686204061917,-0.034158401727932934,0.010531675889907294,0,0
2025-11-27 16:15:38.104971,5,12.898361530535219,80.10276093963746,0.04028345048090256,0.2655065144391875,0.28552816638291767,-0.058490129307259955,0.004342189627997271,0,0
2025-11-27 16:15:39.104971,5,12.898360012684822,80.10276301630002,0.28165310146169287,0.5688074304471131,-0.14082820918547614,-0.03418351974279078,0.0035375896000312264,0,0
2025-11-27 16:15:40.104971,5,12.898359392828448,80.10276380419705,0.10986734271654304,-0.10645300149785275,-0.021413285656309466,0.08506282781961572,0.00986537683845606,0,0
2025-11-27 16:15:41.104971,5,12.898358118868689,80.10276533575096,0.2184753067775229,-0.36710392779115664,-0.31927718334466376,-0.04213120058272499,0.01140773454185663,0,0
2025-11-27 16:15:42.104971,5,12.898358000469281,80.10276548549733,0.02092255212603946,0.23032174678299744,0.038587975169087824,-0.005116404111885339,0.009211762894134275,0,0
2025-11-27 16:15:43.104971,5,12.898357842327844,80.10276566427464,0.02619629097070102,0.026327802128193578,-0.1199911103357339,0.06882492054563363,0.0007693539556947018,0,0
2025-11-27 16:15:44.104971,5,12.898356730608072,80.10276701188604,0.19157028207539212,0.04118183234809225,-0.24141901381417272,-0.02798428778195419,0.019360562386524106,0,0
2025-11-27 16:15:45.104971,5,12.898355375264345,80.10276877841471,0.2439429037848857,-0.17749558742122137,-0.019306049243503837,-0.09489810407247598,0.005102537877485133,0,0
2025-11-27 16:15:46.104971,5,12.898355098241995,80.10276915918745,0.0515574871690484,0.08285442865167529,-0.10536094003920059,-0.04522690410350386,0.019571514273048565,0,0
2025-11-27 16:15:47.104971,5,12.89835378260432,80.1027710756403,0.2543530993938953,0.2512991985073696,0.07216864018062824,-0.10955353104808449,0.03352859645092695,0,0
2025-11-27 16:15:48.104971,5,12.898352119559513,80.10277316948381,0.2930792583299775,0.09290318975855329,-0.1509960982102793,0.08115712975586808,0.014194480423385556,0,0
2025-11-27 16:15:49.104971,5,12.898351236854168,80.10277424714516,0.15274203710528564,-0.058281586715094875,-0.07237238276257955,-0.002459669622544656,0.05904130850886242,0,0
2025-11-27 16:15:50.104971,5,12.898349864489317,80.10277596412904,0.24093837819891467,0.10017689494174242,-0.1818643512119893,0.04705779207416021,0.006105973625691806,0,0
2025-11-27 16:15:51.104971,5,12.898349725864493,80.1027761201959,0.022911391884557018,-0.3653112671069092,-0.07324260815186055,0.025208334238962175,0.05658481956658022,0,0
2025-11-27 16:15:52.104971,5,12.898349281852436,80.10277660331107,0.07205054681514765,0.19425803050089424,-0.13069018562030646,-0.07318956756285247,0.003588928015474136,0,0
2025-11-27 16:15:53.104971,5,12.898348492995934,80.10277763319988,0.14212886276812728,0.10758879331395735,0.11049028682450636,0.011966928611617578,0.011427933339739458,0,0
2025-11-27 16:15:54.104971,5,12.898347525859913,80.10277935749924,0.21586931915752952,0.0780451578045181,0.172051779557778,-0.002362149387562004,0.00022890241508234728,0,0
2025-11-27 16:15:55.104971,5,12.898346969524153,80.1027804467206,0.13343534581519492,0.09996104476170835,0.07592911824034207,0.05987338071869766,0.005015027703765381,0,0
2025-11-27 16:15:56.104971,5,12.89834610171924,80.10278181611064,0.1772358450611175,-0.02046719689464942,0.1274338559948943,-0.05404827955222203,0.04503066049677006,0,0
2025-11-27 16:15:57.104971,5,12.898345869259225,80.10278231240558,0.05974818633693002,0.0039475066720760996,0.12994540284722247,-0.02881108832745108,0.008746246119837597,0,0
2025-11-27 16:15:58.104971,5,12.898345449466419,80.10278319440458,0.10650631636197262,0.22415206634175586,-0.014956823509500117,-0.0073196414675129745,0.02272493045890112,0,0
2025-11-27 16:15:59.104971,5,12.898344137027518,80.10278556622949,0.29594669957752,-0.4506201113598457,0.14164768706452463,-0.022679886033010938,0.0009051749465707119,0,0
2025-11-27 16:16:00.104971,5,12.898343830507766,80.10278614799037,0.0717591986760848,0.03942281422980652,-0.005229222637595596,-0.04841532051308378,0.0065040762148884145,0,0
2025-11-27 16:16:01.104971,5,12.898343582468904,80.10278661219962,0.05744329042629134,0.2708252385491811,-0.10109088919696567,-0.06276605380657478,0.03214413481955062,0,0
2025-11-27 16:16:02.104971,5,12.898342734576584,80.1027883884034,0.2146086688753445,-0.07261988919495402,-0.07119838042816164,-0.06414220912418561,0.0047589649890334065,0,0
2025-11-27 16:16:03.104971,5,12.898342028617767,80.10279022137637,0.21386067137721423,-0.36127606072851715,-0.15940482519434698,-0.13192489560802326,0.010551079488918811,0,0
2025-11-27 16:16:04.104971,5,12.89834167398271,80.10279192810025,0.18935950594147924,-0.12517037895293054,-0.17859531397848083,-0.15775588596246948,0.00909062980957373,0,0
2025-11-27 16:16:05.104971,5,12.898341230042071,80.10279424639175,0.25636879705193377,-0.20472712276358312,0.07550834358827786,0.04463143518063191,0.0047968852777038554,0,0
2025-11-27 16:16:06.104971,5,12.898341027572496,80.10279535090365,0.12195273854438488,0.014542392388911557,0.15086145421665573,0.04601010337994352,0.03484946476237306,0,0
2025-11-27 16:16:07.104971,5,12.898341000482635,80.10279549268901,0.015678053251468028,0.07904525431428254,-0.15905556851425648,0.008589156985142316,0.002874692678606393,0,0
2025-11-27 16:16:08.104971,5,12.898340964440187,80.10279572159747,0.025161081147711515,-0.02261690042863959,0.003888659423049342,-0.011858759260861483,0.029371565705841284,0,0
2025-11-27 16:16:09.104971,5,12.898340835664042,80.10279660139399,0.09653802667729612,-0.2402308202248734,-0.035624832609192324,-0.015437942187684614,0.004877868951527771,0,0
2025-11-27 16:16:10.104971,5,12.898340417367047,80.1027992671762,0.29299101708930286,0.09534583045876038,0.013327997835679894,-0.009054256049423996,0.010221638630400447,0,0
2025-11-27 16:16:11.104971,5,12.898340041409012,80.10280074434358,0.1656628112842637,-0.13430561003130478,0.0015482799976685993,0.05130860093210489,0.02562336063394139,0,0
2025-11-27 16:16:12.104971,5,12.898339492392026,80.10280315366856,0.26848722754838056,0.37732984035229644,0.18515065724184912,-0.043787788758912594,0.007494082867688477,0,0
2025-11-27 16:16:13.104971,5,12.898339440255663,80.10280335949837,0.023076588728869384,-0.33006848087230034,-0.053442896445429225,-0.09845954380962538,0.014152285235752118,0,0
2025-11-27 16:16:14.104971,5,12.898339175065468,80.10280416436946,0.09219178342662394,0.014847405059063705,0.11687065623063987,-0.04085572604228688,0.0004674470767937066,0,0
2025-11-27 16:16:15.104971,5,12.898339051931556,80.1028047844241,0.06866491168376254,0.006325502776115162,-0.10600737346600403,-0.19341818645590653,0.004193738117775113,0,0
2025-11-27 16:16:16.104971,5,12.898338943373245,80.10280666374186,0.20428469180602726,-0.03508889080167643,-0.0536190281500691,-0.08595465809573609,0.028359708336975084,0,0
2025-11-27 16:16:17.104971,5,12.898338880700335,80.10280837496967,0.18581832092336223,-0.2697858693056879,0.08689034524680721,-0.013164551432063031,0.014830752080001714,0,0
2025-11-27 16:16:18.104971,5,12.898338788180178,80.10280966611015,0.14048119588814473,-0.15761640929181048,-0.11967978094142478,0.10938775812453645,0.018678432977876438,0,0
2025-11-27 16:16:19.104971,5,12.898338407765749,80.10281222249859,0.2806104675210765,-0.23501161044805177,-0.19453945925743127,0.07316192202383426,0.007338240538563359,0,0
2025-11-27 16:16:20.104971,5,12.898338052992113,80.10281406921453,0.20424394785015876,-0.22713369830553737,-0.000365275666734566,0.042608793396327345,0.004450329209522307,0,0
2025-11-27 16:16:21.104971,5,12.898337541574643,80.1028157547103,0.19155090989412557,0.10007181900875012,-0.0017986535946022057,0.16618666727053627,0.008624607509967507,0,0
2025-11-27 16:16:22.104971,5,12.898336581369108,80.10281830404496,0.2965642114658241,-0.506759533338326,-0.07991383796594301,-0.008258867258179935,0.007606604995785557,0,0
2025-11-27 16:16:23.104971,5,12.898336509849093,80.10281854792332,0.02763521652860167,-0.5184294333916406,-0.1122712782758338,-0.058962207829989156,0.016204405577149993,0,0
2025-11-27 16:16:24.104971,5,12.898336231580068,80.1028195629435,0.11441420515171939,-0.1599991236810196,-0.0507480853763655,0.027204330144182352,0.02056574043835608,0,0
2025-11-27 16:16:25.104971,5,12.898336002771371,80.10282012977427,0.06657280712295698,0.2187473116229593,0.049720177694294466,0.12004292817961386,0.028167470806885333,0,0
2025-11-27 16:16:26.104971,5,12.898335413440911,80.10282161666197,0.1741716755778649,0.16146289829896693,0.04643847103578093,0.0008440369961925376,0.007164108175563009,0,0
2025-11-27 16:16:27.104971,5,12.898334707940723,80.10282355903158,0.22492536340248062,0.0713741428112162,-0.0493936566871407,0.03318447812859008,0.008770066427310744,0,0
2025-11-27 16:16:28.104971,5,12.898334134889131,80.10282522430855,0.19163070677635544,0.03133798537960844,0.20414063015683928,-0.022678621197251544,0.037836100792240805,0,0
2025-11-27 16:16:29.104971,5,12.898333501672646,80.10282727021996,0.23292629381763988,-0.13944146857325823,-0.09309498825353482,0.005537540820697837,0.0056763071765783294,0,0
2025-11-27 16:16:30.104971,5,12.898333252552149,80.10282814060628,0.09843390342853278,-0.28483180401551844,-0.3430105238402004,-0.002206338064447047,0.019065519398555088,0,0
2025-11-27 16:16:31.104971,5,12.898333055408598,80.10282888850479,0.08407029957043306,-0.2105921741981955,0.45903538432014757,0.11378727183155,0.00047119220521804167,0,0
2025-11-27 16:16:32.104971,5,12.89833298919987,80.10282910081067,0.024187828822504174,0.20290018171994775,0.06044708223778866,-0.010716152822297084,0.019525525768044404,0,0
2025-11-27 16:16:33.104971,5,12.89833242057931,80.1028305723437,0.17176648545738196,0.3383942087039401,0.07985104630279762,-0.03278702414226556,0.020387436862073584,0,0
2025-11-27 16:16:34.104971,5,12.898331507650228,80.10283250671152,0.2332087320920018,0.066361985967003,-0.11328524969113839,-0.0004377672543375011,0.006795382596161656,0,0
2025-11-27 16:16:35.104971,5,12.898330344589777,80.10283470497129,0.27140790324497976,0.4010981202146049,-0.1949865951888551,0.04128723735796119,0.02437589026819455,0,0
2025-11-27 16:16:36.104971,5,12.898329458583568,80.10283613550396,0.18391270431543547,-0.5696683897917494,-0.231436159379937,0.1326481507837638,0.005317134802187856,0,0
2025-11-27 16:16:37.104971,5,12.898329201644746,80.10283652990593,0.05147507335231551,0.19288018468701001,-0.2343145361599688,-0.03041756355440047,0.03301047214351053,0,0
2025-11-27 16:16:38.104971,5,12.898327903202533,80.10283847287953,0.25562406488538153,0.07416457061699241,-0.10141388448483678,-0.006109815597101175,0.004262851858561739,0,0
2025-11-27 16:16:39.104971,5,12.89832770910231,80.10283875650832,0.03760438064491234,0.13642321491735918,0.09811051979678855,-0.020954692140282984,0.032098660075781466,0,0
2025-11-27 16:16:40.104971,5,12.898326476868878,80.10284087328888,0.26753633291850226,0.1423748200923194,-0.21586251903204356,-0.014890844039183358,0.023658266003651094,0,0
2025-11-27 16:16:41.104971,5,12.898325659136978,80.1028420903852,0.16040118474906503,0.07114005665938017,-0.18911824004081032,0.014032686843627545,0.036967072750706216,0,0
2025-11-27 16:16:42.104971,5,12.898325253745092,80.10284268513276,0.07874990750699473,0.08003777524327732,0.024425030438326396,0.0901335528314384,0.00753248315841846,0,0
2025-11-27 16:16:43.104971,5,12.8983250300607,80.10284298186325,0.04070362332053525,-0.4225274807693106,-0.030738353097647747,0.030248877583454063,0.02416369242914362,0,0
2025-11-27 16:16:44.104971,5,12.898324971429497,80.1028430462546,0.009561387825681654,-0.042449010506489845,-0.1362353931072981,0.15185301531383183,0.005264497902423084,0,0
2025-11-27 16:16:45.104971,5,12.898324525721137,80.10284339239232,0.062229506582838906,0.007506493269830421,-0.40300596995985377,0.11505105023907514,0.007211719105212777,0,0
2025-11-27 16:16:46.104971,5,12.898324041321334,80.1028436779005,0.062189572097184294,0.17567492688560893,-0.11481753571044187,0.090859314464366,0.004266829535489266,0,0
2025-11-27 16:16:47.104971,5,12.898323133515907,80.10284411290436,0.11153743170209389,0.061686103489198424,0.02983502855430486,0.015457383591757926,0.0025322699565410852,0,0
2025-11-27 16:16:48.104971,5,12.898320772221119,80.10284529768451,0.2926143910408466,-0.15357998012730553,-0.06541014466176265,-0.08419341670201705,0.012719043225796804,0,0
2025-11-27 16:16:49.104971,5,12.898319688354857,80.10284591330165,0.1379140507618082,0.3614767083436302,0.04557590633589662,-0.053934910563858046,0.015517313540791616,0,0
2025-11-27 16:16:50.104971,5,12.898319077176707,80.10284636454834,0.08382449246204916,0.14132492943461117,-0.004081276185088647,-0.10784337719854112,0.0013020451006353249,0,0
2025-11-27 16:16:51.104971,5,12.898318776452044,80.10284653720142,0.038362475156646314,0.08396197515622723,-0.29483474926443193,-0.147589522064101,0.0021459329095663998,0,0
2025-11-27 16:16:52.104971,5,12.898316831322612,80.10284793117074,0.2641325043248277,0.028762045586721408,-0.1599234702518297,-0.07306017889649412,0.020953631130451737,0,0
2025-11-27 16:16:53.104971,5,12.898314815519859,80.10284944850903,0.27832353319982445,0.06764723541399978,-0.09138895379459859,-0.016268552973266317,0.0371404311373406,0,0
2025-11-27 16:16:54.104971,5,12.898314729639637,80.10284951642589,0.012071046888853009,-0.19005627034154274,-0.12611866672951008,-0.007624096873204738,0.006408013026385773,0,0
2025-11-27 16:16:55.104971,5,12.898314649142405,80.10284957728167,0.011131274833470229,-0.038634759273381836,-0.04870003708387628,0.06803071407490202,0.0219025239505483,0,0
2025-11-27 16:16:56.104971,5,12.898313499963898,80.1028503050962,0.15034097905469684,0.1405334745898345,0.05758885753741887,0.06333843269095005,0.02773574825787744,0,0
2025-11-27 16:16:57.104971,5,12.898313223688625,80.10285044877664,0.03448107996462196,0.04511570373391316,-0.09319706921897643,0.036183716489150544,0.007078991932429025,0,0
2025-11-27 16:16:58.104971,5,12.898313213265972,80.10285045414734,0.0012983890984092361,-0.09350656944371491,-0.059869983306538005,-0.06945326355126419,0.005712841203780149,0,0
2025-11-27 16:16:59.104971,5,12.89831122273992,80.1028515585743,0.2519173086265288,-0.0985430678726176,0.18649559257201104,-0.13118674032494199,0.041185001138676125,0,0
2025-11-27 16:17:00.104971,5,12.898308903907317,80.10285282114451,0.2922364919475006,0.07939322643460463,0.07824052170660876,-0.02849553507601554,0.00465552056474469,0,0
2025-11-27 16:17:01.104971,5,12.898307044018859,80.10285402737298,0.24494633587831202,0.07004451538749731,0.10228959264113706,-0.1312500078715303,0.032244938561117376,0,0
2025-11-27 16:17:02.104971,5,12.898306865503004,80.10285414474887,0.023603653822945703,0.13205842056373335,0.1382467523363245,0.00830761253824878,0.0014370745823645004,0,0
2025-11-27 16:17:03.104971,5,12.898305041718586,80.10285533123147,0.24040445143559552,0.3043810802765382,0.06466083379199647,0.060205830664585715,0.013326701547259711,0,0
2025-11-27 16:17:04.104971,5,12.898303288186522,80.10285647946777,0.23157840834325852,-0.14360773699563711,-0.17568210877047097,0.016024025377661368,0.006642311663245709,0,0
2025-11-27 16:17:05.104971,5,12.898302890032834,80.10285671024045,0.05090730137347175,0.1360485082118848,0.004549439056903182,0.14898240613077524,0.006730099621643849,0,0
2025-11-27 16:17:06.104971,5,12.89830105389945,80.10285774949143,0.23344343696901598,0.13285198105617618,0.07657473543117382,-0.06814886867865495,0.009955107128305512,0,0
2025-11-27 16:17:07.104971,5,12.898299072257023,80.10285889515393,0.25321441982446136,-0.10352666385444073,-0.13536876603228837,0.11262863557149391,0.035881779314219056,0,0
2025-11-27 16:17:08.104971,5,12.898298380436717,80.10285918347506,0.08312572901388456,0.38735198900553985,0.13325811562279266,0.023630972438357864,0.006920681559125219,0,0
2025-11-27 16:17:09.104971,5,12.898296428241693,80.10285993427746,0.2320876917213748,0.03691878169010644,0.1909742511217213,0.03602037565113139,0.027206141481612486,0,0
2025-11-27 16:17:10.104971,5,12.898293908697562,80.10286062464613,0.2903076026657901,-0.1661381747533226,-0.12026922079156543,0.1680764842816786,0.04665855762250628,0,0
2025-11-27 16:17:11.104971,5,12.898291666662326,80.10286120732354,0.25746748920650125,0.2048867036147951,0.1248328538155592,0.045657103229994084,0.014204825254710781,0,0
2025-11-27 16:17:12.104971,5,12.898289975587574,80.10286177380672,0.19803221428211942,0.22388023072990657,-0.06438074773711415,0.01402531161507889,0.02313747906787578,0,0
2025-11-27 16:17:13.104971,5,12.89828957591767,80.102861919502,0.04721667017189811,-0.17162409882377527,-0.022241462595535395,-0.03723783797021492,0.03579606108477664,0,0
2025-11-27 16:17:14.104971,5,12.898289520617707,80.10286193647731,0.00642567006879221,-0.12403478714064739,0.03437517364989488,0.016911737522276458,0.03334287929305141,0,0
2025-11-27 16:17:15.104971,5,12.898288701114167,80.10286223111999,0.09666747048284417,-0.18771658874254038,0.14855867729442984,-0.026440218453782874,0.025885886357762997,0,0
2025-11-27 16:17:16.104971,5,12.898288429186508,80.1028623178648,0.031700679630375046,0.3843717246062529,-0.04718599659722913,-0.05723357838694426,0.02684519724791369,0,0
2025-11-27 16:17:17.104971,5,12.898286798172572,80.10286286355263,0.19097607725303462,0.10818423009429348,-0.1344533424258514,0.015422808506611513,0.01079140763329024,0,0
2025-11-27 16:17:18.104971,5,12.898284890340847,80.10286335568993,0.21899088082588375,-0.2358520003300368,0.014076989497228952,-0.018658503041155544,0.009913132517385447,0,0
2025-11-27 16:17:19.104971,5,12.89828458989773,80.10286343909236,0.034648147983443296,-0.6904299526860823,-0.07961227673133392,-0.06067403465002067,0.023078442216351754,0,0
2025-11-27 16:17:20.104971,5,12.898284090013414,80.10286363738459,0.05966221546490449,-0.2217498652608681,0.1834065233119541,0.08670620183464411,0.010172348633286523,0,0
2025-11-27 16:17:21.104971,5,12.898282496776844,80.10286431293062,0.19191082791959643,0.09906895436474357,0.14875418918193758,-0.09757947472768257,0.012260253130919106,0,0
2025-11-27 16:17:22.104971,5,12.898282387265848,80.10286438018807,0.014208385005211531,0.06354272644689227,-0.268006129898183,-0.11229512266861423,0.022680277702022456,0,0
2025-11-27 16:17:23.104971,5,12.898281053029272,80.10286538548765,0.1842827615451065,0.048167994468798034,0.10070385404215805,-0.001969071996518251,0.02460031598561353,0,0
2025-11-27 16:17:24.104971,5,12.898280607253694,80.10286568107765,0.05908729788570703,-0.019093029723648694,0.07831542930467372,0.049457497278450294,0.005816700790869358,0,0
2025-11-27 16:17:25.104971,5,12.898278381676544,80.102867175755,0.2961182279063582,-0.01569598331725222,-0.22509609197379155,0.07560838229910603,0.005493125475377983,0,0
2025-11-27 16:17:26.104971,5,12.898276771319043,80.10286810313319,0.20557848200664852,-0.14825062699223462,0.049226128534235386,0.003034277721265851,0.006561469392945788,0,0
2025-11-27 16:17:27.104971,5,12.898275223976777,80.10286920381206,0.20960690129216286,0.08374464517743477,0.16349612753378986,-0.0382622980083844,0.02567239953720996,0,0
2025-11-27 16:17:28.104971,5,12.898273696516666,80.1028700685152,0.19420759494909376,0.04032496537551787,0.09619560205190097,0.058553947737551404,0.0015323528388619995,0,0
2025-11-27 16:17:29.104971,5,12.898272485157735,80.10287073928043,0.15323786012299417,0.04514163614884124,-0.004916797109557533,0.007233609778595065,0.020220034808134606,0,0
2025-11-27 16:17:30.104971,5,12.89827108082611,80.10287164605235,0.18471783828103044,0.027666928113283973,0.00851804754361829,-0.08212049893779078,0.03435986607229335,0,0
2025-11-27 16:17:31.104971,5,12.898269290174566,80.10287298773184,0.24684043942550016,0.1978602024804382,0.15957384349878095,-0.0688553267553181,0.01047559757868507,0,0
2025-11-27 16:17:32.104971,5,12.898267926687156,80.10287415173923,0.1974635711603946,0.059590433002568347,0.0849063628024903,-0.12454669459084022,0.0048068926199698,0,0
2025-11-27 16:17:33.104971,5,12.89826652406419,80.10287575709708,0.2339338961046924,-0.20143350970060592,0.06524826418892121,0.003924244521904478,0.007753822034006962,0,0
2025-11-27 16:17:34.104971,5,12.8982651367788,80.10287712961744,0.21454765717328947,0.3844419643761861,-0.09755192671001936,0.022520190583476592,0.04857512987528109,0,0
2025-11-27 16:17:35.104971,5,12.898263311489423,80.10287894133371,0.28272752895108266,-0.20513781714904092,-0.024443976313042383,-0.011231088655396952,0.003672180810788221,0,0
2025-11-27 16:17:36.104971,5,12.898261910000448,80.1028804276495,0.22439278494139295,-0.08351819999497592,0.12229161478815533,0.0007702589687233544,0.03212846706139281,0,0
2025-11-27 16:17:37.104971,5,12.898260962171584,80.10288145837298,0.15376003941912417,-0.010991884544073238,-0.1315247573014754,0.10723752424440763,0.03301688481584179,0,0
2025-11-27 16:17:38.104971,5,12.89826002062959,80.1028822861801,0.13803773302654593,-0.13716017236655303,0.059771230575427534,0.010149924592496147,0.009825586569210258,0,0
2025-11-27 16:17:39.104971,5,12.898258329159273,80.10288381435294,0.2509030489760298,-0.22085300884998238,-0.032956008189112575,0.04484484921182537,0.026770109277281805,0,0
2025-11-27 16:17:40.104971,5,12.898257149134837,80.1028847893685,0.1686688671404009,-0.17537388533092246,0.22814779022916926,0.035285482368814985,0.00592176662449687,0,0
2025-11-27 16:17:41.104971,5,12.898256291095958,80.1028855316789,0.12494642858174859,-0.29888070465830213,-0.2052684381439171,0.0199171410849402,0.012274208281552153,0,0
2025-11-27 16:17:42.104971,5,12.898255912459938,80.10288586061915,0.0552326142736135,-0.1665081513738395,-0.04750154890190059,0.052442569858110674,0.001818855930532011,0,0
2025-11-27 16:17:43.104971,5,12.898255629500643,80.10288613526218,0.04336286429017596,0.046082782780778014,0.06248733260780563,-0.06009096269753118,0.004245023694255305,0,0
2025-11-27 16:17:44.104971,5,12.89825404063291,80.102887816669,0.2541111601944558,0.029605860105636497,0.045383945476989124,0.02756843253554562,0.0058885243897776034,0,0
2025-11-27 16:17:45.104971,5,12.898252639159113,80.10288936364655,0.2291684808715448,0.011243977611204797,-0.04319634683420787,-0.04001413427872081,0.0025195579253328828,0,0
2025-11-27 16:17:46.104971,5,12.898252181913543,80.10288985373145,0.07361349636639027,-0.3945908600836751,0.1396858004151863,0.11699395626053985,0.020776760387477302,0,0
2025-11-27 16:17:47.104971,5,12.898250721173131,80.10289112072121,0.2129397385585157,0.3020229827364998,-0.08554374644991364,0.06810322929240879,0.020892105355609134,0,0
2025-11-27 16:17:48.104971,5,12.898250451457764,80.10289138573849,0.041574842411826005,0.13817878589879007,0.00502435078753634,-0.0364125270317704,0.024188038532806853,0,0
2025-11-27 16:17:49.104971,5,12.898249772477815,80.10289208874433,0.10738804822772266,-0.10434968887292917,0.12704368179096312,0.009400246398292914,0.03057069043988052,0,0
2025-11-27 16:17:50.104971,5,12.898248478785268,80.10289324653611,0.19111180353555807,0.24213182041152756,-0.16789863839339136,-0.05668812986691926,0.01851396715249342,0,0
2025-11-27 16:17:51.104971,5,12.898247480619927,80.10289416855137,0.14952091318156005,-0.0836828338148969,-0.25975803765277394,0.0599776398536664,0.013870034340165106,0,0
2025-11-27 16:17:52.104971,5,12.898246171509953,80.10289563215326,0.21554616306748178,-0.5198343929305145,0.034001511693431206,-0.04897481579073615,0.012328402577914913,0,0
2025-11-27 16:17:53.104971,5,12.898245248170483,80.10289660555362,0.14738246104974168,0.17361610768851096,-0.16797911946766944,-0.06971565561986953,0.0026078258814140258,0,0
2025-11-27 16:17:54.104971,5,12.898245235834677,80.10289661897336,0.0020015568275722705,-0.33808119570989376,-0.18398058072752782,-0.03963676060054673,0.0006674621065858626,0,0
2025-11-27 16:17:55.104971,5,12.898245220345158,80.10289663694286,0.0026029338478121057,-0.016709112216351227,0.1459886150289261,0.026261467545224484,0.011713593540416647,0,0
2025-11-27 16:17:56.104971,5,12.898243710751284,80.10289799967163,0.22384378268200178,-0.32142928981052715,0.2438305426587134,-0.016767587113211538,0.023521661226190274,0,0
2025-11-27 16:17:57.104971,5,12.898243411678816,80.1028983360875,0.04940660752020837,-0.2373041155554268,0.035691909346460875,-0.09941789148115511,0.02030686748388076,0,0
2025-11-27 16:17:58.104971,5,12.898243335251815,80.10289841839794,0.012335195729514936,-0.07667746097742195,-0.16818807957849916,-0.015089193110403312,0.028247049637182595,0,0
2025-11-27 16:17:59.104971,5,12.898242626986047,80.1028991064188,0.10858271782723929,0.19244787113059467,-0.045147992327828436,0.11058449236369002,0.009431693704629132,0,0
2025-11-27 16:18:00.104971,5,12.89824172312664,80.10289990627525,0.13287961472471124,0.13198825356690572,-0.038062717005117264,-0.024805532908764832,0.013211142031398608,0,0
2025-11-27 16:18:01.104971,5,12.898240883439787,80.10290056789943,0.11786305009843195,0.07801961806459815,-0.2078812453351222,-0.10887510739895742,0.003032451230457277,0,0
2025-11-27 16:18:02.104971,5,12.898239938568,80.1029015264418,0.1479259880444351,-0.47770509030920316,-0.0030809956231042756,-0.09007689089529748,0.0010584154747947814,0,0
2025-11-27 16:18:03.104971,5,12.89823887160111,80.10290269619921,0.17383643108595706,-0.029461492353726866,0.014111686926319587,0.014452239819149948,0.004267340371782179,0,0
2025-11-27 16:18:04.104971,5,12.898238407618546,80.10290325733925,0.07984587913836104,0.08768743449743899,-0.004143092448598912,-0.005874536478946316,0.0037106378069540107,0,0
2025-11-27 16:18:05.104971,5,12.89823835490119,80.10290331400559,0.0084999164788084,-0.10019903937825733,-0.020829125507356213,-0.05795117842535692,0.022118157713960748,0,0
2025-11-27 16:18:06.104971,5,12.898236779857983,80.10290508689813,0.2602911353589889,-0.052247252109745956,0.07963146917785978,0.029745871618512172,0.024275795560212764,0,0
2025-11-27 16:18:07.104971,5,12.898235231650393,80.10290672004311,0.2472008573312416,-0.48661540088931765,-0.056212526869879056,-0.05693621515428329,0.02043511541801555,0,0
2025-11-27 16:18:08.104971,5,12.898233408051222,80.10290867946094,0.293967596440756,0.11709514469875033,-0.012716945191487125,-0.058860886244806586,0.005413130738452393,0,0
2025-11-27 16:18:09.104971,5,12.89823262633062,80.1029096899862,0.13998755689275771,-0.4006163126030692,0.07022294454530925,-0.1357042882178961,0.015572846153458303,0,0
2025-11-27 16:18:10.104971,5,12.898232197413991,80.10291024319152,0.07670234833184693,0.12052892718192551,0.07178309729214583,-0.09424016876597974,0.016905473028035245,0,0
2025-11-27 16:18:11.104971,5,12.898231910175571,80.10291069279101,0.05833140992196205,-0.20077052813349175,0.06059631663043239,-0.07634914193654065,0.018114443376138226,0,0
2025-11-27 16:18:12.104971,5,12.898231651617658,80.10291116332931,0.058612523648950386,0.4829622783846468,-0.24393063174026236,-0.07842814725020517,0.015086415468492261,0,0
2025-11-27 16:18:13.104971,5,12.898230735949234,80.10291304232456,0.2279519641367323,0.03336679320563439,-0.0326192567487528,-0.07159962552452848,0.0004906007400064306,0,0
2025-11-27 16:18:14.104971,5,12.898230490593322,80.10291357597978,0.0640256556114147,5.725528316995027,0.10479794403879183,0.005324062452420328,0.03005867892698746,0,0
2025-11-27 16:18:15.104971,5,12.898179594132513,80.10300413386757,11.342932779128112,3.843968094175414,0.26254593839774276,0.060013279256558964,0.056148532989652056,1,0
2025-11-27 16:18:16.104971,5,12.898146638357693,80.1030694438043,7.980127240755083,0.5090964920408239,-0.12377945039152316,-0.0010869194980473902,0.04505018765808127,1,0
2025-11-27 16:18:17.104971,5,12.898093716532756,80.10316224581497,11.666742656731813,1.3299908171193082,-0.01536650481350133,0.14931292250223405,0.0317080895154139,1,0
2025-11-27 16:18:18.104971,5,12.898033204702545,80.10324412192463,11.149435142318376,3.194814549897031,-0.1109710275123093,0.06879425856250786,0.015956674838475467,1,0
2025-11-27 16:18:19.104971,5,12.897935671491252,80.10337887062248,18.212035764942016,-0.4914149790621414,-0.19488916178414895,0.0555972998456556,0.048994627707528104,1,0
2025-11-27 16:18:20.104971,5,12.897874013067852,80.10344706961583,10.093421891020938,-3.2575948424889316,0.16611105106341853,0.135160817089582,0.09532060940684345,1,0
2025-11-27 16:18:21.104971,5,12.897802881510307,80.10352240976106,11.381350978539173,2.149750969043106,0.2497693880387513,0.020482942524768868,0.10682370727891324,1,0
2025-11-27 16:18:22.104971,5,12.897710235213923,80.10361052600072,14.06378388606563,0.7388646879677964,0.1239207141639542,-0.10406486676441469,0.07017746520587549,1,0
2025-11-27 16:18:23.104971,5,12.897631354005949,80.10369313924754,12.548643872408997,-3.6774502401603937,-0.14044512496851203,0.061571851550053944,0.08577149668064352,1,0
2025-11-27 16:18:24.104971,5,12.897581656865256,80.103733682465,7.068297405322881,0.7322479385754713,-0.1827835800648893,0.04602748049474735,0.06370835073065609,1,0
2025-11-27 16:18:25.104971,5,12.897478932162457,80.10381474075564,14.426754442849429,0.9733911660219027,0.0995319972266863,-0.10256061572745848,0.10096656529334051,1,0
2025-11-27 16:18:26.104971,5,12.897415313145588,80.10386596664975,9.002972892204111,-2.2119592637121874,-0.2785818433284827,-0.01205112102092313,0.05128542638138324,1,0
2025-11-27 16:18:27.104971,5,12.897345083305476,80.1039252304163,10.12303451473688,3.8938632736686283,0.00759140279187028,-0.03677824055157344,0.0953299718519959,1,0
2025-11-27 16:18:28.104971,5,12.897239444160624,80.1040342268085,16.678648178215617,4.081713266724055,-0.06030006533007612,-0.10093009797600253,0.06341042603066707,1,0
2025-11-27 16:18:29.104971,5,12.897122952093452,80.10414909129207,17.986649940010565,-4.776982040606596,0.1960253788979576,-0.03116223276728846,0.014416935460435402,1,0
2025-11-27 16:18:30.104971,5,12.897075252472298,80.10419590821529,7.348692247065333,-0.4056239386330692,0.0198251953782443,-0.014023334243673954,0.0422044936698749,1,0
2025-11-27 16:18:31.104971,5,12.896961404716167,80.10430370583465,17.246562904657765,-0.2491103061318551,0.08773584598043235,-0.005537072243447284,0.07232991397752497,1,0
2025-11-27 16:18:32.104971,5,12.896918922730125,80.10434848799754,6.780689916268707,-5.22365598088677,0.07979153171403221,-0.03857787738068649,0.08237765264208834,1,0
2025-11-27 16:18:33.104971,5,12.89687331174986,80.10439574339819,7.216220111421825,0.5320249530396564,0.04692539733501749,0.04008918119452536,0.047598913998479084,1,0
2025-11-27 16:18:34.104971,5,12.896821117732875,80.10444514068159,7.905070452933016,3.517666597256312,0.10116748563271032,-0.03360911102276339,0.03121422115628882,1,0
2025-11-27 16:18:35.104971,5,12.896726342555437,80.10453854496465,14.629997496465652,3.7800317924890092,-0.043432997920090484,0.07114005790150743,0.09101015806542072,1,0
2025-11-27 16:18:36.104971,5,12.896617104528715,80.10462620685182,15.438862575887452,-0.7715265204935804,-0.27307842769584856,0.10088238408098874,0.11638994451649466,1,0
2025-11-27 16:18:37.104971,5,12.896520529376454,80.10469829427088,13.295365418292304,-5.201433310116131,0.21371184319076358,-0.0045900117878004895,0.057731783909073894,1,0
2025-11-27 16:18:38.104971,5,12.89648747210145,80.10472128693765,4.445982123801037,-1.862003642418844,0.010639554658130206,-0.015249294263758697,0.10186105746040214,1,0
2025-11-27 16:18:39.104971,5,12.896419365246315,80.10477323574526,9.447621102233553,5.2865700839352625,-0.14057297455453494,-0.007214021813106725,0.029696875205318867,1,0
2025-11-27 16:18:40.104971,5,12.896311467849682,80.10485600932894,14.998039673416695,0.647135883938809,-0.0026585944537163915,-0.06621850012493637,0.06107084051896231,1,0
2025-11-27 16:18:41.104971,5,12.896244576543243,80.10492182870077,10.317852842138137,-1.246536735803403,0.02639491472846277,-0.03825819340446807,0.08967427662173105,1,0
2025-11-27 16:18:42.104971,5,12.8961588711503,80.10499937231675,12.72111071345778,1.1938049643025073,0.1693908693126767,-0.09420159966333218,0.07891892314409835,1,0
2025-11-27 16:18:43.104971,5,12.896069865139898,80.10508222596589,13.379137327437904,-0.06930448931342603,-0.23349508248015083,0.024531909716090525,0.058343863525579284,1,0
2025-11-27 16:18:44.104971,5,12.895988375544858,80.1051566221637,12.143354895882114,-2.228972465621342,0.11392272127754026,0.045390570119425946,0.07790124369269041,1,0
2025-11-27 16:18:45.104971,5,12.89593139805562,80.10521173662289,8.717629044611543,-0.6524027298607865,-0.2556896068830275,0.008001927822441274,0.04749713054972126,1,0
2025-11-27 16:18:46.104971,5,12.895855755855523,80.1052776786821,11.05011739589215,5.529372403511395,-0.1805884512960713,0.02139286348064251,0.11265353532792106,1,0
2025-11-27 16:18:47.104971,5,12.895730477569769,80.10540150864477,19.365987244076997,-1.2828636530059403,-0.16953195117644476,-0.02824995428754229,0.02310058543292818,1,0
2025-11-27 16:18:48.104971,5,12.895676182327778,80.10545643249608,8.48831675417038,-2.3181007614276363,-0.19009657431533425,-0.08115959767622688,0.12757794757184437,1,0
2025-11-27 16:18:49.104971,5,12.895582707995239,80.10555683663115,15.065725011404794,-1.8121215878144215,0.1310935741215735,-0.027972489766290146,0.09477566823324536,1,0
2025-11-27 16:18:50.104971,5,12.89555482907232,80.10559077224414,4.815767105719528,-2.679781883616809,-0.20926015713425236,-0.011846403698441733,0.0909486744987333,1,0
2025-11-27 16:18:51.104971,5,12.89550023042171,80.10566207946724,9.839310662864584,1.6155336299811804,0.014079711369059243,-0.07168702841693254,0.0016784676121950177,1,0
2025-11-27 16:18:52.104971,5,12.895451764146705,80.10571872530751,8.178684444562295,0.604996177062441,-0.08798429549168788,-0.019318208797603244,0.05421519396875308,1,0
2025-11-27 16:18:53.104971,5,12.895381458804431,80.10579743731248,11.58461473083029,4.392701802891406,-0.07584957245975671,-0.0005478089204712655,0.10039865257105293,1,0
2025-11-27 16:18:54.104971,5,12.895272702575326,80.10590308535184,16.673221432431326,4.622526220664851,-0.0724347263993043,0.06632840903724796,0.03758224876065501,1,0
2025-11-27 16:18:55.104971,5,12.89513838536007,80.106041661838,21.205712842289973,-1.7475029550196501,0.1432866221228851,0.056358639022287486,0.07029262605084086,1,0
2025-11-27 16:18:56.104971,5,12.895056367693973,80.10611865938186,12.37611560504289,-4.830226983032376,0.11602518298430667,0.06501999960136051,0.05099145620549066,1,0
2025-11-27 16:18:57.104971,5,12.894984892782917,80.10619242032318,11.285807392548339,0.33180483260602256,-0.06885474772958798,-0.14049485572904435,0.023344097639338444,1,0
2025-11-27 16:18:58.104971,5,12.89490705768304,80.1062845178122,13.226771476241355,-0.23681928955164855,0.2775040672153167,0.015853052813958164,0.11340733035356261,1,0
2025-11-27 16:18:59.104971,5,12.8948410542947,80.10636039083766,11.034905816308012,0.40352576589207756,-0.09014941606319422,-0.02229867491091529,0.024803766271846158,1,0
2025-11-27 16:19:00.104971,5,12.89475805583521,80.10645856235763,14.101291340729254,2.7382378905909506,-0.0457309128906519,0.025572139601170295,0.09440527945136884,1,0
2025-11-27 16:19:01.104971,5,12.894656989481733,80.10656662874283,16.250755022451497,0.8695605618766906,0.17719784371121325,-0.035613049271377525,0.03495546908100313,1,0
2025-11-27 16:19:02.104971,5,12.894555626532874,80.10667334411218,16.16831346130056,-5.375143380704963,-0.03322412653526043,-0.045221373355953054,0.05819633989726672,1,0
2025-11-27 16:19:03.104971,5,12.894522123646375,80.10671437330228,5.8078302830058,-1.7627609530943387,0.09207747449525847,0.061184404056522826,0.05968667861213173,1,0
2025-11-27 16:19:04.104971,5,12.89444144302981,80.10679894914577,12.840950800533173,4.181949197896105,-0.13121674975261882,-0.05749897616552291,0.08834632664027325,1,0
2025-11-27 16:19:05.104971,5,12.894360188284262,80.10690463049924,14.60558223060884,-0.841254387813074,0.16646187275664615,-0.051930718621901704,0.09536360066667174,1,0
2025-11-27 16:19:06.104971,5,12.894298599406888,80.10698799593258,11.350651832575707,-2.2121565932414864,-0.015686037073137097,-0.01574134922729365,0.01422636985390818,1,0
2025-11-27 16:19:07.104971,5,12.894243558143963,80.10705881791935,9.828598323720993,-1.6733588230746466,0.16890806811066902,-0.03616480794733919,0.09316978537054263,1,0
2025-11-27 16:19:08.104971,5,12.894195998665465,80.10712047922893,8.532204330258768,2.590434130877495,0.08248939829260493,0.06424108238067158,0.10119865083934428,1,0
2025-11-27 16:19:09.104971,5,12.894102830650082,80.1072166439262,14.712418914562935,3.695935248612659,-0.1405721543622499,0.0853672610760044,0.05353065346466897,1,0
2025-11-27 16:19:10.104971,5,12.894000406497907,80.1073224418157,16.18018831064507,-1.4025643098745961,0.23753714817337293,-0.015213129500879746,0.07405591421569735,1,0
2025-11-27 16:19:11.104971,5,12.893914583423825,80.10739273298161,12.225073401075033,-1.9131323791793677,-0.13879940744752697,0.02477563353070639,0.015503440814504318,1,0
2025-11-27 16:19:12.104971,5,12.893826804123316,80.10747133874823,12.970663817701787,-2.8756599407658996,0.24698073322672504,-0.089140583599019,0.02541389885548276,1,0
2025-11-27 16:19:13.104971,5,12.893778256896603,80.10751069433124,6.887927909859796,-0.5552573391272393,-0.15437220416139966,0.03785442974517814,0.05647725847989769,1,0
2025-11-27 16:19:14.104971,5,12.893694515913332,80.10757316599837,11.526216183145468,3.654231730829698,0.18900074952590498,-0.1040041814988822,0.09478262466188957,1,0
2025-11-27 16:19:15.104971,5,12.89359987808289,80.10765730063308,13.940465991632415,-0.35909655427802345,0.23533869647172487,-0.07893716171598812,0.11003495276660347,1,0
2025-11-27 16:19:16.104971,5,12.893520994641094,80.1077190396457,11.045039142835703,-0.9912691645991807,-0.11392538334312821,0.10556788306147395,0.057523360715672496,1,0
2025-11-27 16:19:17.104971,5,12.893427610383329,80.10778095309064,12.377507998932886,-0.5725910352787023,0.05066414228163052,0.0922703076864057,0.07159535407226297,1,0
2025-11-27 16:19:18.104971,5,12.89335929729498,80.10783120606374,9.357640457258954,0.7088828026417335,0.0535316475792832,0.06790614525417002,0.09501556847944599,1,0
2025-11-27 16:19:19.104971,5,12.89325522181851,80.10789951322751,13.753802815336131,-0.5312604342894569,-0.15030146452832088,-0.014505302192099487,0.09315918748662441,1,0
2025-11-27 16:19:20.104971,5,12.893200122120426,80.1079424039454,7.699551939662976,1.2498955001864613,-0.1991708981753764,-0.03972761613380038,0.057936363591687044,1,0
2025-11-27 16:19:21.104971,5,12.89308028541167,80.10803457933575,16.67341278200946,2.224041111467336,-0.18238567163491506,-0.04841948679164942,0.0285569417974054,1,0
2025-11-27 16:19:22.104971,5,12.892997263392102,80.10809787531447,11.51471166930977,-5.018311674033626,-0.2287135118284416,-0.04983101230152567,0.10739911599722797,1,0
2025-11-27 16:19:23.104971,5,12.892953250410176,80.10813310551079,6.214473061859877,-2.8409886565440576,0.020060078933266497,0.05345105363905178,0.09566962750799647,1,0
2025-11-27 16:19:24.104971,5,12.89290840352442,80.10816795106699,6.26263256236437,5.5511212678534445,0.04636028890149582,0.038228080547224125,0.027865339907194253,1,0
2025-11-27 16:19:25.104971,5,12.892781978974716,80.10825145111278,16.73803190018046,1.1686217114146658,-0.15833126695785862,0.08737819463955629,0.08277843703912774,1,0
2025-11-27 16:19:26.104971,5,12.892716951927918,80.10829449393147,8.614820262941311,-4.437193995110736,0.11266349912733246,0.08659654438618661,0.07813634671104766,1,0
2025-11-27 16:19:27.104971,5,12.892642978499952,80.10832717298835,8.96577163513217,-0.5292330238674487,0.09575384882134283,0.113094455505299,0.07968016619025046,1,0
2025-11-27 16:19:28.104971,5,12.892584831458938,80.1083530771504,7.056905122017235,3.782876868364165,-0.05028454463147863,-0.039440446317501196,0.10764102472138609,1,0
2025-11-27 16:19:29.104971,5,12.89244651093052,80.10841093102657,16.628414562744297,2.8842263973985185,0.22802114252377165,0.05891432005376361,0.06135442867607107,1,0
2025-11-27 16:19:30.104971,5,12.892344715836693,80.1084465462731,11.97271473967273,-3.9046928810957016,-0.22970444156014377,0.06844083646216445,0.10792837502016087,1,0
2025-11-27 16:19:31.104971,5,12.89226584176326,80.1084667986299,9.051103404251748,-1.391072363139657,-0.08036431884014356,0.11671385177189247,0.046430524968078146,1,0
2025-11-27 16:19:32.104971,5,12.892183388815283,80.1084899536628,9.516348768671449,4.079433746468715,-0.02720857803106919,-0.028629134376909088,0.10516006899644313,1,0
2025-11-27 16:19:33.104971,5,12.892038110091056,80.10853097074019,16.77370341554169,-0.6355431083806767,-0.10029591750149702,-0.028362952923877284,0.11809972579589265,1,0
2025-11-27 16:19:34.104971,5,12.891969057756281,80.10855650119426,8.170881253858493,-3.4554950315411004,-0.07737293406970008,-0.027426790422494962,0.11232038406856013,1,0
2025-11-27 16:19:35.104971,5,12.891883753844892,80.10858606223819,10.023171688293036,3.0612138815560113,-0.11170042247119884,0.07243251170939387,0.0907210048138431,1,0
2025-11-27 16:19:36.104971,5,12.891762811831628,80.10863938353918,14.653900045710163,4.9113061489041785,-0.09804541881959476,0.015031252207092408,0.09924878774690361,1,0
2025-11-27 16:19:37.104971,5,12.891595794154538,80.10871223468482,20.20319801672458,-0.9894525221370364,-0.005568589890017349,-0.03183940788861092,0.08497995946394565,1,0
2025-11-27 16:19:38.104971,5,12.891496251563282,80.10876245990167,12.348798307480157,-4.5452232668088,0.03553246058129509,-0.1220825899098969,0.09801392584100325,1,0
2025-11-27 16:19:39.104971,5,12.891403048808478,80.10880312821217,11.274828086323295,0.1117917914043573,-0.1053095636917089,0.08741002181985635,0.0088873928091227,1,0
2025-11-27 16:19:40.104971,5,12.891292050541914,80.10884246358302,13.072774303055613,4.109488157630598,0.01717861637916669,0.012326553351696511,0.10506256721801208,1,0
2025-11-27 16:19:41.104971,5,12.891128582422429,80.10891130255685,19.6707531977031,-1.3307484971637553,0.0329557604637245,0.035410295866988725,0.044257803173737856,1,0
2025-11-27 16:19:42.104971,5,12.891041139816872,80.10894849021751,10.537379444593462,-5.599670395988107,0.08246210949529303,0.03031912853896078,0.07183153763756536,1,0
2025-11-27 16:19:43.104971,5,12.89097220067557,80.10897949101287,8.37920038024454,-0.6242856955175806,0.15560515238514888,0.07768457922222213,0.06786167422097934,1,0
2025-11-27 16:19:44.104971,5,12.890890237246794,80.10901691025889,9.986858897290055,-0.7465697533168131,-0.033153528702414295,-0.0033726519240697105,0.09797147007489312,1,0
2025-11-27 16:19:45.104971,5,12.890829704952923,80.10904362240696,7.335424987302711,1.7116542348515846,-0.04570298786368861,0.011368387509092297,0.01319378371274782,1,0
2025-11-27 16:19:46.104971,5,12.890723255716622,80.10909160329446,12.94326299220445,1.7078342198954362,-0.07420825159186288,-0.08356063994173579,0.05718426444587102,1,0
2025-11-27 16:19:47.104971,5,12.890640045180772,80.10912900092052,10.112910430323783,1.6427804557531334,-0.020849267752685714,-0.0036090514203586006,0.08761777276021625,1,0
2025-11-27 16:19:48.104971,5,12.890511734169223,80.10919353458992,15.907779077662097,0.34754398517062246,0.17319816366410581,0.07616427120847379,0.011084689692386176,1,0
2025-11-27 16:19:49.104971,5,12.8904172080068,80.10923543268375,11.462812099273314,-1.701348831805079,-0.11339096188755912,0.0063974423820716275,0.028631898998976547,1,0
2025-11-27 16:19:50.104971,5,12.890317692065477,80.10928707553013,12.414808679552078,-1.265633683680068,0.017972323017607025,-0.009468021964600982,0.06593028404777498,1,0
2025-11-27 16:19:51.104971,5,12.890245835893282,80.10932650834435,9.071573861126339,-1.7833699337292854,-0.07460425328136136,-0.059865221458137705,0.07470287539549841,1,0
2025-11-27 16:19:52.104971,5,12.890178155534263,80.10937391153826,9.122623227616183,0.5088143321794664,-0.12312254713323079,-0.023638803202749054,0.04963207895795952,1,0
2025-11-27 16:19:53.104971,5,12.890097122929893,80.10942372710367,10.516188645925684,2.859017412375855,0.08762980782247172,0.05409345240245285,0.12652674523728427,1,0
2025-11-27 16:19:54.104971,5,12.88998591947321,80.10948011723073,13.808890710194376,3.299815519326604,-0.18170337651369636,0.08435984621145468,0.10012974379945712,1,0
2025-11-27 16:19:55.104971,5,12.889846083159869,80.10953783680588,16.779340199901917,-2.948457229100131,-0.07327137545536326,0.009066314351082568,0.04866511115247642,1,0
2025-11-27 16:19:56.104971,5,12.889778279063904,80.10956896244868,8.269156280023044,-2.411707237389152,-0.13997266098831604,-0.12062968997430304,0.01730218284729879,1,0
2025-11-27 16:19:57.104971,5,12.889682712479752,80.10961672741882,11.833888184340463,1.1753906488804522,0.04591108152060439,-0.036259408421809323,0.03314450628606055,1,0
2025-11-27 16:19:58.104971,5,12.889594007437436,80.1096582800645,10.855368654584465,-0.15489767357420808,-0.2760356344435751,0.08515580328157794,0.08084967535531912,1,0
2025-11-27 16:19:59.104971,5,12.889497575483112,80.10970195121753,11.734237708018005,1.6411002083242296,0.03007852116726855,0.11575154735874496,0.048035361503106076,1,0
2025-11-27 16:20:00.104971,5,12.889375892312868,80.10974322557651,14.266986553243967,0.6210551255155815,0.014969096012398757,0.05288180965872742,0.03200932728061465,1,0
2025-11-27 16:20:01.104971,5,12.88925982688279,80.10978917476358,13.849080088087238,-0.9253185285162935,-0.051610447897047405,-0.04438159010323946,0.11362631275465981,1,0
2025-11-27 16:20:02.104971,5,12.889161591287314,80.10982620577195,11.650476593889625,2.727109107930686,-0.005759718852486165,0.06591394630557912,0.10971484184395702,1,0
2025-11-27 16:20:03.104971,5,12.888997212048544,80.10988443066348,19.358720595072406,-0.9869473254709243,-0.006946108709506955,-0.042902021377197175,0.05922236691909741,1,0
2025-11-27 16:20:04.104971,5,12.888919979851671,80.10991937894843,9.39671112476973,-1.377948473344909,0.12750732952582125,-0.06725495246187134,0.09149101177478894,1,0
2025-11-27 16:20:05.104971,5,12.888789820999543,80.10997070452876,15.522806648333905,3.873146998316174,-0.12198098874155082,-0.045092660637740575,0.06674734554847857,1,0
2025-11-27 16:20:06.104971,5,12.888642716057266,80.1100293243355,17.567736349307342,-2.6093432991384162,0.12940308718851537,0.05039035351728255,0.07018499925039341,1,0
2025-11-27 16:20:07.104971,5,12.88855212444746,80.11006121576699,10.66189068762718,-4.154688960684045,-0.15415758026595677,0.10367634881799728,0.10171126071017803,1,0
2025-11-27 16:20:08.104971,5,12.888473560263597,80.11008117046768,9.009825820782481,-1.5207418706000424,-0.3039205338216658,0.044184782931114226,0.060214521518272016,1,0
2025-11-27 16:20:09.104971,5,12.888405764918367,80.11009643586051,7.726626163103028,0.25603647874905766,-0.12501057170734395,0.015087874198171987,0.08363594891154577,1,0
2025-11-27 16:20:10.104971,5,12.888326436449908,80.11012018918522,9.199311648052673,2.528346261477374,-0.05185822133791908,-0.08267032020746491,0.07544628574453775,1,0
2025-11-27 16:20:11.104971,5,12.888217302797976,80.1101603378663,12.906281811666009,1.4944337958240277,0.0020899562241875314,-0.006139198049356469,0.062473560859240974,1,0
2025-11-27 16:20:12.104971,5,12.888112353059274,80.11019472639093,12.264460147555887,-1.3507478248019462,-0.020113917835889988,0.04208285311792431,0.08847806273760717,1,0
2025-11-27 16:20:13.104971,5,12.888020367457505,80.11021394770401,10.450096747062968,1.2892881275857584,-0.029667538278360016,0.04166284462953093,0.02416075104760905,1,0
2025-11-27 16:20:14.104971,5,12.88788951111716,80.11023382662619,14.72577333509295,-1.7866618776441134,-0.09521498530107494,0.06783346681430898,0.11987013133221402,1,0
2025-11-27 16:20:15.104971,5,12.88782618608075,80.11024724088901,7.198055322462548,-3.8633297087524667,0.008024334153418817,-0.1829847389808299,0.09732225988203633,1,0
2025-11-27 16:20:16.104971,5,12.887766337314382,80.11026593262034,6.964262122069231,0.19614819225285024,0.09765583512541617,-0.11892164803979755,0.040450250941815764,1,0
2025-11-27 16:20:17.104971,5,12.887700788301416,80.11027900394109,7.433491661380341,0.4756284251149725,-0.0026999003377662467,0.20307283522897773,0.08795819866080268,1,0
2025-11-27 16:20:18.104971,5,12.88763074076482,80.11028881445495,7.870023128244408,2.369546498731219,-0.003836190818912508,0.05978423208471706,0.06111797744765328,1,0
2025-11-27 16:20:19.104971,5,12.88751743298087,80.11031693802529,12.977342891152052,1.41091221826961,-0.1987001447816847,-0.08098158576169255,0.031061025079696294,1,0
2025-11-27 16:20:20.104971,5,12.887428775890067,80.11034421220273,10.30350318959892,-0.5845587582565528,-0.05444578156594115,-0.04911914526654277,0.08987366006551421,1,0
2025-11-27 16:20:21.104971,5,12.887329983146664,80.11036928775526,11.329214550348642,-0.4314881849958171,-0.23474704113307723,0.0775473300670326,0.1168893843028641,1,0
2025-11-27 16:20:22.104971,5,12.887249191139212,80.1103894768165,9.25673624746617,-1.2947908461377349,-0.09612474801668448,0.06446864760193469,0.060078833694612394,1,0
2025-11-27 16:20:23.104971,5,12.887171465179339,80.11040944748983,8.91969861343971,2.0287639204597574,0.069029742845859,-0.005602624019100366,0.06711924139324361,1,0
2025-11-27 16:20:24.104971,5,12.887055435378585,80.11043909774651,13.311119871088016,-0.2395922615406568,0.17179634058597842,0.06675913945727363,0.045779676133952577,1,0
2025-11-27 16:20:25.104971,5,12.886978206434668,80.11045594912781,8.789437865101464,-0.9974715224290426,0.001983235268517251,-0.053114752556144444,0.024316349633868042,1,0
2025-11-27 16:20:26.104971,5,12.886876949618449,80.11048586981795,11.730182174221461,-0.2516226423437625,-0.3617678967260086,-0.02494866250596181,0.055519897702222175,1,0
2025-11-27 16:20:27.104971,5,12.886800332989342,80.11051421887139,9.066760599147099,2.1754340475449263,-0.03539200092138051,-0.06963746041651242,0.07770972035784439,1,0
2025-11-27 16:20:28.104971,5,12.886664194435484,80.11056673394995,16.190889453367536,-2.567391990439825,0.18765502064993503,0.030854578203041515,0.09373789640471218,1,0
2025-11-27 16:20:29.104971,5,12.88662826339797,80.11057825208253,4.190567908773632,-0.8782031916986229,-0.09844012043996765,0.025354218400081105,0.08656228041114472,1,0
2025-11-27 16:20:30.104971,5,12.886497885662765,80.11060647286655,14.833189727838676,1.8689475527271553,-0.007339716472567528,-0.041957292279731884,0.10196435842414568,1,0
2025-11-27 16:20:31.104971,5,12.886427942767025,80.11062693905049,8.09657096918272,-4.562852374069508,0.05372295648224111,0.025598694418313105,0.1065684227549258,1,0
2025-11-27 16:20:32.104971,5,12.886376638983048,80.11063981325287,5.879513772232222,1.0714548051430948,0.27351820855337367,0.10587709080033289,0.09025219453614663,1,0
2025-11-27 16:20:33.104971,5,12.886280254805643,80.11065405147345,10.84015341087388,0.6587313152388379,-0.0950465842329551,0.11622825694554532,0.04320001167597313,1,0
2025-11-27 16:20:34.104971,5,12.886214943714197,80.11066354867653,7.343105671388869,-1.9852532258203783,0.2385428110020248,-0.022454056254149216,0.10755800025463061,1,0
2025-11-27 16:20:35.104971,5,12.886158318865917,80.11066640092953,6.3110718042953895,2.4666140895850006,0.16360473872735048,0.0026760334219852674,0.022280174831399782,1,0
2025-11-27 16:20:36.104971,5,12.88604841585224,80.11067245681156,12.252038580218564,1.709846339613788,0.16204170421862238,0.029328474335820913,0.07966248142839119,1,0
2025-11-27 16:20:37.104971,5,12.885963040424237,80.11067390160089,9.505285626395725,-0.5009006410341283,0.13584756139997153,0.06169860344151695,0.07880152681509206,1,0
2025-11-27 16:20:38.104971,5,12.885860584169487,80.11067710617536,11.410729925485498,1.5609501072047864,0.2291641660566333,-0.025943363246325866,0.06493100750125472,1,0
2025-11-27 16:20:39.104971,5,12.88574446917434,80.11067731111292,12.925940389195098,-1.9287220120726247,0.0029393385523093694,0.0900286908161034,0.11157152155710674,1,0
2025-11-27 16:20:40.104971,5,12.88567872656266,80.1106804622581,7.326451129136818,-0.07605407576942447,0.17610764692200925,-0.022667775389364243,0.09956095076841925,1,0
2025-11-27 16:20:41.104971,5,12.885570047021947,80.11069073600135,12.149461466066157,3.286605816162095,0.06727066807612293,-0.01844943654400017,0.051553697963904625,1,0
2025-11-27 16:20:42.104971,5,12.885450786522505,80.1106920925695,13.276894851748136,-0.922998327621281,-0.059143797189108664,0.005644609108659024,0.037195467873642044,1,0
2025-11-27 16:20:43.104971,5,12.885355982675696,80.11069946536014,10.583844570768946,-2.5314696948887994,-0.28630870050481505,-0.010816723679249091,0.10586277656342426,1,0
2025-11-27 16:20:44.104971,5,12.88527745579581,80.11070531828571,8.76465326423175,-0.00948682226928163,0.1807719008163138,-0.08152370943071591,0.02458702889698281,1,0
2025-11-27 16:20:45.104971,5,12.885180292396665,80.11071211164182,10.841320027797888,1.6756853582368614,0.02802556123019,0.02301514098755444,0.0631466519092954,1,0
2025-11-27 16:20:46.104971,5,12.885071320122348,80.11071215303224,12.13079440843726,0.8249028173863375,-0.2520049165527298,0.080657924763595,0.07873879051476666,1,0
2025-11-27 16:20:47.104971,5,12.88495674907448,80.1107046571374,12.779959603645773,-0.5493940198539715,0.03168569365948921,0.0969610951956679,0.06373101765072466,1,0
2025-11-27 16:20:48.104971,5,12.88485357302777,80.11069567243929,11.526861646796009,-0.8866330007093179,-0.0625808231553343,0.011701852836666063,0.05075483886134409,1,0
2025-11-27 16:20:49.104971,5,12.884758675728316,80.1106871097349,10.604750087298056,-0.981762714730108,0.05094112710716955,-0.0077560814257748925,0.09482827157084814,1,0
2025-11-27 16:20:50.104971,5,12.884669887049684,80.11067467655171,9.975608076557613,0.7773277050827111,0.2784690760039595,0.06619368932708955,0.10720476435377006,1,0
2025-11-27 16:20:51.104971,5,12.884563765370203,80.11065338770234,12.037209899185248,2.3773040025511074,-0.09214199827612601,0.020660956759278645,0.08787035257584097,1,0
2025-11-27 16:20:52.104971,5,12.884432176202244,80.11063442032112,14.79239016443631,1.0132292545972197,-0.18266006905653842,0.0212187036618902,0.024458139960431616,1,0
2025-11-27 16:20:53.104971,5,12.884308176604636,80.11061286258632,14.000444890256414,0.19502374874552164,0.14511663774834663,0.12113088449530444,0.12990960603260965,1,0
2025-11-27 16:20:54.104971,5,12.884180177051281,80.11058420282686,14.584338996945569,-2.4999901016423975,-0.09001190399561003,0.08588101971500821,0.09756765065164673,1,0
2025-11-27 16:20:55.104971,5,12.884100823037507,80.11055945234517,9.23293345176541,-0.5149617117295423,0.18309753049532787,0.07235645866402095,0.06781418319996996,1,0
2025-11-27 16:20:56.104971,5,12.8839773605706,80.11050728809354,14.86382690461874,3.4789742367235568,-0.24010219313272962,-0.004325691728688248,0.010586753548824449,1,0
2025-11-27 16:20:57.104971,5,12.883838269246139,80.1104524302429,16.588484014147134,-0.5424933725477402,-0.002567103842793726,-0.016593469334370708,0.07109498632172803,1,0
2025-11-27 16:20:58.104971,5,12.88372140334045,80.11040808273398,13.871001422258932,-2.5769301250058962,0.08392143217720582,-0.06699595355445173,0.0861367591253496,1,0
2025-11-27 16:20:59.104971,5,12.883621367659583,80.11037925016564,11.567123912447991,-0.6947325740515401,0.07883894130961022,0.03315431064998614,0.05620157164083163,1,0
2025-11-27 16:21:00.104971,5,12.883513381108054,80.11034578511686,12.557568170687215,-0.5116057413903721,0.054005174597804,0.03519671471367204,0.0437156854372742,1,0
2025-11-27 16:21:01.104971,5,12.88341594112388,80.11032184160646,11.153839810245046,-2.052993504682739,0.3394564803870925,-0.10888323260223992,0.05211461003090609,1,0
2025-11-27 16:21:02.104971,5,12.883338822489147,80.11031513894385,8.615600568837696,-0.14684349640226668,-0.16851535054607336,-0.2852949179278014,0.040774368889933174,1,0
2025-11-27 16:21:03.104971,5,12.883242664805339,80.11032085432291,10.722224319878586,3.9031415499121582,-0.2924132529442158,-0.05309863510928812,0.031088269836642597,1,0
2025-11-27 16:21:04.104971,5,12.883100246066068,80.11030808247173,15.914512758138422,-2.3460155497168342,0.004823165720531288,0.11629122692043065,0.07490029136864636,1,0
2025-11-27 16:21:05.104971,5,12.883052672570495,80.11030214902173,5.3348756471184355,-3.4364445224551563,0.09430207975951126,-0.009798655877522142,0.04600336635324652,1,0
2025-11-27 16:21:06.104971,5,12.882974258411638,80.11029797417399,8.740811522306437,4.289799820447382,0.14750978669400702,0.01316937061667315,0.05006733724842459,1,0
2025-11-27 16:21:07.104971,5,12.882850733829272,80.110292533063,13.76342623709468,2.4264740688497697,-0.11252477103822797,-0.04276844401979711,0.07739583993145979,1,0
2025-11-27 16:21:08.104971,5,12.882726378315237,80.11027996572876,13.910262337779876,0.39815478215909533,0.002985407687516622,-0.009853393643560531,0.07709521877331293,1,0
2025-11-27 16:21:09.104971,5,12.882602656981215,80.11027982629648,13.772667213808928,0.8856087400809473,-0.16382927112589557,-0.07860227381915925,0.01384475491367336,1,0
2025-11-27 16:21:10.104971,5,12.882465530651901,80.11028546337793,15.277153627976183,-1.6950800159825326,0.20287013887254632,-0.04362973150862476,0.07999138813146167,1,0
2025-11-27 16:21:11.104971,5,12.882365417115597,80.1102870026299,11.145890410195571,-1.0870535947677864,-0.0502939011265793,0.03862677244305683,0.06229401253846627,1,0
2025-11-27 16:21:12.104971,5,12.882251311088176,80.11027465316715,12.772773331628027,1.5530044627219817,-0.18518600489509418,0.10806071530531017,0.02901990772248882,1,0
2025-11-27 16:21:13.104971,5,12.882119474718298,80.11025653106087,14.807181666564457,2.3542695217340697,0.018169396550297694,0.059788122128990165,0.10574703163787566,1,0
2025-11-27 16:21:14.104971,5,12.881964885199263,80.11022605647632,17.52374274706508,-1.6425610454582649,0.2418508661489913,0.06834977138766479,0.09283192070707337,1,0
2025-11-27 16:21:15.104971,5,12.88186319344661,80.11020721906607,11.503390674677387,-6.794236878759248,-0.13884579034544126,0.003181545374673187,0.10711600970086145,1,0
2025-11-27 16:21:16.104971,5,12.881831049301374,80.1102006371746,3.6488664581672197,-1.4961969247461253,0.2724481211685131,0.1596624014894949,0.0375853265845522,1,0
2025-11-27 16:21:17.104971,5,12.881754028794816,80.11017609550136,8.977970923529469,3.573662682254256,-0.25342521377380123,0.16634274432149188,0.13899511813427273,1,0
2025-11-27 16:21:18.104971,5,12.881661887918122,80.11014308207322,10.864695715505722,-1.2514259745481826,-0.24931602378067613,0.03088062842318341,0.07204022727861333,1,0
2025-11-27 16:21:19.104971,5,12.881607318315753,80.11012393026034,6.42033410151734,0.48002961250217613,-0.003492790488409998,0.028221850214330282,0.06597347350790685,1,0
2025-11-27 16:21:20.104971,5,12.881507540864813,80.11009360130339,11.584530401498862,2.241434050166287,0.07534304536096886,-0.03191279177558079,0.08252916710545952,1,0
2025-11-27 16:21:21.104971,5,12.88141246466087,80.11006654732263,10.983472644160742,-0.7024629219488377,0.09552213857996075,0.0028289262831036888,0.047801520507942716,1,0
2025-11-27 16:21:22.104971,5,12.881325804016672,80.11004480843434,9.931278253016291,-2.370003975579172,0.06698495145694892,0.0544320795756809,0.11843138347601634,1,0
2025-11-27 16:21:23.104971,5,12.881276300143515,80.11002347840905,5.977099644411723,0.08605713891884213,0.3451743994984405,0.026156026122616086,0.10666960284219339,1,0
2025-11-27 16:21:24.104971,5,12.881191362909629,80.10999770005499,9.860304048614989,3.461865047312807,0.015902572009574494,-0.030507911243753717,0.02482827286339542,1,0
2025-11-27 16:21:25.104971,5,12.881080327839774,80.10995548479553,13.181959323278074,0.6415863400010329,-0.14396331758462247,0.06562969782194808,0.1346393273467068,1,0
2025-11-27 16:21:26.104971,5,12.880979958721955,80.10991812679586,11.885744031440737,-1.07720628173458,0.019173008669319137,-0.053281016685935156,0.06811990269166229,1,0
2025-11-27 16:21:27.104971,5,12.880891210856744,80.10987978892257,10.71956671526154,-0.3914282219769897,0.18554026700341278,-0.03630919763503801,0.04357659100876969,1,0
2025-11-27 16:21:28.104971,5,12.880805413441298,80.10982665268692,11.15644655386144,-0.9694379889622112,-0.12265935277617761,0.05265963556114106,0.08128701722271671,1,0
2025-11-27 16:21:29.104971,5,12.880742988802991,80.10979146746425,7.928882664384992,-1.0908788741998596,-0.16931430655749571,-0.15931683464663193,0.10825619070701617,1,0
2025-11-27 16:21:30.104971,5,12.880669854211996,80.109757306481,8.945511716146974,0.14440114527223646,-0.17946629959369564,-0.04515570650098351,0.07625022583240434,1,0
2025-11-27 16:21:31.104971,5,12.880592974390437,80.10972781824584,9.136880161147214,2.8511231781928985,-0.041373098717717736,-0.05945934129914697,0.04010367181308751,1,0
2025-11-27 16:21:32.104971,5,12.880465587299437,80.10969108242413,14.730352697791934,2.782594420917498,-0.09199726725763478,-0.1350713338321193,0.05052545474519374,1,0
2025-11-27 16:21:33.104971,5,12.88033727596522,80.10966348603246,14.594137962075198,-3.946580154266487,0.1802670827909486,-0.057476953492278264,0.053813485556917305,1,0
2025-11-27 16:21:34.104971,5,12.880274397921404,80.10965110051988,7.1274412757042835,1.1031302678859243,-0.16806721899411636,0.0364218682319094,0.019492997863641323,1,0
2025-11-27 16:21:35.104971,5,12.880133744056765,80.10961657751268,16.099489685007875,3.407847506220071,-0.08864202215599701,0.01817913191464727,0.1053425401057456,1,0
2025-11-27 16:21:36.104971,5,12.880009738407427,80.10959425610953,14.015192282162936,-3.751841164907924,0.13729219405709828,0.03918440738432803,0.07256141433519023,1,0
2025-11-27 16:21:37.104971,5,12.879939021883118,80.10958371517343,7.954826035133849,-3.198570587860598,0.2408790138909903,-0.08220971514866467,0.0659295835511885,1,0
2025-11-27 16:21:38.104971,5,12.87986745764303,80.10957938509998,7.980375245820037,2.8034056826626164,-0.14676489711041707,-0.080324955409006,0.1070359308362888,1,0
2025-11-27 16:21:39.104971,5,12.879748146969424,80.10956796414534,13.339357944264428,-0.7979779651988077,0.09267666218561212,0.0026461939127497835,0.04662304627178914,1,0
2025-11-27 16:21:40.104971,5,12.879684461603912,80.10956654169526,7.091134963297614,-1.3098360553369237,0.08241838168614792,-0.07176267753411829,0.10990396106824157,1,0
2025-11-27 16:21:41.104971,5,12.879594570228024,80.10956613787641,10.006803903536591,-0.28334399391443826,-0.03559566412582259,-0.07467167840883121,0.1320606566919008,1,0
2025-11-27 16:21:42.104971,5,12.879531651120441,80.10956335050935,7.0106825879921555,0.529998525787124,0.12304578151210656,0.056084940558424765,0.018278646775779284,1,0
2025-11-27 16:21:43.104971,5,12.87942893639357,80.1095585549691,11.446038257892248,5.470138236867431,0.4719055507151061,-0.08717724874853953,0.061294013225074225,1,0
2025-11-27 16:21:44.104971,5,12.879268380940218,80.10956584200808,17.89051584023659,3.0132745239039376,0.17783232096725782,-0.04630037920480069,0.05830597380952547,1,0
2025-11-27 16:21:45.104971,5,12.879113066756599,80.10956661861412,17.289780288708968,-1.949147317565617,-0.09354200055695107,-0.03116409054749006,0.043051788052623614,1,0
2025-11-27 16:21:46.104971,5,12.878988235104481,80.10956666123303,13.896260283185573,-4.242030133677122,0.30351731387772274,0.029755153333586908,0.034007213147722745,1,0
2025-11-27 16:21:47.104971,5,12.878910615926642,80.10956056509661,8.665851175490108,0.31199821650106885,0.03979797610430374,0.06983471341888227,0.10035342114158123,1,0
2025-11-27 16:21:48.104971,5,12.878781716267907,80.10954335914612,14.470065208337097,0.3565901272536887,0.007821867021011309,0.11492907645135182,0.04851724926729907,1,0
2025-11-27 16:21:49.104971,5,12.878697343354085,80.10952867886009,9.526521422897165,-3.769891483149581,0.16123014710775108,0.02703271745158856,0.02923282118252205,1,0
2025-11-27 16:21:50.104971,5,12.87863644540922,80.10951924186074,6.85606418019966,1.3352513934621066,0.13711897041117732,-0.025301202324951463,0.07487775418128309,1,0
2025-11-27 16:21:51.104971,5,12.878524449832542,80.1094897588308,12.871281089376154,2.6937764694655852,0.2438656670014405,0.15032067803580168,0.06847726417362382,1,0
2025-11-27 16:21:52.104971,5,12.878416189082529,80.10944511421094,12.98881565719569,0.5613730409654496,-0.11343464453800137,0.030926066631472078,0.0058510778072867545,1,0
2025-11-27 16:21:53.104971,5,12.878294211503112,80.10941109542692,14.071368933224935,-1.4373558938016844,-0.10591857339842,-0.06136985506475197,0.0857971468641775,1,0
2025-11-27 16:21:54.104971,5,12.878209348971842,80.10938740250636,9.790486525963072,-1.85985951262306,-0.018790041961107607,0.06971486691227916,0.0488344973170709,1,0
2025-11-27 16:21:55.104971,5,12.8781126561116,80.10935808610668,11.224090386812108,0.2936721127110633,-0.16186216084883648,0.12800452697204737,0.09339328254626439,1,0
2025-11-27 16:21:56.104971,5,12.878026703041364,80.1093286766506,10.086445652020732,0.17318601993221205,0.08770497922813314,0.010771783888042633,0.06883479154605934,1,0
2025-11-27 16:21:57.104971,5,12.877931257569267,80.10927975153682,11.877501749709827,-0.3660815823037763,-0.21107020698257,0.04771996105960467,0.09997783392784347,1,0
2025-11-27 16:21:58.104971,5,12.877851450849207,80.1092389508932,9.926134950047462,-0.7257659640323166,-0.08900953140562073,-0.0029785358281965105,0.08765619634185876,1,0
2025-11-27 16:21:59.104971,5,12.877768454531319,80.10919420728511,10.437177389784047,0.6543393015706013,0.054832728500278365,-0.07401147462839858,0.11960803278332632,1,0
2025-11-27 16:22:00.104971,5,12.877672519957532,80.10915123390075,11.65310220860817,0.2346452425424865,0.08840250576639147,-0.07709755181208439,0.0565951153788561,1,0
2025-11-27 16:22:01.104971,5,12.877580082913928,80.10910859743983,11.28232159637103,-0.9622783565196986,0.15290275209253126,0.0020903816799410085,0.08531835607529005,1,0
2025-11-27 16:22:02.104971,5,12.877506884642148,80.10906302212643,9.531747644915889,1.285276813805404,0.08573748013857103,0.02953156217711372,0.028234960857621505,1,0
2025-11-27 16:22:03.104971,5,12.877400555905561,80.10900769368028,13.272081276075603,-1.0762300800700921,-0.04878878453535026,-0.05156302492811197,0.09934254494497086,1,0
2025-11-27 16:22:04.104971,5,12.877343081450444,80.10897547051576,7.291169013860839,0.624608056096771,0.028351758336554653,0.003239221123448494,0.1341543366074246,1,0
2025-11-27 16:22:05.104971,5,12.877224701945805,80.10891221822199,14.858283018597117,2.6508827096167518,-0.18239559960235177,0.022537929305605355,0.08311067192084386,1,0
2025-11-27 16:22:06.104971,5,12.877127248636837,80.10885949684773,12.264510126048908,0.20886764362012644,0.0026972996114079622,-0.09075449806978216,0.06039011100441625,1,0
2025-11-27 16:22:07.104971,5,12.87701311997807,80.10878861762205,14.851476349715021,-0.8860111166437987,-0.07718327021999925,0.02480386477441006,0.06935401717159592,1,0
2025-11-27 16:22:08.104971,5,12.876928777115255,80.10873793294463,10.881295543558108,-1.892562363574473,-0.27500495536420555,0.03196533051302265,0.05689225999112889,1,0
2025-11-27 16:22:09.104971,5,12.876851210059254,80.10868478887035,10.383365294983943,0.12440870977891,0.3032719427970987,0.02319145689537939,0.09858891613591174,1,0
2025-11-27 16:22:10.104971,5,12.87676883637136,80.10862317474428,11.348397785345256,2.7886767713276317,-0.05269739193527866,0.04996546004992811,0.04977826179323754,1,0
2025-11-27 16:22:11.104971,5,12.876653976974849,80.10853947903162,15.683329332686611,1.5755326940477823,0.07878949600728138,-0.05859394205613028,0.11219098895701911,1,0
2025-11-27 16:22:12.104971,5,12.87654578909561,80.10846074523725,14.766061935372676,-3.203055566904564,-0.2889265230375737,-0.10148620222691164,0.06262530060120586,1,0
2025-11-27 16:22:13.104971,5,12.876471738795003,80.10840823836288,10.020683123730677,-0.8963762752520189,0.20377859962363543,-0.0629149231786646,0.07532463414685378,1,0
2025-11-27 16:22:14.104971,5,12.876376324478322,80.10834027147114,12.930962573762393,-2.7983282305375408,0.013704463436437815,-0.06970140813255545,0.07933480117400922,1,0
2025-11-27 16:22:15.104971,5,12.876347523494914,80.10831948398922,3.9201152994129735,1.0929325613706247,-0.021740013382318072,-0.046224815324763274,0.00838151563208999,1,0
2025-11-27 16:22:16.104971,5,12.876231412406115,80.10823846010729,15.632254170074633,3.7665784288526245,0.09431927814876886,0.0019579846397298813,0.09297425663039391,1,0
2025-11-27 16:22:17.104971,5,12.876144170451832,80.10817708901068,11.775687399113496,-2.4142797646730987,-0.029474575216543356,-0.040076537504387805,0.056929679279863504,1,0
2025-11-27 16:22:18.104971,5,12.87606069940347,80.10811937197596,11.205608041149782,-0.47308961149052975,-0.25628768659390033,-0.11355758577942118,0.11259681491454775,1,0
2025-11-27 16:22:19.104971,5,12.87596818310839,80.10806831124398,11.694722282280141,-2.730565720093527,0.12095581175104378,-0.07563416612279655,0.10632123554655956,1,0
2025-11-27 16:22:20.104971,5,12.875926736502985,80.10804377681912,5.326828800288869,-0.6899802292989263,-0.012812982643176688,0.04997012805965483,0.0325045228896443,1,0
2025-11-27 16:22:21.104971,5,12.875849415522893,80.10799273375908,10.235453026748562,4.8693655800779645,0.22739687840985484,0.01854998520480916,0.09962879482788554,1,0
2025-11-27 16:22:22.104971,5,12.875733510509582,80.10793273349178,14.452158498256946,0.5285293853908254,-0.24328038091163978,-0.05701705735878428,0.05614582350396263,1,0
2025-11-27 16:22:23.104971,5,12.87564328135484,80.10788699353513,11.203680397581149,-0.33382958435313165,0.1312237916182418,0.06310413665883725,0.1012939935019844,1,0
2025-11-27 16:22:24.104971,5,12.875538473700905,80.10781955715365,13.772092724378993,-1.6579813668751786,0.22547513030317012,-0.0345656794025519,0.09768112651500574,1,0
2025-11-27 16:22:25.104971,5,12.87546965955844,80.10778315012118,8.619082071918484,-0.1634006262485201,-0.11794851387982443,0.06459416382875802,0.07344804855658682,1,0
2025-11-27 16:22:26.104971,5,12.875364065198584,80.10772454063179,13.364928816746616,1.546883845500884,-0.04887336357691823,0.08304900716090804,0.04073503055123959,1,0
2025-11-27 16:22:27.104971,5,12.87526720938862,80.10767496774855,12.049364672710768,0.6882679883888003,-0.0379815161200114,0.01746892033181474,0.009405334872212248,1,0
2025-11-27 16:22:28.104971,5,12.8751502445876,80.1076183468046,14.39731805682596,0.7757841833621152,0.0679910675451836,-0.03123900800823773,0.045632576103945374,1,0
2025-11-27 16:22:29.104971,5,12.875042192772497,80.10756459014992,13.368128418244874,-0.7636837858459352,-0.1973130798077841,0.10257811829304618,0.01401641674046544,1,0
2025-11-27 16:22:30.104971,5,12.874942148341969,80.10750864668903,12.683942903925542,-0.9000965007284311,-0.3855691719827364,-0.04450693127122718,0.06438092504824414,1,0
2025-11-27 16:22:31.104971,5,12.874847718267818,80.10746249624347,11.64386779916547,0.8612780485194197,-0.20818531373572116,-0.08710275386111029,0.07757132419295218,1,0
2025-11-27 16:22:32.104971,5,12.874727683440167,80.10741921730715,14.163515983339352,1.8026622439638316,0.11220076683168352,0.003267419641073844,0.07966099766308733,1,0
2025-11-27 16:22:33.104971,5,12.874602544293156,80.10736521483358,15.112796922669403,-4.784767582766645,0.13533561187207824,0.05508837038857192,0.04100115326318223,1,0
2025-11-27 16:22:34.104971,5,12.874561370917233,80.10734677162978,5.001291394864651,0.15009442947445287,0.060598477664067556,-0.0206536293505587,0.012424979347775294,1,0
2025-11-27 16:22:35.104971,5,12.874438606962846,80.1072797981046,15.478261063737074,4.969211834456006,-0.09093275956341629,0.008791846448436027,0.08988970502279695,1,0
2025-11-27 16:22:36.104971,5,12.874319469023026,80.10722231078948,14.656228118527839,-0.8878112477835836,-0.06658357599023314,-0.03736888374034178,0.05173610814192156,1,0
2025-11-27 16:22:37.104971,5,12.874207362964517,80.10716527500696,13.930022415454372,-0.8257456519117157,-0.0656609288497319,0.08071913883249306,0.0015495166756954986,1,0
2025-11-27 16:23:04.104971,6,12.898012737360144,80.09787319838904,0.18774143866025947,-0.040411604648834934,0.030928124071085916,-0.08457166207840114,0.012761518315299121,0,0
2025-11-27 16:23:05.104971,6,12.898013337575986,80.09787319983657,0.06681621207663649,-0.2300245388043422,0.257911703361922,0.02232675944374782,0.021231773779819357,0,0
2025-11-27 16:23:06.104971,6,12.89801360877369,80.09787320476593,0.030194466605421466,0.06314449379575182,-0.16168926331871886,0.011739354141770741,0.003148083027731733,0,0
2025-11-27 16:23:07.104971,6,12.898014784388302,80.09787336283718,0.13198868664046395,-0.01644494335078313,0.0742728853273551,0.11799090803033557,0.02187456957368266,0,0
2025-11-27 16:23:08.104971,6,12.898016431394437,80.09787355391339,0.18451336829502796,0.07286269502979222,0.05312614951941648,0.0555975702558373,0.04149708037091087,0,0
2025-11-27 16:23:09.104971,6,12.898018825456747,80.09787410729321,0.27318811501306106,-0.3603234587441453,-0.15602388806637427,0.11894905236458866,0.01401266017619628,0,0
2025-11-27 16:23:10.104971,6,12.89801943227312,80.09787424721571,0.06923611102593219,-0.3257425839962978,0.013328424772511211,0.024903676508849903,0.03349277264339078,0,0
2025-11-27 16:23:11.104971,6,12.898021137402067,80.0978747222618,0.19668985397193128,-0.17455890606145305,-0.2081842676872392,0.0021457983996713142,0.007946682215157666,0,0
2025-11-27 16:23:12.104971,6,12.898021483538368,80.0978748524871,0.04104131426113037,-0.10369035988934289,-0.014677962384497537,0.039881355119122094,0.046475938921730756,0,0
2025-11-27 16:23:13.104971,6,12.898021794561545,80.09787496463065,0.03669931500345643,-0.08665944089895397,0.05226000048792473,-0.025865146082374137,0.01999401259750938,0,0
2025-11-27 16:23:14.104971,6,12.898021861142364,80.09787498820535,0.00784081722297346,-0.23885129151659307,0.24311309269120396,-0.02447526917817966,0.011182935251846242,0,0
2025-11-27 16:23:15.104971,6,12.898021889495766,80.0978749958876,0.0032645274327815165,0.3177272078927057,0.0978570046332924,-0.018394540472333628,0.04006870843314544,0,0
2025-11-27 16:23:16.104971,6,12.898023168479682,80.09787544806704,0.150594133762944,0.27656838551720514,-0.09601737896107898,-0.002089539258304275,0.007321182342569576,0,0
2025-11-27 16:23:17.104971,6,12.898023838821599,80.09787565427025,0.07790487265850603,0.19883205542459684,0.25716994193965687,-0.06119428567351099,0.02512587049631535,0,0
2025-11-27 16:23:18.104971,6,12.89802450431471,80.09787574897098,0.07479200209219784,0.6511595851195161,-0.04618180670422398,-0.20817593810638796,0.04081838906000495,0,0
2025-11-27 16:23:19.104971,6,12.898025448354957,80.09787577619852,0.10513208316457524,0.059253059926793916,-0.18665188982911152,-0.04005748826370794,0.011905779058907438,0,0
2025-11-27 16:23:20.104971,6,12.898027924478212,80.09787593537963,0.2761827099592247,0.06006242724721664,0.13243505654429674,-0.06995654553804975,0.031175858471334996,0,0
2025-11-27 16:23:21.104971,6,12.898028327101393,80.09787589925487,0.04499110448003397,0.1430107523590707,-0.049535536059724064,-0.06945658458390692,0.036915271761395696,0,0
2025-11-27 16:23:22.104971,6,12.898028901407681,80.0978758475322,0.06417766029789523,0.0481968482374829,-0.04633841763599086,-0.04199266688222796,0.022182101814365085,0,0
2025-11-27 16:23:23.104971,6,12.898030336802245,80.09787550854121,0.16396747315641835,0.40345872987999837,0.027532375858579556,-0.02106071528839583,0.030705032192693906,0,0
2025-11-27 16:23:24.104971,6,12.898031996278895,80.09787517373942,0.18827137718408535,0.20065930790980957,-0.21768762887445753,0.03560399840379182,0.033158197166388396,0,0
2025-11-27 16:23:25.104971,6,12.898034167832112,80.09787473417008,0.2463981440198795,-0.2996717334667158,0.24236882113404867,0.0043516273747347695,0.01818720414415047,0,0
2025-11-27 16:23:26.104971,6,12.898035319645007,80.09787448200125,0.13110706599667374,-0.1461941873188322,0.09344244989548316,-0.06740670661754147,0.0076109108026232355,0,0
2025-11-27 16:23:27.104971,6,12.898035807740621,80.09787431690577,0.057211957453643866,0.14288998117150573,-0.14349136038671897,-0.0011416661095961685,0.00932502377960047,0,0
2025-11-27 16:23:28.104971,6,12.898036062937571,80.09787425056207,0.02930649132505798,0.0564722856873563,-0.047996692882479645,0.12761822511784796,0.002101626364554078,0,0
2025-11-27 16:23:29.104971,6,12.898038333633888,80.09787382192266,0.2570175816967448,-0.19035852244998214,0.021111440521232035,0.129002700781509,0.00855541829024824,0,0
2025-11-27 16:23:30.104971,6,12.898039437957015,80.09787372588517,0.12337416444786911,0.21218414782226327,-0.05488681621658093,0.11768857707891235,0.00868311446032093,0,0
2025-11-27 16:23:31.104971,6,12.898039470557459,80.0978737231989,0.003640768708878783,-0.20823916881940538,-0.20749466187192045,0.01159095785913019,0.011112136513469659,0,0
2025-11-27 16:23:32.104971,6,12.898039692476384,80.09787369025254,0.02496135694261212,-0.2558573623380126,0.05832088046024313,-0.024631127079163602,0.01723932293175843,0,0
2025-11-27 16:23:33.104971,6,12.898039825029457,80.09787368157002,0.014785855352990106,0.09066679002350692,0.09432874249800736,0.05652553092207077,0.015015181571014492,0,0
2025-11-27 16:23:34.104971,6,12.898040471310567,80.09787357271252,0.07290727461745596,-0.3799384179144191,-0.07955646893726064,0.05241829198586416,0.01872758066226311,0,0
2025-11-27 16:23:35.104971,6,12.898041177391326,80.09787345247865,0.07967634673085158,-0.09088024830646807,-0.04048122774481423,0.02715728161417508,0.026242877882715763,0,0
2025-11-27 16:23:36.104971,6,12.898042391579706,80.09787327845399,0.1364761889682773,0.3674371025010895,0.1977943402185994,-0.08731148061692214,0.009457285016976692,0,0
2025-11-27 16:23:37.104971,6,12.898044744826533,80.09787299475391,0.2637660657037602,-0.247862072321066,-0.3227509852098525,-0.03414173075707398,0.01954448946628735,0,0
2025-11-27 16:23:38.104971,6,12.898046406629183,80.09787289659023,0.18529828532095702,0.23307424218512252,-0.29249363583061644,0.16573640572645668,0.005348143654449346,0,0
2025-11-27 16:23:39.104971,6,12.898047969708692,80.09787293369091,0.1740485771980881,0.16013219671032597,0.09853643938200975,0.044113990095231315,0.011369009112656288,0,0
2025-11-27 16:23:40.104971,6,12.898049131920217,80.09787306045142,0.13010652075120857,-0.2461109483868608,-0.05666793160223514,0.1397848850856404,0.012260101866280987,0,0
2025-11-27 16:23:41.104971,6,12.898051177069393,80.09787337582755,0.23022368809551594,-0.09939607789759632,0.22582200018992216,0.14739512701452379,0.005390903033772737,0,0
2025-11-27 16:23:42.104971,6,12.898052739503655,80.09787368169341,0.17706856692882444,-0.013071309566507913,-0.07811274460089768,0.018158770494515607,0.01853782803901902,0,0
2025-11-27 16:23:43.104971,6,12.898053876010461,80.09787391722402,0.12907160772244364,-0.6746730177795077,-0.0712333449400027,-0.014398451180055782,0.011308635620428225,0,0
2025-11-27 16:23:44.104971,6,12.898054391583607,80.09787403430506,0.05878292970285084,0.03126632965256407,0.06565633570324378,0.01808854901365711,0.0019998844404545742,0,0
2025-11-27 16:23:45.104971,6,12.898056776712506,80.09787472090262,0.27576746908452365,0.07671562726236403,-0.16252841005184096,-0.033260247107930796,0.0071678260089274365,0,0
2025-11-27 16:23:46.104971,6,12.89805798468495,80.09787502021861,0.13833827416909156,-0.5517438109514889,0.28014365873512015,-0.0704400666830951,0.0016911387957341015,0,0
2025-11-27 16:23:47.104971,6,12.898058181450349,80.09787504510722,0.022069790410205282,0.25467857106627784,-0.10442649842901057,-0.03885058927091891,0.009877415631490683,0,0
2025-11-27 16:23:48.104971,6,12.898060737924368,80.09787550420117,0.2889140070860399,-0.051699989976748656,0.04231671041565376,0.07122220751297205,0.0009051499211741459,0,0
2025-11-27 16:23:49.104971,6,12.898060940011739,80.09787555993803,0.023295186904352092,0.15382035893678395,-0.06349969928278719,0.1568039042763415,0.019921691497462406,0,0
2025-11-27 16:23:50.104971,6,12.898062645681776,80.09787621954959,0.20291774146326652,0.1904323122760025,0.017542101377772717,-0.05343180521422338,0.01493817982886505,0,0
2025-11-27 16:23:51.104971,6,12.898063759478774,80.0978764796956,0.12716075894710577,0.0910397316078154,-0.2286126664583764,-0.05545706673036772,0.029070723098640977,0,0
2025-11-27 16:23:52.104971,6,12.898064392112804,80.09787666763495,0.07331815423977249,-0.11056001272984073,0.22776579979395697,-0.014997558160364709,0.019105094661447174,0,0
2025-11-27 16:23:53.104971,6,12.898065634220808,80.09787705686033,0.14457808151231386,0.0717024711404206,-0.006282992175910145,0.028137083031361323,0.03034920375800872,0,0
2025-11-27 16:23:54.104971,6,12.898066003584741,80.0978771451407,0.042218735948225325,0.14067262452296628,0.035757735665255794,0.0913736026330497,0.015476797246068935,0,0
2025-11-27 16:23:55.104971,6,12.898067378024008,80.09787770051224,0.16444314547521868,-0.035234302148921315,0.13050315165358845,0.06836202754762753,0.030810122311519965,0,0
2025-11-27 16:23:56.104971,6,12.898067866650416,80.09787792196296,0.05946538150440484,0.17980033726267453,-0.021944124542571147,0.14084074169818028,0.028235779029540692,0,0
2025-11-27 16:23:57.104971,6,12.898069990460646,80.0978791661757,0.2722565435469905,0.20503681916380195,0.04632710348976398,0.06347368817267104,0.03310813326453954,0,0
2025-11-27 16:23:58.104971,6,12.898071964567594,80.09788025236531,0.24936976012670653,-0.5008170408744012,-0.14627655777751525,0.005885649109857453,0.026930861654334906,0,0
2025-11-27 16:23:59.104971,6,12.898072208401588,80.09788040621959,0.03186684058601425,0.06256576474442004,-0.029007447907186377,0.13869396004128318,0.02440234476249858,0,0
2025-11-27 16:24:00.104971,6,12.898073601292051,80.09788149518482,0.19495001506543233,-0.031045060277920714,0.13642922352805345,0.023167387199891306,0.015595429096180136,0,0
2025-11-27 16:24:01.104971,6,12.898074760583674,80.09788227935542,0.15458022393117235,0.03584983870324042,-0.2942756372293753,-0.05103579484793024,0.025435681527354547,0,0
2025-11-27 16:24:02.104971,6,12.898077028918669,80.09788364005564,0.29251110020646487,-0.01694493570225448,-0.22767710679627526,-0.12869175107022476,0.053853259570907794,0,0
2025-11-27 16:24:03.104971,6,12.898077586029993,80.09788385032245,0.06608154970786681,-0.3935172503261657,0.0011482305690828686,-0.19064361105924169,0.01115931796087964,0,0
2025-11-27 16:24:04.104971,6,12.898079569509385,80.09788445576652,0.23036755753442834,0.07146857834283446,-0.18544028599747933,0.0023164926073540523,0.019332568721277824,0,0
2025-11-27 16:24:05.104971,6,12.898079792339031,80.09788455070476,0.026859564554801773,-0.1916790885278068,0.11458064493989881,-0.026046959810602663,0.019457463698343044,0,0
2025-11-27 16:24:06.104971,6,12.898081509767303,80.09788536918403,0.21080638863244003,0.15098955343372183,-0.2695798320439682,0.12452880058326071,0.0007082285949937421,0,0
2025-11-27 16:24:07.104971,6,12.898082403719897,80.09788578111927,0.1090928596154654,-0.22480107032496427,-0.09471109389040949,-0.0029295732720185305,0.006430750149373458,0,0
2025-11-27 16:24:08.104971,6,12.898083095800978,80.09788605050612,0.08240159439589975,0.05852940082415674,0.34186208228700954,-0.06816480153325395,0.0037474310720759674,0,0
2025-11-27 16:24:09.104971,6,12.898085124035076,80.09788671346378,0.23696645967766755,0.10635387656447721,0.1499800712722181,0.03352139960054105,0.011690652821432192,0,0
2025-11-27 16:24:10.104971,6,12.898087364672278,80.09788778334097,0.2751217018625094,-0.19144767666700982,0.004078035185106873,0.03276403396056368,0.011267096750302899,0,0
2025-11-27 16:24:11.104971,6,12.898089100579304,80.09788847226935,0.2071972105342656,0.3095212802893501,0.03282487840242781,-0.04984703374109889,0.010994855728339248,0,0
2025-11-27 16:24:12.104971,6,12.898091238391624,80.09788927341339,0.2533623071402842,0.01248030213853088,-0.1363868532613443,-0.12071656031751317,0.018029280839086552,0,0
2025-11-27 16:24:13.104971,6,12.89809162525068,80.0978894186934,0.04585986515034533,-0.3205486998509857,0.02836215866858138,0.029758280881378975,0.016130755342191428,0,0
2025-11-27 16:24:14.104971,6,12.898091659708008,80.09788942980799,0.004020927662004336,-0.17977457703351668,-0.11053563053266728,-0.11660023457857985,0.01532912151829286,0,0
2025-11-27 16:24:15.104971,6,12.898092413768511,80.09788964729509,0.08719640261215728,0.04175041683172924,-0.031853960448608463,-0.049254587437305805,0.03065452841342093,0,0
2025-11-27 16:24:16.104971,6,12.898093600720536,80.09789003370503,0.138624832785925,0.26933134833824,-0.09552901444292392,0.011511375187538662,0.003347463330769039,0,0
2025-11-27 16:24:17.104971,6,12.898095365628564,80.09789059039474,0.20554636415391384,-0.16951092810183188,-0.10459810769901426,0.02837168040887153,0.013500623609654655,0,0
2025-11-27 16:24:18.104971,6,12.898095458319846,80.09789061841884,0.01075716081113247,-0.12107911475880828,-0.058998125057186164,0.07019560850556897,0.01234720315502076,0,0
2025-11-27 16:24:19.104971,6,12.898097473472546,80.0978913097036,0.23653613161985235,0.09277779141041628,0.13649480307986245,0.009065408673154484,0.01513370637490573,0,0
2025-11-27 16:24:20.104971,6,12.89809985175946,80.09789222355131,0.28271239153284095,-0.35203696049528893,0.31669212384001394,-0.04046135585516866,0.019957522741921405,0,0
2025-11-27 16:24:21.104971,6,12.898100555817638,80.09789247137532,0.08286086371904748,0.19954413675953736,0.16940229487880804,-0.04026247065153751,0.0025218678108761133,0,0
2025-11-27 16:24:22.104971,6,12.898102225051387,80.09789314376386,0.19963004215894223,-0.19068747530323776,0.0814639114353304,0.06501050138533669,0.01098193578911033,0,0
2025-11-27 16:24:23.104971,6,12.898104399870947,80.09789411762654,0.2641591863594342,-0.2622503665703094,-0.17676058249906287,0.023305726053129444,0.014517391362076856,0,0
2025-11-27 16:24:24.104971,6,12.89810643476426,80.09789485839893,0.24036339301880616,0.026087842291122328,-0.23666064338362858,0.005331134383539493,0.03077588127134231,0,0
2025-11-27 16:24:25.104971,6,12.898108423781327,80.09789565319477,0.23762099544325338,0.009450123836338434,-0.2527468010973005,-0.031101976684952803,0.0074557419433921995,0,0
2025-11-27 16:24:26.104971,6,12.898109818610347,80.09789612615575,0.1635341386462361,-0.32536364216201785,-0.06776068481965669,-0.022760834386805887,0.015728755305841606,0,0
2025-11-27 16:24:27.104971,6,12.898111385502485,80.09789694036348,0.1955260353859083,-0.0196569584180748,0.03112343922159191,-0.00015199445915528575,0.0032290163175301735,0,0
2025-11-27 16:24:28.104971,6,12.898112659559196,80.09789751023835,0.15472265319036566,-0.021580691726383314,0.018031890425711315,-0.0686128753736687,0.003098111703207766,0,0
2025-11-27 16:24:29.104971,6,12.898112865206663,80.09789756907216,0.023766189234523505,-0.011966136300130603,-0.0038802626832285976,-0.07735732787119128,0.001538122110332743,0,0
2025-11-27 16:24:30.104971,6,12.898113179783833,80.0978976423291,0.03590962731835629,0.021763451074747087,0.35576641030719225,-0.024438290580923887,0.00467807443189881,0,0
2025-11-27 16:24:31.104971,6,12.898115088777597,80.09789801863343,0.21639664851875234,0.22091441540023388,0.23498496193610566,-0.012647535170439421,0.003940210096718414,0,0
2025-11-27 16:24:32.104971,6,12.89811708646957,80.09789840157485,0.22623200535719185,-0.0362480652759985,-0.17663233755419094,0.051911727240083486,0.002475815002254884,0,0
2025-11-27 16:24:33.104971,6,12.898119231257697,80.09789850802004,0.2390370431015681,-0.15103218760248538,0.043495274429589274,-0.05322280292785062,0.00029835962113945166,0,0
2025-11-27 16:24:34.104971,6,12.898121336471451,80.09789869208753,0.235202001936077,-0.041364863911804425,-0.056729614705145474,0.044788064844205625,0.017922320437095032,0,0
2025-11-27 16:24:35.104971,6,12.898122565622002,80.09789887914684,0.13832641339843435,-0.10679021361019207,-0.034210824255260945,0.010856366015318364,0.025208501163550334,0,0
2025-11-27 16:24:36.104971,6,12.89812489855572,80.09789929835138,0.26365587338323243,0.1732548110152865,0.2203308741131885,0.019285006918541583,0.0011591957506224373,0,0
2025-11-27 16:24:37.104971,6,12.898125540857288,80.09789938843312,0.0721660785864095,-0.10591284508641571,0.0704272254558142,-0.08733441610993768,0.009176084637141197,0,0
2025-11-27 16:24:38.104971,6,12.898126085333042,80.09789944151669,0.060884134059410386,-0.213622507432352,-0.08263318555584818,-0.019785154240968744,0.020652250930673306,0,0
2025-11-27 16:24:39.104971,6,12.898127969615082,80.09789955441035,0.2101156893958274,-0.1312541866226239,-0.00592655471364538,-0.019699240759538356,0.03728964935323877,0,0
2025-11-27 16:24:40.104971,6,12.898128203379244,80.09789955718246,0.026024365077914523,0.20917864311469203,-0.13188204583999602,0.02956933314822609,0.005146036804518659,0,0
2025-11-27 16:24:41.104971,6,12.898130000659362,80.09789963629963,0.20025733069758256,0.17268826565078402,-0.17777359871590598,0.044219643256334235,0.011851819661082442,0,0
2025-11-27 16:24:42.104971,6,12.898130483319358,80.09789966886646,0.05384579867761737,0.06494008424605549,0.0025597750531454245,0.08376086832888996,0.03423516575352559,0,0
2025-11-27 16:24:43.104971,6,12.898132744000117,80.09789985432751,0.25246236045893716,0.31923263304736377,-0.08892102873204148,0.04355126450695631,0.018386375637312238,0,0
2025-11-27 16:24:44.104971,6,12.898132888703373,80.09789987286065,0.016233416418064462,0.14544435371515935,-0.159348996589674,-0.014244043117033957,0.01089335407529816,0,0
2025-11-27 16:24:45.104971,6,12.898135027909246,80.09789998133357,0.2384271157738681,0.08992408136784714,0.21953698785898879,-0.06595840235624416,0.022176330759621294,0,0
2025-11-27 16:24:46.104971,6,12.89813665269135,80.09789994813539,0.18090661425420596,-0.23105360859187374,-0.38088488197961856,-0.04680856382326978,0.04307445135496248,0,0
2025-11-27 16:24:47.104971,6,12.898138859338847,80.09790001164424,0.24574064809569324,0.1378345624466766,0.13293769560639118,-0.020386290757991594,0.009594193365036778,0,0
2025-11-27 16:24:48.104971,6,12.898139509758714,80.09789999098699,0.07243942870081689,-0.040865127432510695,-0.26150111577856167,-0.08116314628405258,0.019045271502684265,0,0
2025-11-27 16:24:49.104971,6,12.898141597654854,80.09789975322693,0.2338521237754889,0.15253177560971676,-0.11355656256465914,-0.0055692752668763555,0.007802135313196154,0,0
2025-11-27 16:24:50.104971,6,12.898141847184224,80.09789973924612,0.027819006145623836,-0.12370949230254337,0.11488460188488714,0.051382393628674666,0.018576596024231486,0,0
2025-11-27 16:24:51.104971,6,12.89814420161919,80.09789962333062,0.2623973431037264,-0.30722857344681553,-0.19216107327208573,0.0049510001747188085,0.01978979406587417,0,0
2025-11-27 16:24:52.104971,6,12.898145434413225,80.0978995616399,0.13739780102447802,-0.02288082829399922,-0.21804318142532378,0.007777948584267488,0.012832741495472897,0,0
2025-11-27 16:24:53.104971,6,12.898146077706361,80.0978995132923,0.07180330559655097,0.23943888440908043,0.12789604485371955,0.1498430324386969,0.0035243761671746605,0,0
2025-11-27 16:24:54.104971,6,12.898148316124564,80.09789975861865,0.2505986607455645,0.0691912842507295,-0.1974694049518153,0.17275845317341437,0.00497749602242923,0,0
2025-11-27 16:24:55.104971,6,12.898149754435416,80.09789994753697,0.16141975628094962,-0.07408743273399157,0.06623827343885123,0.011428572677583699,0.0017591291657146437,0,0
2025-11-27 16:24:56.104971,6,12.898150512103852,80.09790008318562,0.08561841107094736,-0.09606135370054354,-0.06413797970057403,0.07862289378740153,0.027852348782802166,0,0
2025-11-27 16:24:57.104971,6,12.898152628391799,80.09790053950944,0.24073270737253308,-0.058173563414635795,0.09167928349029078,0.07169292628931019,0.021443182545589665,0,0
2025-11-27 16:24:58.104971,6,12.898153231144867,80.09790064407647,0.0680511025289038,0.1508903001241469,-0.0772610462176936,-0.05979725676224735,0.03657589573186663,0,0
2025-11-27 16:24:59.104971,6,12.898153449730353,80.0979006861786,0.024758099380434107,0.3312766498113536,-0.2316976444255282,-0.027860818413019038,0.006970708571808382,0,0
2025-11-27 16:25:00.104971,6,12.898155955857458,80.09790114219442,0.28333645775919375,-0.24547256111236546,0.05819271188574647,0.010548537814500054,0.030802244276449352,0,0
2025-11-27 16:25:01.104971,6,12.898157283574688,80.09790130076425,0.14879968315380165,-0.07468187975754097,-0.35429056217753085,0.005659810255607699,0.019095559620226212,0,0
2025-11-27 16:25:02.104971,6,12.89815760772597,80.0979013427457,0.036370934095248574,-0.06583019715361471,-0.11233864150109914,0.05723386647284843,0.02055311559618954,0,0
2025-11-27 16:25:03.104971,6,12.898158419321621,80.09790153858094,0.09281231562518946,-0.10236360558656482,-0.0872819019330592,-0.04332180700180996,0.043389069171600333,0,0
2025-11-27 16:25:04.104971,6,12.898159009494387,80.09790165519047,0.06690546477046977,0.19037711203664387,-0.08547040907760659,0.04903616103230594,0.00767783362855571,0,0
2025-11-27 16:25:05.104971,6,12.898161144187386,80.0979024127515,0.2514506181071739,0.43908397011437356,0.0528846310575517,0.05385752623984613,0.002112856572325743,0,0
2025-11-27 16:25:06.104971,6,12.898162810453513,80.09790289526083,0.19273661789375982,0.06880179889102916,-0.18561045309315663,-0.08433211987582506,0.014237239560103492,0,0
2025-11-27 16:25:07.104971,6,12.898163878374401,80.09790305004617,0.12006158880400232,0.2883975367841894,0.10497869452950744,-0.11868370014623755,0.0050862806345719925,0,0
2025-11-27 16:25:08.104971,6,12.89816516304384,80.09790323972204,0.14448289390111402,0.09426951756574276,0.2608716152083999,-0.057659298514270874,0.01262448103202063,0,0
2025-11-27 16:25:09.104971,6,12.89816543267808,80.09790325761072,0.03007838469166696,-0.4526323333093525,-0.023281549896871794,-0.0643872137507861,0.025124885619912232,0,0
2025-11-27 16:25:10.104971,6,12.89816755695375,80.09790335514558,0.2367110892353461,0.4212992378885488,-0.053781357914224545,0.029211398913865372,0.03057792345764954,0,0
2025-11-27 16:25:11.104971,6,12.8981687622131,80.09790334742611,0.13417208563437427,-0.2216341574554473,0.06540716677530242,-0.1081630685534071,0.02692596282900715,0,0
2025-11-27 16:25:12.104971,6,12.89817051097315,80.09790324076793,0.1950157019226769,0.08516965555206958,0.07404904963821976,0.007262829964242094,0.0005424548221128444,0,0
2025-11-27 16:25:13.104971,6,12.898171541783304,80.09790316193723,0.11506817428434382,-0.15168491233464182,-0.022061362971948967,-0.03098059545079292,0.00919822360435455,0,0
2025-11-27 16:25:14.104971,6,12.898172360470518,80.09790310101695,0.09137569254985706,0.1249348952353325,-0.1531141660915594,0.01596209311726039,0.011404224768222584,0,0
2025-11-27 16:25:15.104971,6,12.89817451223708,80.09790304188155,0.23962058835753774,0.0595266483767386,-0.003247841131198871,0.05455094402340891,0.002161378196661732,0,0
2025-11-27 16:25:16.104971,6,12.898175497292524,80.09790292198315,0.11042548874995653,-0.29233784076387215,-0.18001572374797561,-0.04056599878132449,0.018519741082780598,0,0
2025-11-27 16:25:17.104971,6,12.898175876071146,80.09790288038306,0.042406577218217355,-0.030173745978043773,-0.12394609477162086,-0.029879749998597098,0.008077852031684478,0,0
2025-11-27 16:25:18.104971,6,12.898176505969275,80.09790278768503,0.07083805415762609,0.27539130906393394,0.14159880589400067,-0.03275087924846963,0.0005149712059213007,0,0
2025-11-27 16:25:19.104971,6,12.898176675610161,80.09790276463747,0.01904930588350705,-0.11923994814528688,0.07423270610013545,0.0037342187096065377,0.01936011445495915,0,0
2025-11-27 16:25:20.104971,6,12.898176795174814,80.09790276152201,0.013314229850272407,0.2225131285134737,-0.09135770794933547,0.1204342039998611,0.016397594697377317,0,0
2025-11-27 16:25:21.104971,6,12.898178488261896,80.09790269740307,0.18860283240613138,-0.32709587744395335,0.11780000870661596,0.08994874960947707,0.005004078773530575,0,0
2025-11-27 16:25:22.104971,6,12.898181138917447,80.09790278878324,0.29523753741750813,-0.1326341769708974,0.00022190778397518626,0.0632532067328687,0.01236690978736455,0,0
2025-11-27 16:25:23.104971,6,12.898183259201717,80.09790285346081,0.23613436393746534,0.03740902272400511,0.07046483642853166,-0.06529963431255993,0.0075371445548314065,0,0
2025-11-27 16:25:24.104971,6,12.898185493491624,80.09790276352024,0.24891255654694427,-0.07979135098605149,0.14030599893227938,-0.04249302321984946,0.034204608376558567,0,0
2025-11-27 16:25:25.104971,6,12.89818756101282,80.09790297031809,0.23124779977425686,0.08194175251981638,-0.00862336972613918,0.16100606844255577,0.015540522607701121,0,0
2025-11-27 16:25:26.104971,6,12.898189454544697,80.09790316486304,0.2118424258666851,0.21086010559914742,-0.2214152886601279,0.056368833319108094,0.011099995976737054,0,0
2025-11-27 16:25:27.104971,6,12.898190285601837,80.09790331837286,0.09400096264102856,0.03876080276824849,-0.2754946802648248,0.04934199203740531,0.01316120109153819,0,0
2025-11-27 16:25:28.104971,6,12.898191510437567,80.09790351389208,0.13798946347880928,0.13680733877265025,-0.08076657588121099,-0.04116925344190317,0.021925171607791023,0,0
2025-11-27 16:25:29.104971,6,12.898193425432599,80.09790384178532,0.21612608171154343,-0.0693292591187064,-0.02972905249716895,0.021084868320807384,0.0314697566379191,0,0
2025-11-27 16:25:30.104971,6,12.898194187414951,80.09790397048037,0.08596573322323668,0.13840986656460993,-0.20223358653888404,0.12595113818239334,0.00838902613299009,0,0
2025-11-27 16:25:31.104971,6,12.89819553780668,80.09790440489219,0.15754311813622243,0.5206198221784696,0.03358490786276852,0.05572122268168135,5.300978838655138e-05,0,0
2025-11-27 16:25:32.104971,6,12.89819609623988,80.09790455253642,0.0641960655302352,0.1816791412198558,-0.09976697800070478,-0.08230150463776269,0.02101424773780139,0,0
2025-11-27 16:25:33.104971,6,12.898197572666986,80.09790490490096,0.16874479538270032,0.14139907964488055,-0.09096147618204588,-0.03590613683606617,0.0031326485830598756,0,0
2025-11-27 16:25:34.104971,6,12.898199277290807,80.09790544630341,0.19864474000648918,0.38035402470439417,0.09761717382792044,0.04588912187523674,0.0011099034471760566,0,0
2025-11-27 16:25:35.104971,6,12.898200763233278,80.09790597790592,0.17518477233627427,0.29975410228180616,0.10581140527138914,0.020363784804031025,0.01745426154338286,0,0
2025-11-27 16:25:36.104971,6,12.898201499594652,80.09790627453793,0.08806491679874094,-0.12806152074989616,0.2042672799531253,0.07485961904995846,1.836986388076232e-05,0,0
2025-11-27 16:25:37.104971,6,12.898203837714306,80.09790726014081,0.28139563288117825,0.16778714234190809,-0.018570147799805124,0.06135662066824606,0.002699771341955739,0,0
2025-11-27 16:25:38.104971,6,12.89820481593579,80.09790771478639,0.11954963695360324,-0.33524180797916536,0.19340090567458332,-0.004420206363456585,0.0038688097160334825,0,0
2025-11-27 16:25:39.104971,6,12.898205671615152,80.09790807959546,0.10315236785204607,0.014164979867551608,-0.2330664459228714,-0.057637877334917244,0.011089759686283203,0,0
2025-11-27 16:25:40.104971,6,12.898208193638238,80.09790904985104,0.2998434898874555,-0.019549935204017717,-0.0685443123408971,-0.02894425824519395,0.0018502559343300073,0,0
2025-11-27 16:25:41.104971,6,12.898208782300381,80.09790927780983,0.07004311853143257,-0.12256347075008525,-0.10190125734989679,0.11860453230607475,0.019855873461248248,0,0
2025-11-27 16:25:42.104971,6,12.89821045202646,80.09791000744035,0.20203340175109905,-0.16863245576461194,0.22011492302655142,0.04713496041156982,0.00042714938419375514,0,0
2025-11-27 16:25:43.104971,6,12.898211322324519,80.0979104387083,0.10759200974145369,0.41489869020818315,-0.23134372744525264,-0.0076538026239125895,0.037640035158950265,0,0
2025-11-27 16:25:44.104971,6,12.898213652452359,80.09791180836586,0.29895144687246544,0.052376211986667316,0.12120219991213795,0.11951126618284923,0.0071496317013349745,0,0
2025-11-27 16:25:45.104971,6,12.898214198328274,80.09791215785677,0.07162977276717804,-0.11712661475015479,0.08654077715053672,0.04543685957240243,0.002097537213597067,0,0
2025-11-27 16:25:46.104971,6,12.898214795203048,80.09791251961275,0.07717345579832349,0.33919814926182457,0.011520874560857482,0.005800568145229145,0.014052986577938005,0,0
2025-11-27 16:25:47.104971,6,12.89821659549334,80.09791366096333,0.23558898386124316,0.28703308425338364,-0.17620304840633036,0.019637406222294068,0.027909469850196735,0,0
2025-11-27 16:25:48.104971,6,12.898217653895058,80.09791432803885,0.1382804162587971,-0.23170209684500193,0.27263645275105114,0.056829027504096935,0.012040526154939587,0,0
2025-11-27 16:25:49.104971,6,12.89821886893767,80.09791530165013,0.1716284715425653,0.051999622492804834,-0.20719547561244578,0.005984324348318533,0.022100529357586746,0,0
2025-11-27 16:25:50.104971,6,12.898219435253413,80.09791576604368,0.0807073420690114,-0.2559424471990299,0.13394257957672717,0.015605330717616522,0.023156862689344797,0,0
2025-11-27 16:25:51.104971,6,12.898220563552385,80.09791661455138,0.1557347003127839,-0.16275391152810956,0.21971117974738427,-0.02339454071919933,0.023832685655126085,0,0
2025-11-27 16:25:52.104971,6,12.8982208998228,80.09791688347038,0.04746358557913387,-0.07185376854702022,0.16204038746782692,-0.010455543503920972,0.026980264910553907,0,0
2025-11-27 16:25:53.104971,6,12.898222986784841,80.09791853876656,0.29365899140064033,0.009515228801191211,0.17372731221764456,-0.05719066478331191,0.09311221206117036,0,0
2025-11-27 16:25:54.104971,6,12.898224641934391,80.09791983121832,0.23155420228783186,0.053023540383781514,0.02785912260845945,-0.029618574437212136,0.04067178760075741,0,0
2025-11-27 16:25:55.104971,6,12.898224893373458,80.09792006762585,0.03796737500505517,-0.5020285025532382,-0.07347046117598806,-0.034706936774472986,0.01696289907521327,0,0
2025-11-27 16:25:56.104971,6,12.898225871763769,80.09792085598502,0.13849347598748785,5.4347953182993205,0.09173911774212365,-0.028333846004038127,0.00620046063125682,0,0
2025-11-27 16:25:57.104971,6,12.89830949699606,80.09798750201936,11.788132918522676,5.850623200113245,0.15654172671354857,-0.011722357843681006,0.03143113814157246,1,0
2025-11-27 16:25:58.104971,6,12.898401527823518,80.09805001903298,12.287284202284205,0.3234411618887269,0.1318783228764103,0.057673696709058725,0.09117943729083737,1,0
2025-11-27 16:25:59.104971,6,12.898481498527604,80.0981271512952,12.218995642722899,-0.3403971198416663,0.2211959522239758,0.14873746977089788,0.07784321666561252,1,0
2025-11-27 16:26:00.104971,6,12.898550697017088,80.09820053769893,11.079364057265492,0.6954453482616956,0.14363269720348076,0.004386499196960773,0.06350416916877605,1,0
2025-11-27 16:26:01.104971,6,12.898634005795076,80.09829035906107,13.453722471428685,1.2359695785403935,-0.17590944008735748,-0.20485946532896213,0.04024793061801917,1,0
2025-11-27 16:26:02.104971,6,12.898727132451187,80.09837236941519,13.662533963585474,0.09863149881155836,0.2829852097412987,-0.055821054965483084,0.055243979644220426,1,0
2025-11-27 16:26:03.104971,6,12.898825674469325,80.09845643503772,14.266968477083982,-0.9881522106522402,-0.013601275214159228,0.036804725587804316,0.1162366926192166,1,0
2025-11-27 16:26:04.104971,6,12.898908813602722,80.0985281135798,12.08933902045233,-1.48472485592999,0.25402081734972654,0.006683745368636938,0.05287798348142574,1,0
2025-11-27 16:26:05.104971,6,12.89898550577154,80.098601588103,11.681288214267584,0.6292589281618847,-0.12629187696618682,-0.02581799077853523,0.023878872959669097,1,0
2025-11-27 16:26:06.104971,6,12.899074067071307,80.09868413129564,13.319847284474694,0.2886319708340666,0.1002143727349121,-0.018045582689333352,0.05445489758041609,1,0
2025-11-27 16:26:07.104971,6,12.8991596519001,80.09875391520326,12.170039170929082,-1.3858732405164267,-0.09478200705689677,-0.10056214798025281,0.10933858054018895,1,0
2025-11-27 16:26:08.104971,6,12.899234730533909,80.098808170481,10.223133439411496,1.3362026468066384,0.07958164959637917,-0.05393659835845256,0.019174109670295335,1,0
2025-11-27 16:26:09.104971,6,12.899338684915051,80.09889182760257,14.707863111413618,0.17332672362268156,0.011942498023884508,0.10291810800718279,0.05567485559175263,1,0
2025-11-27 16:26:10.104971,6,12.89940714810796,80.098956231102,10.340395315340151,-1.0863460970839873,-0.03903320493848087,0.05979654837886508,0.13189606273993423,1,0
2025-11-27 16:26:11.104971,6,12.89949818328741,80.09903312415243,13.126959783256847,-0.16009598603392955,0.04827537442563625,0.017859375312341958,0.050112475869370184,1,0
2025-11-27 16:26:12.104971,6,12.899566904173449,80.09909649364283,10.286214091004176,0.4743050476256884,-0.12091193787629428,-0.023620475064104064,0.09864835712568183,1,0
2025-11-27 16:26:13.104971,6,12.899658225943208,80.09917740575234,13.432518524663916,1.3706507304092046,-0.16170042209908125,-0.011592620141033651,0.0574547938648946,1,0
2025-11-27 16:26:14.104971,6,12.899743299156935,80.099259963177,13.036129468382999,-0.9642194971550239,-0.3578861329037652,-0.018860055267615,0.05216993096929437,1,0
2025-11-27 16:26:15.104971,6,12.89981219225224,80.09933774507809,11.404100843330534,-0.3679314773092496,0.006016733651064874,-0.09202150822198503,0.14941195423884887,1,0
2025-11-27 16:26:16.104971,6,12.89989386804842,80.09941366283952,12.26909655573179,1.1341459258318405,-0.1451299481352553,-0.1260159577426301,0.07574318530062502,1,0
2025-11-27 16:26:17.104971,6,12.899980190061278,80.09949954194772,13.385847849487865,0.14701536259049974,0.01865812671054402,0.06392647403653151,0.030693963894189838,1,0
2025-11-27 16:26:18.104971,6,12.900056814355516,80.09958941550121,12.956272983952827,-1.103596370658483,0.09651336292378211,0.050094276346298094,0.06374516719825915,1,0
2025-11-27 16:26:19.104971,6,12.900129201505662,80.09966708244775,11.660204806722922,-1.7014755712132157,-0.16600382217615509,-0.018676869945394286,0.035523590255588544,1,0
2025-11-27 16:26:20.104971,6,12.90018312180698,80.09972355403848,8.57781376004618,-1.0648814663943131,-0.1568654585623924,-0.026637333935627415,0.051059932973755065,1,0
2025-11-27 16:26:21.104971,6,12.900252596728334,80.09978302224717,10.072477075325356,2.5744143774355948,-0.17841232468550722,-0.07655140380584533,0.05124293642577557,1,0
2025-11-27 16:26:22.104971,6,12.900351060353776,80.09986142676877,13.875341917310408,1.9500349468332374,0.01662071231282713,0.07375393121058749,0.06759762362739724,1,0
2025-11-27 16:26:23.104971,6,12.900448517032787,80.09995099487071,14.565713323934041,-4.73108457368124,0.12552605560120284,-0.05962432924467831,0.014347856367749946,1,0
2025-11-27 16:26:24.104971,6,12.900479315928342,80.09997704086275,4.4432780123886,-1.7539966962200124,0.016319683030281015,0.06014473089145776,0.020669355351192988,1,0
2025-11-27 16:26:25.104971,6,12.900559619905838,80.10004371557285,11.500355776040205,5.095990643038473,0.08728492030921696,0.03727084707194843,0.06392396061845716,1,0
2025-11-27 16:26:26.104971,6,12.900658538954632,80.10013464133185,14.785265635939064,-2.1196385762536436,-0.1353321331887314,0.04174080988422351,0.060141419392689556,1,0
2025-11-27 16:26:27.104971,6,12.900708916190924,80.10018117850672,7.546532990005607,-0.34261425442808136,-0.09654206117152365,0.011648948003382287,0.09754842195420851,1,0
2025-11-27 16:26:28.104971,6,12.90080789617901,80.1002629230213,14.145203060233941,0.33493880007034355,-0.1037167285080771,-0.04709465588549604,0.025711839341604998,1,0
2025-11-27 16:26:29.104971,6,12.900871053074896,80.10031160067388,8.793748112366476,-2.2531966522814058,0.19442971680653873,-0.05273283927637118,0.08486196830969486,1,0
2025-11-27 16:26:30.104971,6,12.900935696675274,80.10036558332341,9.2788566592283,3.861299167333735,0.003723275715027502,-0.020032222999861307,0.09615387498750502,1,0
2025-11-27 16:26:31.104971,6,12.901043342263643,80.10046872110176,16.39655553195314,1.5366524762520688,0.17990432248698268,0.0640791113370347,0.02058274558958707,1,0
2025-11-27 16:26:32.104971,6,12.901109828365643,80.10055425918803,11.8714334837229,-4.7370769636155075,-0.10743472683994358,0.00659943907984431,0.07736074104237425,1,0
2025-11-27 16:26:33.104971,6,12.90114409924506,80.10060273856962,6.498305515043063,-0.428003195478047,0.027750615524692785,0.07962984504092702,0.08991340928562186,1,0
2025-11-27 16:26:34.104971,6,12.901195203204058,80.10068280017138,10.38449149076705,3.6666589904101627,0.010225824292480026,-0.09770023202273033,0.0770056690421455,1,0
2025-11-27 16:26:35.104971,6,12.901263340821139,80.10078806042299,13.711082714984595,-1.4113460811771081,-0.03368738255018107,0.004962140277851905,0.07069894980603253,1,0
2025-11-27 16:26:36.104971,6,12.901304097764875,80.10084905566686,8.02444750447086,-2.744459103599898,-0.307171258178627,0.03408737921093102,0.08979884564841123,1,0
2025-11-27 16:26:37.104971,6,12.901345552096556,80.10090672232604,7.77505711551215,4.8331749958200945,-0.26045994877137263,0.02944737778160887,0.051258530545242605,1,0
2025-11-27 16:26:38.104971,6,12.9014331146925,80.10104618389948,18.00070756938586,5.244435923760495,-0.1464901327414178,0.08186270678019153,0.09577260215253094,1,0
2025-11-27 16:26:39.104971,6,12.901518312776686,80.10118921323689,18.188749438227006,-4.459577012792382,-0.08596825920595219,0.07022323555701099,0.05651202789806984,1,0
2025-11-27 16:26:40.104971,6,12.901558825965656,80.10126384409038,9.26939813747678,-5.4379986154808675,0.16601828079803718,0.045309362827758416,0.09724481771199248,1,0
2025-11-27 16:26:41.104971,6,12.901588493713257,80.10132144903477,7.0696240596907165,1.673018465986613,-0.09678369345422254,0.024581668208351337,0.10335580069857785,1,0
2025-11-27 16:26:42.104971,6,12.901644702246625,80.1014234579217,12.715228081400024,1.9955319803182066,-0.11829506514257176,-0.1547060294942702,0.04895805037321704,1,0
2025-11-27 16:26:43.104971,6,12.901705546289561,80.10150431987739,11.08451062189982,-1.7289637640910225,0.2587045708371707,0.08442090702057765,0.07362037343059781,1,0
2025-11-27 16:26:44.104971,6,12.901754738973343,80.1015795813529,9.832766266536117,1.0003020904467215,0.16124878114167368,0.009895253484199965,0.05225119659093326,1,0
2025-11-27 16:26:45.104971,6,12.901814860213282,80.10167958141106,12.749090050915836,-1.0193644157071882,-0.09454871265844955,0.058782393388993506,0.04695399448133106,1,0
2025-11-27 16:26:46.104971,6,12.90184668735843,80.10174444837631,7.880196752143751,-4.470984490959621,0.09115265345263257,0.0014617976240125403,0.04088666950495328,1,0
2025-11-27 16:26:47.104971,6,12.901865556045694,80.10177867029272,4.266351576200595,-0.664469441045866,-0.08110124513813131,-0.02929307270242028,0.08929480854165085,1,0
2025-11-27 16:26:48.104971,6,12.9018924446864,80.10183344568972,6.654896755200392,2.709971448714125,-0.206842887667765,0.16895172619479304,0.048894306833128044,1,0
2025-11-27 16:26:49.104971,6,12.901926514707903,80.10191633698813,9.761554380658154,-0.5837802531171999,-0.2200762874755456,0.02503627799874186,0.07742259069631284,1,0
2025-11-27 16:26:50.104971,6,12.901947767484927,80.1019657396212,5.859594987750142,3.319246099865585,-0.0808552176937247,-0.04779877322197023,0.09229393347664182,1,0
2025-11-27 16:26:51.104971,6,12.902003626327685,80.1020981887809,15.659725942245743,0.8388305305431449,0.07468554944706779,0.05499722752925996,0.09030590203130794,1,0
2025-11-27 16:26:52.104971,6,12.90202818053859,80.1021621517057,7.459533246846249,-0.6260817356433007,-0.12104047705608259,-0.026419149216578154,0.01991490617865452,1,0
2025-11-27 16:26:53.104971,6,12.902074204528137,80.10228851570247,14.637822490815758,3.780867073491865,-0.3090238948789144,-0.05842273508451293,0.04901299284321451,1,0
2025-11-27 16:26:54.104971,6,12.902118868267294,80.1024276193759,15.892101107244674,-0.6990712732921797,0.12622664920988114,0.03658844604097815,0.07539208979547192,1,0
2025-11-27 16:26:55.104971,6,12.902157466925805,80.10254334198859,13.272000641996003,-3.2623808584879006,0.05636331444683469,0.036035305678044166,0.13222246990529193,1,0
2025-11-27 16:26:56.104971,6,12.902181204177603,80.1026234308594,9.083392866940093,-2.0300758959513816,-0.1148779746538929,-0.003623928776909733,0.045240979928774225,1,0
2025-11-27 16:26:57.104971,6,12.902205500973189,80.10270576257405,9.334367975184012,2.547256578341979,-0.13203440970569114,0.05595802181882392,0.12483392414013939,1,0
2025-11-27 16:26:58.104971,6,12.9022495100452,80.10283353861914,14.705211433219246,4.516774373840504,0.11655016595129879,-0.12139470844140049,0.05412255606536985,1,0
2025-11-27 16:26:59.104971,6,12.902324649104857,80.1029847956453,18.421567708658586,-3.477130537514707,-0.17485978886151202,-0.0007557337720402735,0.06114454159933039,1,0
2025-11-27 16:27:00.104971,6,12.902358121279025,80.10304794142255,7.799633944768085,-4.440513315294375,-0.1666913054070709,-0.03240020865740035,0.08185591077452553,1,0
2025-11-27 16:27:01.104971,6,12.902398506218153,80.10312627767821,9.615982768563477,0.4612452709578002,0.33537534365729393,0.05533518312050337,0.03143848357528554,1,0
2025-11-27 16:27:02.104971,6,12.902438652570144,80.10319307921056,8.5156749008068,1.031822070430108,0.20377582958920237,-0.07519690491203865,0.07592413056029146,1,0
2025-11-27 16:27:03.104971,6,12.902492861388904,80.10328762000277,11.90198688543512,0.3454953546385624,-0.10328486010437134,-0.06706732338131075,0.07397164846648437,1,0
2025-11-27 16:27:04.104971,6,12.902536923616562,80.1033552193181,8.824145680727113,-1.67829094268542,-0.14304454650981227,-0.010976749399093003,0.12085375770476567,1,0
2025-11-27 16:27:05.104971,6,12.902572508672353,80.10342149459666,8.210447713760562,1.0357235569539862,-0.10695855507702222,0.06547583830053436,0.06595564189094015,1,0
2025-11-27 16:27:06.104971,6,12.902617959014234,80.10351107537892,10.958443058416748,0.19633818407913145,0.11387623776040248,-0.007520557756923306,0.061996939396227385,1,0
2025-11-27 16:27:07.104971,6,12.902652214585807,80.10358538030032,8.919203910201734,0.5434089682793989,0.053791703789502904,0.03620539351895366,0.06777206681153153,1,0
2025-11-27 16:27:08.104971,6,12.902692733252078,80.10368896604179,12.111462542690928,2.454173804837953,0.07975038915769415,0.053494924986604325,0.05013267999166079,1,0
2025-11-27 16:27:09.104971,6,12.90273723021137,80.10380889087823,13.924061539958307,-0.5999044517452972,-0.4999581555440548,-0.02106958916307388,0.0484847881841364,1,0
2025-11-27 16:27:10.104971,6,12.902773765723566,80.10390242080047,10.933655239813039,-3.8771594263534985,0.23230757729815393,-0.02193083859471396,0.048783656771343525,1,0
2025-11-27 16:27:11.104971,6,12.902793353905658,80.10395200919254,5.805937392535505,-0.7897111428879129,-0.18293614536825598,0.047856643931644974,0.09484795612518185,1,0
2025-11-27 16:27:12.104971,6,12.902832357735823,80.1040341318317,9.912730007651291,5.108190813201091,-0.36399110819379793,-0.09577558933399906,0.06259107942561862,1,0
2025-11-27 16:27:13.104971,6,12.902893866160003,80.10416933832215,16.190548266305747,-0.15351436383042016,-0.11545899692795919,-0.10925981244949345,0.0661985964878708,1,0
2025-11-27 16:27:14.104971,6,12.902932379288265,80.10424501771092,9.263845302262556,-2.344624402741356,-0.17132679662338735,0.06851646166162184,0.01941733284213877,1,0
2025-11-27 16:27:15.104971,6,12.90297101518011,80.10434205663105,11.374321977159468,-1.3102823395766168,-0.06620398074012944,0.02401251626774,0.06482788771073872,1,0
2025-11-27 16:27:16.104971,6,12.902995133653201,80.10439767138118,6.605123980552683,-0.41559724857342784,-0.09367863196222348,-0.0978328046886569,0.029868642047552352,1,0
2025-11-27 16:27:17.104971,6,12.903043462654916,80.10448128066706,10.547767769142954,2.3030384490428437,0.06701396234795391,-0.11296258706258305,0.1383412354038003,1,0
2025-11-27 16:27:18.104971,6,12.903093347712323,80.10457092432841,11.200865388386223,-1.5836934645610659,0.29742548251073303,0.017894541473083975,0.06824777661941688,1,0
2025-11-27 16:27:19.104971,6,12.90313097124752,80.10462981217847,7.640255332257356,-1.5990153280501935,0.04006240125776209,0.025274802321306,0.027630248875275494,1,0
2025-11-27 16:27:20.104971,6,12.903170937884337,80.10469067775657,7.963361696793811,2.9414103381922256,-0.10957384353765529,0.029960673478654262,0.041476753848123944,1,0
2025-11-27 16:27:21.104971,6,12.903236993715675,80.10479665076136,13.649346528283068,3.3819664219869736,-0.2718944068653724,0.05411568305557362,0.11333465334128005,1,0
2025-11-27 16:27:22.104971,6,12.903302089475764,80.1049145633609,14.704396935792097,-0.29784051755275187,0.022516407313475817,-0.10446975514860338,0.025046021291902476,1,0
2025-11-27 16:27:23.104971,6,12.903370224347581,80.10501479641057,13.259910543688164,-1.148110494894417,0.12494372427680825,-0.08463505178218236,0.020420471191852054,1,0
2025-11-27 16:27:24.104971,6,12.903433150975438,80.10511059809305,12.535455560342411,-1.226587750207319,-0.04585734338464682,0.03619425931558061,0.06338376256824757,1,0
2025-11-27 16:27:25.104971,6,12.903484780319522,80.10519274134434,10.605766989004598,1.7913486689384566,0.00789574290918073,0.005100191078910887,0.10596904708386168,1,0
2025-11-27 16:27:26.104971,6,12.903559954780816,80.10531121733388,15.339710529754289,1.2305998146893273,-0.2016493717818115,-0.03482991649548332,0.027504086610226748,1,0
2025-11-27 16:27:27.104971,6,12.903623184225783,80.10540507423578,12.380146323750942,-0.5196568726098769,-0.07850121826651153,-0.07082860214835798,0.08092680354090134,1,0
2025-11-27 16:27:28.104971,6,12.903699076612254,80.10551119737048,14.282244537911662,0.3131021403410931,-0.09360619348335328,-0.06586013368658383,0.0336374059111791,1,0
2025-11-27 16:27:29.104971,6,12.903766601176507,80.10560530138483,12.679684760516324,0.7155233498714428,0.05276892088252995,-0.02185869216330528,0.09242003412992776,1,0
2025-11-27 16:27:30.104971,6,12.90385268758677,80.10570916438466,14.793795096518501,-0.8684114721991871,0.19776420356619845,0.06761551064938658,0.05296317680812017,1,0
2025-11-27 16:27:31.104971,6,12.903910621807887,80.10578840289561,10.748160180620335,-1.349650269853343,0.13893493821098074,-0.06642104665267522,0.06606831355844307,1,0
2025-11-27 16:27:32.104971,6,12.903986435160046,80.10587278695277,12.452694476093697,-0.9277210809140661,0.14291872967437833,-0.0015050028123612283,0.06719776139839784,1,0
2025-11-27 16:27:33.104971,6,12.904033048997025,80.10593536152047,8.545817284234067,0.8600546103017512,-0.028180168606231747,0.016465161220585625,0.05243119841015399,1,0
2025-11-27 16:27:34.104971,6,12.904115243403188,80.10603787006123,14.403085072140598,2.913066918766063,0.10240545235450461,-0.06398102087662597,0.02622839879101793,1,0
2025-11-27 16:27:35.104971,6,12.904208055398778,80.10613637561183,14.86609138688181,-0.6489017565409696,-0.07565738477702723,-0.04542731666185687,0.08375228023956229,1,0
2025-11-27 16:27:36.104971,6,12.904290170930443,80.10623045752853,13.703370657077388,-0.5650778662165533,-0.14473879535546802,-0.08989406706937784,0.062022210923582566,1,0
2025-11-27 16:27:37.104971,6,12.904382192285563,80.10631826339684,13.989895805886244,2.2791810057285136,-0.01236782169483274,0.09258580160136451,0.08488159009886997,1,0
2025-11-27 16:27:38.104971,6,12.904504367085195,80.1064335282859,18.477341049876404,2.339811389768434,-0.2010133525133396,0.014543528724169547,0.09074639824934341,1,0
2025-11-27 16:27:39.104971,6,12.904620621287517,80.10654861221623,17.98410548554919,-3.0149996121522733,-0.13849875558064972,0.011675422988035283,0.0978908256703748,1,0
2025-11-27 16:27:40.104971,6,12.904706073925322,80.10662711879773,12.76949961123322,-1.7846053100552035,-0.17304049700027138,-0.096441953863042,0.04699516242879405,1,0
2025-11-27 16:27:41.104971,6,12.904808530549317,80.10671166892651,14.63758323941386,2.4928745250793116,-0.3135780694667026,-0.11508252466248747,0.08155293721575346,1,0
2025-11-27 16:27:42.104971,6,12.904947849972102,80.10680341174375,18.429185670809357,-1.7103257644554932,0.055865984712783937,-0.07305393145323294,0.04011770480107822,1,0
2025-11-27 16:27:43.104971,6,12.905029139028077,80.10686379088398,11.171950779338767,-3.613381285403228,0.13558539797930613,0.008704765966392441,0.015059714308348102,1,0
2025-11-27 16:27:44.104971,6,12.905107620704285,80.10692674083546,11.089967749099138,0.21596534272697165,0.06618820848178864,0.053021437268669994,0.10460260870589107,1,0
2025-11-27 16:27:45.104971,6,12.905182053822841,80.10699864856511,11.381552365879315,-0.725257280252025,-0.20183307069695564,-0.03738548732593466,0.051188307701238944,1,0
2025-11-27 16:27:46.104971,6,12.90524260255745,80.10705662295587,9.219899942449214,-0.7193147686640655,0.01239312928649508,-0.027862780940003218,0.03569556805043116,1,0
2025-11-27 16:27:47.104971,6,12.905303997339233,80.10712291829454,9.922730620226265,2.016330316102592,0.1575513429075804,0.061670300976394185,0.022496936270936845,1,0
2025-11-27 16:27:48.104971,6,12.905383190171657,80.10721387278411,13.233523524648248,3.3703488466708618,0.009750953502819236,0.046530466039585945,0.07334633094087133,1,0
2025-11-27 16:27:49.104971,6,12.90547191780466,80.10733621783768,16.547073417499377,-0.7765718903962358,0.19374925189468192,0.045056381771822106,0.07066173029775348,1,0
2025-11-27 16:27:50.104971,6,12.905537928158603,80.10742200341348,11.859555297001176,-1.5441253899119367,-0.22570930408763254,0.06800239645040582,0.09128638352016526,1,0
2025-11-27 16:27:51.104971,6,12.905607870499576,80.10752222685733,13.375173479138644,0.8039009902598873,-0.4342206707431195,0.004174192495131571,0.04262601160442747,1,0
2025-11-27 16:27:52.104971,6,12.905684181449217,80.10762433349115,13.961523699308058,2.710859855235056,0.13375499050095166,-0.08275336538396888,0.041969404851115694,1,0
2025-11-27 16:27:53.104971,6,12.90579871458681,80.10775085831457,18.736428291299738,-1.7514544075867922,-0.08755420907492827,-0.021535291637050313,0.08478210850056364,1,0
2025-11-27 16:27:54.104971,6,12.905875810568157,80.10782013851353,11.409288013412894,-4.898864176730861,0.1500156699971219,-0.04146178728187099,0.010778813551152958,1,0
2025-11-27 16:27:55.104971,6,12.905930561113275,80.10787122372801,8.238651520501556,-3.0430530939330676,-0.3193747727329171,-0.11558412930813455,0.05713785363478435,1,0
2025-11-27 16:27:56.104971,6,12.905971127560043,80.1079087405501,6.079966315807598,2.438069608844473,0.010195770764853288,0.05060466602704134,0.012169987113328189,1,0
2025-11-27 16:27:57.104971,6,12.90605487661918,80.1079903480783,12.858238799139201,4.1685665136415,0.2640068573597228,0.09496811379121303,0.1092808999923715,1,0
2025-11-27 16:27:58.104971,6,12.90614424062296,80.10808575348359,14.357516200232693,0.9341176305749166,0.2129462265671768,-0.06472202010080433,0.05395567532810678,1,0
2025-11-27 16:27:59.104971,6,12.906244808147772,80.10817053709138,14.490395906895323,-1.0992480432947114,0.05454244497566168,-0.05015135334009558,0.048906120351705745,1,0
2025-11-27 16:28:00.104971,6,12.9063229112944,80.10825012904868,12.25498340119296,1.5139320608509075,-0.05564582067566169,0.027443252670213386,0.06713434864409377,1,0
2025-11-27 16:28:01.104971,6,12.90643267908457,80.10836198479053,17.223068506122353,-0.9904920820685238,0.2901601183421247,0.00010423684148160722,0.08972520463776887,1,0
2025-11-27 16:28:02.104971,6,12.90650079033744,80.10842828832769,10.452385397059917,-5.6765602519383656,0.12173899575549481,-0.04361364769439882,0.113275872630477,1,0
2025-11-27 16:28:03.104971,6,12.906539122097893,80.10846425427685,5.782665865306274,0.29323585538469565,0.12661077147722555,-0.030314320431997208,0.0735401465716611,1,0
2025-11-27 16:28:04.104971,6,12.906610111519909,80.10853117647751,10.732386172353149,3.4367743795279515,-0.11471302602107222,0.06706711723885232,0.01539888318170605,1,0
2025-11-27 16:28:05.104971,6,12.90669297727703,80.10860943527773,12.538220279548744,-0.1501047397604855,0.3699757188785097,-0.031061831984861305,0.05847365840888037,1,0
2025-11-27 16:28:06.104971,6,12.906765710940391,80.10866809582912,10.299231983526724,-0.6256859341126889,-0.1340731130535077,-0.11004738436482028,0.04944136020906869,1,0
2025-11-27 16:28:07.104971,6,12.906849183239363,80.10873218432653,11.606309935304008,2.9649510646891235,-0.25034339393961336,0.0629680232580917,0.08077286146300319,1,0
2025-11-27 16:28:08.104971,6,12.906967125168345,80.10882444249577,16.510589343609535,-0.526847288868512,-0.02177290588286947,0.13886908194423989,0.0096777295515489,1,0
2025-11-27 16:28:09.104971,6,12.9070287418768,80.1088985204059,10.567039585913532,-2.966213191802347,-0.0442674206707837,0.2468997406886807,0.07857323457846485,1,0
2025-11-27 16:28:10.104971,6,12.907083670435965,80.10897976438652,10.728876674504608,0.7372610857162276,0.008334748893946992,0.03589602026970275,0.04274842212378758,1,0
2025-11-27 16:28:11.104971,6,12.907144811091396,80.1090767888755,12.5366714569496,1.6312994887270884,-0.03248264809267345,-0.02672868367030564,0.08040988937146111,1,0
2025-11-27 16:28:12.104971,6,12.907223466269423,80.10917554347087,13.838282844790829,-0.7632977549912872,-0.051176137392515364,0.025691144846715544,0.01703549076441078,1,0
2025-11-27 16:28:13.104971,6,12.907288234349018,80.1092494659464,10.78550254043765,0.7056614411707964,-0.1098871959548683,-0.03749704702223664,0.07091918030659948,1,0
2025-11-27 16:28:14.104971,6,12.907370657963046,80.10936016949537,15.115887972559957,-0.5369428583041652,0.13602264698290872,0.023086105814666476,0.12153003141770458,1,0
2025-11-27 16:28:15.104971,6,12.907419489880345,80.1094298640746,9.313613802505092,-2.050703444325525,-0.06737365864109933,-0.06267675697038871,0.07915938496677616,1,0
2025-11-27 16:28:16.104971,6,12.907484245315903,80.10951058027983,11.343586486458998,-0.6558672555912007,-0.0422522277393516,0.09714935982620052,0.09847679547128474,1,0
2025-11-27 16:28:17.104971,6,12.90752524572074,80.10957029909372,7.926167978967946,1.687921950305466,0.140306638233674,0.06583415967074864,0.10386179856103304,1,0
2025-11-27 16:28:18.104971,6,12.90759695042459,80.10967644722852,14.013762471522018,2.0270832742071425,0.0812414321489666,-0.10320532086359685,0.1059302471205329,1,0
2025-11-27 16:28:19.104971,6,12.907662928876112,80.10975902321756,11.585946912928206,0.9759175367448437,0.39745109354860036,0.016325475839460084,0.011038019572674335,1,0
2025-11-27 16:28:20.104971,6,12.90774971815877,80.10987228486945,15.632994450825043,2.5702653691274513,0.06238584909580599,0.07438166253875639,0.05308846529584217,1,0
2025-11-27 16:28:21.104971,6,12.907847353104742,80.10998613489393,16.454504736235442,-2.7165442150317736,-0.25470577554077417,-0.014440963534975558,0.03310891730016555,1,0
2025-11-27 16:28:22.104971,6,12.907914299552788,80.11005242729165,10.35787083206166,0.04148098604447459,-0.2548315898094482,0.05756437048860763,0.068121863977417,1,0
2025-11-27 16:28:23.104971,6,12.908021434507264,80.11016315534688,16.92931810725427,2.484094659999432,-0.14708348981313088,0.0012833740637445627,0.05593171820470855,1,0
2025-11-27 16:28:24.104971,6,12.908115594149836,80.11025725520659,14.633236380568185,-4.3045086909889765,0.04260075929793921,0.006615901615018729,0.06942791434759918,1,0
2025-11-27 16:28:25.104971,6,12.9081642530685,80.11031105106169,7.963457809567871,2.5116091652727115,-0.09975845102385959,-0.007727891956230554,0.044984788989136285,1,0
2025-11-27 16:28:26.104971,6,12.90827670621774,80.11044424322564,19.12047012482141,-0.43383891414151626,0.1574154374919116,-0.06860455537045006,0.038496635098233055,1,0
2025-11-27 16:28:27.104971,6,12.908319799574798,80.1105002451846,7.74213839220652,-3.612350307380714,-0.002383195278096603,-0.007683274075590201,0.04004110491907349,1,0
2025-11-27 16:28:28.104971,6,12.908392687629162,80.11058588023349,12.336265982890195,4.7591126723179205,-0.08070720199351218,-0.03983074272603374,0.09511988659173044,1,0
2025-11-27 16:28:29.104971,6,12.908497432418468,80.110705650555,17.460447860291037,-2.2880522198402478,0.2920174285900444,-0.03396513512456972,0.03780139598186205,1,0
2025-11-27 16:28:30.104971,6,12.908543444609162,80.11075815803927,7.661523162166711,-0.8300313104849766,-0.12297544697619671,0.0012120272194242488,0.04355129383431261,1,0
2025-11-27 16:28:31.104971,6,12.908636514882978,80.11086035298737,15.176111174010607,2.99521471095983,-0.15012569000884565,-0.009945362126639082,0.06594395701172612,1,0
2025-11-27 16:28:32.104971,6,12.908720372570082,80.11094918321227,13.41845059640943,-0.42019951006195455,-0.037783865934569755,0.05643941695896041,0.08485060068946432,1,0
2025-11-27 16:28:33.104971,6,12.908808578654787,80.11105011849897,14.709676053162912,0.5743185283173802,-0.0488722137724256,0.10018956795780062,0.06521107063666395,1,0
2025-11-27 16:28:34.104971,6,12.908881740104814,80.1111616110908,14.584124413301076,-0.8460327437982396,0.09489637762675256,0.08291474745139406,0.0784544317171583,1,0
2025-11-27 16:28:35.104971,6,12.908949481463956,80.111257257333,12.82901127011515,-2.20046310039888,0.07953618452413032,-0.08056396923390946,0.0942166335693025,1,0
2025-11-27 16:28:36.104971,6,12.909010662552722,80.11133101104589,10.508811054172726,-0.38715553655008494,-0.1237819059859584,0.003181365439797707,0.09749078888962177,1,0
2025-11-27 16:28:37.104971,6,12.909078883489961,80.11141826026567,12.137060643757753,-1.3922979351742546,0.0035815509656573295,0.045936603997830575,0.07661570332270354,1,0
2025-11-27 16:28:38.104971,6,12.90912000759648,80.1114734184837,7.535328461089673,-0.9160448589841077,0.05954896697060967,-0.045624021963432376,0.019557141484380706,1,0
2025-11-27 16:28:39.104971,6,12.909177099316699,80.11154495825033,10.032642847691147,4.195334358053841,0.02781357763365046,-0.135690157914325,0.10892350005164916,1,0
2025-11-27 16:28:40.104971,6,12.909271042124516,80.1116577917226,16.101927320326205,1.54050647643176,-0.10622750603086477,0.05434523999722017,0.08163663117375847,1,0
2025-11-27 16:28:41.104971,6,12.909340555410166,80.1117570558894,13.262750092954139,-1.2739237020285294,0.35313829107688677,-0.0029166473061112905,0.08226230723954611,1,0
2025-11-27 16:28:42.104971,6,12.909416787384506,80.11185136351055,13.294282004285423,2.7971873568391787,-0.04576914397695969,-0.018973184860595876,0.11021656941241845,1,0
2025-11-27 16:28:43.104971,6,12.90952300457288,80.1119841204171,18.636824119024446,-0.2469956142241791,-0.10350174654400542,0.047509009235435766,0.022803966774436895,1,0
2025-11-27 16:28:44.104971,6,12.909594052281124,80.11206850181009,12.099223105911802,-4.305493138433777,-0.05722227023524239,-0.038052133922721484,0.02071531560566429,1,0
2025-11-27 16:28:45.104971,6,12.909656376506634,80.11213875372813,10.307616231423188,-0.3242176671127035,-0.08394237598741669,-0.027819900096857128,0.03726175770775896,1,0
2025-11-27 16:28:46.104971,6,12.90973858715825,80.11221517107789,12.349618696536371,1.1932613252424273,0.04542325335702236,-0.05808121922019916,0.0797231546114455,1,0
2025-11-27 16:28:47.104971,6,12.909820752552571,80.11229276220674,12.431791059257703,0.5242311655254848,-0.05166320816770722,0.05453894009396191,0.06749604622272884,1,0
2025-11-27 16:28:48.104971,6,12.90990366887248,80.11237236048373,12.641224430795814,-1.0095268503065409,-0.11393949393470008,-0.03969956020488122,0.024171457229797123,1,0
2025-11-27 16:28:49.104971,6,12.909978059920803,80.11244252895057,11.249556706849638,-2.2942340109305133,0.1663224046076344,-0.13596260428227058,0.0966918785025984,1,0
2025-11-27 16:28:50.104971,6,12.910037101404741,80.11249043986321,8.380096926377199,2.087749961384345,0.047892887819518434,0.04236959284336543,0.0320623741605738,1,0
2025-11-27 16:28:51.104971,6,12.910143675354865,80.11258303021604,15.546517514131175,2.1263094502094773,0.04790034652872218,-0.04269137982869163,0.04309291158641069,1,0
2025-11-27 16:28:52.104971,6,12.910236792890409,80.11265145724825,12.750800095353066,0.06240628058257437,-0.046663191053164174,-0.0665625296212938,0.11009542717456755,1,0
2025-11-27 16:28:53.104971,6,12.910345573812817,80.11274083598698,15.514595321711136,-0.5322042253457344,-0.19541348704814698,-0.003215508536980334,0.03209640790889566,1,0
2025-11-27 16:28:54.104971,6,12.91043397463993,80.11280173427117,11.853632669799131,-3.974549431596823,-0.2840455694712496,0.026749779738719406,0.06579230394435284,1,0
2025-11-27 16:28:55.104971,6,12.910482314380994,80.11284637278264,7.240118873887836,0.11881228479893705,0.14739915604809198,0.18087831761418197,0.10927626419294019,1,0
2025-11-27 16:28:56.104971,6,12.910563750632075,80.1129204015492,12.11244706141983,4.367291357587878,-0.18048399418083685,0.05504880316968089,0.08815668578977504,1,0
2025-11-27 16:28:57.104971,6,12.910662855467747,80.11302683510107,15.971778704583095,0.08578596838874533,0.030730293854755408,-0.045257389671110385,0.054164145365370356,1,0
2025-11-27 16:28:58.104971,6,12.910742659900107,80.11310072720407,11.967154135774843,-2.1086950807929568,-0.16802094358227612,-0.09039696136728445,0.12239795931676857,1,0
2025-11-27 16:28:59.104971,6,12.910824314864445,80.11316713230082,11.599446582216292,0.8528274090724685,0.03606212064606824,-0.05350886623905439,0.010506730779047666,1,0
2025-11-27 16:29:00.104971,6,12.910921355830617,80.11324436341323,13.672163747168756,-0.7701310482601398,-0.007540806915772579,-0.09863088497732209,0.07945856970104008,1,0
2025-11-27 16:29:01.104971,6,12.911002062879433,80.11329602542146,10.589808087767036,-2.974167242869175,-0.005976936141322786,-0.10648534230158158,0.10840316700487983,1,0
2025-11-27 16:29:02.104971,6,12.911060624570831,80.11333359249316,7.688690012135521,-1.5628752875745806,0.05027607496734512,0.05752849797410141,0.046831318766810515,1,0
2025-11-27 16:29:03.104971,6,12.911117933323307,80.11337368932148,7.722063466279067,0.8948744137815106,0.05965935790048539,-0.09204279819893639,0.025283760642722603,1,0
2025-11-27 16:29:04.104971,6,12.91118513137185,80.11342249446301,9.16538743108534,-3.8799526426707773,-0.23645491914114478,0.0008361420097186877,0.018030326149533968,1,0
2025-11-27 16:29:05.104971,6,12.911186427099912,80.113423400863,0.1745821822502432,-4.4140455877611355,0.045759007873850926,-0.06991315789691682,0.007602813088192773,0,0
2025-11-27 16:29:06.104971,6,12.911187206592981,80.11342389905141,0.1022348517201907,0.0793826629254348,-0.0658220420053336,-0.06395429686942046,0.03673941115433229,0,0
2025-11-27 16:29:07.104971,6,12.911188066917077,80.11342450802837,0.11635643070197527,0.022476257513483852,-0.03753991127292987,0.004521986881674912,0.028072266312414173,0,0
2025-11-27 16:29:08.104971,6,12.911189520749362,80.11342551686998,0.1953873469730054,-0.10959971724725365,0.014295285856493445,0.040718017998769764,0.003916024916629486,0,0
2025-11-27 16:29:09.104971,6,12.911190982907245,80.11342669837867,0.20719621378069725,-0.38476099049405,0.05447983410960579,-0.00465936840900151,0.016155535811579646,0,0
2025-11-27 16:29:10.104971,6,12.911191442267139,80.11342708724068,0.06629766029551566,0.2601086358972734,-0.014207391056870002,-0.017906026057458575,0.03684685631054702,0,0
2025-11-27 16:29:11.104971,6,12.91119148023944,80.11342711744524,0.005348870512180936,-0.07374393596955636,-0.15830750982314465,-0.10830540910465149,0.010465792060958433,0,0
2025-11-27 16:29:12.104971,6,12.911192422353658,80.11342764959217,0.11972205627157984,0.22817522703691956,-0.07922268420672517,-0.05839950048133229,0.004624794640745561,0,0
2025-11-27 16:29:13.104971,6,12.911193842292743,80.11342847267449,0.18155525797364386,-0.03913891157696439,-0.10632210499980364,-0.042546916148647224,0.03985391959283388,0,0
2025-11-27 16:29:14.104971,6,12.911195291813344,80.11342934906196,0.1872988767742775,-0.12026596645367038,0.13380880394867384,-0.12208348539601847,0.03140663243578245,0,0
2025-11-27 16:29:15.104971,6,12.911196884271275,80.11343012206976,0.19611571797029287,-0.04170059776738382,-0.08839202219309161,-0.03157090418876293,0.026910604252305594,0,0
2025-11-27 16:29:16.104971,6,12.911197329481883,80.11343032473513,0.054220867908253485,-0.03031228700576493,-0.03461688334990277,-0.0009683759288111535,0.0003231525573185769,0,0
2025-11-27 16:29:17.104971,6,12.911198057242595,80.11343064919049,0.08833378678938249,0.025887994225079168,0.016501610131500723,0.021685190224105894,0.03181713139020793,0,0
2025-11-27 16:29:18.104971,6,12.911198361474778,80.11343078462586,0.03691832136696336,0.2873095228913135,-0.2698745135608786,0.1060414818040808,0.024485502563404777,0,0
2025-11-27 16:29:19.104971,6,12.911199506427975,80.11343148146868,0.1481983627493507,-0.09030833571940816,0.06186825213489313,0.03724520735172839,0.004678851043720427,0,0
2025-11-27 16:29:20.104971,6,12.911199803316611,80.11343163744947,0.03713162172633023,0.20030862239662756,0.03695800176934143,-0.010335508016091333,0.01601696551284837,0,0
2025-11-27 16:29:21.104971,6,12.911201269108789,80.11343241054882,0.18347378213147714,-0.029378388005195544,0.06859119760011466,-0.06767153646387597,0.004929037884321132,0,0
2025-11-27 16:29:22.104971,6,12.91120230923936,80.11343303639138,0.1342334074713279,-0.15408902800963056,-0.15219406933195403,-0.09880161727053405,0.006557129363397096,0,0
2025-11-27 16:29:23.104971,6,12.91120267109094,80.11343322478369,0.04517176258274155,0.09843508709919947,-0.31580336397790637,-0.008304024336817942,0.037090383332164814,0,0
2025-11-27 16:29:24.104971,6,12.911204247339768,80.11343415659377,0.20251578335255946,0.22748647286972512,-0.1008641452875186,0.04420014578164593,0.015187380564798536,0,0
2025-11-27 16:29:25.104971,6,12.911206286240374,80.11343527551426,0.2574049171681048,0.1679593446494806,0.05265270519096527,-0.031240189148930425,0.021676929517026742,0,0
2025-11-27 16:29:26.104971,6,12.911208441010427,80.11343629547034,0.26417130519299264,-0.3999693245281679,-0.04683656825823646,-0.008132293273336026,0.016461819140634406,0,0
2025-11-27 16:29:27.104971,6,12.911209675138636,80.11343684427726,0.1497349003813105,0.010473444168620338,0.007926157010659263,0.021374081696119887,0.0080328700320367,0,0
2025-11-27 16:29:28.104971,6,12.911210074835012,80.11343705560665,0.0500559003319259,-0.10143703566851897,0.018956417203751963,0.09567954866869607,0.007385187642670686,0,0
2025-11-27 16:29:29.104971,6,12.911210766339746,80.11343746593367,0.08892775179484579,0.22197682699955412,-0.10955071724051164,-0.047167152615320965,0.018047025853833085,0,0
2025-11-27 16:29:30.104971,6,12.911212416263753,80.1134384817205,0.21420528023960944,0.06019361037494625,-0.15379163623884132,0.020966570293692265,0.008918715902387105,0,0
2025-11-27 16:29:31.104971,6,12.911214519124902,80.11343983205454,0.276167288204769,-0.3185157464485971,-0.11491070150699868,0.007414460865786947,0.0014258560879059745,0,0
2025-11-27 16:29:32.104971,6,12.911215193094979,80.11344031840096,0.09172816193108592,-0.19398372877512626,0.1775286625451065,0.002291219165675944,0.0014026528638924893,0,0
2025-11-27 16:29:33.104971,6,12.911216430131505,80.11344116900506,0.16577848909684456,0.11305074217345257,0.10961514886408534,-0.10052980469940676,0.040558888922597465,0,0
2025-11-27 16:29:34.104971,6,12.911216722029064,80.11344136878537,0.03906169705310377,-0.069224573043848,-0.14325178766001487,-0.03064017977188894,0.017074456580122205,0,0
2025-11-27 16:29:35.104971,6,12.91121866285535,80.11344254700785,0.251046880535008,-0.13401643381069597,-0.15627052734942656,-0.01706248445015109,0.008464492230971798,0,0
2025-11-27 16:29:36.104971,6,12.91122050077827,80.1134438020731,0.24577945663638825,-0.23879013563762272,-0.056749043313637865,-0.0012754642546757996,0.02375138130022744,0,0
2025-11-27 16:29:37.104971,6,12.911221620773421,80.11344448444,0.14500743851017156,-0.0864864988328978,0.03309758788312328,0.022575489858043023,0.040947800071329275,0,0
2025-11-27 16:29:38.104971,6,12.911223013854993,80.11344557420547,0.1950195772045271,-0.013810065628381149,-0.0503419388290161,0.05675173317725628,0.005536049245909943,0,0
2025-11-27 16:29:39.104971,6,12.911224575527333,80.11344674498855,0.21531878143042754,-0.4580837068746128,-0.19940522295388755,0.05539023859360301,0.010379424780605032,0,0
2025-11-27 16:29:40.104971,6,12.91122473818861,80.11344686160727,0.022091058502290883,-0.09793549052924158,0.15937021521549347,0.06852388061683314,0.010459197986067422,0,0
2025-11-27 16:29:41.104971,6,12.911225166077251,80.11344716077838,0.057643178201515176,-0.12117730395086872,-0.13850210362192256,-0.022597609211045054,0.0016938474034257113,0,0
2025-11-27 16:29:42.104971,6,12.911226338261706,80.11344792937531,0.15486383126279332,-0.09155277305550899,0.4291959506337142,-0.04102359856333454,0.012073952674664289,0,0
2025-11-27 16:29:43.104971,6,12.911227881205258,80.1134487243276,0.19220476316742727,-0.2756925718758899,-0.33467662387367314,-0.05879318643465105,0.0070809838826990795,0,0
2025-11-27 16:29:44.104971,6,12.911229999878973,80.11344963158734,0.2555730262365109,0.32604604743215565,-0.15994554502061745,-0.03237977562371143,0.011979724674853188,0,0
2025-11-27 16:29:45.104971,6,12.911230289212757,80.11344974843017,0.03461426548180585,-0.07354436432066991,-0.15137580864729897,-0.03348495988934145,0.004225197249243394,0,0
2025-11-27 16:29:46.104971,6,12.911231665280946,80.11345024452513,0.16236743411277194,-0.13526206749936584,-0.07061799574536444,0.032730987967161645,0.013336183345536998,0,0
2025-11-27 16:29:47.104971,6,12.91123226145609,80.11345045021892,0.07001900810181973,-0.029973602337421322,0.04807873914261814,0.010192052604380018,0.008473411564430523,0,0
2025-11-27 16:29:48.104971,6,12.91123408942148,80.11345098197407,0.21151187170166927,0.2956529726340048,0.16110995528183986,0.0018646475157498479,0.01987907138040793,0,0
2025-11-27 16:29:49.104971,6,12.91123611575048,80.11345173835011,0.24003876933621718,-0.14053331703821745,-0.0024730123328605353,0.1227977646020598,0.005609536477323051,0,0
2025-11-27 16:29:50.104971,6,12.911237471009054,80.1134523245299,0.16372792407935477,-0.10756480014875794,0.1938074761406775,0.11090997516529161,0.025522596649676665,0,0
2025-11-27 16:29:51.104971,6,12.911238319440837,80.11345279331186,0.10727480100094068,0.16277837149157143,-0.02531393111074184,-0.012664959009424673,0.02828407028641272,0,0
2025-11-27 16:29:52.104971,6,12.911239538483171,80.11345352696462,0.15733152056096267,-0.24201441626108858,-0.06664213070941466,0.08610188281871234,0.009190315846994881,0,0
2025-11-27 16:29:53.104971,6,12.911240533296569,80.11345403197232,0.12355914935923779,-0.19975051704753072,0.06703916173099916,6.839524554301535e-05,0.03445363481262521,0,0
2025-11-27 16:29:54.104971,6,12.911242859277678,80.1134552995732,0.2931954072282442,0.22979989004257034,0.07672325191640708,0.016905738518007037,0.008102393625244396,0,0
2025-11-27 16:29:55.104971,6,12.91124490078388,80.11345650010907,0.2619504384292478,0.3823257960237678,-0.11591356772063688,-0.12386980259386539,0.017793180130932243,0,0
2025-11-27 16:29:56.104971,6,12.91124675764455,80.11345720107921,0.22025635995843004,-0.1550554431281355,-0.018192816026825633,-0.07440648011736033,0.0016544893217031009,0,0
2025-11-27 16:29:57.104971,6,12.911248473046161,80.1134577910732,0.20140466775811358,-0.23524686560513325,0.049743569076791457,0.018686749868210333,0.0029347446338635584,0,0
2025-11-27 16:29:58.104971,6,12.91124905161369,80.11345804881317,0.07021639680738379,-0.003739039586374591,-0.04850128845231761,0.020930290218796905,0.05704937877844893,0,0
2025-11-27 16:29:59.104971,6,12.91125056715653,80.11345862470115,0.17991160076174373,0.025564584137950236,-0.13067601935727272,0.02176971785780237,0.015403219954149228,0,0
2025-11-27 16:30:00.104971,6,12.911252650271155,80.11345959799368,0.25481012464775404,0.08434014997884229,0.28648593229450725,-0.016424163384376536,0.02746126642697516,0,0
2025-11-27 16:30:01.104971,6,12.911254748183053,80.1134606196868,0.2585185120960842,-0.06755993149250694,-0.0098282697530193,0.060372358031278356,0.015639243855552102,0,0
2025-11-27 16:30:02.104971,6,12.911256090719071,80.1134612150824,0.16281804648192774,-0.2014109720124434,-0.10714974435939413,0.071561333055255,0.018148025402610016,0,0
2025-11-27 16:30:03.104971,6,12.911256647798167,80.1134615068047,0.06962607930764915,0.10690529894934303,0.19561671959145563,0.08729336859116688,0.011011196602922662,0,0
2025-11-27 16:30:04.104971,6,12.911258901107107,80.11346266691082,0.2806542543347425,0.16051530914682147,-0.09158976653708292,-0.010721563104971686,0.014489533445213018,0,0
2025-11-27 16:30:05.104971,6,12.911259941253192,80.11346321974047,0.13040589410416356,0.020185372376051836,-0.0253155535552919,0.03107731568456694,0.01322275020237233,0,0
2025-11-27 16:30:06.104971,6,12.911261611214261,80.11346405934545,0.20702475420928196,-0.09306322361343283,0.022897386644653878,-0.042928780945241565,0.006333878259365376,0,0
2025-11-27 16:30:07.104971,6,12.911262254233508,80.11346437545248,0.07937503661395388,0.15418076661169994,-0.1300302497294586,-0.02396184640529149,0.0028580899714572595,0,0
2025-11-27 16:30:08.104971,6,12.911263940859902,80.11346526066936,0.21089995756530633,0.0674631289295429,0.10436202033233945,0.062277621888826754,0.005273976441232909,0,0
2025-11-27 16:30:09.104971,6,12.911266045921133,80.11346652862169,0.27174124614279893,-0.22949342297071346,-0.07850631513445207,0.12279238224931538,0.0073573771119014785,0,0
2025-11-27 16:30:10.104971,6,12.911267088880601,80.11346719610604,0.13684215786996842,-0.18849198793054162,0.03415503033220539,0.00978972614223822,0.0029111444961353043,0,0
2025-11-27 16:30:11.104971,6,12.911267728793266,80.11346762868881,0.08531008194921332,-0.1578957097386774,0.23663860002141246,-0.04014275146257783,0.019892793982578736,0,0
2025-11-27 16:30:12.104971,6,12.911268173934879,80.11346790517587,0.05792783385383927,0.20017114440071554,0.18773795479297226,0.06149455216739961,0.013700672209170294,0,0
2025-11-27 16:30:13.104971,6,12.911268252659756,80.11346796256849,0.010751114250734228,-0.09873616627932708,0.20231896352935255,0.07305791920147278,0.03809328347197554,0,0
2025-11-27 16:30:14.104971,6,12.91126849529488,80.11346819372241,0.03686047997657116,0.28746188063090394,-0.1667780523275245,0.13894294682129585,0.005540276198127188,0,0
2025-11-27 16:30:15.104971,6,12.91127046179459,80.113470014779,0.2949062930644942,0.1347393660727591,-0.046344483198729615,0.09723633972358468,0.021173796030707393,0,0
2025-11-27 16:30:16.104971,6,12.911271259797624,80.11347073597734,0.11838819480972441,-0.2513327118318819,-0.15158659465490995,0.0013046726900820026,0.025662428561139712,0,0
2025-11-27 16:30:17.104971,6,12.911272226318978,80.1134716084772,0.1433172934211497,0.19926908280337668,-0.06770988207186542,-0.0704626765013386,0.010868775007793761,0,0
2025-11-27 16:30:18.104971,6,12.911274060857133,80.11347316994312,0.26535808417619916,-0.10447788855619725,-0.02001977430955995,-0.07350159320657004,0.005325348906685405,0,0
2025-11-27 16:30:19.104971,6,12.911274268115593,80.11347334655434,0.029993140365252167,-0.21866919926733502,0.18155917460766638,-0.010112329968299034,0.010781636682378621,0,0
2025-11-27 16:30:20.104971,6,12.911274453955414,80.11347349203302,0.02602269670024977,-0.39977483214076825,0.09757088386834875,-0.050558581180758566,0.002871324964825849,0,0
2025-11-27 16:30:21.104971,6,12.911274521779557,80.11347354289303,0.009352184370486294,-0.2252896238903373,-0.019091031627436406,0.027217484032950934,0.015469472275819303,0,0
2025-11-27 16:30:22.104971,6,12.911275172611054,80.11347408483459,0.09331302316288934,-0.1278605025976353,-0.16072967172053987,-0.027400711502662226,0.020600992247321207,0,0
2025-11-27 16:30:23.104971,6,12.911276964611057,80.11347549139099,0.2511762587281885,0.1951749023133103,0.05448284411094511,-0.06972882620557587,0.0012333610682938268,0,0
2025-11-27 16:30:24.104971,6,12.911278190960038,80.11347643330576,0.17053882096690973,-0.19641647364783105,0.1268670961278998,-0.03095665564957112,0.021230283103036332,0,0
2025-11-27 16:30:25.104971,6,12.911279920110777,80.11347759979974,0.2303778754389413,-0.299970609527261,0.4710592556267293,-0.08818983971930208,0.0025233562578895474,0,0
2025-11-27 16:30:26.104971,6,12.911279938540517,80.11347761332493,0.0025225016987027835,-0.2537693837399084,-0.08014064392517672,-0.04114554095946257,0.004311060616945314,0,0
2025-11-27 16:30:27.104971,6,12.911281504294186,80.11347848638809,0.1983822617678677,0.3931577603852747,-0.0674243840073014,0.016636584408479704,0.017597918765514767,0,0
2025-11-27 16:30:28.104971,6,12.911283235800994,80.11347941117207,0.21730876367474208,-0.4635723458068848,-0.060749384647171056,-0.003795434864354597,0.006358972495645305,0,0
2025-11-27 16:30:29.104971,6,12.911284568466685,80.11348012185219,0.1671987450795974,0.19709526913600636,0.06932036849016487,0.06351440417011782,0.015136786673982055,0,0
2025-11-27 16:30:30.104971,6,12.911285207413728,80.11348051958893,0.08319751117447312,-0.3433823149407268,-0.11545024350696015,-0.03431318860458299,0.009964813771783028,0,0
2025-11-27 16:30:31.104971,6,12.911285440585806,80.11348066089616,0.03014738912392051,-0.2857572820627592,0.051484072850101384,0.020737287469147162,0.018234176670520134,0,0
2025-11-27 16:30:32.104971,6,12.911286793598647,80.11348148949949,0.17541354262778422,0.03829446853726138,-0.13171244802777876,-0.12203380242419792,0.025075095102891107,0,0
2025-11-27 16:30:33.104971,6,12.911287295190895,80.11348174399616,0.0622930855581344,-0.12975022651157575,-0.20628021508519676,-0.13672636568638685,0.029051076203723786,0,0
2025-11-27 16:30:34.104971,6,12.911289658633402,80.11348288427766,0.2907416952849267,-0.15715200921367065,0.03223424363982215,-0.12842123171322412,0.008528588959326918,0,0
2025-11-27 16:30:35.104971,6,12.911292124741953,80.11348399051073,0.2996239155317069,0.09645853267751169,0.039231515746264135,0.02800130149349206,0.002690013055854486,0,0
2025-11-27 16:30:36.104971,6,12.911293261839175,80.11348454431885,0.14012229504811932,-0.24821659320936842,0.1741837280240079,0.06453545746975578,0.0297823023481662,0,0
2025-11-27 16:30:37.104971,6,12.91129394964743,80.11348489689183,0.08559300660604542,0.5054557172092085,-0.21520989688360226,-0.012873583111330376,0.0020826090910672107,0,0
2025-11-27 16:30:38.104971,6,12.911294212626709,80.11348504306511,0.03329568449765202,0.04103253785495281,0.1414856728964124,0.06443780294799654,0.006890481501331563,0,0
2025-11-27 16:30:39.104971,6,12.911294876948391,80.11348542636259,0.08484600095244124,0.07267408801666625,0.004497495436137959,-0.03838449852738182,0.001998436837875042,0,0
2025-11-27 16:30:40.104971,6,12.911295451396793,80.11348582161793,0.07699881934713257,0.13049391809019706,-0.11453339679081256,-0.10633252751849269,0.0052864241488757005,0,0
2025-11-27 16:30:41.104971,6,12.911297447508044,80.11348697031359,0.2547797692930632,0.0026716846504483277,-0.13687046396881591,-0.04611401420924424,0.009567882046107713,0,0
2025-11-27 16:30:42.104971,6,12.911298780957388,80.11348774370704,0.17052036937532805,-0.12468480364939259,0.05887930769442382,-0.011500468619579693,0.028280904467225258,0,0
2025-11-27 16:30:43.104971,6,12.911300183328825,80.11348843752995,0.17331813900343465,0.20577660779067963,-0.07775754989992613,-0.06749174832967375,0.028871253156431187,0,0
2025-11-27 16:30:44.104971,6,12.911301306231621,80.11348897632561,0.1379985090115873,0.0238566941770944,0.030003163470039125,0.0014965650926376138,0.01546694905565454,0,0
2025-11-27 16:30:45.104971,6,12.911302822546858,80.1134897156108,0.18688909749381422,0.23121658964583636,-0.1366726334613499,0.04624353774056173,0.031643346205192054,0,0
2025-11-27 16:30:46.104971,6,12.911304484431097,80.11349053722306,0.2053626635851209,0.21545327084047294,-0.05523165650974971,0.030146606597356143,0.02653683122640163,0,0
2025-11-27 16:30:47.104971,6,12.911305993460749,80.11349124326324,0.18463104318060822,-0.03226940358244989,-0.10592745925588125,0.018550542987799453,0.014195751335428908,0,0
2025-11-27 16:30:48.104971,6,12.911306307692513,80.11349139998482,0.03889506479634567,-0.11272757231079582,-0.06447537614460576,0.07080110218326706,0.011199096592998206,0,0
2025-11-27 16:30:49.104971,6,12.911308546665015,80.11349272543205,0.2877632600054259,0.31506942239869706,-0.16839543773362067,-0.05952718599273654,0.017205278869790574,0,0
2025-11-27 16:30:50.104971,6,12.911309035682505,80.11349293752525,0.05910246058820597,-0.16293320863441768,0.09957338146507261,-0.005272518499872415,0.006317875971549564,0,0
2025-11-27 16:30:51.104971,6,12.911310334022522,80.11349365492765,0.16416244916051967,-0.20467185498831914,0.38483426528126546,-0.015078831882228333,0.001982264239854994,0,0
2025-11-27 16:30:52.104971,6,12.911312451104182,80.11349472532045,0.2627408678261191,0.3016512826002263,0.015737185024179607,-0.09863258866839711,0.005655906946356202,0,0
2025-11-27 16:30:53.104971,6,12.91131294070941,80.11349490842562,0.05801152746991499,-0.30656699631525774,-0.1565475288996311,-0.1357700870109567,0.04999211088577152,0,0
2025-11-27 16:30:54.104971,6,12.911314202664634,80.11349525577374,0.14544929186121033,0.21439226500131592,-0.10816611563010213,0.005453333092817217,0.011027468557817556,0,0
2025-11-27 16:30:55.104971,6,12.911315521149492,80.11349560030382,0.15146021630571413,-0.16288993190343148,0.08256626880357412,0.008463775436021502,0.009557885339068912,0,0
2025-11-27 16:30:56.104971,6,12.911316782671362,80.11349595398164,0.14558225376580805,-0.12646540853153523,0.09224226306088408,-0.019924186304222984,0.01776434828069071,0,0
2025-11-27 16:30:57.104971,6,12.911317372017393,80.11349612646436,0.06822351429369726,-0.16268623202480115,-0.22101917294213594,0.04080671724667592,0.01602247617195087,0,0
2025-11-27 16:30:58.104971,6,12.911319659583944,80.1134965140581,0.2581017131355832,-0.081748157830799,0.10374645001934274,-0.07357924594306958,0.028265240084272718,0,0
2025-11-27 16:30:59.104971,6,12.911321027044364,80.11349677689759,0.15487450447974407,-0.07580669567625077,0.08248671555906595,0.08036482853985424,0.032384363644135924,0,0
2025-11-27 16:31:00.104971,6,12.911322466079511,80.1134970522578,0.16295618664978342,-0.2517322485467378,-0.1627495219112395,0.07400582457919765,0.03733396669670722,0,0
2025-11-27 16:31:01.104971,6,12.911324886259548,80.1134974881162,0.2735342951398118,0.4115790210776902,0.1367173490554935,0.0451713362196679,0.015798046465256038,0,0
2025-11-27 16:33:04.104971,7,12.897913681843587,80.09835828861756,0.26459246214222504,-0.024262031537434392,-0.3296665627671346,0.0016801096590611658,0.013302917090266674,0,0
2025-11-27 16:33:05.104971,7,12.897914110623296,80.09835830195402,0.047753689952927114,0.02593388410115674,0.06606799698993945,0.010930120966965351,0.0364525372597868,0,0
2025-11-27 16:33:06.104971,7,12.897916162814015,80.09835843841933,0.22892929324695965,-0.05514320015330319,0.19163163707098574,0.060359253054834944,0.02883166820524046,0,0
2025-11-27 16:33:07.104971,7,12.897917311002285,80.09835857594634,0.12868455314113877,0.015773440321338802,0.10464532455696818,0.01276749727054586,0.004676160694193959,0,0
2025-11-27 16:33:08.104971,7,12.897917860166393,80.09835860682928,0.061224730136366645,-0.006290724051533716,0.43415955982741594,-0.06805969777307724,0.006792386679050502,0,0
2025-11-27 16:33:09.104971,7,12.897918590871207,80.09835856055432,0.08149690015536064,0.10690605215666674,-0.24128443387952664,0.01818789588366418,0.004624274258547745,0,0
2025-11-27 16:33:10.104971,7,12.89791938999221,80.09835851159,0.08911667839472327,0.21860993147625224,-0.21044703477534818,0.09729093073352638,0.00019851645249026637,0,0
2025-11-27 16:33:11.104971,7,12.897919592823843,80.09835850458136,0.022592021682115857,0.41118031072324873,0.2565408031815584,-0.1075706029878192,0.036076955701089784,0,0
2025-11-27 16:33:12.104971,7,12.89792034052163,80.09835842665873,0.08366210023001061,0.44017797668415737,0.00692126504590152,-0.0829675902448887,0.027356879724673502,0,0
2025-11-27 16:33:13.104971,7,12.897922384068227,80.09835834091376,0.22767780194830822,-0.2547010395845721,0.057563132849741946,-0.05601838956056482,0.005227243292745371,0,0
2025-11-27 16:33:14.104971,7,12.897923477852133,80.09835820600262,0.12263692428364677,-0.04532020607309058,-0.037826260423400114,-0.047604989226646466,0.00895211696373326,0,0
2025-11-27 16:33:15.104971,7,12.897924331557636,80.098358084491,0.09594482769301015,-0.11792651780904764,0.2823593219773079,0.05032666462426006,0.011396846037469311,0,0
2025-11-27 16:33:16.104971,7,12.89792477048271,80.09835803155086,0.04919767683681029,-0.17055693025549418,0.09439331698471987,0.053761786800588504,0.020180400480379487,0,0
2025-11-27 16:33:17.104971,7,12.897925039804782,80.09835800973701,0.030074229365290403,-0.25747422296919703,0.061778958508988756,0.1276245653019307,0.022579052071742992,0,0
2025-11-27 16:33:18.104971,7,12.897925636498192,80.09835794654066,0.06677695305894545,0.09433938751575721,0.04903162630342861,0.08885325429634941,0.02119089218507139,0,0
2025-11-27 16:33:19.104971,7,12.897928219987865,80.09835803265334,0.2877458311751469,-0.26185197677943783,-0.04588023338020218,0.05245328411380165,0.020608821425584435,0,0
2025-11-27 16:33:20.104971,7,12.897929602967567,80.09835808619421,0.15406288445031882,0.2941411744114318,-0.058843088307532904,-0.0011254295049012153,0.0028473259679838736,0,0
2025-11-27 16:33:21.104971,7,12.897929954044532,80.09835807261942,0.039109637213211944,-0.5509507754220477,0.19060124110360696,-0.0211683713515872,0.011857583762556374,0,0
2025-11-27 16:33:22.104971,7,12.897930461282973,80.09835807017322,0.05646640712956558,0.4323917009213628,-0.1701858208126897,0.007739687217240804,0.020212744920922364,0,0
2025-11-27 16:33:23.104971,7,12.897932650218447,80.09835822762402,0.2442705307803639,-0.15666453952836645,0.15777748647713713,-0.049898518745332306,0.03694729283521127,0,0
2025-11-27 16:33:24.104971,7,12.897934949599376,80.09835840079008,0.25665586026661963,0.02449191716430403,-0.12104685485619394,-0.03080646716790221,0.004600080748988157,0,0
2025-11-27 16:33:25.104971,7,12.897937617319332,80.09835863975907,0.29810054874483477,0.04392069302879903,-0.08142036390105496,0.08938799602224318,0.007537885846201114,0,0
2025-11-27 16:33:26.104971,7,12.897939298578693,80.09835893119184,0.18981069775738355,0.12449417799896478,-0.03242925438637588,-0.04252497218431925,0.009400327482663982,0,0
2025-11-27 16:33:27.104971,7,12.897941827808443,80.09835945974979,0.28733624007608166,-0.5645564372156301,0.10177390456664183,-0.014128611644010358,0.004369859777366066,0,0
2025-11-27 16:33:28.104971,7,12.897942016368336,80.09835950756275,0.021622175434865564,-0.20763971242657292,-0.04096530378024805,0.011963683183466012,0.006918401595740552,0,0
2025-11-27 16:33:29.104971,7,12.89794250870321,80.09835960003787,0.05571776649165092,0.09483774884084076,-0.18369546234179557,-0.03951040490646879,0.00418685325986436,0,0
2025-11-27 16:33:30.104971,7,12.897944240619497,80.09835990095691,0.1955425254245056,0.47273653861257914,-0.043241066101092254,0.010388252206049808,0.008137644974344597,0,0
2025-11-27 16:33:31.104971,7,12.897946401637713,80.09836041528959,0.24695376147840511,-0.3180345879608554,-0.14964283870207515,-0.09535004271965077,0.020383096154421798,0,0
2025-11-27 16:33:32.104971,7,12.897946743861757,80.09836047273353,0.03860295923605241,0.15288924651960883,-0.04835239652453468,-0.0039870015351403665,0.02091381720087146,0,0
2025-11-27 16:33:33.104971,7,12.89794881494999,80.0983610926639,0.2401668511154027,0.15408161516112912,0.13570537066225888,0.17778896398485802,0.03241496245535398,0,0
2025-11-27 16:33:34.104971,7,12.897950577214756,80.09836178264732,0.20997719478522459,-0.42660471929978827,0.05108292609218711,-0.030172460470636327,0.036585310535802384,0,0
2025-11-27 16:33:35.104971,7,12.897952551551644,80.09836244807623,0.2313405198264827,-0.09720728527808717,0.07228069666527735,0.01843132670270431,0.024703188882641537,0,0
2025-11-27 16:33:36.104971,7,12.89795506674403,80.09836336970223,0.29731540894304775,0.1188574435218283,0.22791906983852095,-0.008136313003666821,0.044689797094660685,0,0
2025-11-27 16:33:37.104971,7,12.897957131518384,80.09836404187702,0.24114595435718778,-0.32953640938263873,0.2592522772628622,-0.0636747487261553,0.0063370441993015995,0,0
2025-11-27 16:33:38.104971,7,12.897957972761967,80.09836430465579,0.09789218472800201,0.2218910529318029,-0.1059805847555798,-0.07192521470311887,0.02591619955775526,0,0
2025-11-27 16:33:39.104971,7,12.897959911272936,80.0983648978121,0.22518935779549132,-0.3082877636417086,-0.043707850669690365,0.006464314770557141,0.0034521988192990224,0,0
2025-11-27 16:33:40.104971,7,12.897960017796109,80.09836492550176,0.012232898968178429,0.06596399554266401,0.2319593936639669,0.047344700399668774,0.0025271497657282506,0,0
2025-11-27 16:33:41.104971,7,12.897961771611484,80.09836538517588,0.20150582616975501,0.1606098707369192,0.13339724876478412,-0.10286541078947598,0.00034749929505106943,0,0
2025-11-27 16:33:42.104971,7,12.897962204497134,80.09836547030541,0.049066231666841875,-0.10100047731304376,0.024579004563251128,-0.13602622483786114,0.026027664866044926,0,0
2025-11-27 16:33:43.104971,7,12.897964192915987,80.0983657777132,0.22385011794464074,0.3007959686204001,0.07376514489431497,-0.07945921590808037,0.012385358271486221,0,0
2025-11-27 16:33:44.104971,7,12.897964519346836,80.0983657972429,0.03640002375055098,-0.06964279894626389,0.07802451972217708,-0.08694001785992796,0.0044939124871190075,0,0
2025-11-27 16:33:45.104971,7,12.897964901411083,80.09836578020291,0.04257156597924378,0.302405160384499,-0.0471949276462007,-0.02894493665167607,0.007531031652527573,0,0
2025-11-27 16:33:46.104971,7,12.897964954889238,80.09836577524808,0.0059774178987910265,0.13094842040196292,-0.10977971435546259,-0.024948892134529534,0.022399984045776478,0,0
2025-11-27 16:33:47.104971,7,12.89796519117807,80.0983657625597,0.026339682458727885,-0.39473444996153906,-0.07320952575181719,-0.060562684474207526,0.007924350712278037,0,0
2025-11-27 16:33:48.104971,7,12.897966132992055,80.0983656510534,0.10553862431320366,0.07025008845787004,-0.3141443172934254,-0.010028884770359195,0.012794574462453282,0,0
2025-11-27 16:33:49.104971,7,12.897966974502532,80.09836555728351,0.09422793011278564,0.019984826907798778,0.26632317324260707,0.10337396975486174,0.03102292546323261,0,0
2025-11-27 16:33:50.104971,7,12.89796733768866,80.09836553373991,0.04051051612655746,0.10746353596581981,0.16287948362400992,0.049921845267070636,0.03455276974038053,0,0
2025-11-27 16:33:51.104971,7,12.897969307131065,80.09836531231159,0.22055104733108694,0.6448440038150012,0.013879971094168778,-0.07113279279176336,0.003355719405018248,0,0
2025-11-27 16:33:52.104971,7,12.897971487778872,80.09836489828939,0.24687198618754547,0.27063628463757905,-0.11717663870810457,-0.01601410449685596,0.02624341897384297,0,0
2025-11-27 16:33:53.104971,7,12.89797195997832,80.09836483284691,0.05304274188036331,-0.10823849939011593,0.0906090228641107,-0.02242240718452116,0.03328954336708289,0,0
2025-11-27 16:33:54.104971,7,12.897972787967296,80.0983647710174,0.09241559259136906,-0.20714312119460493,-0.2452937808837563,0.004851394276013594,0.001715051931318549,0,0
2025-11-27 16:33:55.104971,7,12.897973775009264,80.0983646586073,0.11055249063341462,0.1192184115229068,-0.1653561009219595,-0.022609466545526792,0.0073394862687847845,0,0
2025-11-27 16:33:56.104971,7,12.897976120533656,80.09836452580942,0.26150111226452116,-0.0796304503891857,-0.04200171963886556,-0.01475319687717893,0.023395284484607242,0,0
2025-11-27 16:33:57.104971,7,12.897977343588433,80.09836452369163,0.13615065167146878,-0.3390016222256237,-0.06494734493154772,-0.0641040337422778,0.014827698768693996,0,0
2025-11-27 16:33:58.104971,7,12.89797872439461,80.09836437108223,0.15460079465073032,0.17428219981662751,0.4153574206273146,-0.04978948130446863,0.01120338369789794,0,0
2025-11-27 16:33:59.104971,7,12.897981103005105,80.0983641179589,0.26620769212743134,-0.07236868591378372,0.3843499877157607,0.0405940789686325,0.0059208406324344764,0,0
2025-11-27 16:34:00.104971,7,12.897981455818467,80.09836410612239,0.039296179341641015,-0.060016000450377895,-0.037091659664447774,0.05684450687849145,0.0037409138810213845,0,0
2025-11-27 16:34:01.104971,7,12.897982717768679,80.09836409988458,0.1404819282556871,0.5462247571681155,0.05138096620862918,0.09790843964741709,0.00022905953543885413,0,0
2025-11-27 16:34:02.104971,7,12.897985276646937,80.09836430812886,0.2857492015657705,0.33450846360100267,-0.28298120519805653,0.14161264630548373,0.005862619751560387,0,0
2025-11-27 16:34:03.104971,7,12.89798587612124,80.09836441692056,0.06776959766880387,-0.26772771466655754,0.2360085321707548,0.033591700101342374,0.026887404280921214,0,0
2025-11-27 16:34:04.104971,7,12.897987144059618,80.09836457372883,0.1421688212505679,0.22910074985428647,0.12447795326436481,0.0031316899265704384,0.01688978318701164,0,0
2025-11-27 16:34:05.104971,7,12.897989591087809,80.09836488111272,0.27443764850295244,0.08259309200114125,0.08143477162391445,0.1578199929027219,0.017345873130303672,0,0
2025-11-27 16:34:06.104971,7,12.897992139906584,80.09836550038044,0.291583233166602,0.031640142582535266,-0.08659700745177248,0.014161188475810514,0.004223712180088635,0,0
2025-11-27 16:34:07.104971,7,12.89799373742137,80.0983657090115,0.17927054127645,0.06766832405109652,-0.038796736709056055,0.027131677093557252,0.010891053910117259,0,0
2025-11-27 16:34:08.104971,7,12.897996157319161,80.09836609795155,0.2726690738583856,-0.15257845398448655,-0.10385288374955458,-0.07166557483374827,0.006107473996809545,0,0
2025-11-27 16:34:09.104971,7,12.897997040031932,80.09836614483918,0.098395215000688,0.002186098120737657,0.01200689579744318,-0.08676547772157976,0.0327318685363523,0,0
2025-11-27 16:34:10.104971,7,12.897999259575624,80.09836625206678,0.24735341786370613,0.14749432251929942,-0.1430283266583024,-0.026234191995837475,0.013902282853572409,0,0
2025-11-27 16:34:11.104971,7,12.898001666757168,80.09836637129591,0.26827958971898447,-0.20777346817430853,-0.1716673775079073,0.03567757418139451,0.00028651601433387746,0,0
2025-11-27 16:34:12.104971,7,12.898003272662796,80.09836645429468,0.17899613725120633,0.07939387192787205,-0.010805609382554416,-0.017235973558182627,0.018648739182159594,0,0
2025-11-27 16:34:13.104971,7,12.898004227377486,80.09836649113359,0.10635399003528448,0.0554908486833697,-0.10031830233491983,-0.028338945669108828,0.002592644484411026,0,0
2025-11-27 16:34:14.104971,7,12.898005663541534,80.09836665793021,0.160895032877028,0.08718735240926903,-0.03464661357094858,0.08515329215388648,0.0025289043568166246,0,0
2025-11-27 16:34:15.104971,7,12.89800696095954,80.09836685121641,0.1459435176578571,0.07480191056594161,-0.06148858760570345,0.05687292076337866,0.042106695213352925,0,0
2025-11-27 16:34:16.104971,7,12.898007797161318,80.09836699512145,0.09438664329051286,-0.10501871842126945,-0.1974484578693009,0.09299415443876222,0.030527409810219255,0,0
2025-11-27 16:34:17.104971,7,12.898008864392478,80.09836722445354,0.12138245795239856,-0.13878189916259637,0.25748572865652947,0.036327177676155065,0.025817781458640745,0,0
2025-11-27 16:34:18.104971,7,12.898011111009716,80.09836763535611,0.25403695908162893,0.12859360007984336,0.15315840738920286,0.04645635644204976,0.018739886106711883,0,0
2025-11-27 16:34:19.104971,7,12.898012460468191,80.09836795484247,0.15417012299057103,0.19543416876892833,-0.22074949529775387,-0.013281400740438154,0.011904857611838507,0,0
2025-11-27 16:34:20.104971,7,12.89801450245985,80.09836840960243,0.23260905919106953,0.14628868676814405,0.04616688900570782,0.04224529029505685,0.02974135518017415,0,0
2025-11-27 16:34:21.104971,7,12.898016432833455,80.09836884345697,0.21998571332630115,-0.21931064713036386,0.20626781702525995,0.06573632392223153,0.029778871375667437,0,0
2025-11-27 16:34:22.104971,7,12.898017317482218,80.09836904840596,0.10095899670391249,-0.010218413455971624,0.10463461347680182,0.036209486375509276,0.01333177262508664,0,0
2025-11-27 16:34:23.104971,7,12.898018698414793,80.09836943152455,0.15924758298644862,-0.14107209102685628,-0.07952601188868968,-0.036536125816051826,0.023818336211194873,0,0
2025-11-27 16:34:24.104971,7,12.898018761479204,80.09836945338047,0.00741010088430849,0.040605963363798334,-0.14279264657666,0.010759083595262363,0.0036175452213174156,0,0
2025-11-27 16:34:25.104971,7,12.89801958560132,80.098369791428,0.09880298252685779,0.0025394359276899054,-0.10621002625372257,-0.04702794302033044,0.022685614022469994,0,0
2025-11-27 16:34:26.104971,7,12.898019795193225,80.09836986242018,0.024570607888775308,0.2181135243965196,-0.0410437424259248,-0.00716782967782841,0.0025663970665689016,0,0
2025-11-27 16:34:27.104971,7,12.898022184909964,80.09837071608494,0.2816897585164814,0.08653413146921846,-0.032395575855132266,0.06830266889838746,0.0144541710851205,0,0
2025-11-27 16:34:28.104971,7,12.898023255849887,80.09837108123432,0.12562909828711488,0.0632065962685385,-0.08210259350278089,0.03569649643020331,0.033500315646044,0,0
2025-11-27 16:34:29.104971,7,12.898025409802042,80.09837191954654,0.2564534010246106,-0.26428446323950217,-0.07770086669539296,0.0008313367137881868,0.01464461769980467,0,0
2025-11-27 16:34:30.104971,7,12.898027557680546,80.09837276538633,0.25611294802216805,-0.039371073346861664,-0.18757909809766896,0.012145793294170653,0.03843587553990155,0,0
2025-11-27 16:34:31.104971,7,12.898029817472551,80.09837377826196,0.27452200087360745,0.3452165136288598,-0.1659786858001392,-0.03994950403475103,0.015585479149046658,0,0
2025-11-27 16:34:32.104971,7,12.898032024655556,80.09837463900354,0.2628571162180176,0.29058150342456956,-0.023954158970302047,-0.017843481254946746,0.004678848800434546,0,0
2025-11-27 16:34:33.104971,7,12.898032077174998,80.09837465721033,0.006171248271069329,-0.07202098586648993,0.06662912961571923,0.03005062150159899,0.0396957650024989,0,0
2025-11-27 16:34:34.104971,7,12.898033375379807,80.09837515045278,0.15410894398329858,0.24420469303666614,0.11201147900125956,0.01593132228453676,0.024736929269667404,0,0
2025-11-27 16:34:35.104971,7,12.898034189207339,80.0983753898933,0.09424738534083589,0.19334567973506922,-0.01922434033799944,-0.09494238145715683,0.006964277055135787,0,0
2025-11-27 16:34:36.104971,7,12.898034295912167,80.09837541948421,0.012304720025498027,0.2209776266805698,-0.3113356936211367,-0.05001062552510512,0.015528845251318717,0,0
2025-11-27 16:34:37.104971,7,12.898034917857364,80.09837558292618,0.07147039813542155,0.14116504807898428,0.22613825496330314,0.01984432746289795,0.026788712172512774,0,0
2025-11-27 16:34:38.104971,7,12.898035035959788,80.09837562121032,0.0137878845165038,-0.19897048472334444,-0.04039495341154136,0.039434184472675035,0.008842141886545092,0,0
2025-11-27 16:34:39.104971,7,12.898037034620502,80.09837624770576,0.2326450876125674,0.17656141633976297,0.15263854431929466,0.016183320515027057,0.009211836488126728,0,0
2025-11-27 16:34:40.104971,7,12.898037547657777,80.09837644586754,0.06102517455033163,-0.36853109073337575,-0.05910745022502541,0.1261737009306279,0.01860073595437056,0,0
2025-11-27 16:34:41.104971,7,12.898038257228135,80.09837672345297,0.08453759686369909,0.14323930733304902,-0.16285792089601223,-0.013758860166853425,0.006624287591531367,0,0
2025-11-27 16:34:42.104971,7,12.898040591781397,80.09837773792991,0.28223570925640773,-0.3812820256898343,0.0009606169848501088,0.029754203928760034,0.0023362346303424106,0,0
2025-11-27 16:34:43.104971,7,12.89804256759887,80.0983788337803,0.25003445429300275,0.05193807607520218,-0.03374392934082034,-0.0745154095641214,0.013819885825566655,0,0
2025-11-27 16:34:44.104971,7,12.898044955850684,80.09837990315258,0.290080490496799,-0.10948040959351948,0.1368559722765233,-0.09090238621978242,0.019827626126392113,0,0
2025-11-27 16:34:45.104971,7,12.898045815846421,80.09838029431403,0.10472226832620582,-0.11478242344588102,0.04986158214594166,-0.024515459687366854,0.010354078493817014,0,0
2025-11-27 16:34:46.104971,7,12.898047556876021,80.09838104042925,0.21004214243649896,0.2895903079844661,-0.07201405652511163,-0.12866625155599298,0.003020676052381984,0,0
2025-11-27 16:34:47.104971,7,12.8980498215362,80.09838181739241,0.2658259992393757,-0.14717046715844617,0.1742565478423457,-0.07500038627691119,0.02073418462223899,0,0
2025-11-27 16:34:48.104971,7,12.898051876500295,80.09838240569874,0.2374990016281802,0.05676555967872716,-0.18207281072606943,0.034432769635187335,0.007768732330201248,0,0
2025-11-27 16:34:49.104971,7,12.898054353657649,80.09838305437974,0.28459911011548134,0.24012598077210118,0.27921220925693424,0.015618034802392516,0.018087126208367756,0,0
2025-11-27 16:34:50.104971,7,12.898056770371493,80.09838388813566,0.2838336736696807,0.3472616729082363,-0.3109285837537599,0.057449929907972846,0.0015477551700890577,0,0
2025-11-27 16:34:51.104971,7,12.898058341469213,80.09838447700727,0.18620212936127983,-0.010908331565659513,0.007572375872678217,-0.0006138211963795017,0.012686365109253375,0,0
2025-11-27 16:34:52.104971,7,12.898060244734582,80.09838518194347,0.22525718040366902,0.04278744123739387,0.12429903301703613,-0.04080598025956139,0.02541092574830318,0,0
2025-11-27 16:34:53.104971,7,12.898062380957358,80.09838582599411,0.24786096364699448,-0.25983136925473305,0.2578455618235959,-0.16058014105660395,0.014998310248661257,0,0
2025-11-27 16:34:54.104971,7,12.898063168631714,80.09838595756295,0.08883857482293923,-0.10617658780757419,-0.20339983946922874,-0.12025279126926221,0.05598419550840644,0,0
2025-11-27 16:34:55.104971,7,12.89806383272247,80.0983860492594,0.07459319153891153,-0.01863358265896623,0.14101176605917912,-0.028217352904134775,0.00588110622984031,0,0
2025-11-27 16:34:56.104971,7,12.898065719605688,80.09838624657819,0.21113630595656258,0.12840356569666478,0.004409944568083154,-0.10080947962566184,0.0044777629876591365,0,0
2025-11-27 16:34:57.104971,7,12.898067038868511,80.0983862944999,0.14695237071902897,-0.46702609505806536,-0.03225552542206337,0.01002656921399632,0.017185502491413773,0,0
2025-11-27 16:34:58.104971,7,12.89806931568191,80.09838626208892,0.2534792671931152,-0.3439658060994778,0.13186176921780202,-0.008348776025338407,0.025276736060994755,0,0
2025-11-27 16:34:59.104971,7,12.898069931135108,80.09838626726739,0.06851455438629961,0.3764973472532798,0.017672848788095306,-0.0550842201224818,0.011477457276980298,0,0
2025-11-27 16:35:00.104971,7,12.898071235252226,80.0983862585395,0.1451774067060343,-0.23654598369487453,0.15514804303405008,0.05400765297797663,0.04017621032616634,0,0
2025-11-27 16:35:01.104971,7,12.89807138476935,80.09838623985995,0.016767213027753768,-0.25249101599024953,0.14365784119584982,-0.06079371512490091,0.015055931651665822,0,0
2025-11-27 16:35:02.104971,7,12.898072091877372,80.09838616234813,0.07916335218217625,-0.032002793987238876,0.08484337583932704,-0.0353466165674856,0.0033240899418221434,0,0
2025-11-27 16:35:03.104971,7,12.898072384651721,80.09838613618206,0.03271508437098176,-0.17602324390720248,0.12153211569952056,0.06585936001232731,0.013506603145369512,0,0
2025-11-27 16:35:04.104971,7,12.89807313559013,80.09838608031804,0.08381396488495015,0.12471943656366363,-0.09846193943042449,0.04673028800785978,0.003318027099771412,0,0
2025-11-27 16:35:05.104971,7,12.898073790993866,80.09838607357042,0.07296321788992384,0.025175077600183206,-0.07275254485876777,0.10060370297130056,0.006126975574181499,0,0
2025-11-27 16:35:06.104971,7,12.898073908647007,80.09838607833866,0.013107363847537834,0.10587715982218343,-0.1154621191666721,0.01879574138868783,0.030196454949441898,0,0
2025-11-27 16:35:07.104971,7,12.898075113409163,80.09838610580955,0.13414724685577759,0.2865369669244239,0.021287254208106114,-0.007061147387912532,0.014220855427446989,0,0
2025-11-27 16:35:08.104971,7,12.898076921752077,80.09838594410328,0.20206803657447067,0.13167647938829746,-0.03664426806201597,-0.09353755278572354,0.007943520610927967,0,0
2025-11-27 16:35:09.104971,7,12.898078074391584,80.09838594424393,0.12831183085670886,0.001784139552582352,-0.017767630194021874,0.11220374743512594,0.005049865045543297,0,0
2025-11-27 16:35:10.104971,7,12.898080606763477,80.09838569662081,0.2831813092037364,-0.0718295302766421,0.10330821703069785,-0.10968848857331479,0.01924319599423143,0,0
2025-11-27 16:35:11.104971,7,12.898080710755353,80.09838567076636,0.011911477958163774,3.4165992079423213,0.14281931464164793,-0.11925153812690245,0.006089811869800684,0,0
2025-11-27 16:35:12.104971,7,12.898148785583427,80.09836814756237,7.813003196284685,7.034249824722023,0.016514483369084773,0.028236292681103402,0.08230800461535764,1,0
2025-11-27 16:35:13.104971,7,12.8982760571414,80.09834174234221,14.454697540129947,-0.6212616541105523,-0.09344422131519811,-0.017001638871446206,0.045358833779290814,1,0
2025-11-27 16:35:14.104971,7,12.898333954644842,80.0983286126356,6.600741763374233,-1.8899776900446508,-0.12327010557329965,-0.03238346038434983,0.11622479145889811,1,0
2025-11-27 16:35:15.104971,7,12.898427116754323,80.0983072917449,10.62573142658052,1.7783821170175316,-0.0276391063949735,-0.04017043397222468,0.0742114554406276,1,0
2025-11-27 16:35:16.104971,7,12.898514169280862,80.09827670335481,10.243359764040683,-0.11617556053724215,0.06524964536028974,-0.2246299091065593,0.05558950480820954,1,0
2025-11-27 16:35:17.104971,7,12.898605300476433,80.09823675252271,11.03216585180945,4.248117188579256,0.038175602174011676,-0.033209044664993866,0.02865346840144731,1,0
2025-11-27 16:35:18.104971,7,12.898759207510196,80.0981714377012,18.540995896041437,-2.0581781170508036,-0.11098498547908146,-0.11364920864477207,0.030902726599299036,1,0
2025-11-27 16:35:19.104971,7,12.898812103363605,80.09814737902789,6.441140570818564,-1.802001246899385,0.032985144358244345,0.10143074945508565,0.0954456781153058,1,0
2025-11-27 16:35:20.104971,7,12.898942102079173,80.09810240469093,15.272185876955307,0.9689953594725783,-0.07420358467864717,0.024486320283913815,0.008594748530977712,1,0
2025-11-27 16:35:21.104971,7,12.899021571845207,80.09807783222597,9.239670818441953,-1.6217047241986302,-0.036059345849444285,0.021557099222100775,0.09019268460249782,1,0
2025-11-27 16:35:22.104971,7,12.899121495959072,80.0980422582143,11.774312285041555,0.9769776371190003,-0.14606731922294505,-0.008120992490949913,0.01642884781492774,1,0
2025-11-27 16:35:23.104971,7,12.899218283466649,80.09800613655183,11.46519588508592,0.7253829826515288,-0.21699524061791273,0.10084689360385592,0.09802212647005132,1,0
2025-11-27 16:35:24.104971,7,12.899328150038784,80.09797571502922,12.668011275015871,2.2891471206565948,0.09685642124977718,0.06883240873255979,0.018293445195903774,1,0
2025-11-27 16:35:25.104971,7,12.899472066544657,80.09794546744895,16.353545024580043,-2.65720644038052,0.0743473851571743,0.1126409906212606,0.06565394262660904,1,0
2025-11-27 16:35:26.104971,7,12.899541335012119,80.09793238735206,7.8405048035016405,-5.355183501929094,-0.05686284945514662,0.04585538861577196,0.034625805679794175,1,0
2025-11-27 16:35:27.104971,7,12.899592062534756,80.09791694892655,5.890238850558534,3.0030529174611735,-0.05671963128521312,-0.0775946756254594,0.08131831106329619,1,0
2025-11-27 16:35:28.104971,7,12.899704297020888,80.09787297156898,13.374265904307453,4.597773797964151,-0.044646018160113654,0.06737056123650095,0.04421651016825346,1,0
2025-11-27 16:35:29.104971,7,12.89983149271978,80.09781796198983,15.366203766985034,1.3172285457742392,0.12964462540667673,-0.04552079956822229,0.07281447926160628,1,0
2025-11-27 16:35:30.104971,7,12.899966649642808,80.09775829937838,16.379429550157187,-0.3187591183644296,-0.2183445541473749,-0.02946473032312167,0.03592861657581265,1,0
2025-11-27 16:35:31.104971,7,12.900084927467777,80.09769276806144,14.964170955706745,-5.539024067938879,-0.012771409242249341,-0.08253673775505352,0.1082889340335102,1,0
2025-11-27 16:35:32.104971,7,12.900128428134401,80.0976718596503,5.3476350362312495,-2.820064761455732,0.01600668530382758,0.11485170732269052,0.020382056550108097,1,0
2025-11-27 16:35:33.104971,7,12.900207944731351,80.09764929674041,9.184142239998351,2.3859239752258987,0.1818496270545207,0.15297659802101174,0.06806673300095406,1,0
2025-11-27 16:35:34.104971,7,12.900291141245415,80.09762760934399,9.555749505643197,-0.1151085204069957,-0.20378296518973596,-0.02423360368975131,0.05632375810750481,1,0
2025-11-27 16:35:35.104971,7,12.900365354847603,80.097608684943,8.512849230769852,-0.2209445625132725,-0.29970236143416795,0.032630620370533825,0.03880448501518545,1,0
2025-11-27 16:35:36.104971,7,12.900448788319533,80.0975941580396,9.420632563898021,-0.4608012075233464,-0.04289174773215818,0.07090985061556167,0.01557715890580809,1,0
2025-11-27 16:35:37.104971,7,12.900516735666892,80.0975795755319,7.727641913305318,-0.6874179886047614,-0.21887640565290867,0.013346354988269075,0.025931603139186146,1,0
2025-11-27 16:35:38.104971,7,12.900591366024598,80.09756791074598,8.403722208465611,3.736414060481936,-0.15552212388707393,-0.05202333565176591,0.08291083347394017,1,0
2025-11-27 16:35:39.104971,7,12.900720875900996,80.09753547978742,14.84032597773652,0.8076331702813739,0.1310874008230298,-0.08110578484528769,0.031715984647013265,1,0
2025-11-27 16:35:40.104971,7,12.900812907229142,80.09751140004492,10.572885782236472,-1.7902639417184008,-0.0768754536107963,-0.021068335323257914,0.05487161518587566,1,0
2025-11-27 16:35:41.104971,7,12.90091272382323,80.09748141411151,11.578194291187517,2.0321682503187177,0.09692704750717013,0.050383598096227014,0.05897716036422083,1,0
2025-11-27 16:35:42.104971,7,12.901039797446611,80.09744841203407,14.592084819765144,-0.029550761344562027,-0.30173165896138904,-0.02165329605779596,0.08421519747706026,1,0
2025-11-27 16:35:43.104971,7,12.90114089016848,80.09741349873119,11.874219962573726,-2.700042886927686,0.025503811983077686,0.060819760313474816,0.017823180409737818,1,0
2025-11-27 16:35:44.104971,7,12.901214261054758,80.09738893288488,8.591639426485646,0.30591839131900933,-0.047356743145143314,0.01567923459996299,0.07372294188549845,1,0
2025-11-27 16:35:45.104971,7,12.90132291565657,80.09736508293753,12.369200543691543,0.6958568172498754,0.04679750141073277,0.10979328289241098,0.08171909037021294,1,0
2025-11-27 16:35:46.104971,7,12.90141205748598,80.09735029916041,10.052101144707533,2.121982237315494,0.1083861261739717,0.06590654238666975,0.024650980425948082,1,0
2025-11-27 16:35:47.104971,7,12.901556671565706,80.09733669058873,16.166024420633217,-0.8148851201876621,0.2290293863609932,0.04529549114341504,0.08297406127913415,1,0
2025-11-27 16:35:48.104971,7,12.90163672435942,80.09732596534506,8.987150650098524,-2.822128957416876,0.06566468990348152,-0.16187871999762266,0.06962379326397283,1,0
2025-11-27 16:35:49.104971,7,12.90173153380002,80.09730828596976,10.727122993576264,2.378724281308049,0.055502328004435206,-0.05174528834837609,0.07375797803362785,1,0
2025-11-27 16:35:50.104971,7,12.901847566935626,80.09728759300044,13.1105249045981,3.2313326419471786,0.18473388175530792,-0.14344745819861476,0.029808184653946367,1,0
2025-11-27 16:35:51.104971,7,12.902001259281981,80.09724529548951,17.713973624399117,0.521856752213081,0.29537307995514434,-0.08964672374766859,0.080188285059884,1,0
2025-11-27 16:35:52.104971,7,12.90212730373443,80.0972094916942,14.559211149641332,-5.227322147166197,-0.3330324440673037,0.047178658850985086,0.03256561092870375,1,0
2025-11-27 16:35:53.104971,7,12.902193702875968,80.09718931004888,7.709142069816943,-0.655230097672401,-0.06780937780071945,0.043981374736684335,0.06668456047918563,1,0
2025-11-27 16:35:54.104971,7,12.902309680812802,80.09715893031868,13.32488085246016,-1.1794213990070272,0.13612352764115224,0.018745086073185105,0.08775601295276596,1,0
2025-11-27 16:35:55.104971,7,12.902363606633926,80.0971423516564,6.266783883663511,-1.979124525387984,-0.03166891439035529,-0.13484835341898332,0.061177293956583424,1,0
2025-11-27 16:35:56.104971,7,12.902446783587473,80.097103833394,10.15891175798249,3.5230068839540234,0.08169232219723306,-0.06890550577792494,0.005930789614186357,1,0
2025-11-27 16:35:57.104971,7,12.902555122426184,80.0970517807049,13.31742105403732,1.2624355010199237,0.0781925073841833,0.018652284929395094,0.03180180793129935,1,0
2025-11-27 16:35:58.104971,7,12.902663621553979,80.0969976282661,13.43168727854282,-0.08371170516813428,0.02255981722105516,-0.03533403220370289,0.06256279300125916,1,0
2025-11-27 16:35:59.104971,7,12.902767536760711,80.09694224038842,13.036011148433984,0.27224142852696565,-0.06431800465335817,0.0912169080889012,0.10672695959442063,1,0
2025-11-27 16:36:00.104971,7,12.90288154095655,80.0968861233293,14.076226531173335,0.88460225621138,-0.24221474447851965,-0.010553754083920508,0.0625282329033182,1,0
2025-11-27 16:36:01.104971,7,12.903002269002581,80.09684126739006,14.293707429234335,-3.626941053900287,-0.08043365526466545,0.18840815588348986,0.06265263178577538,1,0
2025-11-27 16:36:02.104971,7,12.903060111864056,80.09682242279743,6.75596080749432,0.5266252444012223,0.11895270527243543,-0.031456199629192605,0.031076886942495267,1,0
2025-11-27 16:36:03.104971,7,12.903189267571086,80.0967814409174,15.049636377010403,3.807143948356707,-0.10079149564729122,0.06769673936199043,0.09122219490163463,1,0
2025-11-27 16:36:04.104971,7,12.903312195721956,80.09675278478782,14.033204798178952,1.892327102786179,-0.18411364679261932,0.011208280262335252,0.01504247714407839,1,0
2025-11-27 16:36:05.104971,7,12.903472723049987,80.09670634590618,18.566808538047823,-2.3029176416314545,-0.1028269370671496,0.01320337178828112,0.05203380786758393,1,0
2025-11-27 16:36:06.104971,7,12.903549577140327,80.09668208887118,8.951151053902157,-2.815561060388852,-0.2522694023591115,0.07290622045719475,0.014836410910643857,1,0
2025-11-27 16:36:07.104971,7,12.9036676859922,80.09666051262435,13.354707456907954,3.5004089151721502,0.17324541498549426,0.10558769757051711,0.08332841838991469,1,0
2025-11-27 16:36:08.104971,7,12.903805528458713,80.09663161707732,15.66169814981336,-0.050153682522907306,-0.05568736904317602,-0.047424430044666316,0.09323174085685593,1,0
2025-11-27 16:36:09.104971,7,12.903925300078061,80.09660372331302,13.672224387400377,0.6853514203180788,0.13494520129481988,-0.0553519559918449,0.1320467536239529,1,0
2025-11-27 16:36:10.104971,7,12.9040673361876,80.09656270403646,16.42602072313002,-1.1420422067659934,-0.17882269433173056,-0.07003576389663071,0.05192419457386148,1,0
2025-11-27 16:36:11.104971,7,12.904167420678892,80.09652548404387,11.850854286102999,-3.9207512926971075,-0.2429214590200019,0.08101889563340557,0.07033336542212541,1,0
2025-11-27 16:36:12.104971,7,12.904236639535188,80.09650011568793,8.182390033768144,1.697030466825774,0.12995727821362557,-0.08533230387727843,0.046421809994210916,1,0
2025-11-27 16:36:13.104971,7,12.90435685034266,80.09643670077686,15.047450697975389,1.9721486726739046,-0.07906845023020667,-0.11286527889646095,0.12045728486739414,1,0
2025-11-27 16:36:14.104971,7,12.904451678430132,80.09638642085405,11.882843625644009,0.5646351793246422,-0.18574809748461196,0.04610837168952923,0.05118875689139963,1,0
2025-11-27 16:36:15.104971,7,12.904583049952027,80.09631945460058,16.330123337756497,1.577006462523486,0.12365457020976901,-0.09282451061208902,0.08401036835031794,1,0
2025-11-27 16:36:16.104971,7,12.90469258963768,80.09624518269649,14.616620927190924,-1.3698549587474869,0.009062377308787853,-0.06478653770123166,0.021058642838248195,1,0
2025-11-27 16:36:17.104971,7,12.904784899985312,80.09617580486092,12.738560981390377,-4.777721284717745,-0.17523588889881206,-0.07820378247069625,0.036265926940789756,1,0
2025-11-27 16:36:18.104971,7,12.904825219309712,80.0961448763227,5.604341575989558,-1.624867372920337,-0.020312144017862667,-0.016818802524514523,0.05197814597324768,1,0
2025-11-27 16:36:19.104971,7,12.90490173682112,80.09608980721438,10.404959170299719,3.2656076196211044,0.009724098525684434,-0.029054175027781303,0.0696603152546382,1,0
2025-11-27 16:36:20.104971,7,12.904988405229778,80.09602207020153,12.12882606338193,1.2685981518637295,0.03304743908832306,-0.06884148513729775,0.06685626402354494,1,0
2025-11-27 16:36:21.104971,7,12.90507485048693,80.09594068743682,13.060990989685465,0.7261463620193911,0.09566795531415236,-0.08052741054422591,0.018457380076726107,1,0
2025-11-27 16:36:22.104971,7,12.905168875550501,80.09585330316419,14.123284355499674,0.7077175465481633,0.03604093346122856,0.027045829854999294,0.052051241794332834,1,0
2025-11-27 16:36:23.104971,7,12.905262038233793,80.0957686893147,13.851209237510147,-0.6536644176749873,-0.1601149062690931,-0.015056454141192138,0.08220360846628966,1,0
2025-11-27 16:36:24.104971,7,12.905342363973533,80.09569148366094,12.25326617017901,-0.3753601099633692,-0.1569484589765138,-0.05864363611253346,0.09800930428780072,1,0
2025-11-27 16:36:25.104971,7,12.905427092132475,80.09561372629516,12.655188357272918,-1.1861292483800723,0.03987842912572002,-0.07115816105905713,0.03323147574017545,1,0
2025-11-27 16:36:26.104971,7,12.90549137848572,80.09555210813917,9.793856053509067,1.8705155932670086,-0.27259837480263727,-0.044550391125785946,0.08287342446532464,1,0
2025-11-27 16:36:27.104971,7,12.905596563694216,80.09544647318071,16.38586941090288,1.3457297916090787,-0.011462914598735042,-0.055102351599900595,0.11316196018883987,1,0
2025-11-27 16:36:28.104971,7,12.905675270541739,80.09535965261509,12.865533611941018,-3.430743147042754,-0.2539440062629925,-0.0035380790424589526,0.07248735576531802,1,0
2025-11-27 16:36:29.104971,7,12.905725453649252,80.09529483419203,8.98210795591674,1.3696883059194933,-0.0962457899998355,-0.004775135689498028,0.04827405216597366,1,0
2025-11-27 16:36:30.104971,7,12.905810608115706,80.09518121910898,15.551572480682202,-0.9960527540989883,0.05388199728505343,0.006430530559816093,0.0614600942637636,1,0
2025-11-27 16:36:31.104971,7,12.905852858486469,80.09513815913424,6.629731822731513,-0.3074938105778595,0.07952110792181409,0.14560250736576974,0.10271180505934169,1,0
2025-11-27 16:36:32.104971,7,12.905952613398275,80.09504023958814,15.369236157537852,3.558528271413606,-0.009192594799728195,-0.07114811453824327,0.11766958538883529,1,0
2025-11-27 16:36:33.104971,7,12.906029918402721,80.09494832045733,13.173542459753898,-1.6836110059403862,-0.007220513177292446,-0.01910175413951866,0.022295857303130284,1,0
2025-11-27 16:36:34.104971,7,12.906102668677025,80.0948611316059,12.453785649848776,2.219681695631027,0.13351004555498222,-0.0029163107277270436,0.1553067324561717,1,0
2025-11-27 16:36:35.104971,7,12.90621576302015,80.0947425916189,17.998738272305776,-0.47800804857756507,0.24422606899292887,0.0874360566516939,0.06044904654288896,1,0
2025-11-27 16:36:36.104971,7,12.906293646914431,80.09467201671677,11.567936995970049,-2.0502450352910175,0.01611236784771729,0.028351184830701065,0.033140107424701026,1,0
2025-11-27 16:36:37.104971,7,12.90637631126729,80.0945807847952,13.516079098357366,1.9449037443909636,-0.030219197578332618,-0.026396276256578515,0.07797320767730664,1,0
2025-11-27 16:36:38.104971,7,12.906479081191984,80.09447904441727,15.898515125464485,0.3929452623410759,0.06966687426405929,0.18410067644347558,0.11595964020016107,1,0
2025-11-27 16:36:39.104971,7,12.906586596445026,80.09440760299607,14.259873369771292,-0.9476755377307765,-0.1589731106091582,0.02156976019965571,0.030291724570434733,1,0
2025-11-27 16:36:40.104971,7,12.906687444843104,80.09432719173455,14.21857763489244,-2.8855715905407684,-0.14645843638555428,-0.007200147119778299,0.09663727081627196,1,0
2025-11-27 16:36:41.104971,7,12.90675123563858,80.09427815853276,8.873348570859086,-1.0120102140386928,-0.018480816783761275,-0.04373995349626211,0.04937415861455431,1,0
2025-11-27 16:36:42.104971,7,12.906841565662798,80.09421595665336,12.110782797189827,-0.3158984996882205,-0.07368583057645549,0.0981578093948886,0.08952648458092596,1,0
2025-11-27 16:36:43.104971,7,12.906905743301131,80.09418356359352,7.96214145956457,-0.39327414662509674,-0.08121273682764675,0.06906152220705719,0.039143214601581953,1,0
2025-11-27 16:36:44.104971,7,12.906997799195594,80.09413387032977,11.579779006977033,2.6670655167349935,-0.0038104274232142535,-0.003805541621335541,0.05513134610924652,1,0
2025-11-27 16:36:45.104971,7,12.907097087320714,80.09407191456785,12.936799390185922,1.5568309618084593,0.15946047980705097,0.07130098308647888,0.031520877307536214,1,0
2025-11-27 16:36:46.104971,7,12.907216132471333,80.09401203388418,14.75936448980147,1.0434436922083523,0.15366798896583622,-0.014268364734561015,0.0500510696112779,1,0
2025-11-27 16:36:47.104971,7,12.907339620878636,80.09395887540684,14.907911243076503,-2.152027963700013,0.1940630189455417,0.07605968953709438,0.010441488652055554,1,0
2025-11-27 16:36:48.104971,7,12.907429862928707,80.09393028924626,10.513748773628,-3.1972647118981126,0.19797777598726513,0.013797553390853118,0.005623206646659589,1,0
2025-11-27 16:36:49.104971,7,12.907496813293607,80.09391553027645,7.623043200503609,2.3556264430592453,-0.024719049242882454,0.0775555607326556,0.07813277909825095,1,0
2025-11-27 16:36:50.104971,7,12.907626051959273,80.09387814457095,14.947869558131064,1.7573921310118483,-0.11216749975763911,0.04985705830273001,0.13345059525811806,1,0
2025-11-27 16:36:51.104971,7,12.90772083822807,80.09386038896267,10.726067910323424,-1.510359428441054,-0.23518541334005771,0.03896445347988761,0.08482538185510866,1,0
2025-11-27 16:36:52.104971,7,12.90782238535074,80.09383427302413,11.654027888900309,0.8652071722070337,-0.21871858119844168,-0.06231600656589883,0.06506772327387342,1,0
2025-11-27 16:36:53.104971,7,12.907931549919033,80.09380183354267,12.651747607614164,0.3924108612538093,0.04134648825463314,-0.00927100141210346,0.04983116316553955,1,0
2025-11-27 16:36:54.104971,7,12.908037559916059,80.09376636014876,12.412945521934134,0.5281526707629167,0.15269335997017533,0.021977459697088128,0.011432761651230625,1,0
2025-11-27 16:36:55.104971,7,12.908159137275597,80.09371450333937,14.657169988598888,-2.3355634815401936,-0.04279828973640399,-0.0767808912737176,0.0799104808444055,1,0
2025-11-27 16:36:56.104971,7,12.908223300094829,80.0936852243967,7.8173365322686745,-1.6567119031344115,0.1191323933135,0.026861975105910423,0.06204035166887764,1,0
2025-11-27 16:36:57.104971,7,12.90831379588796,80.09363903121488,11.252124076442149,3.8345286367024665,-0.003116285089170873,0.02883108389564969,0.04577971712241715,1,0
2025-11-27 16:36:58.104971,7,12.908452643442603,80.09359070029353,16.322008844191142,2.3482020622174256,0.05648653015916924,-0.030619860435500863,0.08192484825687077,1,0
2025-11-27 16:36:59.104971,7,12.908579793939628,80.09353401869,15.432973714900308,-1.945971590008953,0.05891465795306452,-0.11057531469363774,0.13185415426893385,1,0
2025-11-27 16:37:00.104971,7,12.908678735487868,80.09347320753182,12.839580992985898,-3.466421686527252,0.3537791309588293,-0.11192090482117845,0.10222159755005336,1,0
2025-11-27 16:37:01.104971,7,12.908744584982943,80.09343066314484,8.662954154212686,-1.6356343000029598,0.30454664366313666,-0.07831223643242835,0.10048150427209572,1,0
2025-11-27 16:37:02.104971,7,12.908816592095418,80.09338562836642,9.387982201880403,2.755812908689294,0.08095885088018859,0.014326781804448682,0.0821011614324517,1,0
2025-11-27 16:37:03.104971,7,12.908926604115935,80.09331323573036,14.549409896866827,3.412837634031201,0.09248240137232858,0.03124409931337952,0.07717848022733072,1,0
2025-11-27 16:37:04.104971,7,12.909040673621119,80.09324056308411,14.94759649924966,-0.1961501613026307,0.044945672248137565,0.03211155590433186,0.06638289691724494,1,0
2025-11-27 16:37:05.104971,7,12.90914778681751,80.093174369626,13.920119706014061,-1.565687626943861,-0.0440341653286249,-0.03786172407117854,0.12760537504115624,1,0
2025-11-27 16:37:06.104971,7,12.909242275944143,80.09311888747101,12.119619857928111,-1.8464722335645138,-0.030954994594518656,0.028530620452827837,0.10703237407276185,1,0
2025-11-27 16:37:07.104971,7,12.909321132929632,80.09308405972874,9.557299985177872,0.715415717524554,-0.2497136866816252,0.11873195347171128,0.0675865584626827,1,0
2025-11-27 16:37:08.104971,7,12.90943654985624,80.0930358379819,13.87287707507318,-1.1279200496747022,-0.1660582010242851,0.028916114804233586,0.057469797793685,1,0
2025-11-27 16:37:09.104971,7,12.909499987092808,80.09300960691616,7.613888380922569,-0.3241948571303352,-0.18543825473126213,0.05266206642053936,0.10993715150677476,1,0
2025-11-27 16:37:10.104971,7,12.909612439847029,80.09296316249663,13.494642662039166,1.4119883634839068,-0.15225315392520458,-0.021928325857252125,0.042701778841565084,1,0
2025-11-27 16:37:11.104971,7,12.909694161147689,80.09292303578745,10.085554084226935,-6.815059934676628,0.12733105241579118,-0.08508202334137506,0.06459731663906426,1,0
2025-11-27 16:37:12.104971,7,12.909694471909555,80.09292285914556,0.03954926324688156,-4.970248882203724,0.1036534043343627,0.012827305251032421,0.021629677694428126,0,0
2025-11-27 16:37:13.104971,7,12.909696437076468,80.0929217379667,0.2503163609674492,0.0849038787100709,0.04692794197293731,0.10296175388672273,0.028255533123611207,0,0
2025-11-27 16:37:14.104971,7,12.909697267219492,80.09292143826733,0.09796678072547058,-0.18122952067339604,-0.07115915319888994,0.1510658806676159,0.004474427396498949,0,0
2025-11-27 16:37:15.104971,7,12.90969916645081,80.09292073165012,0.22489697166191372,0.413620373390141,-0.19649479654765775,-0.08152786884361897,0.017776942235302424,0,0
2025-11-27 16:37:16.104971,7,12.909700141657108,80.09292035404992,0.11603502146594473,-0.2815961370971396,-0.15182568212456848,0.03578086135506936,0.019277384555386304,0,0
2025-11-27 16:37:17.104971,7,12.909701956793052,80.09291979798448,0.2108778401501786,0.2855158363438852,0.11186317384900546,0.12319015655546005,0.027260258553441545,0,0
2025-11-27 16:37:18.104971,7,12.909704323197644,80.09291910505343,0.2739490119140778,0.07439550058770265,-0.09060931720138855,0.014520954044765666,0.003559990953401842,0,0
2025-11-27 16:37:19.104971,7,12.909705983147706,80.09291843715532,0.1984900175107573,-0.1989641074427832,0.20546930095956562,-0.1615929340592835,0.011264571754014234,0,0
2025-11-27 16:37:20.104971,7,12.909707178255125,80.09291788201708,0.14604171270702052,-0.33259547937593636,-0.20023681219574418,0.03767340593259449,0.014638343496640909,0,0
2025-11-27 16:37:21.104971,7,12.909707779116522,80.0929176414052,0.07180303418527036,0.03883905857284979,-0.28798177736745467,-0.01902270509263078,0.032245627237980266,0,0
2025-11-27 16:37:22.104971,7,12.909708922617476,80.09291726279348,0.13376009636970673,-0.21030675110856314,-0.20717702785800585,0.05211570578951711,0.005595767017697356,0,0
2025-11-27 16:37:23.104971,7,12.909709170862978,80.09291718904916,0.028769941844011902,-0.23360170352929274,0.0012500543050787624,0.008592991976336062,0.007199978699312048,0,0
2025-11-27 16:37:24.104971,7,12.909709459914243,80.0929170623234,0.03499237476582366,0.15340896347971977,-0.11366603136610685,-0.13575803279213983,0.03922375716786087,0,0
2025-11-27 16:37:25.104971,7,12.909710177656335,80.09291673434035,0.08746712050817318,0.20629972091290139,-0.06506732766240192,-0.083353640329861,0.01009600789826785,0,0
2025-11-27 16:37:26.104971,7,12.909711750454404,80.09291601999378,0.19147556665528806,-0.13462588662211872,0.18947726222341704,0.10278001829704081,0.020642983455517044,0,0
2025-11-27 16:37:27.104971,7,12.90971393752847,80.09291544236571,0.2514039137509859,-0.09171974617923075,-0.08501309373952808,0.0914951429549721,0.00038346232274241276,0,0
2025-11-27 16:37:28.104971,7,12.909714383478885,80.09291538074329,0.050091513039645784,-0.36765199054924014,-0.12003055598732916,0.07569028408791693,0.008916511057957252,0,0
2025-11-27 16:37:29.104971,7,12.909714931118174,80.09291526471338,0.06224977593468367,-0.09087292947314891,0.035372930897262476,-0.0171359392892753,0.0017482010291418552,0,0
2025-11-27 16:37:30.104971,7,12.909715574517048,80.09291517389019,0.07229803065991985,0.39626435621225187,-0.11497404895772859,-0.004231498750844904,0.004734142914669593,0,0
2025-11-27 16:37:31.104971,7,12.909717977923012,80.09291474336678,0.27159514968056964,-0.0127362018270505,-0.34962650727542927,-0.07306895565276457,0.02676315858619608,0,0
2025-11-27 16:37:32.104971,7,12.909719984611737,80.09291414688714,0.23257251188225408,0.15856397423333227,-0.291997971897764,0.008016902431297296,0.008617410308967878,0,0
2025-11-27 16:37:33.104971,7,12.909722535478048,80.09291333341004,0.29736596879036536,-0.21140700392023953,-0.11923325394159706,-0.08233708772590631,0.019029947294825697,0,0
2025-11-27 16:37:34.104971,7,12.90972320455397,80.09291309179031,0.0789614276288392,-0.005863557987492357,0.09180101685310721,-0.14404759679193996,0.019239873833042022,0,0
2025-11-27 16:37:35.104971,7,12.909723957100885,80.09291278433713,0.09017225826796998,0.20682001791129367,-0.1324331553465976,-0.0659489572204834,0.012436456161570861,0,0
2025-11-27 16:37:36.104971,7,12.909725397684335,80.09291231567954,0.16823605312851242,0.06067532919655026,-0.048179282042381,0.004486636815843062,0.013498233110677634,0,0
2025-11-27 16:37:37.104971,7,12.909726703851076,80.09291193477698,0.15116294447187004,0.08790936641540323,-0.04556102644065785,-0.007116366514079344,0.010661038395067966,0,0
2025-11-27 16:37:38.104971,7,12.909727709529939,80.09291165835353,0.11590078974925051,0.3101493402977685,-0.2655655558302415,0.09225040855406125,0.008720771112558354,0,0
2025-11-27 16:37:39.104971,7,12.909729037299027,80.09291147278002,0.1491726394524521,0.11411508660085243,-0.04836814778495479,0.017142224013266615,0.022563696856686178,0,0
2025-11-27 16:37:40.104971,7,12.909730362376308,80.09291113567518,0.15197554647523567,0.006213535095445616,0.014881059986309696,0.03731803864244865,0.007026556830810331,0,0
2025-11-27 16:37:41.104971,7,12.909732949448456,80.09291057785973,0.29428504737806344,-0.3061948044226719,-0.1231215602189322,-0.04532363808383935,0.0002826468823532304,0,0
2025-11-27 16:37:42.104971,7,12.909734437592487,80.09291020781527,0.17045716336572755,0.01749866630345001,-0.12170456426537009,-0.07601676684606344,0.011736922337162045,0,0
2025-11-27 16:37:43.104971,7,12.909735615944024,80.09290989354002,0.13553456325465457,-0.24832193614203737,-0.13873030636345252,-0.04343610480531919,0.007468744596711224,0,0
2025-11-27 16:37:44.104971,7,12.909736320122274,80.0929097261398,0.08046623685928758,0.07425175919735395,-0.11700949252812,-0.07132788966066479,0.00922496975570854,0,0
2025-11-27 16:37:45.104971,7,12.909738115522527,80.0929092775326,0.20570668947626072,0.06027218448984584,0.03838647278981869,0.08064084295632887,0.042721796923307756,0,0
2025-11-27 16:37:46.104971,7,12.909739900896641,80.09290902286226,0.2006598574963384,0.002485214940243327,0.11810196547281342,-0.015302259326788373,0.007545500281892084,0,0
2025-11-27 16:37:47.104971,7,12.909740926160234,80.09290882847928,0.11606505074466583,-0.2769933830706105,-0.07564638939483856,-0.012803952912315692,0.013681598099591843,0,0
2025-11-27 16:37:48.104971,7,12.909742696507884,80.09290855770865,0.19925330168053373,-0.24791935472199778,0.23379317277799416,0.08122158889512396,0.007053520274302054,0,0
2025-11-27 16:37:49.104971,7,12.909743662815423,80.0929084632491,0.10805659301604346,-0.15093695369074958,-0.10672258962965445,0.05475555469211783,0.006093862849319584,0,0
2025-11-27 16:37:50.104971,7,12.909743830732435,80.09290844333137,0.01881705580343368,-0.04738008983253999,0.14628955755086048,0.011156900890855272,0.02026637729545123,0,0
2025-11-27 16:37:51.104971,7,12.909745604862996,80.0929082367997,0.19876370044415798,0.20428520205446454,0.10332612339225798,0.006833194476913287,0.0035230260816470865,0,0
2025-11-27 16:37:52.104971,7,12.909747668578698,80.09290796676271,0.23159400980007314,-0.18084214515061786,-0.2276142723895715,-0.03740900127787887,0.022873306218991796,0,0
2025-11-27 16:37:53.104971,7,12.909748300400295,80.09290787717632,0.07100299690747272,-0.05297191929714535,0.10288384772619294,0.007489196217012651,0.005151364711866945,0,0
2025-11-27 16:37:54.104971,7,12.90974996313505,80.09290776235336,0.18551451352859558,-0.1962682759636039,-0.17098419563746045,0.14308384650496292,0.005279820073444836,0,0
2025-11-27 16:37:55.104971,7,12.90975184056048,80.09290787200906,0.2093334493382617,-0.12471091920779453,0.17389752798632224,0.09922918621866778,0.017450299479844826,0,0
2025-11-27 16:37:56.104971,7,12.909751845833238,80.09290787210783,0.000587061283024104,0.1681455655328261,-0.039793609719705456,0.04777366544143925,0.010706981657069757,0,0
2025-11-27 16:37:57.104971,7,12.909752484795188,80.0929078756141,0.07113026183869355,-0.10863757439328146,0.14430766947748533,-0.0035916659948989696,0.013321445530395572,0,0
2025-11-27 16:43:04.104971,8,12.896879295782632,80.09993804479305,0.23300246668425156,-0.18474995960177484,-0.02849008278455338,-0.07687650275759084,0.01241856847760936,0,0
2025-11-27 16:43:05.104971,8,12.896881826227748,80.09993832299205,0.2833021083760648,-0.11732265329240296,0.07967608848548689,0.041672679092581925,0.02929160970403217,0,0
2025-11-27 16:43:06.104971,8,12.896882704571158,80.09993842054756,0.09834856544215008,-0.10081193645314716,-0.33495056032277354,-0.016190459528043384,0.028238922435737432,0,0
2025-11-27 16:43:07.104971,8,12.896883322789416,80.09993850423373,0.06941659422923457,-0.32306023986760785,-0.04503114367487223,-0.009731302278426529,0.009534642869559016,0,0
2025-11-27 16:43:08.104971,8,12.896885202300052,80.09993883990873,0.21237407385513504,0.015416184648562231,-0.1856447411361797,-0.10094478838482375,0.015609384277932986,0,0
2025-11-27 16:43:09.104971,8,12.89688746566685,80.0999392527768,0.2559100690916664,-0.22155691697640956,0.21022142779600791,-0.03786684596950379,0.021405354702927096,0,0
2025-11-27 16:43:10.104971,8,12.89688752959044,80.09993926242753,0.007192617672877399,-0.07538308016639483,0.17544634684268642,-0.08634779397682993,0.02564585191779034,0,0
2025-11-27 16:43:11.104971,8,12.896888195921889,80.09993933033336,0.07454111271225879,0.18996171038679463,0.2729168032046824,-0.04163870674688018,0.026549578020563895,0,0
2025-11-27 16:43:12.104971,8,12.896889255175726,80.09993933715279,0.11791845901697338,0.012137772163325131,0.2065411158142076,-0.10964227411418762,0.0025267527917490515,0,0
2025-11-27 16:43:13.104971,8,12.896889861055469,80.0999393778511,0.06759096115120168,-0.1707726887002603,0.1250012405471831,0.047203288544926295,0.017243874309084063,0,0
2025-11-27 16:43:14.104971,8,12.896891086136735,80.09993941966428,0.13645150225574326,0.21477388467196806,-0.0715878043927594,0.01553687992574972,0.013934739278194972,0,0
2025-11-27 16:43:15.104971,8,12.89689332152123,80.09993961572822,0.24975082714344965,-0.2128489958159952,0.04680578693915879,0.044755112008060094,0.006691303697907373,0,0
2025-11-27 16:43:16.104971,8,12.896894965372368,80.09993979720686,0.1840500516212343,-0.21445210053628355,-0.1852404727699464,0.019011410585607298,0.019950521285710683,0,0
2025-11-27 16:43:17.104971,8,12.896895235766829,80.09993984528758,0.030549128028072834,-0.24065968942056057,-0.2114738962456025,0.13144385398398317,0.0319781658778936,0,0
2025-11-27 16:43:18.104971,8,12.896896324213596,80.0999400558033,0.12330043145994121,-0.10502736095265795,-0.08225647978489205,-0.01817071757249312,0.0662815069102416,0,0
2025-11-27 16:43:19.104971,8,12.896898734240121,80.09994047082797,0.27203776112502837,-0.1786483999701163,-0.11691687190797875,-0.005898411335521769,0.01975540922070748,0,0
2025-11-27 16:43:20.104971,8,12.896899422702859,80.09994059191504,0.07775784470875578,-0.19615355832127834,-0.027040781855420037,0.08440202246194249,0.002477325149877727,0,0
2025-11-27 16:43:21.104971,8,12.896899794385401,80.09994064975837,0.041849078137012205,0.16979563139239762,-0.3039542515835523,-0.008630362205160412,0.014855707859117906,0,0
2025-11-27 16:43:22.104971,8,12.896900426536487,80.09994078669222,0.07192269332264774,0.21482903954001775,-0.2596638616075323,0.044131218470230424,0.007879117014425115,0,0
2025-11-27 16:43:23.104971,8,12.896902779506993,80.09994144346938,0.2714550835022274,-0.23490081952733127,0.3082944171607332,0.10329481001788088,0.002962316355381924,0,0
2025-11-27 16:43:24.104971,8,12.896903652300622,80.09994169212662,0.10083643992862605,-0.022105829404500427,-0.196329883394842,0.06586433437566316,0.00824468905594684,0,0
2025-11-27 16:43:25.104971,8,12.896904068165064,80.09994182333844,0.048434064071760416,0.039955079113934255,0.176123090831148,-0.06508470831337718,0.003214301220217622,0,0
2025-11-27 16:43:26.104971,8,12.896904866789631,80.09994194289534,0.08984448013820719,0.35403583302714564,0.002283126264450543,-0.15911781639502387,0.002790629495310389,0,0
2025-11-27 16:43:27.104971,8,12.89690636978752,80.0999422313985,0.1702173535666871,-0.22903115140462152,-0.3495706868076203,0.09269974382013978,0.005709387373291448,0,0
2025-11-27 16:43:28.104971,8,12.896907505411551,80.09994252046785,0.13025107312389547,-0.1515107800292524,-0.20255038368787803,0.07161075147066051,0.005625239852150977,0,0
2025-11-27 16:43:29.104971,8,12.896909108877974,80.09994292745758,0.1838800697558026,0.5193873625800187,0.02718749016685954,-0.045790823130666035,0.034218146321542076,0,0
2025-11-27 16:43:30.104971,8,12.896910527232187,80.09994332716145,0.1637400639262174,0.141042615374269,-0.02964673900289138,-0.06341443097031393,0.0029953327795357193,0,0
2025-11-27 16:43:31.104971,8,12.89691241658654,80.0999434954885,0.21111456759733804,0.024191622507487825,-0.22678691098854106,-0.0954097528944381,0.013806134362354297,0,0
2025-11-27 16:43:32.104971,8,12.896914614384373,80.09994358612714,0.24485646727138946,0.09770016174584795,0.050496193934955975,-0.05913351425431624,0.021904190247195296,0,0
2025-11-27 16:43:33.104971,8,12.896916947114843,80.09994360042515,0.25968419063587966,-0.016216785697457922,-0.18448333101802433,0.025649647317080183,0.026768174064342138,0,0
2025-11-27 16:43:34.104971,8,12.896917664045299,80.09994363748943,0.07990997498971644,0.16394649313236992,-0.06268427557678818,-0.05129029354979948,0.027379633365783293,0,0
2025-11-27 16:43:35.104971,8,12.896919964354826,80.09994369789626,0.25615433785860553,-0.18791399837517464,0.12356246420634187,0.00485825238443139,0.009728552550396594,0,0
2025-11-27 16:43:36.104971,8,12.896920688453383,80.09994376376815,0.08092295327792089,-0.31981302162404446,-0.19267923237142306,0.07102403914096211,0.015070433591577052,0,0
2025-11-27 16:43:37.104971,8,12.896921410505401,80.09994382076881,0.08061646017343184,-0.10566700217964023,0.3032528395722497,0.1030225367304231,0.007269291871344473,0,0
2025-11-27 16:43:38.104971,8,12.896923811392785,80.0999443862148,0.2742194047619369,0.12921637716015758,0.09550408791006146,0.011661522556651857,0.00629420961883828,0,0
2025-11-27 16:43:39.104971,8,12.896925026792672,80.09994469767749,0.13945571389373704,-0.3041664518009019,-0.08041486197673743,-0.015823094446575287,0.027465623379332282,0,0
2025-11-27 16:43:40.104971,8,12.896926560247858,80.0999452699399,0.18164800458733218,0.046438397188938545,0.08385919351732336,0.11416508633663416,0.012488343277131712,0,0
2025-11-27 16:43:41.104971,8,12.896927370599384,80.09994560395985,0.09721754080335902,0.2216619747856038,-0.06941503466604938,0.08075855795499248,0.007515079949042438,0,0
2025-11-27 16:43:42.104971,8,12.89692955404238,80.09994635374768,0.2563165406402698,0.20496206964558142,-0.029128309861231806,0.09545583551454574,0.00400832630405301,0,0
2025-11-27 16:43:43.104971,8,12.896931957405128,80.0999474922802,0.2946897827581571,-0.22505012433635743,-0.10083058608808593,0.05632005499302084,0.014860761205177916,0,0
2025-11-27 16:43:44.104971,8,12.896933867136775,80.09994847284672,0.23773235482682697,0.2505390468114655,0.17153887656098724,-0.020719668610713962,0.0171472391446963,0,0
2025-11-27 16:43:45.104971,8,12.896934663907388,80.0999489774135,0.10423430109076695,0.09553286173838026,-0.021336868890852352,-7.621606006449552e-05,0.030123785723993168,0,0
2025-11-27 16:43:46.104971,8,12.896935123379276,80.09994923776546,0.058431952582903485,0.13317011794989367,0.016355925517945586,-0.06450450583734144,0.03332704341585704,0,0
2025-11-27 16:43:47.104971,8,12.896937177317179,80.0999499610882,0.24174113160011312,0.08724077589220708,0.12363570198096785,-0.0719416801232085,0.004379896050299596,0,0
2025-11-27 16:43:48.104971,8,12.896937739987244,80.09995015794823,0.06617886234543845,-0.03074082681329374,-0.07915319739347822,-0.038579376629765905,0.007177168583175502,0,0
2025-11-27 16:43:49.104971,8,12.896939645061222,80.09995069164711,0.21983802614611986,0.07266209721504396,0.07504828361280148,-0.10452410951089897,0.007570553872842925,0,0
2025-11-27 16:43:50.104971,8,12.896941684757325,80.09995133056061,0.23740761192198045,0.11817184877594289,-0.1869252951926774,0.0551494791722402,0.013684307316523233,0,0
2025-11-27 16:43:51.104971,8,12.896941821446267,80.0999513866059,0.01638653904964975,-0.33124353048694927,-0.04631537002198527,-0.043348912753392144,0.0233571213467351,0,0
2025-11-27 16:43:52.104971,8,12.896942374906258,80.09995172484886,0.07171520916563891,0.05261769610645781,-0.02556357559427023,0.0932828716139281,0.015864332373136437,0,0
2025-11-27 16:43:53.104971,8,12.896943057149747,80.09995213697482,0.08813582611790396,-0.08535751855727977,-0.28193380784175825,-0.016715425141747613,0.0007767079254726556,0,0
2025-11-27 16:43:54.104971,8,12.896943424476987,80.09995235041846,0.046994700577460254,0.48556486315601,0.05636044446777752,-0.040446919324669775,0.054105099858247935,0,0
2025-11-27 16:43:55.104971,8,12.896944837083675,80.0999529446425,0.1699579495289769,-0.10907484529494813,0.07733298257841821,-0.04587081168524287,0.029827770145115166,0,0
2025-11-27 16:43:56.104971,8,12.89694574418122,80.09995328846786,0.1076501060362244,0.09710723665195148,-0.012602368554770269,0.029140800946518733,0.0019195586411367047,0,0
2025-11-27 16:43:57.104971,8,12.896946563137604,80.09995357971871,0.09648887253956286,0.031002219502638033,0.12425378374753039,-0.0019498539745000099,0.010493734157989749,0,0
2025-11-27 16:43:58.104971,8,12.89694872027061,80.09995450602753,0.26032046997371144,0.17506335996337938,-0.07426185930513547,-0.05131547052684282,0.016313310028084053,0,0
2025-11-27 16:43:59.104971,8,12.8969494911503,80.09995480844222,0.09187469358543111,-0.21984009319566564,-0.06626952451987576,0.11979343572234338,0.001030116076974077,0,0
2025-11-27 16:44:00.104971,8,12.896950748217819,80.0999553481757,0.15169851724830818,0.3162491399660636,-0.03994662440727061,-0.04934255654383725,0.0032911071916319062,0,0
2025-11-27 16:44:01.104971,8,12.896950918060732,80.09995539408267,0.01955213999124725,-0.30497263235760147,0.09847935860012172,-0.07125941584397524,0.005563988328163051,0,0
2025-11-27 16:44:02.104971,8,12.896951049764805,80.09995542983201,0.015165817424984428,-0.03670839389553825,-0.1127738588130163,0.09115236544688352,0.0017422940371961716,0,0
2025-11-27 16:44:03.104971,8,12.896952580946348,80.09995590424754,0.17805545116760882,0.06712031566039087,-0.12558485376134576,0.0111554712440231,0.0006853673835446224,0,0
2025-11-27 16:44:04.104971,8,12.896953145504009,80.09995601592615,0.06400427058331792,0.20534592048356717,0.11061069232918601,-0.04060283816542888,0.01493137832556154,0,0
2025-11-27 16:44:05.104971,8,12.89695402212626,80.09995619466517,0.09949434334685983,-0.13796735360042856,0.025111160351626787,-0.02322024831155981,0.018872751675816864,0,0
2025-11-27 16:44:06.104971,8,12.896954562457408,80.09995632831067,0.06187320246879626,0.2720892591415703,0.17240783792421147,-0.013807241469159296,0.004915533329887549,0,0
2025-11-27 16:44:07.104971,8,12.896955387891689,80.09995646376763,0.09305554804572254,0.3586193038957497,0.14104325782831842,-0.05100294819482581,0.022162419170698545,0,0
2025-11-27 16:44:08.104971,8,12.896957871622243,80.09995708696722,0.2846386754870009,0.19602517577620204,-0.4059863502411617,0.05199917001830954,0.0007801578102570128,0,0
2025-11-27 16:44:09.104971,8,12.896960088832365,80.09995759140966,0.2528166750187394,-0.3302683315947189,-0.018031966142044158,-0.044407360782026756,0.004265333731719021,0,0
2025-11-27 16:44:10.104971,8,12.896961920605877,80.09995799839648,0.20864055441752774,0.3106005677686311,0.15383904955499594,-0.0608488777291715,0.017819092274991205,0,0
2025-11-27 16:44:11.104971,8,12.896963478984686,80.09995830343065,0.1766082277408428,-0.30030305873056823,-0.011757485864691561,0.0018907459604195279,0.005412926758749162,0,0
2025-11-27 16:44:12.104971,8,12.896965716979777,80.09995865904078,0.2521043082280706,-0.2606603466883919,0.08874212705202282,-0.06593040782587975,0.004444874366149936,0,0
2025-11-27 16:44:13.104971,8,12.89696709064723,80.09995891178444,0.15535659668338347,-0.09069671019116501,0.164835966909643,-0.0501754707083648,0.005036271942199669,0,0
2025-11-27 16:44:14.104971,8,12.89696942777368,80.09995907283337,0.2607551827824253,0.4757869475388459,-0.041948674872069845,-0.15866279910216652,0.014158521746119241,0,0
2025-11-27 16:44:15.104971,8,12.89697136870097,80.09995911215815,0.2161061599592999,-0.2959796945910662,-0.09515062954004785,0.09659192890683849,0.009879796630138455,0,0
2025-11-27 16:44:16.104971,8,12.89697185659736,80.09995913391931,0.054363933779884674,-0.1368223421679513,0.333053981240072,0.043300870292347804,0.029420033379430516,0,0
2025-11-27 16:44:17.104971,8,12.896973840191189,80.09995918729568,0.22088961367812926,0.24513515004387812,-0.03564408323258632,0.020148429296619273,0.011652389381531408,0,0
2025-11-27 16:44:18.104971,8,12.896975594832583,80.09995924893185,0.19544115372081816,0.2008335902419574,0.29646309103784824,-0.07153156604709612,0.04131638985060343,0,0
2025-11-27 16:44:19.104971,8,12.896976795226877,80.09995921286018,0.13368520747603332,-0.20791560680298232,-0.09569080303541017,-0.07988173125979174,0.021756677739142458,0,0
2025-11-27 16:44:20.104971,8,12.896977729734287,80.09995909340415,0.10483383136914712,0.05556705144270935,-0.20477874971374885,-0.04797761582602961,0.016103780799556,0,0
2025-11-27 16:44:21.104971,8,12.896979532690896,80.09995892001326,0.2015850975577028,-0.22996359918159084,-0.024178371572088853,0.012139868906796756,0.03175769678649543,0,0
2025-11-27 16:44:22.104971,8,12.896980213321065,80.09995887191894,0.07594727045185802,-0.6178365991080015,0.02795017624737575,0.04098011603828511,0.024617709993228737,0,0
2025-11-27 16:44:23.104971,8,12.896981141235361,80.09995874029559,0.10427817935968699,-0.05160638062299391,0.25399379565789315,0.04385012944039522,0.04746906757246887,0,0
2025-11-27 16:44:24.104971,8,12.89698217896561,80.09995857656197,0.11687843215467913,0.20261297406080936,-0.003476090365386035,-0.014583650998302264,0.0006222194024030254,0,0
2025-11-27 16:44:25.104971,8,12.896984063433797,80.09995835311067,0.2111756377017651,0.5816308781573463,-0.1116506214469702,-0.05046888454681466,0.07619780755703126,0,0
2025-11-27 16:44:26.104971,8,12.896985447421681,80.0999582102598,0.15484336907116397,0.27523320617882857,-0.007041724945173652,-0.019536873854705337,0.0039809938327959584,0,0
2025-11-27 16:44:27.104971,8,12.896987921474668,80.0999578864878,0.27764342310721685,-0.20186543419604133,-0.17146892886820456,0.03926073353470854,0.007008614844653954,0,0
2025-11-27 16:44:28.104971,8,12.89699037682572,80.09995749195993,0.2766620468334823,0.20698588074263313,0.27137338125524796,0.05636704384406252,0.0010510156957800896,0,0
2025-11-27 16:44:29.104971,8,12.896991297667384,80.09995727344243,0.10521480434518352,0.22193580010390684,-0.04711073274159886,-0.00043103093413637134,0.012685621665012707,0,0
2025-11-27 16:44:30.104971,8,12.896992845612116,80.09995695092057,0.17583526179647055,-0.1289135116612259,-0.01611925719544168,0.038396180742544854,0.007258622114357353,0,0
2025-11-27 16:44:31.104971,8,12.896995366354709,80.09995652056624,0.2844682732277624,-0.12361908639070941,0.010250216059452272,-0.023655955282053068,0.05141839521859352,0,0
2025-11-27 16:44:32.104971,8,12.896996945759117,80.09995640549066,0.17626216942772818,-0.0775293605803761,0.06113845888613553,0.04427586262143538,0.0027502947951321645,0,0
2025-11-27 16:44:33.104971,8,12.896999143589738,80.09995644771853,0.24470541065547288,-0.18870837050074277,-0.2260829213479968,0.00472129077528189,0.014385923748539918,0,0
2025-11-27 16:44:34.104971,8,12.896999512394492,80.09995645942296,0.041074985645029025,0.005436154407347925,0.06607579723356546,-0.026878189196438522,0.014570457708455345,0,0
2025-11-27 16:44:35.104971,8,12.8970009342695,80.09995647368066,0.15829068680285846,0.1294411452714488,-0.0398425017608835,-0.0809808132101421,0.03243490970489884,0,0
2025-11-27 16:44:36.104971,8,12.897002842371913,80.0999562435945,0.21387226412459062,0.06442443249348428,0.15692601019237834,-0.005874810696442009,0.030433244995427256,0,0
2025-11-27 16:44:37.104971,8,12.897004717256,80.09995597548433,0.21073003637711768,-0.040616085860087754,-0.006759584912238624,-0.00013587133195845646,0.026135468593310784,0,0
2025-11-27 16:44:38.104971,8,12.897005216224901,80.09995588667991,0.056374906173927736,-0.21308533744358998,0.05691209033961147,0.01841572775010894,0.017795366045378222,0,0
2025-11-27 16:44:39.104971,8,12.897005392661486,80.09995585481671,0.019942925660578703,0.10905747010646592,0.014996598043578068,-0.02080124905608235,0.00010535481914091221,0,0
2025-11-27 16:44:40.104971,8,12.897007760416827,80.09995544388472,0.26732375902256134,-0.4834203986508739,-0.06699028970823931,-0.01791930799247522,0.01732849740336862,0,0
2025-11-27 16:44:41.104971,8,12.897008449823083,80.09995527769298,0.0788350564193157,-0.15501524103873768,0.11001078392318246,0.03137033811689374,0.01071071160652388,0,0
2025-11-27 16:44:42.104971,8,12.897010925881261,80.09995492054391,0.2783459744682764,0.24093864599856366,0.12960540375780336,0.017509026351056216,0.005162978354110372,0,0
2025-11-27 16:44:43.104971,8,12.897011813959438,80.09995473440483,0.10090312533152532,0.29364366899798156,0.24046729434902173,-0.07813438957389561,0.0009431231604572905,0,0
2025-11-27 16:44:44.104971,8,12.897012486161076,80.09995456840743,0.07696693044210721,0.4549426348124792,-0.1131467946772456,-0.04550990261451099,0.00854130295965211,0,0
2025-11-27 16:44:45.104971,8,12.897013539425787,80.09995420280777,0.12377917956041122,0.04338813076455271,0.15820267457136508,-0.010862108314369977,0.0024246593158146223,0,0
2025-11-27 16:44:46.104971,8,12.89701554796814,80.09995367925947,0.23069549867257622,-0.2748582415782521,-0.041350907698751375,0.11978159336961756,0.0033714909212818112,0,0
2025-11-27 16:44:47.104971,8,12.89701590755525,80.09995361674261,0.04059999960944054,-0.4119041069385811,-0.1490320303756567,0.08261195504613517,0.003917978637065418,0,0
2025-11-27 16:44:48.104971,8,12.897017470696968,80.0999534255611,0.1752412143941092,0.13016646664722095,0.21962729520119792,-0.004468925300368772,0.00386686234526625,0,0
2025-11-27 16:44:49.104971,8,12.897019764207121,80.09995294761532,0.26052783524527057,0.2698358061944378,-0.09424092554250847,-0.009662422946765432,0.005932602011655293,0,0
2025-11-27 16:44:50.104971,8,12.897020438977234,80.09995284601705,0.07592013357711573,-0.26783025513281433,-0.14269957892840152,0.029744378591077668,0.015204908546572748,0,0
2025-11-27 16:44:51.104971,8,12.897020614855402,80.09995282078062,0.019769341228640224,0.22359356419360302,-0.16274542462874167,0.08899068478318198,0.048894315647583675,0,0
2025-11-27 16:44:52.104971,8,12.897021792496895,80.09995267021833,0.13210918015330006,-0.07096294267019537,-0.10896868798075632,0.05854154950963708,0.010610746015591728,0,0
2025-11-27 16:44:53.104971,8,12.897022636709123,80.0999526209177,0.09412984820616345,0.15237426339390936,0.17995727980645787,0.03372408694858102,0.016846912000834793,0,0
2025-11-27 16:44:54.104971,8,12.897023777356768,80.09995248116375,0.12787927028572868,-0.22074503799055276,0.008729844045668338,-0.01066143778695522,0.003295720927989694,0,0
2025-11-27 16:44:55.104971,8,12.897024434960832,80.09995242967878,0.07341735516105272,0.38994775381037144,0.21563959943154068,0.04908573455590222,0.02568203453069502,0,0
2025-11-27 16:44:56.104971,8,12.897024692345562,80.0999524248265,0.028656905677644992,-0.1570622499050912,-0.1877974933030144,0.07334180243194292,0.004003429671898679,0,0
2025-11-27 16:44:57.104971,8,12.897025343070492,80.09995242785809,0.07243944607834027,0.10943362626428252,-0.06561527418897155,0.009474460100676943,0.01697018158880014,0,0
2025-11-27 16:44:58.104971,8,12.897026251289931,80.0999523285048,0.10167617301652304,0.39947632034879005,0.14628987895847723,-0.08841772713511671,0.03419690862412108,0,0
2025-11-27 16:44:59.104971,8,12.897027725351403,80.09995199477675,0.16804097133165072,0.2285063245816552,0.0760870727620409,-0.04463734584809293,0.031673381408569824,0,0
2025-11-27 16:45:00.104971,8,12.897029688038225,80.09995155006649,0.2237519433856661,-0.03694295914471897,0.026618680810439246,0.04087094125967283,0.022009794955036074,0,0
2025-11-27 16:45:01.104971,8,12.897032189455588,80.09995094356198,0.2861294648171872,-0.10339284256228805,0.010246520307894896,0.07590810094900048,0.02314515081768047,0,0
2025-11-27 16:45:02.104971,8,12.897034202815544,80.0999506278132,0.2267309668892559,-0.10483134448214122,0.0035315034108469095,0.052296798298558725,0.03616089721032323,0,0
2025-11-27 16:45:03.104971,8,12.897035342295029,80.09995036073232,0.1301155161040223,0.041804621580530846,0.09955642726458694,-0.07244292649472245,0.022223572221495486,0,0
2025-11-27 16:45:04.104971,8,12.897035497173118,80.09995032182354,0.01775046132603252,0.03769867495002547,0.31419107407051916,-0.10667075926782926,0.017408306957933363,0,0
2025-11-27 16:45:05.104971,8,12.897037889798197,80.09994960658577,0.2774244321946561,-0.2902561535220623,0.37480276151712844,-0.01688983382104347,0.014979456639252615,0,0
2025-11-27 16:45:06.104971,8,12.897038927169875,80.09994925138159,0.12174279129483541,0.12586896851008486,0.06301902844057755,-0.03719390814331974,0.014190651356984964,0,0
2025-11-27 16:45:07.104971,8,12.897039196964835,80.0999491516734,0.031922992525412315,-0.02538606275326003,0.016738403227464452,-0.05202263011998321,0.006322988542400188,0,0
2025-11-27 16:45:08.104971,8,12.897040699851658,80.09994854420485,0.17981896626736654,0.026454651891119264,0.11105539469689198,-0.04809022374164118,0.015564284903293455,0,0
2025-11-27 16:45:09.104971,8,12.897041413488395,80.099948225241,0.08665438449661302,0.2405821975311926,0.1344516206624554,-0.02890355160492097,0.010719231851614712,0,0
2025-11-27 16:45:10.104971,8,12.897041610607292,80.09994813259206,0.024136697951035645,0.06080337852331483,0.2411295522849754,-0.0662156541950975,0.02347664441949214,0,0
2025-11-27 16:45:11.104971,8,12.897043627166791,80.09994715211914,0.24841947841990303,0.02475376278509296,0.26149374220270843,-0.08295290639765858,0.018695924079886676,0,0
2025-11-27 16:45:12.104971,8,12.897044944427185,80.09994641864952,0.16684458869899138,-0.43818233044807375,-0.012039227358272134,-0.12461167347846284,0.02200079295916023,0,0
2025-11-27 16:45:13.104971,8,12.89704525064609,80.09994622066709,0.040293286226763536,-0.1894145439253721,-0.16379720524060723,0.03276817109867898,0.0005598762558872165,0,0
2025-11-27 16:45:14.104971,8,12.897045799945053,80.0999459442464,0.06810849404195216,-0.26159697673210025,0.10351823171644858,0.023650206397936108,0.012812441699860906,0,0
2025-11-27 16:45:15.104971,8,12.897047477162893,80.0999452000555,0.20342310399365945,0.08021332942658314,0.033678397523669024,0.00684647130538274,0.008484612870625177,0,0
2025-11-27 16:45:16.104971,8,12.897049478999671,80.09994450668795,0.23520309460184372,3.949542227456876,-0.14523056259671455,0.05571117136520044,0.023257255461227873,0,0
2025-11-27 16:45:17.104971,8,12.897119871937225,80.09991993792389,8.277238355038605,8.188947472160335,-0.19665747905907696,-0.029863146331885748,0.07094666565423689,1,0
2025-11-27 16:45:18.104971,8,12.897256612241293,80.09985564747554,16.744417584089405,0.1009869655009275,0.32109631146024936,-0.08629107426334345,0.009027763293249084,1,0
2025-11-27 16:45:19.104971,8,12.897320710692393,80.09982177148956,8.026646637636379,-0.6424317923447586,-0.05494608819116167,0.0042709263455797015,0.07511201419257629,1,0
2025-11-27 16:45:20.104971,8,12.897445768478693,80.09975772154837,15.559922481757281,3.3356736295960068,0.22370429847445042,0.04164516388291426,0.04340443084832839,1,0
2025-11-27 16:45:21.104971,8,12.897562338692861,80.09968995444206,14.915308688481774,-0.6530728269041653,-0.06456993392983199,-0.07656593971013655,0.01336541519848183,1,0
2025-11-27 16:45:22.104971,8,12.897675688654761,80.09962807743722,14.293349459581107,1.2926102597466256,0.13663656285876385,0.04571728380425204,0.019828539922629253,1,0
2025-11-27 16:45:23.104971,8,12.897805986079996,80.09954176629297,17.265698230922155,1.0730045882427102,-0.12803275682451123,-0.10461164222707482,0.06255642303949721,1,0
2025-11-27 16:45:24.104971,8,12.897928829920629,80.09945086539548,16.861194160173582,-1.073887876427026,-0.1868609742458017,-0.07105361366541535,0.013753822350972713,1,0
2025-11-27 16:45:25.104971,8,12.898039252540263,80.09936340763959,15.529427856986626,-2.469063817664043,0.13628700792346607,0.09310634490528918,0.03029841350942089,1,0
2025-11-27 16:45:26.104971,8,12.898124331815934,80.09929864726098,11.793334692499887,-2.600181304002584,0.02551521163639611,0.02218024768556344,0.10786055616489389,1,0
2025-11-27 16:45:27.104971,8,12.898198824984691,80.09924697811628,10.010098710126194,-0.49956076985804154,-0.16357438271638988,0.04671716460220973,0.0757291645432409,1,0
2025-11-27 16:45:28.104971,8,12.898278705078479,80.09918594221627,11.087731014136862,2.8218224048579175,-0.11260512292126662,0.07757681455039683,0.09580239633544502,1,0
2025-11-27 16:45:29.104971,8,12.898393555293339,80.09911168174088,15.112676600040748,-0.17214295351371878,0.13286959930594353,-0.12100055970950421,0.014298330241182947,1,0
2025-11-27 16:45:30.104971,8,12.898464773421166,80.0990394113968,11.151369807440524,-1.3116763991337352,-0.16583194690203673,-0.1286402666303029,0.071146120086545,1,0
2025-11-27 16:45:31.104971,8,12.898540711466213,80.09896494652489,11.694094845620706,0.2849809310176282,-0.07663095040130492,0.015951542961647937,0.07181170328309584,1,0
2025-11-27 16:45:32.104971,8,12.898618141414353,80.09888978339795,11.86665565843657,1.6989333865431533,0.04488550067788914,0.07538458053810955,0.015444827332117703,1,0
2025-11-27 16:45:33.104971,8,12.898723294791958,80.09880400924025,14.955014706245915,1.1926585141500243,-0.0005402068010756658,0.11524723975369656,0.09963535327333628,1,0
2025-11-27 16:45:34.104971,8,12.898821073569872,80.098719727862,14.21682060360636,-2.852359070825336,0.062378129707496344,0.030646479127843518,0.09594763356103406,1,0
2025-11-27 16:45:35.104971,8,12.898882227893349,80.09866261381433,9.206212617986122,-1.4116837381686345,-0.18907668785519294,-0.032825927089467216,0.08288332623426847,1,0
2025-11-27 16:45:36.104971,8,12.898952231630528,80.09858719212869,11.300802559561046,2.0252088582943455,-0.17242028922847563,-0.09532592755735021,0.038358079902853906,1,0
2025-11-27 16:45:37.104971,8,12.899031252746356,80.09849910177222,12.990463470307894,1.4757196510364516,0.08281710319183003,0.07357868322976772,0.03202803573203238,1,0
2025-11-27 16:45:38.104971,8,12.89911502823748,80.09840316751415,13.976415843499314,-0.9287487599223032,0.11677356414886543,0.024509874373943485,0.06927177970225337,1,0
2025-11-27 16:45:39.104971,8,12.8991804020707,80.09833046082346,10.733381604365094,-0.6316168545004215,0.23163731353010691,0.027797451776178324,0.05689373567518731,1,0
2025-11-27 16:45:40.104971,8,12.899267425269159,80.09824638977973,13.306756463794226,0.3935199766131802,-0.06788531911282496,0.09429820157756957,0.007208747836758313,1,0
2025-11-27 16:45:41.104971,8,12.899344194399832,80.09817381009562,11.621554178928381,-2.638832553370746,-0.025386611298346014,-0.04829632014904471,0.03470085188011192,1,0
2025-11-27 16:45:42.104971,8,12.899395626105035,80.09811767451912,8.359709574637193,0.5790218723155729,-0.054801995674407,-0.05358768358948551,0.04948800475138207,1,0
2025-11-27 16:45:43.104971,8,12.899473748667436,80.09803378575812,12.589441185631365,5.509168268748684,-0.4391641844773433,-0.06911514947018649,0.06226901844953373,1,0
2025-11-27 16:45:44.104971,8,12.899583750416085,80.09790390881763,18.669957638972058,-1.8927264517752844,-0.030038159948673263,0.020940419170611763,0.04035499115798673,1,0
2025-11-27 16:45:45.104971,8,12.899636904245774,80.0978462505262,8.61144418173696,-2.9422464967924102,-0.1515408975025659,0.11205765077165646,0.07684299937237975,1,0
2025-11-27 16:45:46.104971,8,12.899724132737138,80.09777451765747,12.444996505782807,1.716771024812566,0.03206409885422724,-0.00040061622862780366,0.11232001462200564,1,0
2025-11-27 16:45:47.104971,8,12.899810185785004,80.09770132164893,12.443903526711741,-2.413997473564198,0.05212064676425505,0.07739805988121781,0.04244354119145098,1,0
2025-11-27 16:45:48.104971,8,12.899863593559406,80.097656533968,7.678980100402398,1.1307394273415863,0.022649070213837563,0.03541558572820859,0.04997465716406153,1,0
2025-11-27 16:45:49.104971,8,12.899958486336702,80.09756127222484,14.77974154772431,2.7999404369720065,0.05173612297791567,-0.049109819793521206,0.06910053079270718,1,0
2025-11-27 16:45:50.104971,8,12.900051162655672,80.09747391016579,14.010770909018273,-3.1702849064961143,0.017781888345217118,0.10920522230762576,0.032462305539176554,1,0
2025-11-27 16:45:51.104971,8,12.900107024817402,80.09742628123033,8.085914366288927,1.029650012084738,0.11870599359976333,0.08442578678469388,0.035815360713149204,1,0
2025-11-27 16:45:52.104971,8,12.90022663791465,80.09733659009733,16.493041464632206,1.7387891792803292,-0.09806772940127571,-0.017424157525635378,0.02885427574160726,1,0
2025-11-27 16:45:53.104971,8,12.900309773866358,80.0972688322,11.81985835048882,-2.9261413223084727,-0.07273871695511859,-0.051893044045538766,0.07158375331519926,1,0
2025-11-27 16:45:54.104971,8,12.900378717458349,80.09720347189891,10.450079567360095,-1.501479472501371,-0.029813359485042944,-0.08839159108434361,0.11835559151139412,1,0
2025-11-27 16:45:55.104971,8,12.90043696415189,80.09715057924909,8.659336807232954,2.7922590177313626,0.03093935376624004,0.05669567560068376,0.11666599789701987,1,0
2025-11-27 16:45:56.104971,8,12.900547590901327,80.09705535012003,16.076047893813843,1.2792284390533686,0.2705585143438994,-0.029497528766355127,0.10874358957001927,1,0
2025-11-27 16:45:57.104971,8,12.900621856607422,80.09698679491281,11.121464810210883,-1.9968316120540313,-0.18796760398763904,-0.07234385590812284,0.021423904211043447,1,0
2025-11-27 16:45:58.104971,8,12.900710693611364,80.09692146551629,12.167702850607913,-0.07216630613626945,-0.11618636101751746,-0.026212612734994457,0.08847323509058819,1,0
2025-11-27 16:45:59.104971,8,12.900789288723939,80.09685444072245,11.377383827132249,0.7174102507519025,0.2023029378382276,-0.045404450377341254,0.010196960982298105,1,0
2025-11-27 16:46:00.104971,8,12.90088848768953,80.0967720028256,14.211464331695217,2.561968108334212,-0.1849921239028891,0.11694674896171597,0.0783293079943326,1,0
2025-11-27 16:46:01.104971,8,12.9010155918759,80.09668261094687,17.154950105651928,-1.4055990017394135,-0.16580957080187617,-0.035930990983896016,0.08039242215753174,1,0
2025-11-27 16:46:02.104971,8,12.901103683004076,80.09662189996989,11.813697407801161,-4.0572925904638835,0.005286568214470417,0.023333609701151434,0.0671316733833406,1,0
2025-11-27 16:46:03.104971,8,12.901171732514955,80.09657833877434,8.929073048733192,-0.36311293210488527,-0.0033683929676355984,0.028084960542548013,0.048782077776034674,1,0
2025-11-27 16:46:04.104971,8,12.901258739725703,80.09652584839353,11.236284385238918,2.2664929348416463,0.12840090137683316,0.08094331941970967,0.09622948108480224,1,0
2025-11-27 16:46:05.104971,8,12.901364051588324,80.09646868304175,13.263286459721465,0.3000687013608495,0.04312156100644294,-0.06257616316247544,0.060892381577457334,1,0
2025-11-27 16:46:06.104971,8,12.901458837726256,80.09641950683762,11.82417480783411,-1.2248564418535106,0.15517716188811634,-0.05188152983141439,0.02395498135356788,1,0
2025-11-27 16:46:07.104971,8,12.901543049436409,80.09637522799426,10.53404653302478,-0.4066624087771901,0.10032523194954704,0.10478486415816238,0.10269924622485829,1,0
2025-11-27 16:46:08.104971,8,12.901632623193674,80.09634357910389,10.546188560850425,-1.2204644924706716,0.14650366029067882,0.08431297610318618,0.05075208649693932,1,0
2025-11-27 16:46:09.104971,8,12.901705425246183,80.096316744801,8.61155468596484,1.5859629361622105,-0.20809214180598354,0.0037822705259379884,0.0635214082090616,1,0
2025-11-27 16:46:10.104971,8,12.901819508887167,80.09627116686222,13.628831975751403,0.9229929573505459,0.15802113100484566,-0.08633635027511657,0.08316208506125851,1,0
2025-11-27 16:46:11.104971,8,12.901903642254332,80.09622852732299,10.446289286869286,-1.1885365604792364,0.2615924927211134,-0.06448567420618527,0.037258430073567494,1,0
2025-11-27 16:46:12.104971,8,12.901986143521716,80.09617811582764,10.689721349278912,0.3717995673956662,0.09759160988469591,0.05021083094774317,0.06488074329120455,1,0
2025-11-27 16:46:13.104971,8,12.902072424778265,80.09613191557432,10.834465278934132,2.949956038312611,0.039691374717576035,0.0068081831347780244,0.012047188896858312,1,0
2025-11-27 16:46:14.104971,8,12.902198608271881,80.09605041719166,16.598770320870283,-0.3463546975186456,0.022293769493435225,-0.08430415112559887,0.10599426743123828,1,0
2025-11-27 16:46:15.104971,8,12.902273671914877,80.09600772548431,9.55430252678653,-1.582506439789086,-0.032687333692933127,0.1792791272582362,0.040472164486649816,1,0
2025-11-27 16:46:16.104971,8,12.902385384173353,80.09595906649297,13.510311227813357,-2.3201703758129035,-0.01354796261285976,0.09888833905907883,0.005327344106175255,1,0
2025-11-27 16:46:17.104971,8,12.902429558847075,80.09594255835852,5.233631718296639,-0.02424495057034394,-0.2650212932609989,0.03564746914188766,0.12464062517962558,1,0
2025-11-27 16:46:18.104971,8,12.902545335949295,80.09591278671542,13.287026157113983,4.098288364180716,0.19806899239050083,0.005709228458882679,0.10897751665482633,1,0
2025-11-27 16:46:19.104971,8,12.902657832467819,80.09588810650037,12.806269233745304,0.3128644692434966,-0.009472779886948479,0.10201333535290216,0.09962054339598848,1,0
2025-11-27 16:46:20.104971,8,12.902779787284645,80.09586134071473,13.883213194606121,-1.537801183056239,0.16233661200311003,0.01996613273847802,0.10534533846704726,1,0
2025-11-27 16:46:21.104971,8,12.902857049143071,80.09584154391125,8.8650038835443,-2.144359286816485,-0.1526285878379903,0.05371951324738766,0.11363092827988,1,0
2025-11-27 16:46:22.104971,8,12.90293601177937,80.09582269429676,9.024960008667723,0.6145916385700202,0.05075535814857867,0.036407487109631716,0.04271425498406002,1,0
2025-11-27 16:46:23.104971,8,12.903025479277186,80.09580735914079,10.09757996152098,2.449984939327426,0.032843010232097646,-0.06766043522080407,0.026265732199539656,1,0
2025-11-27 16:46:24.104971,8,12.903149605187123,80.09578506767852,14.027820231337657,-0.6602602044853436,-0.05230434626447169,-0.07800015650094624,0.07585521721600667,1,0
2025-11-27 16:46:25.104971,8,12.90323149668627,80.095765067809,9.370926532350838,-1.7714585737982742,-0.03512803207502441,-0.0007357490972193341,0.06519964661364105,1,0
2025-11-27 16:46:26.104971,8,12.903329448522085,80.09574275109225,11.16966672926253,3.958522209843265,-0.21641334357244638,-0.08531629125779085,0.10559176728781339,1,0
2025-11-27 16:46:27.104971,8,12.903481017732018,80.09569952113209,17.51264061577099,3.0198186262087665,-0.23738131391773865,-0.011627647189581418,0.014652438277246124,1,0
2025-11-27 16:46:28.104971,8,12.90362821870119,80.09567025168438,16.69137429859485,-1.3700349648519372,0.19176202305841442,0.0314259118083221,0.07339908775458714,1,0
2025-11-27 16:46:29.104971,8,12.903762685175247,80.09565481539866,15.062234139949354,-2.693839769798878,-0.027933201032083632,0.09668475202861466,0.091860533832671,1,0
2025-11-27 16:46:30.104971,8,12.903863000624996,80.09565868305563,11.17499947911689,-2.0505799754833007,0.1552715822981251,-0.002912226499538177,0.047964274098716696,1,0
2025-11-27 16:46:31.104971,8,12.90396026874514,80.09564987379864,10.870000000978518,-0.7860735928694543,-0.005201290546159773,-0.06457026831148208,0.00853887579316565,1,0
2025-11-27 16:46:32.104971,8,12.904042984223484,80.09564823911676,9.20959545065391,-1.2007827420435013,0.06044255223029997,0.07631222846009361,0.06684734115914362,1,0
2025-11-27 16:46:33.104971,8,12.9041213768,80.09564723808676,8.727337627412005,0.5930496899690707,0.3622300249727161,0.14328369197830282,0.10741919244351729,1,0
2025-11-27 16:46:34.104971,8,12.904213518757143,80.09565801798004,10.32372661563268,1.5705897950868737,0.030485381749686943,0.002246531795950975,0.06350909257731586,1,0
2025-11-27 16:46:35.104971,8,12.904320610853095,80.09566992142379,11.991262220019626,0.7272833618159908,0.11910304486983164,0.06471263386907375,0.0062632412141863155,1,0
2025-11-27 16:46:36.104971,8,12.904422711796915,80.09568356491972,11.46189260892607,0.7406143251625084,0.07680301058296073,-0.06117392656642494,0.010225099217082683,1,0
2025-11-27 16:46:37.104971,8,12.904544856715297,80.09569366780401,13.641294984118131,1.1517111209448374,0.08256081877519507,-0.03166177698990259,0.08702349092754293,1,0
2025-11-27 16:46:38.104971,8,12.904664336281877,80.09571324438747,13.469038026456039,-2.161806340366799,-0.10817403890278487,0.1302739825819213,0.07925818817984086,1,0
2025-11-27 16:46:39.104971,8,12.904743262113477,80.09572786193503,8.928054905303094,-6.336156508102149,-0.1375275877158318,-0.06453771437111122,0.05130711288063684,1,0
2025-11-27 16:46:40.104971,8,12.904744007749313,80.09572803255108,0.08504385158124217,-4.346263551539619,-0.0024858149557638065,-0.027682232655771077,0.01676035842373292,0,0
2025-11-27 16:46:41.104971,8,12.904746370658934,80.09572865674481,0.2716196622821318,0.09883573322199297,0.08043464466065928,0.06081378128180796,0.004714416876734636,0,0
2025-11-27 16:46:42.104971,8,12.904748583328022,80.09572907666623,0.2504936007215192,-0.34037677267277666,-0.04016148611946831,-0.016285911596760867,0.017519481067877315,0,0
2025-11-27 16:46:43.104971,8,12.90474936100059,80.09572929973342,0.08989079682711582,-0.30803241255485736,0.011863245663407258,0.06761379139442111,0.0048661327243378245,0,0
2025-11-27 16:46:44.104971,8,12.904751107188865,80.09572963122349,0.19768579692374977,0.23163978599996357,-0.033981874617115285,0.05214827798561325,0.03155740823480005,0,0
2025-11-27 16:46:45.104971,8,12.904753354671211,80.09573014990993,0.25644247894572486,0.001828183637679462,0.1253154835382324,-0.009769234280686365,0.034808300598648555,0,0
2025-11-27 16:46:46.104971,8,12.904753530682699,80.0957301820665,0.019901879488819153,0.15832928967278084,-0.11448470941857232,0.0313522202320209,0.021790176359344087,0,0
2025-11-27 16:46:47.104971,8,12.904753792881507,80.09573022260221,0.029517543412693203,0.21004458882903151,-0.04830644697874039,0.0012115406421117948,0.024443414642599193,0,0
2025-11-27 16:46:48.104971,8,12.904754475900626,80.09573030979908,0.07662016097948976,-0.00017853952348759194,0.0363807954839972,0.0435779578718192,0.009426826515549084,0,0
2025-11-27 16:46:49.104971,8,12.904756466430136,80.09573047326482,0.22229457375754616,0.2393281860969037,-0.043850971736461,-0.02153487505856214,0.029133043152180422,0,0
2025-11-27 16:46:50.104971,8,12.904758618802033,80.09573056102505,0.23979121171247275,-0.3175813823471747,0.03562515392614685,-0.014934604148216596,0.011286242728521063,0,0
2025-11-27 16:46:51.104971,8,12.904760367056934,80.0957308360395,0.1968904458081485,-0.08629136524640223,0.1426903984978551,0.09343769562635942,0.022128760615972878,0,0
2025-11-27 16:46:52.104971,8,12.904760372510914,80.09573083679653,0.000612669371919139,-0.38555804023244583,-0.03788040064785347,0.027110722022983404,0.022766462471864958,0,0
2025-11-27 16:46:53.104971,8,12.904760531626392,80.09573086429508,0.017962314095407817,0.39544698455116234,0.0259083740882932,-0.047393741280389146,0.011305778217235964,0,0
2025-11-27 16:46:54.104971,8,12.904762765024175,80.09573125391572,0.2521909695692197,0.3961037361290025,0.04839000329391516,0.041355877654681135,0.014293168254583115,0,0
2025-11-27 16:46:55.104971,8,12.90476417741077,80.09573170629373,0.16471173466852,-0.35609457739162637,-0.06998218183435811,0.001809250166508472,0.025605058353509774,0,0
2025-11-27 16:46:56.104971,8,12.904765067712267,80.09573202964016,0.10513590037901166,-0.39556754312950465,-0.23790746411730845,-0.058127819304397574,0.007505703808057622,0,0
2025-11-27 16:46:57.104971,8,12.90476676456052,80.09573282774686,0.20780006947969532,0.12331884380889137,-0.15833088152414548,0.10799202659308155,0.020035870785725454,0,0
2025-11-27 16:46:58.104971,8,12.904768337695101,80.09573380890458,0.20494570163355716,-0.33446859629911385,-0.3171252560839303,-0.014007807146239004,0.014786898901026755,0,0
2025-11-27 16:46:59.104971,8,12.904769093632215,80.09573434081818,0.10204335861510695,0.12203174595938784,0.07660477301974443,-0.0012983623024257762,0.033667150782826616,0,0
2025-11-27 16:47:00.104971,8,12.904770503096298,80.0957354146372,0.19543661603963017,-0.10491008661996512,0.04068515900386165,0.12834395830408088,0.008569317222220542,0,0
2025-11-27 16:47:01.104971,8,12.904771545068385,80.09573627891517,0.1491634069472919,0.4588858734561668,0.11450528190126641,-0.05093327322565397,0.009243959181152697,0,0
2025-11-27 16:47:02.104971,8,12.904773544829832,80.09573784045996,0.2797654173833942,0.7718374659331724,0.06108373432913179,0.07809993762422403,0.0404330178280092,0,0
2025-11-27 16:53:04.104971,9,12.899418993653303,80.10022425609412,0.008163324177673925,0.23192088974955188,0.10876641374281035,-0.07392669569702395,0.025015902456081637,0,0
2025-11-27 16:53:05.104971,9,12.89942002885694,80.10022415343478,0.11577602660568023,0.3622835576685458,0.4594502401987062,-0.013066474991522501,0.0272177994224429,0,0
2025-11-27 16:53:06.104971,9,12.899421861648797,80.10022392914681,0.2054728408851162,0.13066811906139403,0.04195375918283702,-0.02708349972552893,0.001998657646171242,0,0
2025-11-27 16:53:07.104971,9,12.899423879156966,80.10022384497874,0.22477463657324553,-0.13130137679202292,0.11926790721127246,-0.005760195619840841,0.0009598220617745985,0,0
2025-11-27 16:53:08.104971,9,12.899425667620237,80.10022378271508,0.19920633689625467,0.2601542112562261,-0.04503638767788489,0.06909168845994587,0.007124593805075268,0,0
2025-11-27 16:53:09.104971,9,12.899426739467147,80.10022371570577,0.11953934656595418,0.03760375522141071,0.018787670704864364,0.05420597943305522,0.02177118173963449,0,0
2025-11-27 16:53:10.104971,9,12.899427908210477,80.10022363327236,0.1304116334397081,0.028094299897282488,0.4285095472101353,-0.09394807889779339,0.0070203539711658726,0,0
2025-11-27 16:53:11.104971,9,12.899429280477136,80.10022349382662,0.1535082953343729,-0.15863158214341416,-0.34413950231630186,0.02525641911466787,0.05176799907289027,0,0
2025-11-27 16:53:12.104971,9,12.899429360266213,80.1002234882383,0.008902795420424525,-0.15202155040811785,-0.10540448866106691,0.017209295534921124,0.010113015822950258,0,0
2025-11-27 16:53:13.104971,9,12.899430976578383,80.1002234424226,0.17999654013583352,0.2846015494546794,0.1457384372974355,0.0007120549654593394,0.011686184161681703,0,0
2025-11-27 16:53:14.104971,9,12.899433583817965,80.10022334000115,0.29045061813893236,0.09685555037517796,0.08504226073179023,0.01973958821438553,0.025461987515481246,0,0
2025-11-27 16:53:15.104971,9,12.899435742189183,80.10022332019749,0.24027949354570727,-0.17695682816400454,0.1828527517998532,0.05708263449887839,0.0149356607945542,0,0
2025-11-27 16:53:16.104971,9,12.899437864597813,80.1002235759617,0.23789096168993507,0.2516524163678589,0.021725561122461726,0.05492692760276892,0.011166922342569593,0,0
2025-11-27 16:53:17.104971,9,12.899439863295077,80.10022373006795,0.22312249311590057,0.01151400729738803,-0.17196714185877696,0.03303908746197746,0.0022160311855333446,0,0
2025-11-27 16:53:18.104971,9,12.899442421130681,80.10022391040059,0.28540985188189016,0.00664190206290554,0.07105701858647753,0.010332857978629557,0.023746732691315584,0,0
2025-11-27 16:53:19.104971,9,12.899443396486546,80.10022399542103,0.10896785525033369,-0.13656091836446602,-0.014468429753807736,0.009750333807761916,0.0201645183373592,0,0
2025-11-27 16:53:20.104971,9,12.899446065365304,80.10022418025831,0.2977758188094484,-0.06627601828250265,0.039997930329226286,0.029874770866044703,0.013797234632094152,0,0
2025-11-27 16:53:21.104971,9,12.89944720558183,80.10022441668485,0.1294956193921575,-0.32918068453396093,-0.11292074088047534,-0.04973401002740964,0.0017128518199893367,0,0
2025-11-27 16:53:22.104971,9,12.899447553956865,80.10022445266986,0.03897719264822982,-0.04557927730842824,0.22453305805370313,-0.09890455168981596,0.016455065046902684,0,0
2025-11-27 16:53:23.104971,9,12.899448067873797,80.10022449932578,0.05743280324403496,0.016975471714854966,-0.19350709551261505,0.021676214782992323,0.018320476092428532,0,0
2025-11-27 16:53:24.104971,9,12.899449000103639,80.10022456211806,0.103999267529526,-0.04171170747469455,-0.06530029841461674,-0.06103704726014649,0.034336962238898816,0,0
2025-11-27 16:53:25.104971,9,12.899450231009615,80.10022459946003,0.13708435177339004,-0.20597324015310498,0.07274176861890469,0.05459999863440471,0.010385201830309195,0,0
2025-11-27 16:53:26.104971,9,12.89945252984103,80.1002249068222,0.258070140186104,-0.05177541207410379,-0.029147936144468305,-0.0010491374691661004,0.036574321215753526,0,0
2025-11-27 16:53:27.104971,9,12.89945298027486,80.10022499872117,0.051124268281525755,-0.32918595095249725,0.03625871631100778,-0.05996984444783439,0.021648245890028985,0,0
2025-11-27 16:53:28.104971,9,12.89945362715492,80.10022503568861,0.07212232813741157,0.06319941605740194,-0.2563993551399632,-0.0856625183396077,0.007372485478156245,0,0
2025-11-27 16:53:29.104971,9,12.899454466178998,80.10022505896518,0.09343430529144416,-0.2260735089261771,-0.04589839881431546,0.037480899565361554,0.005890132456982314,0,0
2025-11-27 16:53:30.104971,9,12.899455224489994,80.1002251549726,0.0850555926098755,0.05859221508268211,0.012653214184974795,0.042094053614031596,0.026724074074749433,0,0
2025-11-27 16:53:31.104971,9,12.899457563280503,80.10022559738773,0.26474315396760817,0.0917487212161417,0.13593056205438636,0.04089327556901763,0.02086841193367802,0,0
2025-11-27 16:53:32.104971,9,12.8994584636402,80.10022580522785,0.10273408516025612,-0.287461875070553,-0.20683450036512852,0.04795417278901559,0.03273987938138962,0,0
2025-11-27 16:53:33.104971,9,12.899459498114817,80.1002259727245,0.11658317251068277,0.08863111551438507,0.04688449058438417,0.04121282866773104,0.02656128857576814,0,0
2025-11-27 16:53:34.104971,9,12.89946123647183,80.10022616096515,0.19458894326785192,0.39743558796017164,-0.05845282983243158,-0.12467332594205749,0.008349677892383875,0,0
2025-11-27 16:53:35.104971,9,12.899463498844248,80.10022607743025,0.25201036728026094,-0.02161763311742909,-0.19423476970588874,-0.041526150865678194,0.014354893780520883,0,0
2025-11-27 16:53:36.104971,9,12.899466035011155,80.10022583512395,0.2835477721426883,-0.31005704725137917,-0.20818251243090607,-0.012521928099463243,0.020043148835622245,0,0
2025-11-27 16:53:37.104971,9,12.899466144404748,80.10022582760303,0.01220501006321335,-0.17078763435592653,0.1405340536320518,0.04666318393475355,0.004090543118301826,0,0
2025-11-27 16:53:38.104971,9,12.899467928775223,80.10022577479471,0.19871875773124167,0.01342377414359932,-0.01518925748651059,0.02696050174596855,0.0006583953862109462,0,0
2025-11-27 16:53:39.104971,9,12.899469305738487,80.10022578004079,0.15328460753333648,-0.34704663025686067,-0.32101964898585167,-0.09074877777952167,0.007462738053907114,0,0
2025-11-27 16:53:40.104971,9,12.899469771304084,80.10022576711341,0.051845742469633194,-0.14903051869569683,0.10463508300043418,-0.05617165087946119,0.00631575506639283,0,0
2025-11-27 16:53:41.104971,9,12.899472109305291,80.10022555021776,0.26132826759456745,-0.03020859976207321,0.29719022918355115,-0.045294646350322626,0.00609492643753481,0,0
2025-11-27 16:53:42.104971,9,12.899472605750786,80.10022546043844,0.0561164063647994,-0.12690411822198527,0.2309640234704328,-0.004541527594280434,0.007253130485716397,0,0
2025-11-27 16:53:43.104971,9,12.89947371934434,80.1002251801438,0.1276418780997631,0.015024930436121797,0.055611955091572705,-0.06474168045229253,0.011213012310177232,0,0
2025-11-27 16:53:44.104971,9,12.899476201087998,80.10022452375574,0.2853013498494708,0.32840211225247684,-0.08938603492169529,0.059650134870941195,0.0060274715219659405,0,0
2025-11-27 16:53:45.104971,9,12.899477457711603,80.1002243611029,0.14099636544551367,-0.039673223425835846,0.1457318061020782,-0.006463169195416327,0.006434464267840796,0,0
2025-11-27 16:53:46.104971,9,12.899477857894466,80.1002243160329,0.04481599939214137,-0.10033800285596946,0.27344345700985206,0.05547319620635598,0.007207335313572284,0,0
2025-11-27 16:53:47.104971,9,12.899479623152002,80.10022407547034,0.1982346501445253,-0.05638746091557455,0.1945865081751975,-0.025231281393645298,0.0039093808451331645,0,0
2025-11-27 16:53:48.104971,9,12.89948096861635,80.10022396233576,0.15027935587575889,-0.13372340345288658,-0.007885232486857689,0.08911938460262636,0.026812251018438732,0,0
2025-11-27 16:53:49.104971,9,12.899482862359182,80.10022382302456,0.21135274895729447,-0.13619845228368405,0.0008518713939845282,-0.06708459568825387,0.021892344840806734,0,0
2025-11-27 16:53:50.104971,9,12.899485172798139,80.10022346055466,0.26018808391644105,-0.19075807387511196,-0.05283613552858233,-0.022178394877904982,0.023512745259296013,0,0
2025-11-27 16:53:51.104971,9,12.899487326575834,80.10022324540864,0.24089245105587204,-0.23887844324454804,0.11764415373009154,0.038119531261512914,0.005952944138784281,0,0
2025-11-27 16:53:52.104971,9,12.89948864591062,80.10022317171645,0.1470858729349046,-0.5003934869536393,-0.1056786834147351,0.056838223263238875,0.011072262090924939,0,0
2025-11-27 16:53:53.104971,9,12.899488700009421,80.10022316210772,0.006111870024990051,0.2897513724655476,-0.11785255209800422,-0.10614038052792107,0.011100819860328915,0,0
2025-11-27 16:53:54.104971,9,12.899490532875076,80.10022287452277,0.20640721034998583,0.21976144695404737,-0.08286512026212246,0.020306657384950112,0.008924435369249382,0,0
2025-11-27 16:53:55.104971,9,12.899490920870358,80.10022279378417,0.04407121999821776,-0.4935008815257209,-0.15560587417120053,-0.16329970615117423,0.01665093716349611,0,0
2025-11-27 16:53:56.104971,9,12.89949138053061,80.100222650056,0.05349338146478801,-0.028832717535931824,-0.03826646321350879,-0.012855678088450645,0.0060146241651689615,0,0
2025-11-27 16:53:57.104971,9,12.899492258605004,80.10022234506188,0.1031979161915858,-0.2502988826267629,0.038761964819728385,-0.01816242725122799,0.01380853373341638,0,0
2025-11-27 16:53:58.104971,9,12.899492737013082,80.10022221179243,0.05518485161370783,0.6054116965456172,0.09789390925419295,-0.07614435265395914,0.004080291532803639,0,0
2025-11-27 16:53:59.104971,9,12.89949500528424,80.10022145539322,0.26550883059897423,0.25571917254820137,0.10444057803759367,0.06270377577673782,0.0006736486282063875,0,0
2025-11-27 16:54:00.104971,9,12.899496223772609,80.10022118279372,0.13882996729924799,-0.05546147696707412,-0.13590193606928122,-0.006370446639367245,0.014011787357162287,0,0
2025-11-27 16:54:01.104971,9,12.89949673261003,80.10022103983512,0.05872952160148642,0.23033258445212224,-0.05564572567696173,0.060139246971725596,0.019926488800635613,0,0
2025-11-27 16:54:02.104971,9,12.89949861632706,80.10022043579983,0.21970025923896097,0.017200850247538924,0.2415789649827798,-0.015619686193979652,0.015638253732272636,0,0
2025-11-27 16:54:03.104971,9,12.899501010961913,80.10021963502895,0.2803751365262462,-0.004653284332285915,0.0057217824302083515,0.07904982208650402,0.02865709294605404,0,0
2025-11-27 16:54:04.104971,9,12.899501317778636,80.10021956464334,0.03499836720634766,-0.44691056205148005,0.3139960364693181,0.12016410682205036,0.002884785121493998,0,0
2025-11-27 16:54:05.104971,9,12.899503257888137,80.10021921110915,0.21935357987647175,0.38265020932050875,-0.1079580715617042,-0.019520349602852198,0.02585559951866429,0,0
2025-11-27 16:54:06.104971,9,12.89950332995597,80.100219194911,0.008212878615721685,0.044461230582875697,0.04057192130678577,-0.010331159173482748,0.0111104181186698,0,0
2025-11-27 16:54:07.104971,9,12.899505598018715,80.10021849873037,0.2635398933744928,-0.0640549105322954,-0.08263211685893974,-0.024746368632196446,0.02221986132074687,0,0
2025-11-27 16:54:08.104971,9,12.89950789712687,80.10021753002418,0.27668169198794296,-0.41917069969966697,-0.21855949008524672,-0.04490532524920603,0.005120246159103811,0,0
2025-11-27 16:54:09.104971,9,12.899508938399554,80.1002171635978,0.12254434442166073,-0.1447591809726093,-0.09867975369625026,-0.05853388345445747,0.01509115202711666,0,0
2025-11-27 16:54:10.104971,9,12.89951015591731,80.10021666405072,0.1459719040022188,-0.35564195245698654,0.17580360526573194,-0.03279191134491753,0.038877445122415644,0,0
2025-11-27 16:54:11.104971,9,12.899510157842116,80.10021666344292,0.00022419001421649653,0.2973914743734313,0.14519980830741097,0.01268707981962551,0.007414385762386781,0,0
2025-11-27 16:54:12.104971,9,12.89951160261663,80.10021605553945,0.17383405680871322,0.10031016338608188,0.014767300453218061,0.09661686313471828,0.00658607938898024,0,0
2025-11-27 16:54:13.104971,9,12.899511904305635,80.10021594603059,0.03562427862326856,-0.20757214044625288,-0.012986817641127505,0.05167553059432131,0.014679214740557469,0,0
2025-11-27 16:54:14.104971,9,12.899513939220684,80.10021524002018,0.23913051994248793,-0.01464724111483261,-0.19149501756713583,0.07299717868922172,0.07358422459620564,0,0
2025-11-27 16:54:15.104971,9,12.899514067009788,80.1002151994775,0.014890208897214284,-0.004035016022894154,-0.1947082081049256,0.038537910214533073,0.0017370126431946826,0,0
2025-11-27 16:54:16.104971,9,12.899515246020774,80.10021476059421,0.13962058079577291,-0.03759979624669264,-0.07315001191253456,-0.04853663313856308,0.007553474202413922,0,0
2025-11-27 16:54:17.104971,9,12.899515507514584,80.1002146442293,0.03173010271589766,0.06682867218428645,0.061224560571264144,-0.07131596123720602,0.049858848131084176,0,0
2025-11-27 16:54:18.104971,9,12.89951622504924,80.10021431713335,0.08740680792392606,0.12308996867887273,-0.0008115034365226497,-0.07277674966510406,0.005059238622164045,0,0
2025-11-27 16:54:19.104971,9,12.89951647257364,80.10021421579664,0.029667497046070843,-0.03382570367991619,-0.06284777456561158,0.056168182116906024,0.0037657203270314936,0,0
2025-11-27 16:54:20.104971,9,12.89951701132604,80.1002140255242,0.06342832466573096,0.05766813474557671,-0.009960736814640382,0.03387049639926708,0.02219149143446835,0,0
2025-11-27 16:54:21.104971,9,12.899519382442001,80.10021312572042,0.2814324603447149,-0.05781132380624776,0.19492421884006209,-0.045220742544860006,0.002077969061204532,0,0
2025-11-27 16:54:22.104971,9,12.899521224651352,80.10021247397181,0.21692673089044273,0.21475525243847854,-0.15841022243298017,-0.03584692904676577,0.02664732553457389,0,0
2025-11-27 16:54:23.104971,9,12.899523396379765,80.10021170366643,0.2557988110395144,0.20260756365898602,0.06659827166827761,0.0013081128107208274,0.022139560834536286,0,0
2025-11-27 16:54:24.104971,9,12.899525829545501,80.10021072465743,0.2909477243770564,0.38934358011512976,0.1652211617794734,-0.08984833479047757,0.007920028264230881,0,0
2025-11-27 16:54:25.104971,9,12.899526101093548,80.1002106185057,0.03234894209531458,-0.36847528028005283,-0.0784171543151694,-0.07867414950445269,0.024805632460039573,0,0
2025-11-27 16:54:26.104971,9,12.899527465658062,80.10021003305754,0.1646521971602846,0.05525157164739509,-0.2265382098252165,-0.09819429190533704,0.013118466423204671,0,0
2025-11-27 16:54:27.104971,9,12.899528916152306,80.10020916869193,0.18673336685696687,0.17067643549381975,-0.10568597163347793,0.015446619970678865,0.047601611990289804,0,0
2025-11-27 16:54:28.104971,9,12.899531141523482,80.1002081096831,0.27308330546564796,-0.04809953780732139,0.029064294325934454,0.08446444461730887,0.019493120362761695,0,0
2025-11-27 16:54:29.104971,9,12.89953216961539,80.10020763530848,0.1254902586635985,0.03631467575954128,0.2821704808184177,-0.1544662430246947,0.013203928252366468,0,0
2025-11-27 16:54:30.104971,9,12.899533686206581,80.10020663859815,0.20049876912856254,-0.32833968139358227,0.025544497908042585,0.024145065732034787,0.019353632194166134,0,0
2025-11-27 16:54:31.104971,9,12.89953507316604,80.10020576790959,0.1810096873468903,0.09089759632815478,-0.029019072564773204,0.16124106249527537,0.0028149218417440527,0,0
2025-11-27 16:54:32.104971,9,12.89953734313517,80.1002046606391,0.2798033509700496,-0.20394341314178088,-0.2655504644677598,0.031601807971512325,0.007992615045085078,0,0
2025-11-27 16:54:33.104971,9,12.899539225158083,80.10020357434514,0.2403902841093169,0.12631821244122282,-0.2797315427333229,-0.03509741737198863,0.006647558007104777,0,0
2025-11-27 16:54:34.104971,9,12.899541186742283,80.10020261034062,0.24212558777383758,-0.22414487247419973,-0.08060889878036223,0.08200690561152564,0.007335671420991861,0,0
2025-11-27 16:54:35.104971,9,12.899542710560032,80.10020179604093,0.1912650893046224,-0.00937496210441042,0.21097263902368285,0.020161820633933007,0.013445398926617218,0,0
2025-11-27 16:54:36.104971,9,12.899544634623345,80.10020079349309,0.24023029695283907,-0.18632581423337397,-0.03871832329868868,-0.018443000467305785,0.0025223084430011956,0,0
2025-11-27 16:54:37.104971,9,12.899545470849011,80.10020034928021,0.10482801189533777,-0.16473628151643124,0.07367543307331538,-0.037300738787225986,0.006324334829195489,0,0
2025-11-27 16:54:38.104971,9,12.899546401963741,80.10019978077158,0.1206202179811862,-0.10845769230395588,0.13849358060108743,-0.07213481671229002,0.01546544981617235,0,0
2025-11-27 16:54:39.104971,9,12.899547821567957,80.10019896693723,0.18103091880397595,0.04079203408387995,0.008883293090347643,0.07655665635897041,0.034366113708190774,0,0
2025-11-27 16:54:40.104971,9,12.899548112540353,80.10019876314495,0.03921980184972359,-0.06394604636237407,-0.07243229611730348,-0.04844638438832921,0.022597687402567602,0,0
2025-11-27 16:54:41.104971,9,12.899550175060064,80.10019742316796,0.27176773657662096,0.2321782451242425,-0.04671464774358745,0.036112104793537735,0.0070183093417266,0,0
2025-11-27 16:54:42.104971,9,12.899552111539101,80.10019633187683,0.24595212830571633,0.16697451712243017,0.1412533240190069,0.07514488311963974,0.006564913390481323,0,0
2025-11-27 16:54:43.104971,9,12.899552452880984,80.1001961516899,0.042733479226653534,-0.04773292306964452,-0.022574166643473267,-0.01936069452402931,0.03250430229904015,0,0
2025-11-27 16:54:44.104971,9,12.899554310678743,80.10019522375016,0.23001988055286962,-0.023480339702005394,0.05388207952448187,-0.0383833483925937,0.020485368663491925,0,0
2025-11-27 16:54:45.104971,9,12.899554736906827,80.10019500335005,0.05313425386902404,-0.5914700870701661,0.18969714625962256,-0.031041100552313846,0.007507993350244929,0,0
2025-11-27 16:54:46.104971,9,12.899554999540591,80.10019485471611,0.03338998056251696,-0.08306108586907884,0.06092996648903449,0.049167934529209506,0.01926908343329747,0,0
2025-11-27 16:54:47.104971,9,12.899557235130358,80.10019347441818,0.2904606297906608,-0.11837969799860877,0.021489779086531973,0.024016281184361027,0.005206454439770184,0,0
2025-11-27 16:54:48.104971,9,12.899557277083948,80.10019344666016,0.0055573237161087195,-0.016511322776173065,0.11354826506357746,-0.010972240314475336,0.03944199876258295,0,0
2025-11-27 16:54:49.104971,9,12.899557727439786,80.10019315778159,0.059126780564225274,0.03267099227229473,-0.07490279538468102,-0.08186984698352275,0.021294880940371172,0,0
2025-11-27 16:54:50.104971,9,12.899558535326728,80.1001925363827,0.11240422515793547,0.22392949065466106,-0.03216086987244129,-0.026919569080466558,0.023765488495455088,0,0
2025-11-27 16:54:51.104971,9,12.899559519824296,80.10019173850831,0.13966615109844596,-0.1045174487809799,-0.057279503602604705,-0.003452463851746475,0.0070656946477908366,0,0
2025-11-27 16:54:52.104971,9,12.89956128719925,80.1001900336377,0.27005931331827615,0.058164667848069486,-0.07517265216328159,-0.09465713802115991,0.04165295073878698,0,0
2025-11-27 16:54:53.104971,9,12.899562730142057,80.10018813638152,0.26112254235024424,-0.2027802928414767,-0.03460785557769822,-0.06104541866917623,0.023858992853989437,0,0
2025-11-27 16:54:54.104971,9,12.899564226800264,80.10018640784563,0.25087585877748925,0.05559231067136822,-0.1582733238991064,0.044713727307400114,0.01513007212535074,0,0
2025-11-27 16:54:55.104971,9,12.899564603944867,80.1001858992021,0.06934644113218741,0.02117462406781158,-0.18680503800380877,-0.05046617946335107,0.0041631495761700445,0,0
2025-11-27 16:54:56.104971,9,12.899565967993253,80.10018396046712,0.25944969937986584,-0.11703426263618716,-0.006366001391354578,-4.389870987582187e-05,0.0038285694620041294,0,0
2025-11-27 16:54:57.104971,9,12.899566410461068,80.1001833375175,0.08363860917204254,0.00851361746726842,0.15000517746618655,-0.00858912156901534,0.015695550612408064,0,0
2025-11-27 16:54:58.104971,9,12.899567238786124,80.10018220465243,0.15366784525276997,0.048265085311448006,0.17971904577597678,-0.0778614556178868,0.014937573783338034,0,0
2025-11-27 16:54:59.104971,9,12.899567540500339,80.10018177557401,0.05740966730797894,-0.24484005140394738,-0.11511270678519583,-0.031154301555609002,0.021096803218163075,0,0
2025-11-27 16:55:00.104971,9,12.899568850868523,80.1001797044488,0.26792874169104314,0.016654751251378788,0.06556130274986452,0.027314891411778355,0.013315827399465597,0,0
2025-11-27 16:55:01.104971,9,12.89957003740895,80.10017765670553,0.25849632828078045,0.24350542621523968,-0.0037812173582988198,-0.10169238665734787,0.05202376901060071,0,0
2025-11-27 16:55:02.104971,9,12.899570679887637,80.10017639624056,0.15434478641071256,-0.11633798124081121,0.2085130234523598,0.039354733408239445,0.04376534851361722,0,0
2025-11-27 16:55:03.104971,9,12.89957125359273,80.10017535966577,0.12934581441729728,-0.08174913950081635,-0.21499532826757492,-0.0469421348297373,0.007324534414348093,0,0
2025-11-27 16:55:04.104971,9,12.899572124202532,80.10017384991565,0.19034460031286182,-0.03552404673869984,0.050319987654253745,0.040312269567384526,0.02271654819075886,0,0
2025-11-27 16:55:05.104971,9,12.89957254346403,80.10017314222165,0.08986299636369575,0.10486713641089852,0.2691988266688702,0.05165530528829473,0.02394528688987169,0,0
2025-11-27 16:55:06.104971,9,12.899573784514786,80.1001710384943,0.2668272655298897,-0.328143410768178,-0.09662134631820257,-0.06887326289073542,0.01853124125462384,0,0
2025-11-27 16:55:07.104971,9,12.899574139633563,80.10017035218387,0.08431396286411887,-0.21343524665739347,0.032877724278170144,-0.056504884155859476,0.030309304925668662,0,0
2025-11-27 16:55:08.104971,9,12.89957458891599,80.10016942167036,0.11267867018683779,-0.23223148146979417,0.14573344606362884,0.025430461758370104,0.0020949015920485405,0,0
2025-11-27 16:55:09.104971,9,12.899575435500838,80.10016793174213,0.18713555253152384,0.1878456702751185,0.07328437632273295,-0.05011347800784695,0.004369939036448888,0,0
2025-11-27 16:55:10.104971,9,12.899576418482118,80.10016579597578,0.2562880969274871,-0.06935080704472545,0.00590015986057411,-0.016972067955964912,0.0013402897740856538,0,0
2025-11-27 16:55:11.104971,9,12.899577664692627,80.10016344817247,0.29008451827955584,-0.4591641696606663,0.34215509276494355,0.00915463094060038,0.01990827455534598,0,0
2025-11-27 16:55:12.104971,9,12.899579011981713,80.10016124300451,0.28240222821834643,-0.01795627185871622,0.04132016902956288,0.051184916693510066,0.00018552579673875833,0,0
2025-11-27 16:55:13.104971,9,12.899579188935881,80.10016097580852,0.03505227678031148,0.18134912784948215,-0.11839762972392073,0.04153941284768678,0.017692030658894933,0,0
2025-11-27 16:55:14.104971,9,12.899580523058054,80.10015891295262,0.2686293628993055,-0.10483206813028727,-0.38409180862865216,-0.03325207045703639,0.019050591315517007,0,0
2025-11-27 16:55:15.104971,9,12.899581308793818,80.10015771623655,0.15656746090932352,0.06299209691989505,-0.19489336952004532,-0.06039307884996595,0.0005790247213743893,0,0
2025-11-27 16:55:16.104971,9,12.899582454263182,80.10015601513902,0.22434833694449377,0.054809695318669444,0.06997364100881594,0.009784903014177318,0.00012815099502601218,0,0
2025-11-27 16:55:17.104971,9,12.89958331245307,80.10015475700057,0.16662770605196234,-0.16945045633004338,-0.0030472333057465725,0.029718145395721776,0.012971474974142484,0,0
2025-11-27 16:55:18.104971,9,12.899584201682538,80.10015366397545,0.15448607049806698,-0.05908816393757135,0.10839725042892463,-0.08437583759924712,0.005181660643969722,0,0
2025-11-27 16:55:19.104971,9,12.899584919019409,80.10015264865972,0.13606855235053825,-0.029945784062120735,-0.40157556364147107,-0.012435153220331716,0.01385201944305356,0,0
2025-11-27 16:55:20.104971,9,12.899585820723868,80.10015131264926,0.17633035476985182,0.21183351627633878,0.12119026755272784,0.022053247753853925,0.023573249179089352,0,0
2025-11-27 16:55:21.104971,9,12.89958751521082,80.10014918836467,0.2978508207945793,-0.22871955010620953,0.0737187724242017,0.07941923934579538,0.00048057838436251724,0,0
2025-11-27 16:55:22.104971,9,12.899589216547263,80.10014716754286,0.2897475778461649,-0.30945809371705674,-0.09809658191616029,0.030684730613704726,0.009780236744402876,0,0
2025-11-27 16:55:23.104971,9,12.899590247562946,80.1001458719996,0.18148161280226643,-0.09278445474821759,-0.21080703026084344,-0.07095222764266262,0.001696105627488455,0,0
2025-11-27 16:55:24.104971,9,12.899590915912892,80.10014494013163,0.12553979058427614,-0.35150323751833706,-0.06444786357928321,-0.0003345187870550455,0.0008281680461909033,0,0
2025-11-27 16:55:25.104971,9,12.899591283923174,80.10014446992808,0.06543349318220235,0.05692632182709795,-0.27447916371411746,0.06264280370483336,0.010986626416269048,0,0
2025-11-27 16:55:26.104971,9,12.89959289863267,80.10014250500099,0.2788740585093876,0.10328502572453321,-0.16945351761400543,-0.032357841527125064,0.005353211221307703,0,0
2025-11-27 16:55:27.104971,9,12.89959417754076,80.10014037949746,0.27104129306516905,0.07066847797195759,0.2151813457183856,-0.08262805661263245,0.019914973452342336,0,0
2025-11-27 16:55:28.104971,9,12.89959522621631,80.10013840213637,0.24426611241818832,-0.23382567016598427,0.016893906243505678,-0.0370925412651025,0.039087316718842295,0,0
2025-11-27 16:55:29.104971,9,12.899595435650015,80.10013793113782,0.05617486240124329,0.11330929865733848,-0.1186281233169475,0.010144707321998,0.00866501568981342,0,0
2025-11-27 16:55:30.104971,9,12.899596199259905,80.10013624929258,0.2013242021219797,-0.018689599206784785,0.09280430894503526,0.023848821013743162,0.013853689343077812,0,0
2025-11-27 16:55:31.104971,9,12.899596296623638,80.10013605576415,0.023631958347551985,-0.30716710960806026,-0.060413350557676944,-0.03295096847617335,0.03127930350561516,0,0
2025-11-27 16:55:32.104971,9,12.899597138890705,80.10013389798917,0.252217065580334,-0.05092033390049683,0.04503424162115793,-0.054092118224852256,0.026608349566311654,0,0
2025-11-27 16:55:33.104971,9,12.899597600525912,80.10013247732437,0.16249714473065238,-0.15769832749885523,-0.15071970634475876,0.00021840007090643144,0.00786217973030487,0,0
2025-11-27 16:55:34.104971,9,12.899598135299591,80.10013114156993,0.1566926596304777,-0.021965198218927687,0.03682778961657747,-0.056367493412476925,0.033557405191099086,0,0
2025-11-27 16:55:35.104971,9,12.899598724394645,80.10012931757137,0.2085044741887664,0.2962309443396841,0.0647372116541104,-0.021593170529209782,0.031154181034509527,0,0
2025-11-27 16:55:36.104971,9,12.899599369915817,80.10012719468742,0.24130366347249912,-0.006815377117616522,-0.19770374049504214,-0.07345785606191786,0.008437923645689736,0,0
2025-11-27 16:55:37.104971,9,12.899600010385704,80.10012515605034,0.23241956634258243,-0.027705915556549568,0.07337363894953111,-0.022149536381844116,0.009593232045879703,0,0
2025-11-27 16:55:38.104971,9,12.899600520636733,80.10012328308915,0.21102452814032582,0.01830364348515609,-0.06732449248720906,-0.11964057869997874,0.010475185014790875,0,0
2025-11-27 16:55:39.104971,9,12.899600551069259,80.10012315528779,0.014275608783959837,-0.20051307793208223,-0.06386505348318314,0.024843441766124817,0.007642956647231544,0,0
2025-11-27 16:55:40.104971,9,12.899601273226416,80.10012077190366,0.2708288939004352,-0.04284174237620199,0.1159405584797604,0.05210091685527933,0.005996932223696705,0,0
2025-11-27 16:55:41.104971,9,12.8996017925262,80.10011917898048,0.18225983869930965,-0.5220298046325743,-0.12455752388949347,0.07739320646569725,0.017050781632921033,0,0
2025-11-27 16:55:42.104971,9,12.899601891387631,80.10011894069528,0.02810112953748851,0.015292109323840139,0.26763273892353834,0.010396524026452955,0.02835451919522019,0,0
2025-11-27 16:55:43.104971,9,12.899602773839229,80.10011698509676,0.23383810793019108,-0.07563184028810284,-0.35038459510644726,-0.006989514119220663,0.0013578912631541401,0,0
2025-11-27 16:55:44.104971,9,12.89960290147819,80.10011672024572,0.03205976588996394,0.2773694258189433,-0.06301929760657433,0.10143473530666687,0.021775836129435185,0,0
2025-11-27 16:55:45.104971,9,12.899603820488013,80.10011471132135,0.24080212637749474,0.33755262550819753,-0.14452722408384008,0.02499902062262343,0.006485661735099381,0,0
2025-11-27 16:55:46.104971,9,12.899604251133404,80.10011390216629,0.10003686393853868,-0.32018315047595,0.16086415427087747,0.056172115593058715,0.013738878942741825,0,0
2025-11-27 16:55:47.104971,9,12.89960459279583,80.10011318097249,0.08701015614748785,-0.04686394161632028,-0.15145332521607738,-0.06733062546610316,0.0035553711145944983,0,0
2025-11-27 16:55:48.104971,9,12.89960482709694,80.10011243061396,0.08549747480338755,-0.21924743862605608,0.08020687117545264,-0.13486078559378062,0.0056600956878699185,0,0
2025-11-27 16:55:49.104971,9,12.899605482213314,80.1001101616156,0.2567840575626084,-0.19170001128067937,-0.08396255419453715,0.06092324661132045,0.021411898957243426,0,0
2025-11-27 16:55:50.104971,9,12.89960551701845,80.10010999937168,0.018026501368124604,-0.13637453598440222,0.023308836017556178,-0.07764115897691228,0.028892681322216625,0,0
2025-11-27 16:55:51.104971,9,12.89960576456098,80.10010744312498,0.2787454791841641,-0.75136351547576,-0.11669578231747009,-0.00911980039594831,0.01048124665816055,0,0
2025-11-27 16:55:52.104971,9,12.899605782019334,80.10010734284835,0.011053282803809872,0.027479814629577902,0.13515259961952225,0.12931683385796988,0.01929604162822043,0,0
2025-11-27 16:55:53.104971,9,12.89960622275369,80.1001051774005,0.24004167341916177,0.08148982569600072,-0.09070697982138791,0.010564860259451456,0.046363352442847144,0,0
2025-11-27 16:55:54.104971,9,12.899606417743723,80.100103884021,0.14201413617453837,-0.1462512364889748,0.14503584243944986,-0.0916117721906635,0.030680238300670692,0,0
2025-11-27 16:55:55.104971,9,12.89960654118531,80.10010202562977,0.20212293062778644,-0.16529366165220258,-0.0004837660885196873,-0.04760682495982643,0.0063609813014157334,0,0
2025-11-27 16:55:56.104971,9,12.89960659748832,80.10010155756987,0.05117475942605223,0.18148394127803774,0.10152681981399471,-0.05221995761602011,0.01977010540352894,0,0
2025-11-27 16:55:57.104971,9,12.899606688050484,80.10010038849663,0.12725687382245146,0.09019480093678746,-0.021215417639302323,-0.08574077820520329,0.008315321679429909,0,0
2025-11-27 16:55:58.104971,9,12.899606734250039,80.10009907846096,0.142245848937883,0.04688921744458584,0.14493176698266355,0.05835361542712413,0.017955632355760035,0,0
2025-11-27 16:55:59.104971,9,12.899606830550992,80.10009856650728,0.05657734749211696,-0.020003875238124816,-0.15231598709744257,0.191954845823194,0.022140229467825203,0,0
2025-11-27 16:56:00.104971,9,12.899607452762444,80.10009619914833,0.2660579230074013,-0.06935484179250842,0.12443606013335083,0.05515925730865123,0.014017870615189297,0,0
2025-11-27 16:56:01.104971,9,12.89960747292104,80.1000961206409,0.00880950212618019,-0.04416870141969291,0.3243738002236713,0.12558253676172954,0.011789305902174146,0,0
2025-11-27 16:56:02.104971,9,12.89960782391997,80.1000949970328,0.12803142741821946,0.0532892605949048,0.1292622867763301,-0.03612497311722051,0.016419959895097046,0,0
2025-11-27 16:56:03.104971,9,12.899608131010726,80.10009344589912,0.17175105762002996,6.501966042666625,-0.1412823562345706,-0.060647936344829144,0.003925850005671666,0,0
2025-11-27 16:56:04.104971,9,12.899620351723108,80.09997873599443,12.52137002552973,4.4341648458736405,0.1213345326567,-0.16253595228404727,0.0952217248705913,1,0
2025-11-27 16:56:05.104971,9,12.899618156904255,80.09989332920733,9.270767661606975,-1.0800207868745226,-0.12196415288025314,-0.11623550326692032,0.025960667864686725,1,0
2025-11-27 16:56:06.104971,9,12.89961447574965,80.09979692567619,10.468834868183688,3.1523031348024433,-0.04923836437829566,-0.011123736001052438,0.11944073998278593,1,0
2025-11-27 16:56:07.104971,9,12.899607929253229,80.0996567944204,15.223189497670816,1.2252481255053713,0.1050066598546443,-0.06021765074834781,0.04035187907687866,1,0
2025-11-27 16:56:08.104971,9,12.89959908878637,80.09953172368574,13.607143335449704,0.8063258995137169,0.1670515179562412,0.036473228701930406,0.03724151813540919,1,0
2025-11-27 16:56:09.104971,9,12.899604791712383,80.09937769794804,16.725488553940252,-0.4477997959402221,0.025805156150363606,0.11618549965981854,0.07867923019315887,1,0
2025-11-27 16:56:10.104971,9,12.8996216049244,80.09926371354165,12.509334511451632,-0.4519210090659298,0.22438905015403424,0.04917227920298406,0.08152963402474539,1,0
2025-11-27 16:56:11.104971,9,12.899646235232597,80.09911927452407,15.911194540695586,0.8408192454189345,0.07478611172033664,-0.04640451060419148,0.10111986645938216,1,0
2025-11-27 16:56:12.104971,9,12.899656616637392,80.09899353828175,13.692579772249301,-2.0579053177037014,0.021771056253278916,-0.045516361490861745,0.03649325166086924,1,0
2025-11-27 16:56:13.104971,9,12.899659526901816,80.09888601583067,11.671830038906451,0.08939585409564342,-0.13950867993471158,0.013238055683855936,0.04254924948017289,1,0
2025-11-27 16:56:14.104971,9,12.89966330676569,80.0987575349,13.947899949920693,0.1707647008520139,0.18154555428182062,0.014403130940780055,0.04717363957843157,1,0
2025-11-27 16:56:15.104971,9,12.899668197057998,80.09864572829544,12.144416890895046,-0.7438678370137008,0.16391385104976805,0.030349859326293586,0.050448376095115065,1,0
2025-11-27 16:56:16.104971,9,12.89967462307365,80.09853318146118,12.233464736482166,1.4887219707815915,-0.14307978735525026,0.09336897052587337,0.08169832870180854,1,0
2025-11-27 16:56:17.104971,9,12.899690203493494,80.09839113955867,15.510340374973634,-0.21689835799471163,0.2526411257129517,0.11761486850406803,0.024655750605461133,1,0
2025-11-27 16:56:18.104971,9,12.899712196494546,80.09828683613455,11.579804851622722,-1.8319329387983447,0.09709061242391266,-2.922637726475788e-05,0.06838456716148328,1,0
2025-11-27 16:56:19.104971,9,12.899727769053314,80.09817973966425,11.749695251521963,0.8633659544174627,-0.14750712473043318,-0.0721229824800943,0.11527478441799752,1,0
2025-11-27 16:56:20.104971,9,12.899740446262575,80.09805971654112,13.100024762749712,1.3132757846031808,-0.08639903877936574,-0.16119261838367255,0.1069709533598714,1,0
2025-11-27 16:56:21.104971,9,12.899747425746364,80.09792367688782,14.782186319049519,-3.489918807943006,0.050929404961799686,-0.05406627479477698,0.04294995722051439,1,0
2025-11-27 16:56:22.104971,9,12.899749711742512,80.09786768107143,6.081470036646843,-1.131734507475088,-0.1710783878893304,-0.030775491540047675,0.04817930181705857,1,0
2025-11-27 16:56:23.104971,9,12.899757823161432,80.09775259210878,12.520981724257593,5.4273208747609765,0.22109784713333638,0.03668139460613128,0.08688132434479776,1,0
2025-11-27 16:56:24.104971,9,12.899770649569483,80.09760390512113,16.197181366880326,1.2572563790992266,-0.014354289637029904,-0.07643311282583934,0.06410491766870939,1,0
2025-11-27 16:56:25.104971,9,12.89976552465434,80.09746539315621,15.040849508227932,-3.9499977884546427,0.1340824814002985,-0.032148126922106834,0.07855926678139351,1,0
2025-11-27 16:56:26.104971,9,12.899754757218533,80.09739110195869,8.150011305640039,-1.2162039655643624,0.13750673601391547,-0.03879777236857965,0.12771882370682064,1,0
2025-11-27 16:56:27.104971,9,12.899738600674118,80.09727846200815,12.354254633190532,1.7069645948855796,0.0512072552726826,-0.04213540576595874,0.027627693130853392,1,0
2025-11-27 16:56:28.104971,9,12.899719451103497,80.09717546827096,11.377409390059674,1.1516630913053245,0.2635758200151436,0.0045251122314143785,0.028315393355309755,1,0
2025-11-27 16:56:29.104971,9,12.8997056535758,80.09704055034624,14.720384308389871,2.6657453007831324,-0.009027848661665496,0.012871784748166158,0.07047346807819505,1,0
2025-11-27 16:56:30.104971,9,12.899691705968133,80.09688403101622,17.05483951648253,-1.8789896965092237,0.17581286165372376,0.09448815632207569,0.11628962984582901,1,0
2025-11-27 16:56:31.104971,9,12.899698079715028,80.09678212972845,11.080117714409988,-2.8840527486993763,-0.24402250853075264,0.062101063185829614,0.02281081690699785,1,0
2025-11-27 16:56:32.104971,9,12.899705868465905,80.09667974135259,11.144011818032432,2.3177110647969723,-0.061837262627211016,0.049577408973616406,0.04695442674790852,1,0
2025-11-27 16:56:33.104971,9,12.899725481777512,80.09653871342124,15.458004916067345,-0.779405533115715,0.24195924869990426,-0.011423805412701313,0.10158638725931153,1,0
2025-11-27 16:56:34.104971,9,12.899741479479372,80.09644874052732,9.924112752922518,-1.710633658813065,-0.018617609257563377,-0.0627666970131908,0.0548863012295722,1,0
2025-11-27 16:56:35.104971,9,12.899753039745534,80.09633080132986,12.862200936563939,-0.30617383520600083,-0.03492657014762758,-0.21520675281326276,0.07333007147456233,1,0
2025-11-27 16:56:36.104971,9,12.89975138244399,80.09624170449162,9.669717578984246,1.2744303822547105,0.07142609159873971,-0.07317482946760975,0.12572003371022974,1,0
2025-11-27 16:56:37.104971,9,12.89975400355603,80.09610009531491,15.368876410279409,0.09146872635845811,-0.0438157085590431,-0.009169097168756905,0.032340976347950204,1,0
2025-11-27 16:56:38.104971,9,12.899760753046836,80.09601169265382,9.62201211125758,-2.841127937082063,-0.053910710412450775,-0.09997004656148382,0.0951215384143196,1,0
2025-11-27 16:56:39.104971,9,12.899759988134758,80.09592435497949,9.477451918100769,3.515192005338714,0.3101372870813052,-0.1791940434557842,0.04518552556668029,1,0
2025-11-27 16:56:40.104971,9,12.899747388819845,80.09577705807858,16.044705240506218,3.677301985300822,0.2020867291249992,0.0026130995333693563,0.05696211271300189,1,0
2025-11-27 16:56:41.104971,9,12.899734504064039,80.09561886901689,17.225023168991928,-1.2278092407231669,-0.1227665621097908,-0.028889312622705665,0.06579452454236008,1,0
2025-11-27 16:56:42.104971,9,12.899729365230689,80.09548117221865,14.952518452310356,-3.074618083598448,-0.11660038965438385,0.07477857591228373,0.05900288954217098,1,0
2025-11-27 16:56:43.104971,9,12.899724261181554,80.09537634304654,11.389264965457025,-1.7898535769557444,0.10822969326574712,-0.01319127663961055,0.02624703021427813,1,0
2025-11-27 16:56:44.104971,9,12.899718705217305,80.09527580225863,10.927265569205321,-1.3817449185504662,0.017868493762660535,0.05623000990800825,0.09902550077529496,1,0
2025-11-27 16:56:45.104971,9,12.899714263748729,80.09519314520892,8.982788885677532,2.4705271558693407,-0.20791892552994715,0.10840305687730029,0.07127605771390697,1,0
2025-11-27 16:56:46.104971,9,12.899726456518364,80.09504442561959,16.194640961674974,5.233349502417437,-0.036987636488359475,0.15877214803792003,0.11119778560693869,1,0
2025-11-27 16:56:47.104971,9,12.899758237348637,80.09487277083856,18.959382138895847,-1.081935574971762,-0.12881123857202953,0.04412031173342294,0.0717614869428865,1,0
2025-11-27 16:56:48.104971,9,12.899776178133104,80.09474723377988,13.767736360384639,-1.8115714876797422,-0.04871306325716445,0.014910548911894396,0.08204152539049062,1,0
2025-11-27 16:56:49.104971,9,12.899798192214757,80.09460345620205,15.792694250522043,-1.6329512514659283,0.2838495803949746,0.042274540136437555,0.022539299947836877,1,0
2025-11-27 16:56:50.104971,9,12.899818964074624,80.09450866011589,10.54308256408864,-0.7878826392974696,-0.038798632767689724,0.02866960771105715,0.10728345076694963,1,0
2025-11-27 16:56:51.104971,9,12.899842816355383,80.09437866589006,14.353492650599792,-0.03963513893679496,0.18356565081599072,0.03545157230483396,0.02745381389629837,1,0
2025-11-27 16:56:52.104971,9,12.899864339161095,80.09428191863402,10.768041948319071,-3.1111168418171435,-0.03510475332408182,0.08205906934742688,0.02180194421975044,1,0
2025-11-27 16:56:53.104971,9,12.899889843486715,80.09421141821436,8.159899113827727,-1.2126185932415399,-0.01732571684997529,0.08491895212686418,0.1012369919058161,1,0
2025-11-27 16:56:54.104971,9,12.89991045102912,80.09413360908786,8.749220625226096,3.6924593885449846,0.02386288274872099,-0.04768263633315742,0.12012276933727031,1,0
2025-11-27 16:56:55.104971,9,12.899938198484294,80.09399489895023,15.365204869525138,2.950641218236871,0.40277110372961156,-0.013140962689205862,0.0685307757505738,1,0
2025-11-27 16:56:56.104971,9,12.899966134915374,80.09386044844506,14.91708626842042,-1.96067743322177,0.2893233656536808,0.03625499549264366,0.08367632855741208,1,0
2025-11-27 16:56:57.104971,9,12.899985717464878,80.09375323428596,11.83635319667137,-0.5139097278627065,0.05177161058409727,0.030286049639320245,0.036154819742256455,1,0
2025-11-27 16:56:58.104971,9,12.900011894622146,80.09362190837223,14.545157999387024,-1.8319116967450628,-0.05104830384981591,-0.10054263336726085,0.010526752538769233,1,0
2025-11-27 16:56:59.104971,9,12.900021426543907,80.09354920917278,7.959682161732141,0.4571022889410848,-0.23212999978218654,0.16524991102453962,0.061138136996258134,1,0
2025-11-27 16:57:00.104971,9,12.900061178486792,80.09341781450328,14.92866201513767,2.6029167640045743,-0.02531576826146587,0.13106059843443743,0.08296888076516792,1,0
2025-11-27 16:57:01.104971,9,12.90009940121344,80.09330301416047,13.163701006663912,-0.7805261614923037,0.3921980377300826,0.03779730108263828,0.06005691888746256,1,0
2025-11-27 16:57:02.104971,9,12.900147637933213,80.09319312220296,13.077702572890077,-0.68615783402584,0.38295740431614045,-0.005001428550474009,0.08565687517058856,1,0
2025-11-27 16:57:03.104971,9,12.900176253644686,80.09309047410134,11.584976697898963,-0.27633100039263336,0.000840290211741919,-0.062266558251137964,0.06406442591495548,1,0
2025-11-27 16:57:04.104971,9,12.900209434298922,80.09297893205473,12.654562892526481,1.2618941524876048,-0.134130110709586,0.031628300112424915,0.04414586731623593,1,0
2025-11-27 16:57:05.104971,9,12.90025790523757,80.0928574664483,14.242021439209834,-1.3959834244330132,0.015048433495117723,0.16649120953985785,0.06341015804262254,1,0
2025-11-27 16:57:06.104971,9,12.9002962984105,80.09276946261593,10.462152496515538,-1.6339744766129056,0.14510179721216276,0.029722549074970128,0.060837248804070945,1,0
2025-11-27 16:57:07.104971,9,12.900329840536392,80.09267607361431,10.799722939454005,-0.08428584463646172,-0.20346664179167967,-0.08057654661241995,0.10414459172842495,1,0
2025-11-27 16:57:08.104971,9,12.90035542772248,80.09258543485514,10.239422244176883,-0.8806479531382488,-0.2747134164591479,0.028257050565770464,0.008218779388818941,1,0
2025-11-27 16:57:09.104971,9,12.900374304313198,80.09250743391128,8.720884491824926,0.8911587178293124,0.15456912562358596,0.0592946889143991,0.08635310785153606,1,0
2025-11-27 16:57:10.104971,9,12.90040515094858,80.09240935050171,11.183327201900704,2.886924399787529,0.22678621531734366,-0.00042954580008594534,0.04289318226864636,1,0
2025-11-27 16:57:11.104971,9,12.900460322362038,80.09228273044995,15.049836834152616,1.7668478477992084,0.05324060474528918,0.07338568468841788,0.0504006457425804,1,0
2025-11-27 16:57:12.104971,9,12.900501317299199,80.09216006059336,14.071547578587646,-1.8735424594169734,-0.09639095147876382,-0.02648305041887481,0.09429799724128332,1,0
2025-11-27 16:57:13.104971,9,12.900548709102512,80.09206418772733,11.66446354700706,-4.395546325529139,-0.14224443159493175,0.15564396389199867,0.08994351731486647,1,0
2025-11-27 16:57:14.104971,9,12.900572730932396,80.09202160027783,5.339127820418729,0.08215414817478145,-0.08756762788153036,-0.07468213460156109,0.030632773522746237,1,0
2025-11-27 16:57:15.104971,9,12.900618757392763,80.09192854723935,11.322824448487141,3.270237570073678,-0.2788003727143679,0.14675752795662111,0.03858174584223893,1,0
2025-11-27 16:57:16.104971,9,12.900678630272774,80.09184661141444,11.111758569774734,-1.1179589781321249,-0.09631749948669184,-0.0007493282835692727,0.028645661328663356,1,0
2025-11-27 16:57:17.104971,9,12.900730663974409,80.09178074781885,9.199457610934386,1.105154881889796,-0.1660937606366183,0.039727325753922765,0.0770537822413946,1,0
2025-11-27 16:57:18.104971,9,12.900804182332125,80.09168780361541,12.98826195318115,1.3073491190117927,-0.33777895553908655,0.04971282656562854,0.03482166919824313,1,0
2025-11-27 16:57:19.104971,9,12.900873088435278,80.09160520569746,11.797012616431873,-0.603990395540599,-0.07929158747460809,-0.06040857270753177,0.020644456843095533,1,0
2025-11-27 16:57:20.104971,9,12.900937186450504,80.09151990256537,11.687296205060946,-0.5934077479500354,-0.20896796862715447,0.00688299205387892,0.06636496874240651,1,0
2025-11-27 16:57:21.104971,9,12.900993462706559,80.09144609282964,10.168210709070333,1.450284190982491,-0.08673043927410923,-0.038980945437576985,0.12486430195913564,1,0
2025-11-27 16:57:22.104971,9,12.901074144310638,80.09133640852322,14.910484611029037,0.025461852935361518,-0.09289285376912887,0.07669278886219448,0.030991251828730176,1,0
2025-11-27 16:57:23.104971,9,12.901124321656201,80.09126242066006,9.780433785682257,0.0031555424774543338,-0.21016002324729022,0.1335635341157702,0.05591126257470136,1,0
2025-11-27 16:57:24.104971,9,12.90121441556377,80.09116012498342,14.959938333170578,0.055136973397870145,0.08086832745440778,0.049378493249033456,0.05475195840148621,1,0
2025-11-27 16:57:25.104971,9,12.901266869012419,80.09108928246106,9.653386546098217,-0.6615678915474343,-0.015705114578159336,-0.03557488505504753,0.024177192182192657,1,0
2025-11-27 16:57:26.104971,9,12.90133763234953,80.09097707528362,14.501727932612344,-0.7865587047085115,-0.17032012989796097,-0.06632755518852146,0.06084562418182091,1,0
2025-11-27 16:57:27.104971,9,12.901377002881928,80.09091231092032,8.282258482313779,-1.9781053903445707,-0.08145729914002399,0.07405705256492343,0.039212719833437694,1,0
2025-11-27 16:57:28.104971,9,12.901435017334654,80.0908372464,10.394896717250905,1.704350431112755,0.2372350453951933,0.03193853965720624,0.10031439339307024,1,0
2025-11-27 16:57:29.104971,9,12.901502505968834,80.09075519903088,11.649307248296047,1.29917962448497,0.15382035692973867,-0.02114784803438953,0.0218180830221639,1,0
2025-11-27 16:57:30.104971,9,12.90157955400147,80.09066896470351,12.693486581553634,2.428823990824986,-0.04260189844650272,0.03760974452849485,0.030483494455657106,1,0
2025-11-27 16:57:31.104971,9,12.90167374273411,80.0905572248392,16.02972049758085,-1.3078931924606447,-0.13559762909498652,-0.019933092821038344,0.09618216137579197,1,0
2025-11-27 16:57:32.104971,9,12.901727127778765,80.09048798002378,9.579893293814553,-0.9972810600785301,-0.17619941006373693,-0.02726583117220113,0.09554323212085646,1,0
2025-11-27 16:57:33.104971,9,12.901800586270646,80.09039038418828,13.379909169575802,0.6669497801181876,-0.23561139720660318,0.0011715943534025205,0.10168896748555688,1,0
2025-11-27 16:57:34.104971,9,12.90185307109291,80.09030421283938,11.025794562802785,2.260718089331645,-0.07874739765871193,-0.0025552684192721095,0.0464038472348253,1,0
2025-11-27 16:57:35.104971,9,12.901941626963513,80.0901696028239,17.621985424879583,-1.2444150148240065,0.36848411864348496,-0.05044488406126464,0.039424055989325524,1,0
2025-11-27 16:57:36.104971,9,12.90198202237319,80.0900909541198,9.64646737131175,-4.8707562323668485,0.018100452734167972,-0.033705784308414914,0.06364938544021918,1,0
2025-11-27 16:57:37.104971,9,12.90201517674637,80.09003026071177,7.549532598951878,1.0454427517343663,-0.0006301826240743362,-0.010542004589336532,0.02889881807383956,1,0
2025-11-27 16:57:38.104971,9,12.902071343497916,80.08994527858405,11.141319627490141,1.3846067050282995,0.08786877114150766,-0.031720645051437873,0.07197754900328629,1,0
2025-11-27 16:57:39.104971,9,12.902104526808314,80.0898632974236,9.632299094466383,2.2783521771047814,0.05713540073022509,-0.040735984549664345,0.08705153403192573,1,0
2025-11-27 16:57:40.104971,9,12.902173574926474,80.08973807476927,15.611370348950054,1.4835917510482393,0.11100891728927846,0.04908127764762726,0.09781094802801642,1,0
2025-11-27 16:57:41.104971,9,12.902224485829377,80.08963979548635,12.076746956767952,-3.61034416400653,0.17284905654568292,-0.07595459616315225,0.07640349936279878,1,0
2025-11-27 16:57:42.104971,9,12.902258517538025,80.08957233648587,8.242254511578917,-0.4324611228632044,-0.01788084341761158,0.01848355420143223,0.05330341159323681,1,0
2025-11-27 16:57:43.104971,9,12.902302115438887,80.08947756887989,11.371054498118815,1.4287285196498736,-0.12099952123105502,-0.08922157678816012,0.07270926447009574,1,0
2025-11-27 16:57:44.104971,9,12.902334563563873,80.08937996501189,11.190085817789027,-2.3614974961652337,-0.06219536717535387,-0.05057869625465633,0.06310848105241437,1,0
2025-11-27 16:57:45.104971,9,12.902355462460882,80.08932611340343,6.289565084668311,-0.05032494902854967,0.07635584457468891,-0.07896483844062517,0.03841366940642539,1,0
2025-11-27 16:57:46.104971,9,12.902377230592409,80.0892168891155,12.097187722500719,0.4093917800081585,0.06411353118082103,-0.17937553560345634,0.011943439211169516,1,0
2025-11-27 16:57:47.104971,9,12.902384160745669,80.08915319549438,6.954360104113063,3.0763647920113635,-0.23122086496884062,-0.15874351517206062,0.009347904035128203,1,0
2025-11-27 16:57:48.104971,9,12.902393083413243,80.08899213530178,17.504952082979784,3.3435312883362625,-0.011111060177689095,-0.12554517053827027,0.03666871958817081,1,0
2025-11-27 16:57:49.104971,9,12.902387802430798,80.08886535694329,13.769359774698842,-3.2987314715981424,0.12115303256151677,-0.14021148000403053,0.023822529781798295,1,0
2025-11-27 16:57:50.104971,9,12.90237990589938,80.0887669936325,10.709605315476065,2.623783183541839e-05,-0.16442809301043823,-0.10451114371710059,0.09068139739444042,1,0
2025-11-27 16:57:51.104971,9,12.902371551843727,80.08864422089883,13.354571036161074,-0.9996562817739103,-0.07094317428657551,0.16683927401709087,0.034650323073802836,1,0
2025-11-27 16:57:52.104971,9,12.902361910359305,80.0885634038766,8.83494431199431,0.4725297871345297,-0.3081856826938648,-0.08394504087566883,0.013673516476912503,1,0
2025-11-27 16:57:53.104971,9,12.902347991539187,80.08843419225104,14.106194493526809,0.49137567095928514,0.1980761990662582,-0.021485583090362415,0.08904718718037039,1,0
2025-11-27 16:57:54.104971,9,12.902344447118185,80.08834113345947,10.105577339859945,-1.2421561075317724,0.10239238407646113,0.02851112815024265,0.11740158899095243,1,0
2025-11-27 16:57:55.104971,9,12.902345287385984,80.08823646614748,11.357905133535132,1.1333539985144732,0.05516243945668225,0.01676373338294774,0.017871603296327393,1,0
2025-11-27 16:57:56.104971,9,12.902352704088605,80.08811809239796,12.871321761602273,0.007819884805158078,0.05667617363404467,0.007018372642629875,0.012544002250011442,1,0
2025-11-27 16:57:57.104971,9,12.90236636647695,80.08800976431755,11.852735192096194,-2.1645759482160045,0.008109367445715283,0.01123836157576712,0.1063244923000892,1,0
2025-11-27 16:57:58.104971,9,12.902372905291497,80.0879348239577,8.16434165668407,0.31778215872700727,0.06951412587706361,-0.03478785949006504,0.09272569465761069,1,0
2025-11-27 16:57:59.104971,9,12.902369630976725,80.0878251510927,11.906256494869108,-0.6779364882891196,-0.008380905618782826,-0.14019080132528466,0.009249396934608271,1,0
2025-11-27 16:58:00.104971,9,12.902361674236184,80.08776006130768,7.118258837698837,-1.5345293160396858,-0.09942074987362913,-0.09006940584973264,0.053195847226288215,1,0
2025-11-27 16:58:01.104971,9,12.902348151968827,80.08767793730726,9.037573215925708,0.15189136159410271,0.03940608133346722,-0.07195254862028307,0.06718921098982243,1,0
2025-11-27 16:58:02.104971,9,12.90233296438925,80.08760986967737,7.577093431107242,2.743232901513255,-0.4227801107149195,0.008559977089259298,0.08652860510221844,1,0
2025-11-27 16:58:03.104971,9,12.902307113585993,80.08747555129838,14.856351468454417,3.5680768928111704,0.15826004458465884,-0.1111030845139569,0.03322361392406008,1,0
2025-11-27 16:58:04.104971,9,12.902280848393424,80.08734578541464,14.381339392527297,-7.46675336363106,-0.11587344439601253,-0.023090172336580027,0.11384454154230908,1,0
2025-11-27 16:58:05.104971,9,12.902280479862352,80.08734367168229,0.2330025785692278,-7.119770316638259,0.1790845793553436,0.05394213087349527,0.001903256684505838,0,0
2025-11-27 16:58:06.104971,9,12.902280256065856,80.08734101771361,0.2890594993666125,-0.1211551490442537,0.08100129420467402,0.1171608489507002,0.025367454425959557,0,0
2025-11-27 16:58:07.104971,9,12.902280225274454,80.08733876569589,0.24439198642223559,-0.3904016491921991,0.02023056478474645,-0.12850607902882516,0.004506953158544355,0,0
2025-11-27 16:58:08.104971,9,12.90227976963059,80.08733662647886,0.23760491709161446,-0.09549064023023261,-0.075441096759593,-0.14689228946898075,0.019323088076859857,0,0
2025-11-27 16:58:09.104971,9,12.90227941400531,80.0873350593612,0.17459634431796225,0.1677807992441626,0.05066596187298171,0.15019270842767016,0.0479598911525841,0,0
2025-11-27 16:58:10.104971,9,12.902279384524316,80.08733489753794,0.017863598431937588,0.05052420952346923,0.051225040201041634,0.021790104378874253,0.0050826522201262705,0,0
2025-11-27 16:58:11.104971,9,12.902279119165147,80.08733349652924,0.15486773004320795,0.07190385417299403,0.18857028471652654,0.09741434685477697,0.005125446012557785,0,0
2025-11-27 16:58:12.104971,9,12.902278989597137,80.0873327745278,0.07966150002768042,-0.08394209315809176,-0.2060480184404357,0.033021300490593215,0.027111534006122477,0,0
2025-11-27 16:58:13.104971,9,12.902278905240715,80.08733233978957,0.048099312556918405,0.1842509114765024,0.09186075369031242,0.0006071476817650634,0.018028800319334067,0,0
2025-11-27 16:58:14.104971,9,12.90227881025411,80.08733182613295,0.05673134525836934,0.062300625246980955,-0.0660557626767059,-0.04888565982500762,0.00014840448864054365,0,0
2025-11-27 16:58:15.104971,9,12.902278274782125,80.08732917723003,0.29355005753736635,0.0015737556651845147,0.031986288352080276,-0.011118696542118917,0.016888427100166605,0,0
2025-11-27 16:58:16.104971,9,12.902277949658485,80.0873264737097,0.29558496888005703,-0.09237325848988065,0.04389494517285506,0.05823646301859754,0.010061055177582425,0,0
2025-11-27 16:58:17.104971,9,12.902277776203638,80.08732455520506,0.20907177767866306,-0.4559189424043246,0.04761281319794872,0.0023535210649348257,0.00786106199591735,0,0
2025-11-27 16:58:18.104971,9,12.90227754178709,80.08732284180988,0.18774403814628224,0.3071775534201692,0.05846481922568439,-0.02408793434525659,0.011036210783714836,0,0
2025-11-27 16:58:19.104971,9,12.902277223406818,80.08732112783584,0.18933136081198743,-0.17410107024939125,0.10273799727696564,-0.07386481451705985,0.0016881768276706649,0,0
2025-11-27 16:58:20.104971,9,12.902276994363307,80.08731919942603,0.21080070269100656,-0.1335698025119953,0.09285608748408324,0.08801005986416216,0.02431609148877096,0,0
2025-11-27 16:58:21.104971,9,12.902276653044007,80.08731658612709,0.2861050114266924,0.24499614658901503,-0.11796150450551766,-0.03500317847863704,0.0021956204265476103,0,0
2025-11-27 16:58:22.104971,9,12.902276426891795,80.08731392458093,0.28990134095178743,-0.5844822153886206,0.00310034421532681,0.08067598671429713,0.01545408123438584,0,0
2025-11-27 16:58:23.104971,9,12.902276330060426,80.08731275164386,0.1277318271707409,0.009797013796849413,-0.008780292913075057,-0.06752892637416766,0.047897887880163206,0,0
2025-11-27 16:58:24.104971,9,12.902276250609626,80.08731206079199,0.07548473788639902,-0.1188807185496753,0.1686113629421234,-0.0949522304296839,0.00875946503468077,0,0
2025-11-27 16:58:25.104971,9,12.902276154790394,80.0873111465649,0.09977519327570437,0.45248701675578695,-0.024327706583422537,0.08296554186972205,0.012989975202818875,0,0
2025-11-27 16:58:26.104971,9,12.902275980478349,80.08730959735563,0.16922195161746195,0.4310083804339686,-0.035565209691059904,0.0668525613097773,0.0020126367935596676,0,0
2025-11-27 16:58:27.104971,9,12.90227576475214,80.08730775298889,0.20156911414524437,-0.15705646724034225,-0.018515032669491324,0.08072643138514274,0.0044392999074579186,0,0
2025-11-27 16:58:28.104971,9,12.902275502335844,80.08730520085732,0.27846995526525725,0.5313729188954707,0.09757787836572308,-0.08527435714594506,0.006038616589360247,0,0
2025-11-27 16:58:29.104971,9,12.902274959261808,80.08730271276596,0.27667022447616074,-0.0695464938473125,-0.04746435320813805,-0.09124111774557828,0.0008081419851130307,0,0
2025-11-27 16:58:30.104971,9,12.90227417622279,80.08730009852347,0.2967637563745091,0.20970012374834315,-0.018860470460575807,-0.03115602839784278,0.018514389491614817,0,0
2025-11-27 16:58:31.104971,9,12.902273670389002,80.08729779261787,0.2564731478613476,0.2707778729646907,-0.10958680899428301,0.11435220484766428,0.024599853365356774,0,0
2025-11-27 16:58:32.104971,9,12.902273471777109,80.08729605813562,0.18950400590370975,-0.44290059276847227,0.10822567174918347,-0.07426112789595019,0.0039032504118015334,0,0
2025-11-27 16:58:33.104971,9,12.9022729914797,80.08729371672253,0.25963318219102105,-0.16577832535663103,-0.03948631829140076,-0.14730984030764027,0.022125513895232676,0,0
2025-11-27 16:58:34.104971,9,12.902272648413108,80.0872925702435,0.1301351005991368,-0.10171179065443096,0.021892253964816727,-0.058700380515404264,0.013959477803385734,0,0
2025-11-27 16:58:35.104971,9,12.902272375195029,80.08729187863422,0.08097592379543725,0.08796476701272268,-0.01418354312032921,0.013285664038139772,0.006340088215600302,0,0
2025-11-27 16:58:36.104971,9,12.902272322830802,80.08729175265825,0.014860723977639167,-0.019423266201922237,0.010267880453251542,-0.0435167236319604,0.014622480036834116,0,0
2025-11-27 16:58:37.104971,9,12.902271547866283,80.08728986087004,0.222669935126894,0.16837764682279094,-0.00224268571710116,-0.04674492704862284,0.007427411558611699,0,0
2025-11-27 16:58:38.104971,9,12.902270743941324,80.08728802673578,0.2182182206570388,-0.2651611641380807,0.18374878179017545,-0.01266953164033717,0.0023615915139886083,0,0
2025-11-27 16:58:39.104971,9,12.902270661450396,80.08728786405337,0.019898392473386418,-0.19373656108477647,0.12070883167875815,-0.027735050685066404,0.0673715284909177,0,0
2025-11-27 16:58:40.104971,9,12.90227048983902,80.08728751852556,0.042079845986038276,-0.3030786066445502,-0.04161704481956112,0.006782185933176112,0.006029649344915845,0,0
2025-11-27 16:58:41.104971,9,12.902270122978578,80.08728686062348,0.08224513115975522,-0.24095535701437282,-0.015281886922172342,-0.05752620625844257,0.020980040342195846,0,0
2025-11-27 16:58:42.104971,9,12.902269959451308,80.0872865566991,0.03766958023714604,0.27844970005129877,0.04556282113710875,0.050750490691950825,0.004855667067790152,0,0
2025-11-27 16:58:43.104971,9,12.902268998399567,80.08728401658955,0.2956636152827651,0.23052150820461925,0.17427233217182456,-0.028266083187054813,0.006365774668771116,0,0
2025-11-27 16:58:44.104971,9,12.902268576784738,80.08728299370853,0.12050881093046854,-0.2481397162614023,0.0059553031623345255,0.052874446449109505,0.012555729424435738,0,0
2025-11-27 16:58:45.104971,9,12.90226799076336,80.08728164992287,0.15974279355834264,0.18122297474342552,-0.1877157287062082,0.01670318001533725,0.01947264895341958,0,0
2025-11-27 16:58:46.104971,9,12.90226740155107,80.08727971623581,0.2198385942069887,0.49247856679791874,-0.17960957591926108,0.05823253764035034,0.01658427290587055,0,0
2025-11-27 16:58:47.104971,9,12.902266630565295,80.08727801747767,0.20333450506986353,-0.3106089375874507,0.0395090311496934,-0.06831531668780136,0.0018050213983693245,0,0
2025-11-27 16:58:48.104971,9,12.902266302584678,80.08727729948038,0.08604105920355865,-0.02324346292712427,-0.09267461343807606,-0.09466334079940206,0.013952461361863455,0,0
2025-11-27 16:58:49.104971,9,12.902265563391937,80.08727569077966,0.19298380367928797,-0.14479277634469673,-0.07054574114384266,0.08480111925211312,0.036528173074698925,0,0
2025-11-27 16:58:50.104971,9,12.902265122786684,80.0872747198983,0.11620909508091895,0.43360660943823137,-0.03690199309957415,0.04359280641928872,0.01840459361104318,0,0
2025-11-27 16:58:51.104971,9,12.902264428235357,80.08727315347139,0.18673285661247274,-0.037314133233002936,0.12202159093456313,-0.06523555647520296,0.003420903760170856,0,0
2025-11-27 16:58:52.104971,9,12.902263290210136,80.08727112386285,0.2540711990545939,0.20882561522123858,-0.14308226010697372,-0.08893330413664478,0.0069544443567452945,0,0
2025-11-27 16:58:53.104971,9,12.902262114498273,80.0872692360701,0.24308718560517878,0.1540960618737779,0.008127214693296098,-0.05531812006476415,0.011789335636518553,0,0
2025-11-27 16:58:54.104971,9,12.902261299733116,80.08726764905506,0.1946331022309456,-0.2059943582305265,0.13510151905585183,0.12668994478147638,0.01885469345455441,0,0
2025-11-27 16:58:55.104971,9,12.902261255199232,80.08726757944999,0.009034551789526068,-0.16996424770511215,-0.04349720034820932,-0.05448535839215912,0.0031476758673704935,0,0
2025-11-27 16:58:56.104971,9,12.902260394094192,80.08726636552284,0.16291108467717688,0.09749906306388474,0.06435731599658762,-0.03835043677181005,0.008394592611980929,0,0
2025-11-27 16:58:57.104971,9,12.902260313451448,80.0872662456285,0.015806470538970885,-0.22270311181575597,0.0504887947613519,0.1098726913970468,0.00521610372215056,0,0
2025-11-27 16:58:58.104971,9,12.902259748933867,80.08726538393448,0.11265850604492206,-0.029371991440903494,-0.012061499364046028,-0.02694403098649577,0.02115006785586704,0,0
2025-11-27 16:58:59.104971,9,12.90225834049919,80.08726339859167,0.26644438156771316,0.3872779153498822,0.05800992408971533,-0.11268633529693824,0.02322372392818119,0,0
2025-11-27 16:59:00.104971,9,12.902256819442927,80.087261326303,0.28148725160032523,-0.07619617107181628,0.20877271411248202,-0.05108899703167136,0.0007063250259588762,0,0
2025-11-27 16:59:01.104971,9,12.902255951469629,80.0872602721169,0.14973688684230466,-0.012744309836034931,0.07044428538185617,-0.08068906669499355,0.005378453139566476,0,0
2025-11-27 16:59:02.104971,9,12.902254973110683,80.08725914589455,0.16369536630396775,0.08271981712196495,0.0029924539948808144,0.025083614515244233,0.027470193213342813,0,0
2025-11-27 16:59:03.104971,9,12.90225414658153,80.08725808428696,0.14743051978937663,0.2391945439984887,-0.1930272389698827,-0.01461077502244483,0.025414638438222382,0,0
2025-11-27 16:59:04.104971,9,12.902252823511766,80.0872568476116,0.1992491724923242,0.19526733762560256,0.09271157445174756,0.0032903300800438406,0.006645695969207652,0,0
2025-11-27 16:59:05.104971,9,12.902252121890104,80.08725606636298,0.1152688831698854,0.1545742149053062,0.21034561773236352,0.03174952912010234,0.005293131198646835,0,0
2025-11-27 16:59:06.104971,9,12.902251196123377,80.08725501843382,0.153463074800154,0.19127717104503505,-0.15512567905289965,0.025300850026571314,0.012274148002927457,0,0
2025-11-27 16:59:07.104971,9,12.90225047441603,80.08725426577446,0.11456367319580585,0.20923576586248452,0.07006820222461639,0.0058138240574102315,0.02116152750383728,0,0
2025-11-27 16:59:08.104971,9,12.902249679052206,80.08725331144514,0.13624585817294207,-0.03793939681163534,-0.174101125017274,-0.07412755515204572,0.03638994035965718,0,0
2025-11-27 16:59:09.104971,9,12.902249227241093,80.08725286238383,0.07002900193807937,-0.060552460539503666,0.14994456871977382,-0.13304033460040676,0.008454352775427745,0,0
2025-11-27 16:59:10.104971,9,12.902247838356482,80.08725160039245,0.2065354276473702,0.5217232469686229,0.13861153280328273,-0.06161049360260893,0.025888641747040596,0,0
2025-11-27 16:59:11.104971,9,12.902246920675063,80.08725089013706,0.1279677222274583,-0.0741034505861106,-0.0582160116206109,-0.05806734116997486,0.009114304110919187,0,0
2025-11-27 16:59:12.104971,9,12.902246487369197,80.08725060024408,0.05758631928641386,-0.08852718824174437,0.3270206597797563,-0.12124188246574696,0.04602679469907879,0,0
2025-11-27 16:59:13.104971,9,12.902245058154273,80.08724965716654,0.18916954667621397,-0.1790996617164014,0.007898335934956376,0.02700326534763041,0.014672329704057087,0,0
2025-11-27 16:59:14.104971,9,12.902245014347825,80.08724962496419,0.0059992256067410875,-0.10132232826145898,-0.021619682507021207,0.17558277475084266,0.010318517837923511,0,0
2025-11-27 16:59:15.104971,9,12.902244976477593,80.0872495879954,0.0058193165491151385,0.21838598248155372,0.1574313026755481,0.11261850811888525,0.0018233292788076955,0,0
2025-11-27 16:59:16.104971,9,12.90224331917728,80.08724821404054,0.23720089754339274,-0.060747081306239986,-0.08632931219268468,-0.0986158592916987,0.039422115316342425,0,0
2025-11-27 16:59:17.104971,9,12.90224144949361,80.08724650651874,0.2786569694471539,-0.007096924850230965,0.15299079380059252,0.09625065807744475,0.013917515561223656,0,0
2025-11-27 16:59:18.104971,9,12.902240265694628,80.08724502621726,0.20776818014229068,0.09176525122214779,-0.36252641028222965,0.02368199877496769,0.00942181839239434,0,0
2025-11-27 16:59:19.104971,9,12.902239624465661,80.08724423656687,0.11152281094206541,-0.02583472470796596,0.0898878290440751,0.03349047329271429,0.00857618659240077,0,0
2025-11-27 16:59:20.104971,9,12.902239374448035,80.087243932207,0.04318974563503385,0.02640094821701939,0.14951277480697675,0.029423793683768518,0.038027577667478774,0,0
2025-11-27 16:59:21.104971,9,12.902238983717142,80.08724344984681,0.06805527299897698,-0.14643360223900406,0.10149281436020903,-0.01623058524721393,0.006853779803759516,0,0
2025-11-27 16:59:22.104971,9,12.902238236233133,80.08724246014962,0.13585684833525238,-0.1489651109728144,-0.014385806684118024,0.06668192419453431,0.001462845362573418,0,0
2025-11-27 16:59:23.104971,9,12.902237005361652,80.08724050673648,0.2523971153744644,-0.027179396216688842,-0.006877033837834962,0.04485574990408931,0.013661271001023085,0,0
2025-11-27 16:59:24.104971,9,12.902236061588402,80.08723906249979,0.18867272883301942,-0.26404350424166967,0.14683452381823894,-0.044474926343982465,0.04321924053829714,0,0
2025-11-27 16:59:25.104971,9,12.902235705986708,80.0872385285028,0.07017526836804729,0.0911954178214399,-0.013431960527409208,0.01806811009154565,0.01578910295925188,0,0
2025-11-27 16:59:26.104971,9,12.902234226667435,80.08723653980289,0.27145226875474954,-0.3513570591324775,-0.13870746661786584,0.03507219217093421,0.021194635179368294,0,0
2025-11-27 16:59:27.104971,9,12.902233434752855,80.08723503277167,0.1857772602672559,0.002530865317283474,-0.010766740548808124,0.008875957299441004,0.014357874202739691,0,0
2025-11-27 16:59:28.104971,9,12.90223254294227,80.08723317899704,0.22431865042577084,0.056045649509196716,-0.002849573397533434,0.0027751166905826616,0.000814069435789264,0,0
2025-11-27 16:59:29.104971,9,12.90223185524061,80.0872318430193,0.1639400322222482,-0.5512043461844649,-0.034585505801524405,-0.016389504926252133,0.019731081460190803,0,0
2025-11-27 16:59:30.104971,9,12.902231770072776,80.08723169279334,0.01885772061407701,-0.1954297325445993,-0.2120949276987601,0.08595654807890862,0.010845042544863806,0,0
2025-11-27 16:59:31.104971,9,12.902231351756942,80.08723066091453,0.12126717327479822,-0.051813235583017724,-0.16572302293465463,0.017316360291209747,0.005024924040039653,0,0
2025-11-27 16:59:32.104971,9,12.902231335118174,80.08723062227891,0.004583315068739646,0.17563027687566285,0.05017005342290526,-0.06564140118190877,0.03383260779024448,0,0
2025-11-27 16:59:33.104971,9,12.902230070851354,80.08722824355394,0.2939925852564151,0.1695995770767005,-0.3297980037700386,-0.050294730535916966,0.053906603107053995,0,0
2025-11-27 16:59:34.104971,9,12.902229805474688,80.0872277573083,0.060470084188563554,-0.13721997911160622,0.22740537995961607,0.04359472570723516,0.010746275985144532,0,0
2025-11-27 16:59:35.104971,9,12.902229219153405,80.0872266639016,0.1354142610111208,0.09186724887698608,-0.11796089738575988,0.0988522660750262,0.00349003684211566,0,0
2025-11-27 16:59:36.104971,9,12.9022284754609,80.08722476467675,0.22209307254808466,-0.24619154734916004,0.22641951120385598,0.07026010979504005,0.0037232512428402313,0,0
2025-11-27 16:59:37.104971,9,12.902228163419597,80.087224064068,0.08358346953230537,0.015657409402865294,-0.293702827335365,0.08366498286946986,0.006994023096627137,0,0
2025-11-27 16:59:38.104971,9,12.902227337074368,80.08722240072161,0.202580524549458,-0.38077352024078925,0.04261099126297103,-0.04960796217190967,0.03404678641518065,0,0
2025-11-27 16:59:39.104971,9,12.902226224469944,80.08722032630592,0.25692101115152877,0.24821194529295038,0.09893183095552367,0.01651580048088995,0.019846799943684223,0,0
2025-11-27 16:59:40.104971,9,12.902224947557318,80.0872183334874,0.25877807694455984,-0.29707701648473867,0.06839405356557601,-0.017164230731139343,0.021123950561554045,0,0
2025-11-27 16:59:41.104971,9,12.902224207713454,80.08721705554679,0.16128389742760316,0.06267938897091063,-0.08701538326132031,-0.08984952617029493,0.009628970880393444,0,0
2025-11-27 16:59:42.104971,9,12.902223648918822,80.0872163263369,0.10065065659057655,-0.08061699946174526,0.050997400041314374,-0.0700435531476746,0.01810565257241511,0,0
2025-11-27 16:59:43.104971,9,12.902222613867254,80.08721521437676,0.1668377045258895,-0.003077081716446578,-0.08690498599881583,-0.06902858904084604,0.05665415799452471,0,0
2025-11-27 16:59:44.104971,9,12.902220771812491,80.08721342373948,0.28249308769039416,-0.1438124403800689,-0.05438627363019086,0.06457245043461507,0.0441445804245874,0,0
2025-11-27 16:59:45.104971,9,12.9022202013534,80.08721272974286,0.09850733232919669,-0.13638144329576737,0.06246319092411652,0.07051076182562427,0.00888441939583748,0,0
2025-11-27 16:59:46.104971,9,12.902218809426826,80.08721063852691,0.2747755745766021,-0.18391322549350259,-0.11949548051809908,-0.03600508391019637,0.01909885480274189,0,0
2025-11-27 16:59:47.104971,9,12.902218210858528,80.08720988218028,0.10571502629880708,0.06486921853250531,-0.06336136090016198,-0.0623515774139378,0.002678034117156568,0,0
2025-11-27 16:59:48.104971,9,12.90221732897648,80.08720868740292,0.16262126270293464,-0.5024530887030939,-0.012270599830033455,-0.03310865201616311,0.005769032912959543,0,0
2025-11-27 16:59:49.104971,9,12.902216416049917,80.08720752509076,0.1619726000649431,0.034356640306876865,-0.12389838823491489,-0.06462553855047731,0.005266629945515346,0,0
2025-11-27 16:59:50.104971,9,12.902215192365546,80.08720619082791,0.19879082631112938,-0.04185813216040882,0.1757344364078508,-0.03132491603824768,0.008476537211949716,0,0
2025-11-27 16:59:51.104971,9,12.902215142354555,80.08720612131252,0.009375140463022446,-0.1361905494166329,-0.05617955427382072,0.07521713536545807,0.03918969499051812,0,0
2025-11-27 16:59:52.104971,9,12.90221440987326,80.0872050390203,0.14297186663664269,0.09864191783876335,-0.28358522632200245,-0.008784333386959713,0.0007401700688693276,0,0
2025-11-27 16:59:53.104971,9,12.902214363118246,80.0872049620155,0.009844273284300797,0.194551950624262,0.05961246235813675,0.1337604867378808,0.01602557602601904,0,0
2025-11-27 16:59:54.104971,9,12.902213445463158,80.08720345283453,0.1930113462078205,-0.19894971409150092,-0.10589273529015955,-0.0010821908933155624,0.02962805538684057,0,0
2025-11-27 16:59:55.104971,9,12.902213147532198,80.0872029882191,0.06034656482807466,0.16159391894878417,-0.08168710614211286,0.0021982938763972434,0.0018293598572727099,0,0
2025-11-27 16:59:56.104971,9,12.902212191857231,80.08720154164016,0.1896240232388339,-0.058590308564298865,-0.09990749036530015,0.012096630150234742,0.013831003126268783,0,0
2025-11-27 16:59:57.104971,9,12.902211567482317,80.08720058931458,0.12453769922865082,-0.19340281568082734,0.0023914404485326046,0.0025667746395221028,0.017618146399002225,0,0
2025-11-27 16:59:58.104971,9,12.902211189466327,80.08719988585598,0.08716352054213504,-0.09933713645011716,0.13832014070340432,0.022153790597543827,0.000892793144177704,0,0
2025-11-27 16:59:59.104971,9,12.902210024809232,80.08719750143264,0.2894011362194666,0.0793167249310024,0.126329107762334,0.016939979124898464,0.03270197173436712,0,0
2025-11-27 17:00:00.104971,9,12.902209963046202,80.08719736169536,0.016648966584481572,-0.29474200945198414,0.02760183541852004,-0.013067113660899764,0.012829924353729932,0,0
2025-11-27 17:00:01.104971,9,12.902209601373764,80.08719649911956,0.10189058224426044,0.33237774991313357,0.15388454162697887,0.07717850841247725,0.006772039664267995,0,0
2025-11-27 17:00:02.104971,9,12.902208929952772,80.08719436065319,0.24378677663359932,-0.2869534843103713,-0.048215582692736965,0.031725889936459264,0.0264788561769564,0,0
2025-11-27 17:00:03.104971,9,12.902208243444585,80.0871926739163,0.19834296277893712,0.03909297846804061,-0.1625620629011949,-0.03249831244103105,0.003020130033634045,0,0
2025-11-27 17:00:04.104971,9,12.902208114300944,80.08719226517066,0.04662498365293932,0.024618115565674843,0.34002105462752297,0.03150262384337995,0.006886501804551613,0,0
2025-11-27 17:00:05.104971,9,12.902207591218835,80.08719072276072,0.17720806812266557,0.1378167154237913,-0.2503162812511004,0.0003543980534682816,0.015243830570264919,0,0
2025-11-27 17:00:06.104971,9,12.902206949267198,80.08718868528106,0.23235071122907713,0.4997906329513532,0.01817164114034157,0.012497312460579871,0.01855187570137263,0,0
2025-11-27 17:00:07.104971,9,12.902206224913053,80.08718635652681,0.26524822495645967,-0.2624566940103781,-0.028900427301020958,0.05219749450578533,0.005253251076275816,0,0
2025-11-27 17:00:08.104971,9,12.902205851607961,80.08718491309052,0.1620473155551377,-0.09227307741468951,0.1799614718202767,-0.009959441509495832,0.0037660602881062462,0,0
2025-11-27 17:00:09.104971,9,12.902205581456503,80.08718409569707,0.09365556888529038,-0.35102426722184477,0.021718968297201,-0.166750505574133,0.03455518157569728,0,0
2025-11-27 17:00:10.104971,9,12.90220515511033,80.08718294914867,0.13315802950954128,0.2840679610542433,-0.08442182956949305,0.06777979881497904,0.0025274589814400054,0,0
2025-11-27 17:00:11.104971,9,12.902205053708261,80.08718259254815,0.04030782457083918,0.14799623842425721,-0.2658506903579731,0.08403850350566586,0.03988323144360129,0,0
2025-11-27 17:00:12.104971,9,12.902204600418996,80.08718087274251,0.19331898331547356,0.08193749513476967,-0.18027874985479714,-0.06821170551645714,0.005006517972044352,0,0
2025-11-27 17:00:13.104971,9,12.902204060392311,80.08717954541589,0.15607141589976492,-0.015744961298231386,0.03193656461606259,0.028648771692414574,0.01442048619759314,0,0
2025-11-27 17:00:14.104971,9,12.902203706157547,80.08717854947412,0.11503993025601539,0.10751707504941743,-0.08146201012253669,0.04422808831219563,0.002471636083551099,0,0
2025-11-27 17:00:15.104971,9,12.902203261632021,80.08717683454523,0.19255517881205916,-0.14095630303791878,0.21794248744153563,0.02864182030708253,0.01397447940243036,0,0
2025-11-27 17:00:16.104971,9,12.902202734404936,80.08717414641042,0.2975372933865532,-0.219994003739716,-0.12417412944724988,0.0841281674368338,0.00309902101968308,0,0
2025-11-27 17:00:17.104971,9,12.90220262959833,80.0871733321317,0.0891248793607647,0.2346486142575408,0.06070694504903282,0.05138724684390307,0.029790858593680532,0,0
2025-11-27 17:00:18.104971,9,12.902202543641517,80.08717164501634,0.1833199130101919,-0.09720582869628108,-0.19747947238361727,0.048866443948696915,0.0176920426278201,0,0
2025-11-27 17:00:19.104971,9,12.90220243398225,80.08716981219946,0.19925447235635105,-0.2796171718303234,0.09105123299469021,-0.02586769397303926,0.02628222196663356,0,0
2025-11-27 17:00:20.104971,9,12.902202404130092,80.08716937055362,0.04803836500131293,0.08927093248745469,0.22071563460910068,0.03697226991705976,0.019195861240934656,0,0
2025-11-27 17:00:21.104971,9,12.902202291552515,80.08716723847839,0.23169208631360183,-0.14487098880481875,-0.20183217996211747,-0.06623722948871816,0.027135398809737248,0,0
2025-11-27 17:00:22.104971,9,12.90220222198155,80.08716664470808,0.06489420240298388,-0.20508388474346623,-0.028007905875657303,-0.13966622575451082,0.0008618815572498715,0,0
2025-11-27 17:00:23.104971,9,12.902202136324698,80.08716589689811,0.08170368208003849,0.05701011681789021,0.051355802128366386,0.04795621385845175,0.03699390862537814,0,0
2025-11-27 17:00:24.104971,9,12.902202120812463,80.08716569029046,0.022485539238088634,0.2820067773772087,0.09104401670160416,0.007277689284292677,0.017627324306686534,0,0
2025-11-27 17:00:25.104971,9,12.902202147365802,80.08716334923609,0.25404657126469377,-0.12350200245019229,-0.19889865900075984,-0.01548142900073551,0.02085632333386569,0,0
2025-11-27 17:00:26.104971,9,12.902202037131932,80.08716100316185,0.25486966748454865,-0.3112869882336633,-0.0012872268531438317,-0.016625238876647755,0.018526238478924286,0,0
2025-11-27 17:00:27.104971,9,12.902201927497407,80.08715962469199,0.1500757586220254,0.254407951772596,0.0866820031479137,-0.041749281134570576,0.012271845298565967,0,0
2025-11-27 17:00:28.104971,9,12.90220143433863,80.08715696648078,0.2936221004777814,-0.18645677195955168,-0.35411223821283616,-0.03484551127796108,0.003437839009025939,0,0
2025-11-27 17:00:29.104971,9,12.90220123415471,80.08715578463652,0.13016447506724724,0.09142763352216729,-0.1004587325894242,-0.028701524331154256,0.002277108318492661,0,0
2025-11-27 17:00:30.104971,9,12.902200685035414,80.08715366692816,0.23778538007345218,-0.3450403044759912,-0.10655789377713898,-0.022235902425369748,0.010634874411171598,0,0
2025-11-27 17:00:31.104971,9,12.90220067160346,80.08715356509315,0.011150890584114392,0.17547832868374288,-0.05938852407548317,0.11930927357237173,0.03177372464467731,0,0
2025-11-27 17:00:32.104971,9,12.902200665870557,80.08715349391035,0.007750411641397847,0.2073685578170345,0.29624290725887853,-0.00386760634159199,0.026574546243621783,0,0
2025-11-27 17:00:33.104971,9,12.90220060961091,80.08715289824637,0.0649386018668314,0.292756016865642,0.08417709084857937,0.024603350394544962,0.019224222215355885,0,0
2025-11-27 17:00:34.104971,9,12.902200388916777,80.08715055579495,0.2553654936420707,0.41217785967269865,-0.11626409793898815,0.04714664928030025,0.03219446385153581,0,0
2025-11-27 17:00:35.104971,9,12.90220030226109,80.08714848968626,0.22440227025148457,-0.02184378328186449,0.1783581441803974,0.028599477220398,0.005666367771846422,0,0
2025-11-27 17:00:36.104971,9,12.902200318230859,80.08714645902994,0.22035504533040554,0.05502795870244364,0.07691452301361357,-0.05218842978883481,0.011499127482095457,0,0
2025-11-27 17:00:37.104971,9,12.902200349123007,80.08714408542316,0.25758461346545747,0.09703817862771372,-0.024880640478056774,-0.06678118602667736,0.00702623166673853,0,0
2025-11-27 17:00:38.104971,9,12.902200375218925,80.08714264616418,0.15620196906233655,0.13432963815391724,0.10814238669200775,0.028836170539422244,0.024002390660902415,0,0
2025-11-27 17:00:39.104971,9,12.90220040468952,80.08714200997865,0.06911082676223658,-0.2680416077982543,-0.26700666020576236,0.0671512028199786,0.03205292109847702,0,0
2025-11-27 17:00:40.104971,9,12.902200498763474,80.08714121289569,0.08712368379587271,0.07862296778516242,0.07621407495951457,-0.020860019195792265,0.00021617802945464562,0,0
2025-11-27 17:00:41.104971,9,12.902200589700085,80.08713925969347,0.2121848936711851,0.332653916184441,0.2987341949073904,0.05485165637992833,0.041395348808609934,0,0
2025-11-27 17:00:42.104971,9,12.902200870297996,80.08713691869404,0.25593669455721374,0.14745436731171213,-0.10160883062324429,0.06212778815133206,0.023103345757529183,0,0
2025-11-27 17:00:43.104971,9,12.902200899235048,80.08713665112815,0.02921190561223632,-0.02597633104303683,-0.05990006139807562,-0.0692180888579009,0.034384026666173316,0,0
2025-11-27 17:00:44.104971,9,12.902200952548204,80.08713596457709,0.0747341365631486,0.1701766359642225,-0.0015478384681417003,0.08178615163526397,0.007012001705619909,0,0
2025-11-27 17:00:45.104971,9,12.902201157883256,80.08713411177014,0.20234453839150623,0.12383089008188591,-0.11586561555096894,-0.009053967523475759,0.017240893267045018,0,0
2025-11-27 17:00:46.104971,9,12.902201287577403,80.087132718016,0.15192475599479713,-0.22655833998192376,0.12022177935708947,-0.006088391208519756,0.02870162520193964,0,0
2025-11-27 17:00:47.104971,9,12.902201284670525,80.08713244041198,0.03012473519124612,-0.0337963923430633,-0.18610211623725498,-0.05707585028079733,0.008737556862222263,0,0
2025-11-27 17:00:48.104971,9,12.902201247355771,80.08713205361144,0.04217703358560286,0.14101370064880814,-0.13280972842837116,0.016063234480339913,0.0030629103915947023,0,0
2025-11-27 17:00:49.104971,9,12.902201258763334,80.08713080178521,0.1358424360260552,0.1688532031122394,0.2072909903194014,0.08357239394142445,0.005441026218810805,0,0
2025-11-27 17:00:50.104971,9,12.902201290243445,80.08712910841008,0.18378267976333718,-0.33014675224516465,0.202075006570983,-0.05336939818520062,0.0021299135891801944,0,0
2025-11-27 17:00:51.104971,9,12.902201314929881,80.08712860432014,0.054768124348477366,0.014161642924607714,0.0349844820880015,0.0831652462561764,0.015647820759042006,0,0
2025-11-27 17:00:52.104971,9,12.902201403584542,80.08712637439216,0.24217215125412794,0.27590086369467476,0.09965481471353917,0.008355185010861563,0.020285682277897673,0,0
2025-11-27 17:00:53.104971,9,12.902201338771878,80.08712531213958,0.11549132271190171,-0.26132672333751655,-0.09093970382889123,-0.14809318347092743,0.01312616881698735,0,0
2025-11-27 17:00:54.104971,9,12.902201227651624,80.08712271592216,0.2819887302437467,0.016277687146181104,-0.18328172226262604,0.06672007160033669,0.006810124892244866,0,0
2025-11-27 17:00:55.104971,9,12.902201204367902,80.08712188062958,0.09067520908724032,-0.25788726010266527,-0.2311858590151307,-0.0649124745467769,0.011445668295741,0,0
2025-11-27 17:00:56.104971,9,12.902201220083239,80.08712127276559,0.06598292414545583,-0.3663555912548221,-0.024740152516485845,-0.014775774676934222,0.022758736941749007,0,0
2025-11-27 17:00:57.104971,9,12.90220106250844,80.08712005232496,0.1335874944052587,0.39656684695526906,0.005236629712916143,-0.12052585713716665,0.02780791859821323,0,0
2025-11-27 17:00:58.104971,9,12.902200843472443,80.08711847338097,0.17305860565218992,-0.17123323542762922,0.06779139403708152,-0.03384203518959037,0.0318491767924944,0,0
2025-11-27 17:00:59.104971,9,12.902200778955372,80.08711794752503,0.05751119068967015,-0.03795005112998115,-0.002715521623434578,0.11144572664867454,0.0038747266256177384,0,0
2025-11-27 17:01:00.104971,9,12.902200697583663,80.08711556365246,0.2588341588914066,0.1597094475395488,-0.2048733784510068,0.0019706155904886877,0.01573629269865433,0,0
2025-11-27 17:01:01.104971,9,12.90220065749443,80.08711332890636,0.2425348551444209,0.10884010348054676,0.023019857283652696,0.07759543210179873,0.03553531329060394,0,0
2025-11-27 17:01:02.104971,9,12.902200706041063,80.0871125693142,0.08260082870734398,-0.2930313870182424,-0.17718526694434847,-0.12409149292868314,0.0007738358367237293,0,0
2025-11-27 17:01:03.104971,9,12.902200655483147,80.08711121973221,0.14655215297143886,0.25747789667417326,-0.22670245038233433,-0.0650758813336719,0.006908947323249252,0,0
2025-11-27 17:01:04.104971,9,12.902200342657194,80.08710856546121,0.29011433403132036,-0.12531825088508455,-0.15812265831252068,0.017720412051445505,0.021917631727561594,0,0
2025-11-27 17:01:05.104971,9,12.902200291360181,80.08710757300649,0.10784321483396045,-0.31753416263290285,-0.17347980345484568,-0.02090376290983359,0.005745460862729765,0,0
2025-11-27 17:01:06.104971,9,12.902200266385393,80.08710729332978,0.030474987930376972,-0.29213953814331217,0.09942252921861335,0.016448056934866923,0.03248933097303213,0,0
2025-11-27 17:01:07.104971,9,12.902200263966808,80.08710725436741,0.004236396123389696,0.2776179302901432,0.018529140289263637,0.05876358220100292,0.00434741510995646,0,0
2025-11-27 17:01:08.104971,9,12.902200262685659,80.0871072337198,0.002245020545102372,0.24793348633959714,-0.11431171697455685,0.07422226288072564,0.0016807188190715247,0,0
2025-11-27 17:01:09.104971,9,12.902200213462521,80.08710487845323,0.255630284729484,0.01280409192956658,0.1380764907610799,0.05272401524675867,0.01242551743559511,0,0
2025-11-27 17:01:10.104971,9,12.902200165071065,80.08710212415622,0.2989191536914286,0.1873211146418241,-0.2186489370523519,-0.006961942617114358,0.05318443968934962,0,0
2025-11-27 17:01:11.104971,9,12.90220021409024,80.08709975711345,0.2569073515763505,0.1726773104097661,0.07538460929095266,-0.0034967851835630793,0.007536205322726094,0,0
2025-11-27 17:01:12.104971,9,12.902200163946787,80.08709773318843,0.21968838334356322,-0.004760383339661799,-0.04726728996884919,-0.009694259331241918,0.02932431132896992,0,0
2025-11-27 17:01:13.104971,9,12.902200134549943,80.0870963981927,0.14489823724210923,0.07546107142937425,-0.23724964013820599,-0.013539099373575463,0.012426635868669454,0,0
2025-11-27 17:01:14.104971,9,12.90220009241868,80.08709570631382,0.075222591413749,0.22976401566687477,-0.05936165796244526,-0.05730641183040168,0.0029825241053050527,0,0
2025-11-27 17:01:15.104971,9,12.902200024734682,80.08709461019039,0.11917949444933669,-0.13060834676616348,-0.17257153908015324,-0.07786285621097969,0.024778714343744904,0,0
2025-11-27 17:01:16.104971,9,12.902199965594432,80.08709343074848,0.12815124803413433,0.23818268741453152,0.04446545645768316,0.02166789201428459,0.01492446142145928,0,0
2025-11-27 17:01:17.104971,9,12.90219995681469,80.08709327112277,0.01734864595171599,-0.3915050532478065,0.10630987423796939,-0.014884358091821481,0.009644198293370862,0,0
2025-11-27 17:01:18.104971,9,12.90219995969781,80.08709254113847,0.07921173434028585,-0.05563109776971127,-0.19607060676102075,-0.0018689037392506103,0.025525410371292922,0,0
2025-11-27 17:01:19.104971,9,12.90219994568729,80.08709191532255,0.06792561307347979,0.23597054761273847,-0.30571225554195536,0.028007560078096475,0.01787726826621645,0,0
2025-11-27 17:01:20.104971,9,12.902199961869249,80.08708956394676,0.25515571580468577,-0.14083446655464066,0.12782320349717216,0.0979561024750617,0.001670579479702228,0,0
2025-11-27 17:01:21.104971,9,12.902200031728455,80.08708822188147,0.14583589622374726,0.29761407368102877,-0.14002559097903416,-0.052414576903516516,0.0009740744612976443,0,0
2025-11-27 17:01:22.104971,9,12.902199976337737,80.08708575236781,0.2680395097189333,0.08645830997886512,0.3402975465015594,0.0003587773981512457,0.02105464635492425,0,0
2025-11-27 17:01:23.104971,9,12.902199827185832,80.08708328591361,0.2681511240190114,-0.174338231215591,-0.11502867224512348,-0.04395639127768463,0.012805861685379052,0,0
2025-11-27 17:01:24.104971,9,12.902199722421528,80.08708083104894,0.26663417876492645,0.006785732924841332,-0.11787791645849097,0.041716294813964314,0.020246665932795414,0,0
2025-11-27 17:01:25.104971,9,12.90219967618172,80.08707821465288,0.2839535439396536,-0.13026936419742374,0.04210903544300494,-0.06944624526496612,0.008549934609192572,0,0
2025-11-27 17:01:26.104971,9,12.902199642536363,80.08707772211014,0.05357721599430711,-0.14612933209780676,0.09659874565467534,-0.05816299486389449,0.007450035919887291,0,0
2025-11-27 17:01:27.104971,9,12.902199512650096,80.08707588107872,0.200294115355886,0.0843059328260507,-0.08866683604323414,-0.06447707591676685,0.0005957075271161894,0,0
2025-11-27 17:01:28.104971,9,12.902199385840301,80.08707480730848,0.11736755271878119,0.0551438373526188,-0.06836968764636446,0.008651819302690707,0.016024451779666275,0,0
2025-11-27 17:01:29.104971,9,12.902199316996626,80.08707372754353,0.11741638440382186,-0.007512112263864369,0.22370639025697334,-0.026598657937629083,0.028503177387479612,0,0
2025-11-27 17:01:30.104971,9,12.902199281791468,80.08707218918006,0.16697484464627824,0.00029347779195322554,-0.176449981400742,0.053113771119230956,0.012230705469771648,0,0
2025-11-27 17:01:31.104971,9,12.902199300901927,80.08707176739817,0.045817250770573636,-0.13083878977992158,-0.14928132594998955,-0.10694895975020122,0.0003436593310116574,0,0
2025-11-27 17:01:32.104971,9,12.902199276472194,80.08707130167883,0.05060863804996907,0.22590217511297989,0.13575995984865571,0.042396578601108945,0.004547578784731593,0,0
2025-11-27 17:01:33.104971,9,12.902199275195912,80.08706875046312,0.2768341578502601,0.2263485306221881,-0.16011342773725798,-0.013870186565362472,0.041729661153044016,0,0
2025-11-27 17:01:34.104971,9,12.902199295344241,80.08706679181797,0.21254572725633536,0.22622229412765632,-0.07451512979653806,0.0728933705163746,0.004660883711654395,0,0
2025-11-27 17:01:35.104971,9,12.90219957357605,80.08706436995207,0.2646171801127033,0.147199746321588,0.15441077642253853,0.14220378253544136,0.040672150282403334,0,0
2025-11-27 17:01:36.104971,9,12.902199678558894,80.08706365218097,0.07875772945126462,0.1896445510156104,-0.2249105335147265,0.019460672305492283,0.03593901779630991,0,0
2025-11-27 17:01:37.104971,9,12.902199865610834,80.08706245571172,0.13148888602063305,0.2509334378172441,0.34625572079765726,0.009178749319984657,0.028987817498195227,0,0
2025-11-27 17:01:38.104971,9,12.902199934803722,80.08706171720586,0.08050509373654885,-0.025584047371175107,-0.028581442344444565,-0.029087801304625245,0.0024560601655468505,0,0
2025-11-27 17:01:39.104971,9,12.902199979174933,80.08706115327598,0.06139143622142065,0.28915496821916015,-0.19554191311050054,0.057953977011309964,0.004538642368093336,0,0
2025-11-27 17:01:40.104971,9,12.902200270918469,80.08705889385773,0.24731267605232643,0.0802919925694589,0.11931947916880045,0.033701769917528254,0.012576085122723665,0,0
2025-11-27 17:01:41.104971,9,12.902200317767019,80.08705861821288,0.03036166290582669,0.3248349892849093,-0.0637275247772785,0.07082428449360773,0.0027792116703935126,0,0
2025-11-27 17:01:42.104971,9,12.902200521030815,80.08705755702825,0.11735196975301376,0.10661817717872768,0.21360167114741055,0.05127180673295295,0.03259644762972179,0,0
2025-11-27 17:01:43.104971,9,12.902200695200555,80.08705699734031,0.0637519116445463,-0.23541225064755292,-0.2768265682509969,0.1107646753581049,0.000714691590562492,0,0
2025-11-27 17:01:44.104971,9,12.902201559776987,80.08705494371283,0.24273631110373423,0.007391273521423249,0.09194273312752686,0.080972607460498,0.011090500260836156,0,0
2025-11-27 17:01:45.104971,9,12.902201881894518,80.08705421513334,0.08681056793934382,-0.14534561884901775,-0.25663262999245284,0.01948751343019528,0.000552075694932762,0,0
2025-11-27 17:01:46.104971,9,12.902202862753448,80.08705247401222,0.2182129942148772,0.003993996822581558,-0.09420768267627697,0.05896513699977032,0.0004957690794409832,0,0
2025-11-27 17:01:47.104971,9,12.902203661823464,80.08705076012417,0.20615356968503737,0.23627685248980504,-0.011064917339760729,-0.09589820000409247,0.01678027884711341,0,0
2025-11-27 17:01:48.104971,9,12.90220439813357,80.08704896459001,0.21137397609009825,-0.11671985702860327,0.06071524608592589,-0.04363316596177298,0.027513967529527065,0,0
2025-11-27 17:01:49.104971,9,12.902204892320386,80.0870476346999,0.1544376995256506,-0.22708100559460623,0.07578734888533656,-0.010674207272015276,0.0014966128648885447,0,0
2025-11-27 17:01:50.104971,9,12.902204970313804,80.08704742124364,0.02473605436854078,-0.2674261500819416,-0.10957912818053388,0.05100131340579581,0.002060315305169833,0,0
2025-11-27 17:01:51.104971,9,12.902205267835532,80.08704684341649,0.07091039162267421,-0.33519739699943585,-0.2911315199104055,0.06583208512467376,0.011565448112842176,0,0
2025-11-27 17:01:52.104971,9,12.902205496034338,80.08704647099236,0.04773307046005052,0.15790500553308096,0.05574744378008354,-0.1008877893539599,0.001657114638052695,0,0
2025-11-27 17:01:53.104971,9,12.902206681704449,80.08704398908901,0.29991753767598106,0.1723148715830657,0.08266528473569447,0.011305866828784594,0.011571790407141944,0,0
2025-11-27 17:01:54.104971,9,12.902207028674063,80.08704318388926,0.09552938659475636,-0.08022653208706708,0.06353334557856889,-0.024681637822937513,0.018434251086191154,0,0
2025-11-27 17:01:55.104971,9,12.902207902191535,80.08704103244854,0.25289623822790913,0.060401812666234844,-0.3012990794326427,-0.07368262251205533,0.017040840871648907,0,0
2025-11-27 17:01:56.104971,9,12.902209084055322,80.08703878620807,0.27698207722744084,-0.05551615973756484,-0.13584506427797136,0.041986056590807286,0.011609602414489065,0,0
2025-11-27 17:01:57.104971,9,12.90220973431714,80.08703777133239,0.13178535079635972,-0.0009202604810303605,0.08053406852776744,0.10170458092899953,0.02299383714059768,0,0
2025-11-27 17:01:58.104971,9,12.902210322123892,80.0870369880691,0.10726325123073317,-0.09370677363196808,-0.060195231128072846,0.05982323328953887,9.309535023626755e-05,0,0
2025-11-27 17:01:59.104971,9,12.902211236200948,80.08703589784521,0.15604230219845833,0.09310571146157884,-0.011766672387881445,-0.006064725810585678,0.015396790035379776,0,0
2025-11-27 17:02:00.104971,9,12.90221202312545,80.08703488739746,0.1403414482793594,-0.05903162140096409,0.014338421230441125,-0.059672275893628154,0.02068231417144704,0,0
2025-11-27 17:02:01.104971,9,12.902212676058227,80.08703416673855,0.10676209557358789,0.11635519771212062,0.016455997814290517,0.04746913005443407,0.023955620281936808,0,0
2025-11-27 17:02:02.104971,9,12.902214368193766,80.08703211806488,0.29137828164492796,0.000840055121254249,0.10773770851958675,0.03064505588361964,0.025451801249191698,0,0
2025-11-27 17:02:03.104971,9,12.90221504013703,80.08703113429385,0.1303481351514323,-0.33456437798494726,-0.19504417254638134,-0.04644708763339988,0.005180491560493767,0,0
2025-11-27 17:02:04.104971,9,12.902216138910298,80.08702973870724,0.19466365773266525,0.18626791931049375,-0.2696026435468087,0.09089581224072119,0.018238193135195768,0,0
2025-11-27 17:02:05.104971,9,12.902217195104294,80.08702860350192,0.17028734400816933,-0.18679377679432607,0.1705461701794346,0.05525347827936242,0.01027443888656985,0,0
2025-11-27 17:02:06.104971,9,12.902217803125918,80.08702797479066,0.09610140239801912,-0.08963288014198217,0.04339037115836996,0.05163223691359362,0.034934870986845105,0,0
2025-11-27 17:02:07.104971,9,12.902218808048405,80.08702695398246,0.15742973438475036,-0.17157785136069745,-0.07665727060743369,0.023532957630239153,0.014036847787363797,0,0
2025-11-27 17:02:08.104971,9,12.902220337693349,80.08702557381598,0.22676903696292872,0.43071254492267236,-0.1778409209749994,-0.05223471367744807,0.018596017226169416,0,0
2025-11-27 17:02:09.104971,9,12.90222207830408,80.0870237535578,0.27669103378566234,0.057200904281800385,0.1786277004421626,-0.00939852522947815,0.011554108698630423,0,0
2025-11-27 17:02:10.104971,9,12.902222108405445,80.08702371558527,0.0053109622007341374,-0.03128828493082474,-0.0791346837967875,-0.03137842295629632,0.004885557703685952,0,0
2025-11-27 17:02:11.104971,9,12.902223624437095,80.08702200777557,0.25064589749278726,0.40685462483690393,-0.09371815482986177,-0.006736124815252001,0.0007624042122831614,0,0
2025-11-27 17:02:12.104971,9,12.902225079150213,80.08702027256557,0.2483481468833293,-0.05811336774716799,-0.15699426938402747,0.025493921999176834,0.034843954703443085,0,0
2025-11-27 17:02:13.104971,9,12.902226856215544,80.0870185436822,0.2726325791310888,-0.4637709994089933,-0.12954069468621693,0.11759482910313063,0.0018600404364016673,0,0
2025-11-27 17:02:14.104971,9,12.902228281146035,80.08701693680487,0.23571998539605088,-0.1656303217959107,0.006511880644628809,-0.12358695468472335,0.004800813731827337,0,0
2025-11-27 17:02:15.104971,9,12.90222854197112,80.08701657663879,0.048687020917047706,-0.19652233522565543,-0.2203194013288691,-0.05052527366612394,0.011095974218919167,0,0
2025-11-27 17:02:16.104971,9,12.902229675233468,80.08701491092506,0.22041950707846947,0.1643964395658888,0.00437268104860736,0.061770396617887635,0.008648642423325194,0,0
2025-11-27 17:02:17.104971,9,12.902229692049971,80.08701488892659,0.003033567910445323,0.18280328850561714,0.18148750342426964,0.049721088956426754,0.004144161055194182,0,0
2025-11-27 17:02:18.104971,9,12.902230229985078,80.08701423585961,0.09277810367058348,0.11463483546068483,-0.04505418303755431,0.05298181662376586,0.003481941688646893,0,0
2025-11-27 17:02:19.104971,9,12.902231300523145,80.08701304494609,0.1757885327225389,-0.20924214765245314,0.014259975697939466,0.004935690182902332,0.0006533919291469485,0,0
2025-11-27 17:02:20.104971,9,12.90223201152106,80.08701214507643,0.1256944184555074,-0.18032806607365054,-0.34881807918930946,-0.09437124633332682,0.05272397669145617,0,0
2025-11-27 17:02:21.104971,9,12.902232499118071,80.08701136219679,0.10081110745670753,-0.3166258882525709,0.2893977161708495,-0.09468408461916236,0.029170673954846894,0,0
2025-11-27 17:02:22.104971,9,12.902232565413948,80.08701125294812,0.013964164086404317,0.2543955658527675,0.1342568873450066,0.00938448284018481,0.01918368167275103,0,0
2025-11-27 17:02:23.104971,9,12.902233405497809,80.0870098238153,0.18109184473123696,0.0629487081172827,-0.0780226664899178,0.046628222978511796,0.001291243029056676,0,0
2025-11-27 17:02:24.104971,9,12.90223404614663,80.08700877658642,0.13416089684041807,0.07864777261437211,-0.11258355685980094,0.021419889679021607,0.008259646530313289,0,0
2025-11-27 17:02:25.104971,9,12.902234448606123,80.08700816283978,0.08026519615277461,-0.18392132545551293,0.2997495029521591,0.032607686327642486,0.009797174849230298,0,0
2025-11-27 17:02:26.104971,9,12.902234764155219,80.08700772217144,0.05933284949020252,0.23184769561619234,-0.0002110259848656199,-0.04664612725659478,0.03899120376883156,0,0
2025-11-27 17:02:27.104971,9,12.90223594166044,80.08700624079928,0.2074145319889312,0.3821051185735493,-0.0739336776698286,0.0997396979313267,0.019257026131856196,0,0
2025-11-27 17:02:28.104971,9,12.902236309607405,80.0870058434151,0.05947336179543121,-0.14514592017557199,0.05735177142190946,-0.04716757905299877,0.016883555987098092,0,0
2025-11-27 17:02:29.104971,9,12.902238096163103,80.08700397550675,0.28396377726290756,0.05358293074076698,-0.221281946033999,-0.010354724641327766,0.010281864429532678,0,0
2025-11-27 17:02:30.104971,9,12.9022397914299,80.08700199089253,0.28633991606295023,-0.008994692995102374,-0.1802208490901776,0.040729067248491194,0.00036721199915384326,0,0
2025-11-27 17:02:31.104971,9,12.902240212716853,80.08700151106613,0.07007345216615038,0.15438362614475962,-0.010477170825542904,0.040504046649558645,0.02143567643060933,0,0
2025-11-27 17:02:32.104971,9,12.902241825415036,80.08699975162939,0.26206674553918635,0.4467055820530676,0.04685080381854449,0.0997255009286585,0.04482273659075847,0,0
2025-11-27 17:02:33.104971,9,12.902242702276986,80.08699876370054,0.14498334918211253,0.05304034090944024,0.07494866132142969,0.004205968675478025,0.008799747122291356,0,0
2025-11-27 17:02:34.104971,9,12.902244370582347,80.08699705507556,0.262421413048346,0.1426260864308454,0.13799771754925622,0.006076823303452834,0.024714523212663955,0,0
2025-11-27 17:02:35.104971,9,12.9022444185098,80.08699699540405,0.008389923964341638,0.11345702742961074,-0.29125920001017275,0.07480998288603935,0.020804255956916293,0,0
2025-11-27 17:02:36.104971,9,12.90224570013356,80.08699547690819,0.21795635464999838,-0.03420376551168193,-0.04771247326973721,-0.05897061840042548,0.019003473012775437,0,0
2025-11-27 17:02:37.104971,9,12.90224583757027,80.08699529814407,0.02470523205078683,0.1385620334523564,0.12011552199122515,0.020942433775371874,0.002690583634084833,0,0
2025-11-27 17:02:38.104971,9,12.902246251850224,80.0869947064683,0.07904985390258405,-0.06693962581562614,-0.04408113809280109,-0.07547125418626041,0.013653069080190306,0,0
2025-11-27 17:02:39.104971,9,12.902247208537124,80.08699316416633,0.19836836818743578,0.27840970948325133,0.025676355851891583,-0.16821591313037718,0.004466891232346602,0,0
2025-11-27 17:02:40.104971,9,12.902247326579447,80.08699294045694,0.02760327198856085,0.39982369397614614,0.15495089870003298,-0.1068926744708107,0.003146800691120846,0,0
2025-11-27 17:02:41.104971,9,12.902247842490373,80.0869916687163,0.14947117786850742,0.012753130695763254,0.36630905053378204,0.053222142312591314,0.009802945778991413,0,0
2025-11-27 17:02:42.104971,9,12.902248667049678,80.0869890835737,0.29515143149121953,0.11200398344104694,0.190582880717476,0.012378330059838294,0.0033479519703906342,0,0
2025-11-27 17:02:43.104971,9,12.902248677642525,80.08698905049748,0.0037778709594147863,-0.22584054518206662,-0.25020991867550607,0.003274410998591961,0.06405515986145544,0,0
2025-11-27 17:02:44.104971,9,12.90224875837551,80.08698883283957,0.02527032536088811,0.4186023951467924,-0.04728882178597144,-0.08470479555371202,0.022313504803637953,0,0
2025-11-27 17:02:45.104971,9,12.902249513954429,80.08698694763113,0.22118227778465258,0.1643803396589275,0.06310148751941173,0.058815975187572075,0.01873649258635492,0,0
2025-11-27 17:02:46.104971,9,12.902249746075766,80.08698638496202,0.06629840855159014,-0.17312477611067728,0.1863459673727482,0.02359965695808431,0.010144376300503726,0,0
2025-11-27 17:02:47.104971,9,12.902249887674527,80.08698605388567,0.039231280608846904,0.06585609012520166,-0.19693965098212549,-0.056110466136890955,0.018234774508702138,0,0
2025-11-27 17:02:48.104971,9,12.902251013998923,80.08698354276387,0.2999466844277652,-0.11737321560981576,-0.059882061217236174,-0.11453938830850305,0.028523936890407248,0,0
2025-11-27 17:02:49.104971,9,12.902251250571453,80.08698302863154,0.06169230696424407,-0.16925211495470907,0.01308387294164746,0.06502863695717465,0.021515133341775284,0,0
2025-11-27 17:02:50.104971,9,12.902252316909388,80.08698092968874,0.2568353136928577,0.35996622821033764,0.04954515010285811,0.02770126971738867,0.010990908397326566,0,0
2025-11-27 17:02:51.104971,9,12.902253537209909,80.08697875970395,0.27184191167222405,-0.35817017277893864,-0.10023054369708938,0.04367562663013811,0.005012279955607806,0,0
2025-11-27 17:02:52.104971,9,12.90225410858298,80.0869776998477,0.13142275866337472,0.004658954009846589,-0.08371430448419916,0.01209540300501949,0.014572832147638761,0,0
2025-11-27 17:02:53.104971,9,12.902254511981239,80.08697692037006,0.09576340050947148,0.058900958427253715,-0.08268935535444608,0.01504111430600322,0.008897673388684016,0,0
2025-11-27 17:02:54.104971,9,12.90225533262957,80.08697545032616,0.18382283658158102,-0.37336781478966335,-0.16717795111031244,0.07017647842040114,0.01419687459430742,0,0
2025-11-27 17:02:55.104971,9,12.902255963883194,80.0869744287802,0.1312457809870953,-0.028101875068092946,0.3128602295837902,0.1350946975647585,0.016993888039336987,0,0
2025-11-27 17:02:56.104971,9,12.902257371960982,80.08697244244173,0.26650837562115975,0.02577177402085535,0.05287016352552738,0.03410786592835674,0.01444386003652188,0,0
2025-11-27 17:02:57.104971,9,12.902257920303775,80.08697174559799,0.09717866196634474,0.0835488819164934,0.11984721859514923,0.05347890352017801,0.023442293308023544,0,0
2025-11-27 17:02:58.104971,9,12.902258318163957,80.08697121849076,0.0723398581675891,0.02178138687226911,0.14918677010095016,0.033391661804300504,0.010779042809690886,0,0
